# Blender 3.4.1
# www.blender.org
o rock_03_Mesh.008
v 0.138505 -0.335088 -0.388843
v 0.076117 -0.335920 -0.400906
v 0.139165 -0.317273 -0.396356
v -0.372019 -0.127548 -0.139724
v -0.328528 -0.181808 -0.139228
v -0.325884 -0.178474 -0.114380
v 0.004329 0.315484 -0.251170
v -0.060489 0.331518 -0.233470
v -0.024841 0.374655 -0.215855
v -0.036914 0.288328 -0.266260
v -0.211950 -0.005341 -0.321244
v -0.149436 0.026158 -0.317197
v -0.161572 -0.033341 -0.333480
v 0.138536 -0.359066 -0.123876
v 0.093617 -0.405594 -0.148880
v 0.138270 -0.398471 -0.153279
v 0.233635 -0.059727 0.045671
v 0.213273 -0.076603 0.049273
v 0.238294 -0.077137 0.043101
v 0.203693 -0.015260 -0.395721
v 0.135572 0.003138 -0.374739
v 0.164113 0.052941 -0.362124
v 0.199378 0.296006 -0.277806
v 0.223539 0.259926 -0.258196
v 0.253660 0.231146 -0.270525
v -0.322770 0.180451 -0.228453
v -0.402481 0.126288 -0.199672
v -0.371845 0.151503 -0.182879
v -0.426866 0.101905 -0.101562
v -0.339176 0.104070 0.003140
v -0.402342 -0.004171 0.030859
v -0.486452 -0.003765 -0.086536
v -0.391830 -0.020046 0.028104
v 0.337777 -0.219235 -0.354087
v 0.379625 -0.247869 -0.305221
v 0.340927 -0.255236 -0.331407
v 0.120137 -0.414078 -0.170754
v 0.064381 -0.401274 -0.171755
v 0.074034 -0.406972 -0.219796
v 0.092589 -0.365438 -0.329376
v 0.055467 -0.375638 -0.319946
v 0.063478 -0.359300 -0.364376
v -0.186699 -0.171051 -0.363116
v -0.254913 -0.222751 -0.347244
v -0.252824 -0.170792 -0.348708
v 0.105734 0.369662 -0.212180
v 0.107040 0.370161 -0.227784
v 0.071343 0.377234 -0.227713
v -0.170440 -0.283027 0.042043
v -0.191410 -0.268854 0.042777
v -0.191654 -0.281908 0.036150
v 0.348613 -0.143390 -0.381801
v 0.389953 -0.181667 -0.340671
v 0.350670 -0.174555 -0.371061
v 0.237010 0.251362 -0.295997
v 0.450700 -0.268527 -0.167716
v 0.415740 -0.240440 -0.140759
v 0.417087 -0.276041 -0.170005
v 0.444771 -0.009610 -0.312061
v 0.402861 0.067534 -0.288673
v 0.433372 -0.005217 -0.280980
v 0.058387 -0.248041 0.035920
v 0.085142 -0.259839 0.025299
v 0.079288 -0.260531 0.040498
v -0.134735 0.269246 0.026274
v -0.119889 0.275093 0.027044
v -0.149069 0.334991 -0.021198
v -0.056764 0.288915 0.042335
v -0.061485 0.312341 0.031051
v -0.078203 0.304044 0.029675
v 0.129419 0.283535 -0.118538
v 0.126524 0.338520 -0.185736
v 0.094814 0.276281 -0.022880
v 0.096603 0.366021 -0.175860
v 0.067960 0.377883 -0.212324
v 0.156235 0.246395 -0.292156
v 0.123941 0.288875 -0.281558
v 0.212491 0.263388 -0.295678
v -0.088746 -0.392138 -0.256603
v -0.096993 -0.384511 -0.153690
v -0.139808 -0.378526 -0.165621
v -0.240939 -0.251291 -0.337121
v -0.285008 -0.214075 -0.288665
v -0.285632 -0.204386 -0.343939
v 0.182054 -0.358451 -0.303389
v 0.199221 -0.338941 -0.339691
v 0.217921 -0.360077 -0.310436
v 0.205482 -0.346621 -0.172280
v 0.193150 -0.373812 -0.189677
v 0.227299 -0.361774 -0.184058
v 0.216420 0.046896 0.008185
v 0.252863 0.114991 -0.088289
v 0.176022 0.077418 0.030048
v 0.496359 -0.184907 -0.181451
v 0.493211 -0.214890 -0.158782
v 0.514666 -0.216524 -0.181148
v 0.492234 -0.157996 -0.213105
v 0.485437 -0.155613 -0.183563
v 0.512405 -0.204571 -0.208036
v 0.329208 -0.300867 -0.291932
v 0.388737 -0.273617 -0.285885
v 0.408942 -0.312251 -0.279404
v 0.075418 -0.230303 -0.447024
v 0.077684 -0.283780 -0.415957
v 0.023567 -0.311707 -0.386661
v 0.281071 -0.247978 -0.380254
v 0.303016 -0.215474 -0.377835
v 0.299135 -0.243220 -0.354979
v 0.168822 -0.197993 -0.447624
v 0.134702 -0.278744 -0.416669
v 0.120568 -0.211342 -0.453496
v 0.094652 -0.135912 -0.426895
v 0.156102 -0.153376 -0.439029
v 0.085640 -0.189158 -0.447651
v 0.247550 -0.113142 0.044729
v 0.262701 -0.147906 0.015792
v 0.259030 -0.110327 0.040105
v 0.384304 -0.213097 -0.127773
v -0.138024 0.314067 -0.232503
v -0.070093 0.367574 -0.213561
v -0.148438 0.352608 -0.153302
v -0.104977 0.375706 -0.193702
v -0.161169 0.350553 -0.199992
v -0.042675 -0.245761 -0.379281
v 0.000737 -0.274540 -0.389529
v -0.000350 -0.315769 -0.372576
v 0.003310 -0.169347 -0.423340
v -0.089763 -0.111099 -0.381264
v -0.012637 -0.104288 -0.395809
v -0.206866 0.025389 -0.310341
v -0.265453 -0.009061 -0.313750
v -0.294926 0.006760 -0.299633
v -0.430831 -0.055725 -0.176000
v -0.429816 -0.037097 -0.033496
v -0.067826 -0.232720 -0.368901
v -0.044704 -0.313203 -0.360172
v -0.084203 -0.272572 -0.361968
v -0.047281 -0.401421 -0.170302
v -0.044061 -0.397318 -0.236310
v -0.012765 -0.387326 -0.207483
v 0.154344 0.123616 -0.332463
v 0.120352 0.178359 -0.311905
v 0.193994 0.152470 -0.336902
v 0.337848 0.140951 -0.296859
v 0.349532 0.138767 -0.329754
v 0.297397 0.170541 -0.332164
v -0.093831 0.313776 0.012661
v -0.084584 0.276513 0.037071
v 0.438223 -0.273597 -0.263283
v 0.426430 -0.231571 -0.253716
v 0.458987 -0.221458 -0.254185
v 0.390024 -0.138897 -0.331086
v 0.390650 -0.142599 -0.313607
v 0.391785 -0.161143 -0.316931
v 0.027059 0.266996 -0.277894
v 0.061240 0.291914 -0.267702
v 0.077196 0.239282 -0.282663
v -0.351766 0.096135 -0.277777
v -0.341040 0.133923 -0.261150
v -0.265824 0.147723 -0.264930
v -0.093314 0.279956 -0.265198
v -0.075706 0.313674 -0.241419
v -0.265686 0.277593 -0.180261
v -0.261528 0.257344 -0.183475
v -0.277880 0.257392 -0.106390
v -0.213921 0.263403 0.011836
v -0.226189 0.336670 -0.050427
v -0.228952 0.283880 -0.019286
v -0.188600 0.338470 -0.158895
v -0.223076 0.329904 -0.105138
v -0.205833 0.350941 -0.108054
v 0.183049 0.048660 0.043767
v -0.321444 -0.162523 -0.307694
v -0.345807 -0.139367 -0.332052
v -0.410916 -0.069155 -0.283899
v -0.013132 0.309994 0.039450
v -0.278715 0.066931 -0.285984
v -0.341238 0.053985 -0.284911
v -0.455392 0.085648 -0.136614
v -0.427206 0.100204 -0.188698
v -0.470058 0.086614 -0.191682
v 0.463013 -0.300841 -0.202797
v 0.434883 -0.328509 -0.212759
v 0.457887 -0.304874 -0.222235
v 0.498882 -0.248028 -0.244794
v 0.476841 -0.195523 -0.238624
v 0.508811 -0.190514 -0.219086
v 0.143330 -0.181512 0.047526
v 0.143362 -0.180693 0.043879
v 0.163575 -0.185263 0.042592
v -0.461482 -0.030448 -0.197691
v -0.501502 0.002980 -0.195619
v -0.488233 -0.016752 -0.233421
v -0.500381 0.022108 -0.262766
v -0.515841 0.028527 -0.234290
v -0.489392 0.052196 -0.251169
v 0.218007 -0.196697 0.029757
v 0.208940 -0.196108 0.045595
v 0.192134 -0.195622 0.025769
v 0.247060 -0.334920 -0.168007
v 0.269474 -0.303729 -0.158908
v 0.232498 -0.283565 -0.116158
v -0.115451 -0.292699 -0.348326
v -0.086960 -0.333001 -0.347212
v -0.121042 -0.351143 -0.349761
v -0.130415 -0.376157 -0.318725
v -0.173301 -0.338631 -0.292674
v -0.177567 -0.325996 -0.321168
v -0.258172 0.207582 -0.238946
v -0.239100 0.248450 -0.237228
v -0.197546 0.232788 -0.266461
v -0.164978 0.218309 -0.272040
v -0.114918 0.217577 -0.265546
v -0.183789 0.184226 -0.255808
v 0.391847 0.097006 -0.319784
v 0.365611 0.105775 -0.282387
v 0.278567 0.162066 -0.219686
v 0.234608 0.172154 -0.185098
v 0.295346 0.093354 -0.184594
v 0.224634 -0.374071 -0.251575
v 0.389942 -0.348462 -0.233363
v 0.353727 -0.338294 -0.273429
v 0.401111 -0.321201 -0.270386
v 0.380814 -0.282524 -0.170243
v 0.348929 -0.296001 -0.180291
v 0.413086 -0.305272 -0.186965
v 0.307109 0.088061 -0.368315
v 0.258068 0.119742 -0.353057
v 0.318912 0.131395 -0.358600
v 0.442735 -0.079404 -0.327230
v 0.420446 -0.019314 -0.396676
v 0.450295 -0.003920 -0.338429
v 0.187012 -0.247491 -0.427100
v 0.185624 -0.286030 -0.414462
v 0.094879 -0.349364 -0.383526
v 0.140486 -0.345120 -0.366407
v -0.257646 0.184232 0.042266
v -0.229986 0.204546 0.047031
v -0.215753 0.209722 0.039905
v -0.245713 0.196736 0.021248
v -0.311120 -0.178927 -0.185504
v -0.282388 -0.218547 -0.213403
v -0.306691 -0.200333 -0.152605
v -0.122149 -0.303617 0.026735
v -0.136339 -0.307619 0.028250
v -0.173392 0.246657 0.036831
v -0.163441 0.310998 -0.005996
v -0.199913 0.319379 -0.012360
v -0.171287 0.341121 -0.154632
v 0.022792 0.083265 -0.332215
v 0.019601 0.152820 -0.304386
v 0.089293 0.104181 -0.334457
v -0.141905 0.184072 -0.261260
v -0.098453 0.196110 -0.268219
v -0.163904 0.124964 -0.284362
v 0.305861 -0.125556 0.013129
v 0.347840 -0.167704 -0.037472
v 0.358451 -0.160308 -0.023153
v 0.447969 -0.194791 -0.113783
v 0.444789 -0.227491 -0.124739
v 0.465377 -0.232784 -0.134727
v 0.092222 -0.259248 0.031305
v 0.101143 -0.225683 0.042973
v 0.085198 -0.257614 0.040412
v -0.263387 -0.183262 0.037195
v -0.287549 -0.125456 0.043093
v -0.333311 -0.197359 -0.034681
v -0.253420 -0.208640 0.033616
v -0.324837 -0.225639 -0.052960
v -0.225007 -0.234111 0.039371
v -0.219504 -0.243597 0.048126
v -0.218812 -0.232179 0.047360
v -0.229360 -0.150266 0.055436
v -0.222053 -0.173806 0.052341
v -0.229219 -0.175096 0.055140
v -0.412672 0.016536 0.002598
v -0.355034 0.049337 0.041094
v -0.381320 0.045375 0.019441
v -0.355066 0.063039 0.029729
v -0.322545 0.103764 0.037497
v 0.178851 -0.191441 0.011218
v 0.197748 -0.281884 -0.121312
v 0.221051 -0.324476 -0.160520
v 0.157091 -0.212629 -0.005382
v 0.139141 -0.233000 0.002867
v 0.177394 -0.335118 -0.157795
v 0.163257 -0.356834 -0.146324
v 0.047617 -0.259858 0.039831
v 0.026378 -0.256270 0.041549
v 0.027278 -0.252660 0.039720
v 0.021918 -0.305086 0.011821
v 0.056130 -0.291976 -0.003897
v 0.038716 -0.272074 0.016558
v 0.010135 -0.276055 0.030576
v -0.015188 -0.292711 0.040035
v -0.005675 -0.295774 0.035289
v -0.010888 -0.337833 -0.003495
v -0.027307 -0.361620 -0.034834
v -0.250380 0.292706 -0.146265
v -0.221841 0.310942 -0.177913
v -0.259945 0.295531 -0.175252
v -0.161340 0.279352 -0.243599
v 0.169099 0.068708 0.043911
v 0.165439 0.075448 0.036722
v 0.129316 0.082547 0.043167
v 0.146639 0.318965 -0.193019
v 0.158130 0.269063 -0.137685
v -0.125748 0.233195 0.049590
v -0.115931 0.232562 0.046517
v -0.150119 0.229764 0.045618
v -0.069179 0.295533 0.037928
v 0.385872 -0.058490 -0.395187
v 0.416586 -0.050047 -0.385787
v 0.421437 -0.074397 -0.359664
v 0.415417 -0.092145 -0.342762
v 0.415627 -0.103718 -0.311084
v 0.458531 -0.088911 -0.243015
v 0.453350 -0.070144 -0.215061
v 0.465627 -0.112677 -0.196054
v 0.327834 -0.336083 -0.208488
v 0.330046 -0.272136 -0.148150
v 0.285768 -0.335840 -0.182674
v 0.246892 -0.371869 -0.271546
v 0.294098 -0.389601 -0.241256
v -0.063166 0.261544 0.045024
v -0.063395 0.280613 0.042618
v -0.487092 0.053226 -0.124414
v -0.519977 0.017802 -0.219735
v -0.036644 -0.364220 -0.332306
v -0.075335 -0.363492 -0.331959
v 0.056459 -0.345874 -0.388161
v 0.016581 -0.351771 -0.361271
v -0.132625 0.079163 -0.308178
v -0.065078 0.086053 -0.316991
v -0.088549 0.038602 -0.324967
v -0.057994 0.161875 -0.289228
v -0.060254 0.125077 -0.305607
v -0.355295 -0.036726 0.040256
v -0.375151 -0.014666 0.043920
v -0.393032 -0.056059 0.008719
v -0.266701 0.168229 0.014650
v -0.261874 0.190592 0.006150
v -0.276216 0.230148 -0.163926
v -0.303996 0.226674 -0.097180
v 0.414446 0.041892 -0.251970
v 0.420596 -0.032002 -0.166391
v 0.438321 -0.049042 -0.218191
v 0.406648 -0.006512 -0.166897
v 0.383188 0.016281 -0.186790
v 0.358756 0.009778 -0.145030
v -0.134165 0.359629 -0.207626
v -0.085719 0.382119 -0.194672
v 0.003304 0.378385 -0.039381
v 0.014735 0.399566 -0.153754
v -0.015877 0.403395 -0.157188
v -0.424731 -0.062633 -0.264306
v -0.425113 -0.065078 -0.234082
v -0.472834 0.039290 -0.268584
v -0.443968 0.006544 -0.272726
v -0.492997 0.008852 -0.270911
v 0.228360 -0.152591 0.044167
v 0.004239 0.311668 0.037329
v 0.029037 0.382335 -0.056521
v -0.007685 0.323734 0.031360
v 0.008673 0.277584 0.037720
v 0.025110 0.327232 -0.000952
v 0.024881 0.261532 0.036500
v 0.057029 0.382468 -0.098990
v 0.059742 0.384029 -0.137995
v -0.105939 -0.320294 0.005333
v -0.025123 -0.322976 0.024885
v -0.023963 -0.304917 0.037843
v 0.395896 -0.192900 -0.114174
v 0.281212 -0.281272 -0.136506
v 0.396524 0.066365 -0.256434
v 0.380406 0.044262 -0.220088
v 0.412729 0.013289 -0.207331
v 0.340506 0.111234 -0.255243
v 0.263154 -0.098138 0.039811
v 0.284942 -0.063777 0.020718
v 0.239431 -0.090486 0.043455
v 0.405036 -0.049345 -0.129015
v 0.432131 -0.089524 -0.130749
v -0.325313 -0.145597 -0.001231
v -0.337700 -0.206461 -0.080337
v -0.296726 -0.253216 -0.056680
v 0.382235 0.086697 -0.364229
v 0.400443 0.017340 -0.405671
v 0.349112 0.088432 -0.362247
v 0.349007 -0.004772 -0.403774
v 0.346032 0.066779 -0.372868
v 0.516837 -0.229828 -0.219423
v 0.521980 -0.237618 -0.191277
v 0.510298 -0.263441 -0.221483
v 0.000154 -0.283466 0.040754
v 0.216065 -0.172086 -0.441492
v 0.245846 -0.190679 -0.417269
v 0.229666 -0.223472 -0.414511
v 0.322274 -0.122464 -0.429075
v 0.314549 -0.190214 -0.395744
v -0.420665 0.124266 -0.225393
v -0.367360 0.141004 -0.243990
v -0.454810 0.099941 -0.215451
v -0.068106 -0.138365 -0.392884
v -0.261048 -0.138173 -0.340650
v -0.210621 -0.133804 -0.349100
v -0.395513 -0.081019 -0.310225
v -0.288813 -0.054623 -0.326276
v -0.211416 -0.094745 -0.342256
v 0.180941 -0.271404 -0.081947
v 0.189001 -0.219696 -0.042507
v 0.216974 -0.240326 -0.080549
v -0.088951 0.358974 -0.036956
v -0.078384 0.317337 0.016569
v -0.067892 0.383887 -0.052128
v -0.003417 0.395846 -0.200269
v -0.042164 0.393794 -0.198986
v -0.247910 0.189350 -0.251940
v 0.321115 0.146247 -0.273870
v 0.285822 0.171761 -0.301764
v 0.295265 0.159594 -0.239496
v -0.317235 0.169975 -0.248975
v -0.264186 0.176397 -0.252026
v -0.287965 0.212024 -0.230780
v 0.072332 0.229427 0.028610
v 0.056848 0.231141 0.036541
v 0.077326 0.199371 0.037880
v -0.143094 -0.379186 -0.216357
v -0.123988 -0.387930 -0.264173
v 0.207667 0.167158 -0.074370
v 0.233435 0.148714 -0.157211
v 0.172198 0.297126 -0.200722
v -0.034062 -0.172754 -0.412717
v -0.013608 -0.202847 -0.415136
v -0.062099 -0.207048 -0.383560
v -0.190595 -0.250475 -0.380079
v -0.159365 -0.200341 -0.365973
v -0.147734 -0.232465 -0.377887
v 0.271377 0.196240 -0.322908
v 0.207079 0.179717 -0.329882
v 0.157669 0.221591 -0.298298
v 0.245433 0.231094 -0.309140
v -0.206178 -0.205455 -0.357971
v -0.170989 -0.257436 -0.379912
v -0.135295 -0.242248 -0.370837
v -0.156324 -0.292320 -0.353369
v 0.215910 0.018908 0.038715
v 0.208654 0.015798 0.046249
v 0.225095 -0.006359 0.038882
v 0.186915 0.251623 -0.192247
v 0.169093 0.226245 -0.131637
v 0.191896 0.207360 -0.187187
v 0.233923 0.220151 -0.225614
v 0.267021 0.190568 -0.224997
v -0.220825 -0.268180 -0.355768
v -0.201097 -0.272620 -0.369364
v -0.183602 -0.304366 -0.350709
v -0.195331 -0.299769 -0.332029
v -0.141799 -0.350305 -0.344420
v 0.094750 0.366816 -0.241602
v 0.117784 0.366776 -0.241954
v 0.167907 0.329264 -0.274829
v 0.177558 0.329001 -0.270402
v 0.174555 0.334848 -0.252176
v 0.196433 0.291739 -0.252444
v -0.521980 0.033694 -0.214589
v -0.500371 0.039327 -0.159273
v -0.477694 0.067644 -0.125895
v -0.490276 0.067311 -0.231699
v -0.490227 0.069265 -0.196757
v 0.133221 -0.414683 -0.202254
v 0.102348 -0.385344 -0.270071
v 0.165104 -0.379519 -0.266210
v 0.196062 -0.373089 -0.260671
v 0.190913 -0.393217 -0.228419
v 0.357478 -0.079923 -0.011120
v 0.312561 -0.093465 0.021376
v 0.366438 -0.104189 -0.010511
v 0.391918 -0.165492 -0.046748
v 0.084762 0.324398 -0.261707
v 0.074768 0.356106 -0.241653
v 0.124565 0.250050 -0.289701
v 0.128897 0.358849 -0.223888
v 0.118230 0.354404 -0.192036
v 0.229032 -0.190450 0.039543
v 0.255726 -0.169610 0.012533
v 0.337191 -0.183588 -0.051331
v 0.335593 -0.229160 -0.116671
v 0.223326 -0.316449 -0.359389
v 0.244791 -0.334690 -0.327384
v 0.222867 -0.249403 -0.405652
v -0.042284 -0.306020 0.042270
v -0.106764 -0.294824 0.034606
v -0.072970 -0.348691 -0.005371
v -0.165977 -0.290333 0.031686
v -0.214446 -0.332946 -0.133168
v -0.188020 -0.299768 -0.008939
v -0.238770 -0.300814 -0.081635
v -0.328598 -0.195865 -0.100723
v -0.287433 -0.256119 -0.111703
v 0.053481 -0.397678 -0.240769
v -0.035500 -0.395021 -0.300106
v -0.009039 -0.382645 -0.312578
v -0.008114 -0.386508 -0.278879
v -0.176395 0.229284 -0.273370
v -0.067597 0.271448 -0.273061
v -0.081147 0.246286 -0.271766
v 0.120989 -0.098628 -0.412031
v 0.152875 -0.095096 -0.410011
v 0.267415 -0.138676 -0.439607
v 0.329066 -0.096785 -0.435152
v 0.292453 -0.149078 -0.431816
v 0.262481 0.015424 -0.006073
v 0.258675 -0.016401 0.014805
v 0.387570 -0.028635 -0.124212
v -0.038097 0.257409 -0.278631
v 0.001717 0.236652 -0.280298
v -0.037156 0.209995 -0.274355
v 0.398275 -0.124036 -0.308826
v 0.397119 -0.111357 -0.334929
v 0.393785 -0.158337 -0.287748
v 0.450041 -0.182732 -0.254643
v 0.409577 -0.192621 -0.282978
v -0.333768 0.176302 -0.178454
v -0.287410 0.212382 -0.185557
v -0.266130 0.238627 -0.182851
v -0.265100 0.263338 -0.213021
v -0.278147 0.231768 -0.219557
v 0.438431 -0.151499 -0.254384
v 0.429526 -0.202373 -0.260334
v 0.384616 -0.217528 -0.312944
v 0.393399 -0.251937 -0.288394
v 0.413434 0.044665 -0.392887
v 0.431861 0.034913 -0.393137
v 0.376661 0.114630 -0.356011
v 0.363531 0.126189 -0.309592
v -0.221159 0.277320 -0.225050
v -0.262066 0.292602 -0.188212
v -0.218222 0.309486 -0.191478
v -0.396503 0.112160 -0.263980
v -0.428277 0.121942 -0.244395
v 0.166091 -0.063609 -0.399248
v 0.225342 -0.110649 -0.421560
v 0.217693 -0.157596 -0.438476
v -0.126432 0.240985 0.042232
v -0.221326 0.210075 0.031886
v -0.245431 0.260962 -0.030138
v -0.270513 0.268640 -0.101481
v 0.304913 0.038338 -0.382785
v 0.271365 0.018191 -0.392549
v 0.201186 -0.060271 -0.402282
v 0.238338 -0.065644 -0.413324
v -0.098328 0.242993 0.048382
v 0.155604 0.141320 0.003241
v 0.162348 0.106811 0.021229
v -0.212728 -0.288255 -0.217441
v -0.212665 -0.309029 -0.184288
v -0.239447 -0.287226 -0.181123
v -0.169478 -0.380604 -0.124315
v -0.181325 -0.376598 -0.152580
v -0.210550 -0.292149 -0.284730
v -0.181496 -0.336494 -0.236441
v -0.261757 -0.242914 -0.217932
v 0.217915 0.240351 -0.229161
v -0.181376 0.333195 -0.208001
v -0.202856 0.298292 -0.219440
v 0.451297 -0.310304 -0.238728
v 0.472849 -0.264473 -0.269429
v -0.407889 -0.099838 -0.086766
v -0.371255 -0.140297 -0.091055
v -0.296358 -0.099441 0.041527
v 0.407487 -0.254830 -0.265121
v 0.436243 -0.298082 -0.265906
v 0.404864 -0.282058 -0.277322
v 0.408716 -0.221041 -0.261631
v -0.281714 -0.084054 0.049153
v -0.210604 -0.254382 0.033678
v -0.256186 -0.238868 0.008493
v -0.421856 -0.068985 -0.130541
v -0.334986 -0.073744 0.036569
v -0.110155 0.341765 -0.027071
v -0.120353 0.326494 -0.009775
v -0.162836 0.365126 -0.061552
v -0.153105 0.347794 -0.109201
v -0.185198 0.363298 -0.074563
v -0.217062 -0.221152 0.052200
v -0.214513 -0.200752 0.054856
v -0.213327 -0.200836 0.052625
v -0.303480 0.135593 0.040879
v -0.274883 0.154205 0.041426
v -0.288803 0.162101 -0.004385
v -0.341167 0.175645 -0.080255
v -0.464629 -0.028833 -0.271070
v -0.420419 -0.041455 -0.298641
v 0.065868 -0.255582 0.026309
v 0.015018 -0.254827 0.036644
v 0.030327 -0.252132 0.028382
v 0.478219 -0.292811 -0.257496
v 0.439309 -0.306400 -0.253494
v -0.193877 0.251359 0.030857
v -0.207901 0.298722 0.001514
v -0.213678 0.194607 0.047337
v -0.201958 0.215086 0.043010
v -0.053907 -0.330028 -0.351439
v 0.338726 -0.060711 -0.424698
v 0.357764 -0.058847 -0.419515
v 0.373964 -0.077252 -0.393430
v 0.349115 -0.085392 -0.427082
v -0.341339 -0.151429 -0.176889
v -0.310885 -0.186394 -0.256890
v -0.338411 -0.158919 -0.215919
v 0.341803 0.062713 -0.191923
v 0.309261 0.059262 -0.157001
v 0.350907 0.032801 -0.159827
v 0.331423 0.089646 -0.209311
v -0.493592 0.002242 -0.149899
v 0.257307 0.048510 -0.376021
v 0.220462 0.008162 -0.389985
v 0.218539 0.061758 -0.361169
v 0.348780 0.141954 -0.356384
v 0.352405 0.151214 -0.350138
v 0.166060 -0.181410 -0.446649
v 0.100267 -0.210533 -0.454433
v 0.202300 -0.201512 -0.445311
v 0.493468 -0.242933 -0.164477
v 0.494936 -0.276189 -0.201891
v -0.106301 -0.380068 -0.334692
v 0.116720 0.141747 0.034592
v 0.088959 0.148736 0.040918
v 0.103783 0.130391 0.041043
v 0.196731 -0.301575 -0.385506
v 0.167294 -0.316495 -0.393283
v 0.113312 0.120913 0.040710
v 0.132401 0.116819 0.033135
v 0.127350 0.133269 0.032475
v 0.243358 -0.102470 0.042927
v 0.224724 -0.095027 0.046726
v -0.388189 0.070078 -0.277303
v -0.388695 0.033143 -0.276616
v -0.346233 0.017473 -0.288974
v -0.341812 -0.033313 -0.309182
v -0.400547 0.004896 -0.281434
v 0.037849 -0.016880 -0.369814
v 0.072092 -0.042111 -0.376045
v 0.032815 -0.054957 -0.382061
v -0.005655 -0.007702 -0.363609
v -0.021235 0.061582 -0.336769
v 0.005589 0.125358 -0.315816
v 0.028598 0.024117 -0.356767
v 0.081193 -0.286196 -0.008580
v 0.151777 -0.325459 -0.102213
v 0.162194 -0.303635 -0.118596
v 0.116658 -0.269851 -0.017797
v 0.176903 -0.382233 -0.186683
v 0.165223 -0.398590 -0.186907
v 0.147462 -0.415971 -0.179169
v 0.176906 -0.400294 -0.213707
v -0.115906 0.374167 -0.132720
v -0.100451 0.386541 -0.136512
v -0.075428 0.408241 -0.145687
v -0.067335 0.392350 -0.176235
v -0.090822 0.399842 -0.160033
v -0.447047 0.012179 -0.028204
v -0.499217 0.016066 -0.137873
v 0.301296 -0.286710 -0.328467
v 0.362018 -0.265759 -0.302580
v 0.262077 -0.265059 -0.386597
v 0.266817 -0.299909 -0.345227
v 0.266797 -0.343912 -0.307510
v 0.287589 -0.312946 -0.316210
v 0.297137 -0.343959 -0.302480
v 0.267052 -0.363964 -0.286427
v 0.323390 -0.357280 -0.278113
v 0.327477 -0.374416 -0.252618
v 0.184381 -0.329975 -0.365308
v 0.150409 -0.351119 -0.336501
v 0.296466 -0.350940 -0.200510
v 0.302443 -0.387884 -0.222442
v 0.390938 -0.326563 -0.205013
v 0.349570 -0.363731 -0.221621
v 0.062662 -0.309857 -0.400259
v 0.098772 -0.297819 -0.410023
v -0.159941 -0.181760 -0.372798
v -0.118204 -0.168373 -0.379271
v -0.114435 -0.196367 -0.367383
v -0.164953 -0.140358 -0.368753
v -0.126534 -0.112293 -0.369039
v -0.117279 -0.143490 -0.370435
v 0.084614 0.361661 -0.121363
v 0.065438 0.263328 0.014957
v 0.108888 0.337081 -0.103488
v 0.200388 0.027463 0.046283
v 0.333630 -0.316441 -0.285290
v 0.349188 -0.335027 -0.284445
v 0.259372 0.203177 -0.328696
v 0.214096 0.124326 -0.346639
v 0.483815 -0.270813 -0.182877
v -0.201362 -0.268234 0.029374
v -0.257746 0.266230 -0.226396
v -0.206031 0.276053 -0.238012
v 0.364995 -0.027928 -0.412809
v 0.405155 -0.009773 -0.414451
v 0.428101 0.008930 -0.397683
v 0.093712 0.178866 0.030591
v 0.094041 0.238538 -0.009979
v 0.079334 0.178843 0.038911
v -0.192996 -0.256097 0.046131
v -0.216753 -0.250929 0.048355
v -0.208855 -0.250364 0.041063
v 0.175388 -0.191341 0.046457
v 0.034037 -0.389734 -0.284459
v 0.011468 -0.388622 -0.250372
v 0.023194 -0.387155 -0.180508
v 0.097551 -0.346879 -0.085778
v 0.059515 -0.355318 -0.059841
v 0.069517 -0.391934 -0.111940
v -0.375870 -0.122376 -0.229323
v -0.388039 -0.095031 -0.175166
v -0.400284 -0.091262 -0.237268
v -0.351332 -0.143456 -0.254436
v -0.264643 -0.238075 -0.262358
v -0.251968 0.038090 -0.294750
v -0.254317 0.091191 -0.281757
v -0.189076 0.064535 -0.301440
v -0.112928 -0.285588 0.041114
v -0.139215 -0.291519 0.040461
v -0.197893 0.167764 -0.258994
v -0.227074 0.126511 -0.275491
v -0.226478 0.205771 -0.259735
v 0.022302 -0.384072 -0.311351
v 0.030703 -0.363999 -0.346524
v -0.062998 -0.393789 -0.328387
v -0.024073 -0.380845 -0.319633
v -0.087243 -0.385348 -0.285922
v -0.110024 -0.386657 -0.318765
v -0.184871 0.339269 -0.182998
v -0.202164 0.321711 -0.158465
v -0.225939 0.305407 -0.155069
v -0.238728 0.301444 -0.118616
v -0.367608 -0.084091 0.000812
v -0.419717 -0.064334 -0.027828
v -0.382671 -0.118289 -0.057860
v -0.162964 -0.369716 -0.214472
v -0.140107 -0.382659 -0.263806
v -0.191661 0.202297 0.047419
v -0.194425 0.203905 0.050154
v -0.168842 0.228452 0.051492
v -0.171258 0.216524 0.046953
v 0.072461 -0.108173 -0.414911
v 0.037880 -0.184025 -0.438386
v -0.070512 0.254604 0.044164
v 0.109558 -0.235149 0.024972
v 0.099349 -0.274861 -0.000749
v 0.425950 -0.231282 -0.128282
v 0.409622 -0.186175 -0.099916
v 0.438498 -0.168538 -0.102087
v 0.417646 -0.163846 -0.076708
v 0.358340 -0.254595 -0.143672
v -0.369592 0.152308 -0.092435
v -0.314000 0.110774 0.027925
v -0.310142 0.128093 0.031454
v 0.294126 0.045794 -0.082492
v -0.409829 0.072421 -0.027430
v -0.187032 -0.100447 -0.347987
v -0.121951 -0.067418 -0.350340
v 0.148181 0.345244 -0.226622
v 0.149196 0.351356 -0.243836
v 0.141749 0.349048 -0.258118
v -0.246793 -0.274628 -0.023436
v -0.269670 -0.257319 -0.188482
v -0.450358 0.091074 -0.262382
v -0.469601 0.088188 -0.249990
v 0.339524 -0.008475 -0.073018
v 0.303395 -0.039763 0.001166
v 0.368109 -0.039689 -0.074938
v 0.444639 -0.093692 -0.157459
v 0.472334 -0.122166 -0.220051
v 0.477400 -0.141850 -0.231652
v 0.442560 -0.055587 -0.256714
v 0.461109 -0.062518 -0.295407
v 0.453489 -0.048033 -0.304564
v 0.230133 -0.037587 0.043907
v 0.230646 -0.049387 0.051837
v 0.239142 -0.047519 0.047486
v 0.098849 -0.253224 -0.443973
v 0.259850 -0.367468 -0.195946
v 0.285099 -0.390146 -0.215419
v 0.191751 -0.399203 -0.198303
v 0.223850 -0.394453 -0.196779
v 0.250671 -0.259755 -0.072391
v -0.324103 -0.061272 0.045334
v -0.384654 -0.018943 0.038359
v -0.391114 -0.003408 0.041773
v -0.399541 0.004367 0.035210
v -0.277582 -0.077852 0.050624
v -0.261657 -0.107770 0.052674
v -0.264993 -0.102567 0.055438
v -0.224879 -0.146993 0.052114
v -0.218044 -0.127732 0.053910
v -0.249341 -0.123061 0.052301
v -0.230689 -0.113678 0.054416
v -0.253858 -0.111533 0.055261
v -0.190976 0.223048 0.042570
v -0.168088 0.224578 0.044998
v 0.492422 -0.290920 -0.220489
v 0.494094 -0.296291 -0.234887
v -0.222552 -0.237416 0.050704
v -0.212437 -0.210519 0.049779
v -0.388634 -0.053532 -0.305429
v -0.330083 -0.065173 -0.325262
v -0.371911 -0.100754 -0.327221
v -0.344779 -0.117835 -0.334817
v -0.295019 -0.148175 -0.339694
v 0.369459 -0.107965 -0.389491
v -0.302740 -0.018827 -0.304485
v 0.398741 -0.177468 -0.331895
v 0.357287 -0.196490 -0.351732
v 0.394010 -0.218748 -0.296083
v 0.397245 -0.189972 -0.302665
v -0.038967 -0.313437 0.036289
v -0.027932 -0.299676 0.041271
v -0.029734 0.355052 0.006729
v -0.038105 0.415971 -0.121638
v -0.013244 -0.357133 -0.343751
v -0.162611 -0.316018 -0.353261
v -0.122552 -0.257303 -0.361770
v 0.263699 0.209746 -0.254638
v 0.406098 -0.111552 -0.051488
v 0.437572 -0.130008 -0.121990
v 0.151975 -0.283728 -0.070276
v 0.116733 -0.249812 -0.011922
v 0.467996 -0.150022 -0.151732
v 0.477346 -0.201657 -0.130120
v -0.363455 -0.129392 -0.176079
v 0.494848 -0.276457 -0.256396
v 0.485822 -0.252078 -0.266357
v -0.180506 0.347112 -0.039958
v 0.018122 0.209798 -0.287432
v -0.055164 -0.335157 0.010562
v 0.415520 0.079191 -0.337213
v 0.434116 0.056175 -0.381290
v 0.408976 0.091939 -0.358057
v 0.430621 0.061808 -0.363124
v 0.445133 0.041256 -0.377985
v 0.441122 0.039025 -0.345439
v -0.220621 -0.182383 0.054980
v -0.267095 -0.141347 0.047337
v -0.249669 -0.168540 0.048262
v -0.235646 -0.187981 0.048212
v 0.270931 -0.060703 -0.413309
v 0.309134 -0.083264 -0.431090
v 0.273197 -0.112379 -0.430126
v 0.290455 -0.031034 -0.412391
v 0.352365 0.082329 -0.235151
v 0.243714 -0.290435 -0.377380
v 0.256566 -0.254854 -0.395933
v -0.349515 -0.160635 -0.049604
v -0.348194 -0.169605 -0.087991
v -0.344480 -0.201999 -0.062019
v -0.264475 0.168703 0.042194
v -0.342727 -0.106750 0.009491
v 0.136364 0.197239 -0.309364
v -0.322165 0.197187 -0.136508
v 0.425986 -0.116772 -0.091147
v 0.399638 -0.081658 -0.092440
v -0.225346 -0.228419 -0.353824
v -0.211154 -0.257977 -0.364933
v -0.393667 0.011092 0.042510
v 0.047224 -0.210904 -0.444303
v -0.450466 -0.041027 -0.262907
v -0.494254 -0.007937 -0.263023
v -0.505792 0.004657 -0.262258
v 0.178350 -0.298047 -0.130846
v -0.076691 -0.066780 -0.365304
v 0.461370 -0.092968 -0.281002
v 0.412856 -0.115741 -0.269505
v 0.457087 -0.066106 -0.318637
v 0.192549 0.199083 -0.173445
v 0.182172 0.198443 -0.119487
v 0.218355 -0.192113 0.045135
v 0.071465 0.016796 -0.362881
v 0.238829 -0.202140 0.017866
v 0.294850 -0.191018 -0.031762
v 0.286827 -0.104817 0.032226
v 0.291628 -0.148034 -0.000963
v -0.266896 -0.257047 -0.146571
v 0.202300 0.092339 -0.354623
v -0.204671 -0.300415 -0.253862
v -0.261811 -0.240488 -0.239685
v -0.179394 0.296436 -0.230219
v 0.229011 -0.217320 -0.019260
v 0.203380 -0.210595 -0.029841
v 0.012119 -0.323714 0.010231
v 0.017140 -0.369503 -0.041506
v 0.038550 -0.393970 -0.092048
v 0.223788 -0.041470 0.050671
v 0.211198 -0.023966 0.050015
v 0.008659 0.274274 -0.271310
v 0.158485 0.301423 -0.282019
v 0.189898 0.296624 -0.281887
v 0.133900 0.189136 -0.008956
v -0.284399 -0.234932 -0.185205
v -0.291295 -0.230716 -0.152389
v 0.276543 0.090833 -0.125055
v 0.290615 0.170028 -0.263978
v -0.054658 -0.395778 -0.294901
v -0.012922 -0.383418 -0.255154
v -0.034283 -0.404096 -0.275295
v -0.292139 0.104595 -0.279502
v 0.159850 -0.192438 0.014331
v 0.127668 -0.184871 0.047339
v 0.191567 0.267731 -0.209680
v 0.144926 0.238059 -0.063011
v 0.170689 0.186203 -0.048639
v 0.387315 -0.122560 -0.364073
v -0.059089 -0.399437 -0.165716
v -0.059756 -0.397683 -0.235888
v 0.117720 -0.198179 0.044992
v 0.401123 -0.137369 -0.290394
v 0.459838 -0.117791 -0.234827
v 0.458490 -0.103184 -0.246667
v 0.251254 -0.385018 -0.222878
v 0.258559 -0.386279 -0.207918
v 0.217792 -0.396934 -0.222783
v 0.293227 -0.231990 -0.075841
v 0.267899 -0.257347 -0.086714
v 0.293493 -0.262886 -0.124365
v 0.306542 -0.224322 -0.077896
v 0.304750 -0.244854 -0.116495
v -0.160932 -0.310675 0.018263
v -0.150370 -0.320955 0.010561
v -0.437985 0.069810 -0.274297
v 0.002291 -0.383917 -0.185502
v 0.041945 -0.250362 0.033971
v 0.064734 -0.253902 0.040210
v -0.216267 -0.190192 0.049713
v -0.218940 -0.215357 0.045608
v 0.291470 0.169067 -0.341452
v 0.335069 -0.380408 -0.235192
v 0.438712 -0.310817 -0.195689
v 0.123810 -0.049936 -0.384477
v -0.073456 -0.171792 -0.385398
v 0.119503 -0.322449 -0.052482
v 0.239814 -0.159721 -0.437251
v 0.280745 -0.194758 -0.407994
v 0.298054 -0.211464 -0.393386
v 0.284503 -0.236405 -0.392896
v 0.335275 0.025088 -0.117275
v 0.381905 -0.058749 -0.072985
v 0.357710 -0.009510 -0.116539
v -0.429265 -0.020482 -0.287322
v -0.429224 -0.038063 -0.280512
v 0.458881 -0.201397 -0.249544
v 0.356565 -0.359848 -0.237123
v -0.153883 -0.367286 -0.262999
v -0.212287 0.355545 -0.071150
v -0.286756 -0.194295 -0.348872
v -0.313463 -0.171649 -0.335312
v -0.070831 0.230538 -0.265492
v 0.382100 -0.036929 -0.411701
v 0.412075 -0.026559 -0.404939
v 0.196139 -0.181675 -0.450435
v -0.075397 0.260933 0.048471
v -0.198223 -0.350137 -0.181876
v 0.261949 -0.050999 0.034948
v 0.475404 -0.281924 -0.270598
v 0.004835 -0.267313 0.038428
v 0.015806 -0.263618 0.041177
v 0.005083 -0.265033 0.041987
v -0.009376 -0.270737 0.042872
v 0.192257 -0.191884 0.045449
v -0.055770 -0.401041 -0.265753
v -0.136242 0.356102 -0.082369
v -0.132204 0.360836 -0.124132
v 0.001515 -0.060123 -0.377765
v -0.084396 -0.001319 -0.337476
v -0.113123 -0.027474 -0.341434
v 0.132758 0.094002 0.039301
v 0.117041 0.099806 0.041953
v 0.224596 -0.280508 -0.394903
v 0.205688 -0.227636 -0.433470
v 0.491558 -0.232720 -0.260580
v 0.026868 -0.246422 0.033239
v 0.219521 -0.398300 -0.210364
v 0.023638 0.390829 -0.194029
v 0.038956 0.392526 -0.218112
v 0.005861 0.389228 -0.216587
v 0.483249 -0.231015 -0.143837
v 0.477140 -0.184469 -0.131959
v -0.380903 -0.103681 -0.267455
v 0.011543 -0.221850 -0.417605
v 0.024084 -0.192422 -0.436778
v 0.161482 -0.410611 -0.200437
v -0.211357 -0.195503 0.049080
v -0.236548 -0.221096 0.035952
v 0.253279 -0.217765 -0.026499
v 0.017559 -0.261211 0.029022
v 0.393716 -0.088161 -0.367196
v -0.088569 -0.208452 -0.376466
v 0.081593 0.059210 -0.346674
v 0.137872 0.082410 -0.351180
v -0.156023 0.235244 0.051596
v 0.023583 -0.102009 -0.406192
v 0.028770 -0.334899 -0.010936
v 0.054017 -0.395711 -0.100915
v -0.021910 0.124968 -0.309934
v -0.051700 0.218308 -0.268628
v -0.061561 0.412631 -0.142019
v -0.156282 0.244403 0.038011
v -0.168810 0.346419 -0.130060
v -0.214617 -0.282805 -0.235746
v 0.223944 -0.022089 0.041364
v -0.326815 -0.045260 0.048053
v 0.447176 -0.164944 -0.113544
v 0.256991 -0.197797 0.006945
v -0.018808 0.157344 -0.294486
v -0.062488 0.326449 0.017272
v 0.391634 -0.169690 -0.299631
v 0.160151 0.348848 -0.263187
vn 0.2393 -0.6836 -0.6896
vn -0.1231 -0.4851 -0.8658
vn 0.1038 -0.4307 -0.8965
vn -0.7509 -0.6397 -0.1641
vn -0.7091 -0.7046 -0.0262
vn -0.7939 -0.5584 -0.2407
vn -0.0898 0.4556 -0.8856
vn -0.1256 0.4898 -0.8628
vn -0.1871 0.4836 -0.8550
vn -0.0422 0.4813 -0.8756
vn -0.1173 0.3053 -0.9450
vn -0.1489 0.2667 -0.9522
vn -0.1385 0.2678 -0.9535
vn 0.4784 -0.6284 0.6134
vn 0.6462 0.0056 0.7631
vn 0.4008 -0.6386 0.6569
vn 0.4099 -0.2303 0.8825
vn 0.2801 -0.0871 0.9560
vn 0.3373 0.0039 0.9414
vn -0.1735 0.2709 -0.9469
vn -0.1696 0.2845 -0.9436
vn -0.1206 0.3129 -0.9421
vn 0.6816 0.6532 -0.3298
vn 0.7331 0.5711 0.3692
vn 0.8023 0.5732 0.1667
vn -0.6124 0.7408 -0.2761
vn -0.5753 0.8117 0.1004
vn -0.5905 0.8059 -0.0433
vn -0.5488 0.7933 0.2635
vn -0.4123 0.8684 0.2755
vn -0.7378 -0.2996 0.6048
vn -0.9168 -0.2175 0.3349
vn -0.7428 -0.3831 0.5491
vn 0.4942 -0.4593 -0.7381
vn 0.6787 -0.2114 -0.7033
vn 0.4603 -0.5282 -0.7135
vn -0.0112 -0.9629 0.2695
vn -0.2968 -0.9537 0.0481
vn -0.1772 -0.9700 -0.1665
vn 0.1675 -0.9329 -0.3189
vn 0.1178 -0.9327 -0.3410
vn 0.0114 -0.9157 -0.4017
vn -0.2759 0.0426 -0.9603
vn -0.3036 -0.2497 -0.9195
vn -0.1454 0.1046 -0.9838
vn 0.3735 0.9158 0.1477
vn 0.2598 0.9638 -0.0603
vn 0.1354 0.8700 -0.4741
vn -0.2697 -0.7244 0.6345
vn -0.4911 -0.3881 0.7798
vn -0.4922 -0.6487 0.5804
vn 0.5932 -0.3820 -0.7087
vn 0.6333 -0.4177 -0.6515
vn 0.5698 -0.3446 -0.7461
vn 0.6145 0.6705 -0.4158
vn 0.1711 -0.6507 0.7398
vn -0.1785 -0.6540 0.7351
vn 0.0725 -0.5604 0.8250
vn 0.9088 0.3020 0.2878
vn 0.8067 0.5432 0.2328
vn 0.9266 0.3235 0.1917
vn -0.0014 -0.9793 -0.2026
vn -0.1436 -0.9219 0.3598
vn -0.1168 -0.9861 -0.1182
vn -0.1794 0.5010 0.8467
vn -0.2483 0.4885 0.8365
vn -0.1045 0.7016 0.7049
vn -0.1796 0.3511 0.9190
vn -0.2576 0.5287 0.8088
vn -0.4250 0.4705 0.7733
vn 0.7206 0.5700 0.3947
vn 0.7759 0.5307 0.3410
vn 0.7552 0.4089 0.5124
vn 0.4982 0.8551 0.1434
vn 0.3239 0.9446 0.0530
vn -0.0945 0.2100 -0.9731
vn -0.1512 0.2509 -0.9561
vn 0.0601 0.3907 -0.9186
vn -0.2012 -0.9781 -0.0525
vn -0.2620 -0.9442 0.1994
vn -0.0114 -0.9913 0.1310
vn -0.7326 -0.6321 -0.2525
vn -0.7457 -0.6606 -0.0866
vn -0.6376 -0.5833 -0.5033
vn 0.0914 -0.9152 -0.3925
vn 0.1844 -0.8365 -0.5160
vn 0.0552 -0.8735 -0.4837
vn 0.1244 -0.5617 0.8179
vn 0.2304 -0.4564 0.8594
vn 0.1320 -0.4879 0.8629
vn 0.6367 0.5363 0.5541
vn 0.8183 0.4509 0.3564
vn 0.5726 0.4896 0.6576
vn 0.8714 0.3556 0.3379
vn 0.8362 0.0610 0.5450
vn 0.8634 0.2397 0.4440
vn 0.8896 0.3738 -0.2626
vn 0.8709 0.4114 0.2690
vn 0.9460 0.3201 0.0510
vn 0.4055 -0.4165 -0.8137
vn 0.3783 -0.2239 -0.8982
vn 0.4518 -0.4412 -0.7754
vn -0.2474 -0.3073 -0.9189
vn -0.1884 -0.5116 -0.8383
vn -0.3931 -0.3706 -0.8415
vn 0.6803 -0.5864 -0.4397
vn 0.6423 -0.5531 -0.5306
vn 0.5378 -0.5245 -0.6601
vn 0.0512 -0.1783 -0.9826
vn 0.1061 -0.4589 -0.8821
vn 0.1367 -0.0959 -0.9860
vn -0.0738 0.3728 -0.9250
vn -0.0160 0.3702 -0.9288
vn -0.1194 0.2823 -0.9519
vn 0.4418 -0.0688 0.8945
vn 0.5131 -0.3751 0.7720
vn 0.3200 -0.2353 0.9178
vn 0.1947 -0.6219 0.7585
vn -0.2105 0.4866 -0.8479
vn -0.1560 0.5658 -0.8096
vn -0.4306 0.9022 0.0242
vn -0.4226 0.8696 -0.2552
vn -0.4422 0.8584 -0.2600
vn -0.4460 -0.3068 -0.8408
vn -0.4327 -0.3437 -0.8334
vn -0.3440 -0.3630 -0.8660
vn -0.3199 0.1882 -0.9286
vn -0.3075 0.2412 -0.9205
vn -0.2295 0.3765 -0.8976
vn -0.1629 0.3355 -0.9278
vn -0.2102 0.3678 -0.9058
vn -0.1830 0.3066 -0.9341
vn -0.6830 -0.7298 0.0311
vn -0.8277 -0.4134 0.3796
vn -0.2364 -0.2975 -0.9250
vn -0.2739 -0.2848 -0.9186
vn -0.1349 -0.2208 -0.9659
vn 0.1527 -0.9820 0.1110
vn 0.1995 -0.9786 0.0501
vn 0.2176 -0.9749 0.0471
vn -0.1716 0.3251 -0.9300
vn -0.1739 0.2876 -0.9418
vn -0.1821 0.2529 -0.9502
vn 0.5751 0.7820 0.2400
vn 0.2926 0.8801 0.3740
vn 0.5729 0.8024 -0.1671
vn -0.4056 0.5819 0.7049
vn -0.2793 0.3350 0.8999
vn -0.0298 0.1577 -0.9870
vn 0.1768 0.0252 -0.9839
vn -0.0393 0.1466 -0.9884
vn 0.9991 -0.0242 -0.0354
vn 0.9676 -0.0685 -0.2431
vn 0.9915 0.1221 0.0446
vn -0.0785 0.3050 -0.9491
vn -0.1163 0.3421 -0.9324
vn -0.1106 0.2752 -0.9550
vn -0.1014 0.2823 -0.9539
vn -0.2050 0.4887 -0.8480
vn -0.0624 0.3742 -0.9253
vn -0.1544 0.5059 -0.8487
vn -0.1323 0.5480 -0.8259
vn -0.9939 0.0873 -0.0677
vn -0.9989 0.0367 -0.0304
vn -0.8340 0.5263 -0.1660
vn -0.6643 0.3288 0.6713
vn -0.8017 0.5277 0.2808
vn -0.8171 0.3735 0.4392
vn -0.4807 0.8665 -0.1345
vn -0.8430 0.5132 -0.1609
vn -0.5060 0.8138 -0.2859
vn 0.6448 0.4935 0.5837
vn -0.7513 -0.6547 -0.0832
vn -0.6169 -0.5118 -0.5980
vn -0.7825 -0.5764 -0.2356
vn -0.0694 0.5113 0.8566
vn -0.0584 0.1875 -0.9805
vn -0.1006 0.1183 -0.9879
vn -0.5239 0.8367 0.1594
vn -0.5287 0.8292 0.1816
vn -0.5379 0.8349 0.1169
vn 0.5063 -0.7442 0.4358
vn 0.4397 -0.8638 0.2459
vn 0.5414 -0.8392 0.0503
vn 0.8643 0.0861 -0.4955
vn 0.4294 0.4273 -0.7956
vn 0.8359 0.3971 -0.3790
vn -0.0135 -0.9707 -0.2398
vn 0.0898 -0.9891 0.1169
vn -0.2850 -0.9379 -0.1977
vn -0.6377 -0.7630 0.1058
vn -0.7016 -0.6979 0.1440
vn -0.6606 -0.7503 0.0236
vn -0.6323 0.3350 -0.6986
vn -0.8821 0.2570 -0.3947
vn -0.6616 0.4487 -0.6008
vn -0.1776 -0.9805 0.0839
vn -0.0216 -0.9806 0.1948
vn -0.2430 -0.9616 0.1279
vn 0.2093 -0.5895 0.7802
vn 0.1736 -0.6538 0.7365
vn -0.0644 -0.7688 0.6363
vn -0.0199 -0.2027 -0.9790
vn 0.0277 -0.2249 -0.9740
vn -0.0097 -0.3100 -0.9507
vn -0.5547 -0.7658 -0.3254
vn -0.7605 -0.6359 -0.1316
vn -0.7284 -0.6312 -0.2664
vn -0.3297 0.3121 -0.8910
vn -0.3601 0.3428 -0.8676
vn -0.3114 0.3255 -0.8928
vn -0.0103 -0.3016 -0.9534
vn 0.0112 -0.1757 -0.9844
vn -0.0455 -0.0188 -0.9988
vn 0.6979 0.6732 0.2444
vn 0.6564 0.6541 0.3759
vn 0.6532 0.4543 0.6058
vn 0.5727 0.5623 0.5965
vn 0.6307 0.5799 0.5157
vn 0.0250 -0.9162 -0.4000
vn 0.4068 -0.8845 -0.2286
vn 0.4176 -0.7902 -0.4486
vn 0.4144 -0.7916 -0.4491
vn 0.0729 -0.5802 0.8112
vn 0.1669 -0.6459 0.7450
vn 0.0892 -0.6003 0.7948
vn -0.0322 0.2396 -0.9703
vn -0.1191 0.2625 -0.9575
vn -0.0718 0.2897 -0.9544
vn 0.6721 -0.5645 -0.4792
vn 0.8255 -0.2496 -0.5063
vn 0.9955 0.0498 -0.0804
vn 0.2017 -0.3936 -0.8969
vn 0.2692 -0.4946 -0.8264
vn 0.1106 -0.8579 -0.5017
vn 0.2581 -0.9062 -0.3350
vn -0.7635 0.6326 0.1301
vn -0.3782 0.9217 -0.0859
vn -0.4186 0.5795 0.6992
vn -0.5914 0.7118 0.3789
vn -0.7501 -0.6516 -0.1131
vn -0.8397 -0.4421 -0.3154
vn -0.8305 -0.5221 -0.1943
vn 0.1078 -0.7735 0.6246
vn 0.1169 -0.7633 0.6354
vn -0.0894 0.4276 0.8996
vn -0.0688 0.5904 0.8042
vn -0.2268 0.6709 0.7060
vn -0.2636 0.9629 -0.0575
vn -0.1146 0.3590 -0.9263
vn -0.1492 0.3442 -0.9270
vn -0.1293 0.3636 -0.9226
vn -0.1841 0.2215 -0.9576
vn -0.1445 0.2368 -0.9608
vn -0.1650 0.3741 -0.9126
vn 0.3114 -0.4835 0.8181
vn 0.1556 -0.8175 0.5545
vn 0.3066 -0.5612 0.7688
vn 0.3810 -0.2469 0.8910
vn 0.1625 -0.5494 0.8196
vn 0.3372 -0.5290 0.7787
vn 0.4474 -0.7713 0.4527
vn 0.6639 -0.4394 0.6051
vn 0.5065 -0.7831 0.3608
vn -0.5192 -0.3201 0.7925
vn -0.4985 -0.2010 0.8432
vn -0.7624 -0.3652 0.5342
vn -0.5213 -0.3889 0.7596
vn -0.7152 -0.6540 0.2463
vn -0.6829 -0.4523 0.5736
vn -0.8326 -0.4212 -0.3598
vn -0.9943 -0.0813 -0.0689
vn -0.5854 0.0323 -0.8101
vn -0.9253 -0.3572 0.1273
vn -0.3413 -0.1254 -0.9316
vn -0.6156 0.5937 0.5183
vn -0.6508 0.4987 0.5725
vn -0.6439 0.3836 0.6620
vn -0.6522 0.5002 0.5696
vn -0.7003 0.6771 0.2263
vn -0.0940 -0.9414 0.3239
vn 0.1929 -0.7343 0.6508
vn 0.0414 -0.6197 0.7838
vn 0.5481 -0.5484 0.6316
vn 0.5439 -0.5732 0.6128
vn 0.5585 -0.4349 0.7063
vn 0.7121 -0.4187 0.5636
vn 0.0390 -0.4963 -0.8673
vn 0.1755 -0.4794 -0.8599
vn 0.0558 -0.5920 -0.8040
vn 0.5154 -0.4184 0.7479
vn 0.3854 -0.5965 0.7041
vn 0.2886 -0.4679 0.8353
vn 0.5976 -0.2713 0.7545
vn 0.3787 -0.3871 0.8407
vn 0.4292 -0.3244 0.8430
vn 0.1263 -0.8431 0.5228
vn 0.2143 -0.9218 0.3231
vn -0.4986 0.8569 0.1308
vn -0.3993 0.9144 -0.0667
vn -0.6755 0.7368 0.0285
vn -0.2181 0.5007 -0.8377
vn 0.4645 0.6304 0.6220
vn 0.2995 0.6351 0.7120
vn 0.2359 0.3009 0.9240
vn 0.6733 0.5837 0.4538
vn 0.7737 0.4910 0.4002
vn -0.0825 0.8669 -0.4916
vn -0.3545 0.9248 0.1380
vn -0.1989 0.9590 0.2017
vn -0.1062 0.5498 0.8285
vn 0.5027 -0.5013 -0.7042
vn 0.6242 -0.4553 -0.6348
vn 0.5873 -0.5666 -0.5781
vn 0.5487 -0.7122 -0.4378
vn 0.6422 -0.7308 -0.2313
vn 0.9736 0.2274 0.0178
vn 0.8666 0.4927 0.0791
vn 0.8906 0.4285 0.1522
vn 0.2345 -0.5137 0.8253
vn 0.3083 -0.6253 0.7169
vn 0.3183 -0.5639 0.7621
vn -0.0545 -0.9417 -0.3321
vn 0.0747 -0.9595 -0.2718
vn -0.4457 0.3417 0.8274
vn -0.2631 0.1677 0.9501
vn -0.8775 0.3285 0.3493
vn -0.9304 -0.3657 -0.0260
vn -0.0296 -0.4987 -0.8663
vn 0.0926 -0.2758 -0.9567
vn -0.2100 -0.6518 -0.7287
vn -0.2817 -0.6723 -0.6846
vn -0.1761 0.2835 -0.9427
vn -0.1707 0.3011 -0.9382
vn -0.2066 0.2630 -0.9424
vn -0.1348 0.3768 -0.9165
vn -0.1392 0.3565 -0.9239
vn -0.4011 -0.4134 0.8175
vn -0.3431 -0.4587 0.8197
vn -0.5938 -0.4796 0.6460
vn -0.7681 0.5715 0.2888
vn -0.7695 0.5024 0.3944
vn -0.7693 0.5986 -0.2234
vn -0.8400 0.5170 0.1645
vn 0.8535 0.4788 0.2056
vn 0.8337 0.4119 0.3678
vn 0.9074 0.3979 0.1355
vn 0.6452 0.6085 0.4620
vn 0.5234 0.7158 0.4622
vn 0.6609 0.6073 0.4408
vn -0.2916 0.7352 -0.6119
vn -0.2174 0.8117 -0.5420
vn 0.1550 0.8728 0.4628
vn 0.2160 0.9764 0.0076
vn 0.1567 0.9829 -0.0970
vn -0.6304 -0.7318 -0.2588
vn -0.6632 -0.7484 -0.0070
vn -0.3137 0.2269 -0.9220
vn -0.1631 0.1272 -0.9784
vn -0.3545 -0.0045 -0.9351
vn 0.6597 -0.2079 0.7222
vn 0.5917 0.4152 0.6910
vn 0.4022 0.8218 0.4036
vn 0.1298 0.6299 0.7657
vn 0.6071 0.3534 0.7117
vn 0.7712 0.3716 0.5169
vn 0.4903 0.5130 0.7045
vn 0.5043 0.8167 0.2806
vn 0.4259 0.9025 0.0639
vn -0.3891 -0.7951 0.4651
vn 0.1204 -0.7352 0.6671
vn 0.1805 -0.5250 0.8317
vn 0.0448 -0.7461 0.6644
vn 0.3825 -0.6935 0.6106
vn 0.6552 0.6542 0.3777
vn 0.5265 0.6552 0.5418
vn 0.6888 0.5884 0.4235
vn 0.6619 0.6081 0.4383
vn 0.2542 0.1301 0.9584
vn 0.4521 0.2377 0.8597
vn 0.2456 0.0775 0.9663
vn 0.7385 0.4700 0.4834
vn 0.8313 0.3647 0.4195
vn -0.6755 -0.3746 0.6351
vn -0.7329 -0.5588 -0.3880
vn -0.6136 -0.7768 0.1418
vn 0.0274 0.4340 -0.9005
vn 0.0330 0.3458 -0.9377
vn 0.0604 0.2954 -0.9535
vn -0.0884 0.3536 -0.9312
vn -0.0550 0.3995 -0.9151
vn 0.9222 0.0609 -0.3818
vn 0.9428 -0.1867 0.2763
vn 0.9289 -0.3515 -0.1165
vn 0.6628 -0.6539 0.3648
vn 0.3944 -0.0654 -0.9166
vn 0.3105 -0.3833 -0.8698
vn 0.4673 -0.3073 -0.8290
vn 0.5173 -0.3811 -0.7662
vn 0.5872 -0.4865 -0.6469
vn -0.4264 0.8871 0.1767
vn -0.4067 0.7911 -0.4568
vn -0.5385 0.8258 0.1675
vn -0.3769 0.0560 -0.9245
vn -0.1279 0.1747 -0.9763
vn -0.1995 0.2029 -0.9587
vn -0.7175 -0.2386 -0.6544
vn -0.1253 0.2865 -0.9499
vn -0.1466 0.1893 -0.9709
vn 0.6258 -0.6200 0.4733
vn 0.3797 -0.7355 0.5611
vn -0.1569 -0.7928 0.5890
vn -0.7065 0.5808 0.4044
vn -0.3616 0.6729 0.6453
vn -0.3541 0.8406 0.4098
vn 0.0639 0.9618 -0.2662
vn -0.1628 0.8296 -0.5341
vn -0.2867 0.2059 -0.9356
vn 0.6427 0.7262 0.2442
vn 0.7057 0.7042 0.0779
vn 0.7322 0.5834 0.3516
vn -0.3203 0.5592 -0.7646
vn -0.1242 0.3851 -0.9145
vn -0.3622 0.4958 -0.7893
vn 0.6505 0.3172 0.6900
vn 0.4393 0.3944 0.8071
vn 0.9853 0.1291 -0.1123
vn -0.2929 -0.9561 -0.0048
vn -0.1898 -0.9817 -0.0152
vn 0.6980 0.6268 0.3464
vn 0.7183 0.6322 0.2905
vn 0.7570 0.5142 0.4031
vn -0.4105 -0.0240 -0.9116
vn -0.4227 -0.2684 -0.8656
vn -0.4094 -0.2952 -0.8633
vn -0.2986 0.0100 -0.9543
vn -0.1409 0.0405 -0.9892
vn 0.0693 0.0416 -0.9967
vn 0.7312 0.6507 -0.2050
vn -0.1517 0.3765 -0.9139
vn -0.0747 0.3636 -0.9286
vn 0.2025 0.5617 -0.8022
vn -0.2556 0.0885 -0.9627
vn 0.1211 -0.3095 -0.9432
vn 0.1933 -0.4290 -0.8824
vn 0.1164 -0.2737 -0.9547
vn 0.6296 0.4192 0.6542
vn 0.5942 0.2965 0.7477
vn 0.6031 0.1725 0.7788
vn 0.9003 0.1451 0.4104
vn 0.8933 0.3602 0.2688
vn 0.7473 0.4406 0.4975
vn 0.5649 0.5966 0.5701
vn 0.6618 0.5470 0.5126
vn -0.6912 -0.4734 -0.5461
vn -0.3648 -0.4553 -0.8122
vn -0.4369 -0.5960 -0.6737
vn -0.7165 -0.6665 -0.2059
vn -0.4684 -0.5792 -0.6672
vn -0.0718 0.7114 -0.6992
vn 0.2322 0.9068 -0.3518
vn 0.1104 0.4466 -0.8879
vn 0.6840 0.5793 -0.4433
vn 0.7681 0.6130 0.1853
vn 0.8083 0.5215 0.2732
vn -0.9644 0.2635 -0.0204
vn -0.8988 0.2935 0.3256
vn -0.6892 0.6526 0.3148
vn -0.7681 0.6039 -0.2131
vn -0.7203 0.6902 0.0691
vn 0.0374 -0.9701 -0.2396
vn 0.0888 -0.9328 -0.3493
vn 0.1742 -0.8990 -0.4017
vn 0.1589 -0.8838 -0.4401
vn 0.0396 -0.8877 -0.4587
vn 0.6117 0.4298 0.6641
vn 0.4557 0.0778 0.8867
vn 0.6078 -0.0111 0.7940
vn 0.5116 -0.5753 0.6382
vn -0.2406 0.4064 -0.8814
vn -0.1719 0.4569 -0.8727
vn -0.1199 0.2498 -0.9609
vn 0.5622 0.8054 0.1877
vn 0.6877 0.6768 0.2627
vn 0.5690 -0.3799 0.7294
vn 0.6594 -0.2228 0.7180
vn 0.3624 -0.7239 0.5871
vn 0.3723 -0.6811 0.6304
vn 0.3411 -0.7087 -0.6176
vn 0.3543 -0.6658 -0.6566
vn 0.3836 -0.3753 -0.8438
vn 0.0063 -0.6232 0.7821
vn -0.1367 -0.6650 0.7342
vn -0.1174 -0.8867 0.4472
vn -0.8444 -0.5328 0.0551
vn -0.7735 -0.6308 0.0619
vn -0.5101 -0.7907 0.3384
vn -0.6253 -0.7623 0.1670
vn -0.7347 -0.4263 -0.5277
vn -0.7082 -0.6813 -0.1852
vn -0.1314 -0.9782 -0.1608
vn 0.2317 -0.9280 -0.2917
vn 0.1172 -0.8984 -0.4233
vn 0.2150 -0.9766 -0.0075
vn -0.1652 0.1168 -0.9793
vn -0.0923 0.2960 -0.9507
vn 0.0083 -0.1974 -0.9803
vn -0.0231 0.4724 -0.8811
vn -0.0502 0.4206 -0.9059
vn 0.0034 -0.0074 -1.0000
vn 0.2367 -0.0313 -0.9711
vn 0.2908 -0.3739 -0.8807
vn 0.6366 0.4972 0.5896
vn 0.5658 0.4344 0.7008
vn 0.6450 0.6012 0.4718
vn -0.0740 0.1117 -0.9910
vn -0.1147 0.1358 -0.9841
vn -0.2089 0.1719 -0.9627
vn 0.8610 -0.4362 -0.2615
vn 0.8205 -0.4869 -0.2996
vn 0.8776 -0.0664 -0.4748
vn 0.5549 0.0659 -0.8293
vn 0.7446 -0.1107 -0.6583
vn -0.6076 0.7908 -0.0740
vn -0.7161 0.6965 -0.0454
vn -0.9024 0.4307 -0.0108
vn -0.9312 0.3233 -0.1681
vn -0.8496 0.5273 -0.0112
vn 0.5384 0.1612 -0.8271
vn 0.3916 -0.3049 -0.8682
vn 0.7027 -0.4026 -0.5866
vn 0.7883 -0.1046 -0.6063
vn 0.0525 0.4780 -0.8768
vn 0.4949 0.2280 -0.8385
vn 0.5217 0.5796 -0.6260
vn 0.6650 0.6958 0.2715
vn -0.3968 0.6352 -0.6626
vn -0.7249 0.6380 -0.2596
vn -0.5017 0.7790 -0.3761
vn -0.1951 0.5298 -0.8254
vn -0.4300 0.8400 -0.3308
vn -0.1605 0.2961 -0.9416
vn -0.1366 0.3096 -0.9410
vn 0.0325 0.2853 -0.9579
vn -0.1152 0.4019 0.9084
vn -0.6257 0.5569 0.5463
vn -0.8303 0.4062 0.3817
vn -0.7379 0.6365 0.2242
vn -0.0326 0.4146 -0.9094
vn -0.0695 0.4018 -0.9131
vn -0.1691 0.2143 -0.9620
vn -0.1587 0.2258 -0.9612
vn -0.3255 0.5159 0.7924
vn 0.6163 0.4455 0.6495
vn 0.4789 0.4434 0.7577
vn -0.7538 -0.6075 -0.2505
vn -0.7728 -0.5400 -0.3333
vn -0.6882 -0.6743 -0.2677
vn -0.2795 -0.9048 0.3214
vn -0.5636 -0.8260 -0.0099
vn -0.7472 -0.6598 -0.0799
vn -0.8095 -0.5512 -0.2025
vn -0.7119 -0.6547 -0.2540
vn 0.6860 0.4836 0.5437
vn -0.4748 0.6552 -0.5876
vn -0.4621 0.5907 -0.6614
vn 0.4487 -0.8515 -0.2714
vn 0.0669 0.1131 -0.9913
vn -0.8223 -0.5684 0.0280
vn -0.7526 -0.6573 -0.0390
vn -0.4353 -0.2364 0.8687
vn 0.6052 0.1664 -0.7785
vn 0.3196 -0.3588 -0.8770
vn 0.5298 0.1531 -0.8342
vn 0.6494 -0.2088 -0.7312
vn -0.2487 -0.1279 0.9601
vn -0.6129 -0.5637 0.5537
vn -0.6330 -0.4335 0.6414
vn -0.8488 -0.5271 -0.0415
vn -0.4280 -0.4082 0.8064
vn 0.1729 0.9063 0.3856
vn -0.1379 0.7378 0.6608
vn 0.0677 0.9780 0.1974
vn -0.1526 0.9823 -0.1091
vn -0.1447 0.9884 0.0456
vn -0.8924 0.3096 -0.3282
vn -0.8816 -0.0765 -0.4658
vn -0.9781 -0.1412 -0.1531
vn -0.6941 0.6369 0.3355
vn -0.6290 0.7465 0.2171
vn -0.5068 0.7559 0.4145
vn -0.5150 0.8153 0.2647
vn -0.4610 -0.5538 -0.6933
vn -0.5860 0.0251 -0.8099
vn -0.0401 -0.7631 0.6450
vn 0.6146 -0.7828 -0.0969
vn 0.2661 -0.7795 0.5670
vn 0.4055 -0.7490 -0.5240
vn 0.4047 -0.7266 -0.5553
vn -0.3057 0.4241 0.8524
vn -0.4351 0.4833 0.7597
vn -0.0405 0.4481 0.8930
vn -0.2291 0.3150 0.9210
vn -0.1908 -0.4074 -0.8931
vn 0.0910 0.2678 -0.9592
vn 0.4822 -0.0634 -0.8738
vn 0.7129 -0.3029 -0.6324
vn 0.5715 -0.0993 -0.8146
vn -0.7148 -0.6944 -0.0834
vn -0.7251 -0.6883 0.0224
vn -0.6864 -0.7261 0.0403
vn 0.5879 0.6377 0.4977
vn 0.6377 0.6698 0.3804
vn 0.6334 0.6452 0.4273
vn 0.6354 0.5628 0.5287
vn -0.7861 -0.6128 0.0812
vn -0.1307 0.4204 -0.8979
vn -0.1314 0.3734 -0.9183
vn -0.0970 0.3366 -0.9366
vn 0.1597 0.3568 -0.9204
vn 0.4700 0.8423 -0.2638
vn -0.0473 0.1616 -0.9857
vn -0.0558 0.0114 -0.9984
vn 0.3388 -0.2785 -0.8987
vn 0.6407 -0.4265 0.6385
vn 0.6534 -0.6273 0.4237
vn -0.1336 -0.6526 -0.7458
vn 0.4098 0.3361 0.8480
vn 0.3174 0.2503 0.9147
vn 0.2667 0.2281 0.9364
vn 0.3889 -0.6830 -0.6182
vn 0.3090 -0.6504 -0.6939
vn 0.3507 0.1753 0.9199
vn 0.4521 0.2510 0.8559
vn 0.5154 0.2962 0.8042
vn 0.2347 0.1355 0.9626
vn 0.2318 0.0520 0.9714
vn -0.0896 0.0401 -0.9952
vn -0.1485 0.0984 -0.9840
vn -0.1516 0.2473 -0.9570
vn -0.1514 0.3836 -0.9110
vn -0.1792 0.3050 -0.9354
vn -0.0418 0.2805 -0.9590
vn -0.0495 0.3501 -0.9354
vn -0.0885 0.3962 -0.9139
vn -0.1927 0.2719 -0.9428
vn -0.1743 0.3703 -0.9124
vn -0.1123 0.3691 -0.9226
vn -0.0883 0.3353 -0.9380
vn 0.2229 -0.7346 0.6409
vn 0.8074 -0.3351 0.4857
vn 0.7527 -0.4484 0.4820
vn 0.7413 -0.2976 0.6016
vn 0.4954 -0.4779 0.7254
vn 0.5698 -0.5591 0.6023
vn 0.3704 -0.8758 0.3093
vn 0.1593 -0.9304 -0.3302
vn -0.5883 0.7998 0.1189
vn -0.5986 0.7820 0.1736
vn -0.3863 0.9197 -0.0705
vn -0.2333 0.8877 -0.3968
vn -0.4959 0.8491 -0.1820
vn -0.7573 0.3048 0.5775
vn -0.9585 -0.0392 0.2822
vn 0.4818 -0.5437 -0.6872
vn 0.4271 -0.5755 -0.6974
vn 0.5277 -0.5002 -0.6865
vn 0.5360 -0.5943 -0.5996
vn 0.2769 -0.6221 -0.7323
vn 0.4593 -0.4636 -0.7577
vn 0.2682 -0.5413 -0.7969
vn 0.1435 -0.8108 -0.5674
vn 0.3473 -0.7213 -0.5992
vn 0.3890 -0.7654 -0.5127
vn 0.3369 -0.7882 -0.5150
vn 0.2194 -0.9148 -0.3392
vn 0.4742 -0.4613 0.7499
vn 0.3008 -0.8321 0.4660
vn 0.0655 -0.5817 0.8107
vn 0.3527 -0.7052 0.6151
vn -0.2783 -0.2822 -0.9181
vn 0.0191 -0.4442 -0.8957
vn -0.2336 -0.1864 -0.9543
vn -0.1620 -0.0766 -0.9838
vn -0.1425 -0.0238 -0.9895
vn -0.2811 0.1857 -0.9415
vn -0.2362 0.2299 -0.9441
vn -0.2260 0.1787 -0.9576
vn 0.6120 0.7262 0.3132
vn 0.4619 0.5709 0.6788
vn 0.7601 0.5135 0.3982
vn 0.6009 0.5464 0.5834
vn 0.2827 -0.1143 -0.9524
vn 0.3500 -0.4297 -0.8324
vn 0.2121 0.5635 -0.7985
vn -0.1526 0.2598 -0.9535
vn 0.4759 -0.6450 0.5979
vn -0.7604 -0.5685 0.3140
vn -0.4831 0.5221 -0.7029
vn -0.3366 0.5566 -0.7595
vn 0.0250 0.2288 -0.9732
vn 0.2540 -0.0107 -0.9672
vn 0.7003 -0.0484 -0.7122
vn 0.4898 0.4079 0.7705
vn 0.7770 0.3123 0.5465
vn 0.5886 0.3262 0.7397
vn -0.4163 -0.4566 0.7863
vn -0.5722 -0.4899 -0.6577
vn -0.6133 -0.7808 0.1190
vn -0.3044 -0.9471 -0.1017
vn 0.0259 -0.9830 -0.1816
vn -0.1791 -0.9828 -0.0448
vn -0.2786 -0.9550 0.1014
vn 0.3528 -0.7297 0.5857
vn 0.5293 -0.6000 0.5999
vn 0.5364 -0.6222 0.5701
vn -0.7582 -0.6511 -0.0353
vn -0.7607 -0.6480 -0.0382
vn -0.7443 -0.6661 -0.0483
vn -0.7369 -0.6631 -0.1315
vn -0.7297 -0.6836 -0.0132
vn -0.1657 0.3024 -0.9386
vn -0.0863 0.2485 -0.9648
vn -0.1688 0.2826 -0.9443
vn -0.0356 -0.6442 0.7640
vn 0.0096 -0.6242 0.7812
vn -0.0666 0.2746 -0.9593
vn -0.1073 0.3430 -0.9332
vn -0.4047 0.1650 -0.8994
vn 0.0073 -0.9343 -0.3563
vn -0.1088 -0.8745 -0.4727
vn 0.0282 -0.7736 -0.6331
vn 0.2027 -0.7397 -0.6417
vn -0.1614 -0.9835 -0.0814
vn -0.2678 -0.9391 -0.2154
vn -0.5609 0.8166 -0.1360
vn -0.7085 0.6979 -0.1041
vn -0.5067 0.8619 0.0210
vn -0.7333 0.6799 0.0050
vn -0.5756 -0.5824 0.5741
vn -0.8111 -0.4536 0.3692
vn -0.7193 -0.6127 0.3274
vn -0.6330 -0.7482 -0.1987
vn -0.5267 -0.8448 -0.0943
vn -0.4963 0.8411 0.2148
vn -0.3314 0.6280 -0.7041
vn -0.3029 0.4256 -0.8527
vn -0.5362 0.8381 0.1001
vn -0.0717 0.4171 -0.9060
vn -0.1943 0.2581 -0.9464
vn 0.6237 -0.5962 0.5055
vn 0.5173 -0.6171 0.5929
vn -0.1678 -0.6421 0.7481
vn -0.0943 -0.7778 0.6214
vn 0.7434 -0.0336 0.6680
vn 0.6576 -0.3753 0.6532
vn 0.2771 -0.5745 0.7702
vn -0.8566 0.4585 0.2367
vn -0.8605 0.5060 0.0599
vn -0.8937 0.3456 0.2863
vn 0.6516 0.6224 0.4337
vn -0.6307 0.5568 0.5406
vn -0.2230 0.2545 -0.9410
vn -0.2461 0.3211 -0.9145
vn 0.6025 0.7034 0.3771
vn 0.4423 0.8904 0.1074
vn -0.6116 0.2621 -0.7465
vn -0.4957 -0.7767 0.3886
vn -0.7270 -0.6393 -0.2504
vn -0.3929 0.4897 -0.7783
vn -0.6665 0.6140 -0.4229
vn 0.6612 0.6025 0.4470
vn 0.5280 0.5175 0.6734
vn 0.6715 0.6015 0.4327
vn 0.8605 0.3763 0.3435
vn 0.8572 0.4787 -0.1898
vn 0.7301 0.2261 -0.6448
vn 0.9101 0.3811 0.1630
vn 0.9563 0.2907 0.0326
vn 0.9428 0.3073 0.1289
vn 0.4469 0.4090 0.7956
vn 0.4649 0.0729 0.8824
vn 0.4693 0.2036 0.8592
vn 0.0003 -0.4493 -0.8934
vn 0.2309 -0.5002 0.8345
vn 0.1490 -0.8734 0.4636
vn 0.1973 -0.8208 0.5360
vn 0.1963 -0.7385 0.6451
vn 0.0987 -0.7638 0.6379
vn -0.2726 -0.2717 0.9230
vn -0.4436 -0.4768 0.7589
vn -0.6150 -0.2972 0.7303
vn -0.7688 0.2048 0.6059
vn -0.2324 -0.1278 0.9642
vn -0.4377 -0.3928 0.8088
vn -0.8494 -0.5267 -0.0336
vn -0.9047 0.1440 0.4009
vn -0.1360 -0.0528 0.9893
vn -0.1296 -0.1665 0.9775
vn -0.0467 -0.1304 0.9904
vn -0.3305 -0.3813 0.8633
vn -0.1588 0.3109 0.9371
vn -0.1166 0.3163 0.9415
vn 0.6056 -0.7200 0.3390
vn 0.6405 -0.7661 -0.0536
vn -0.7429 0.0218 -0.6690
vn -0.9799 0.1795 0.0870
vn -0.1988 0.3058 -0.9311
vn -0.1449 0.3049 -0.9413
vn -0.5177 -0.0725 -0.8525
vn -0.1769 0.0393 -0.9834
vn -0.1293 0.1054 -0.9860
vn 0.6962 -0.3151 -0.6450
vn -0.1755 0.3670 -0.9135
vn 0.9594 -0.1180 -0.2563
vn 0.5444 -0.4781 -0.6892
vn 0.5183 -0.8079 -0.2806
vn 0.9757 0.0527 -0.2126
vn 0.0634 -0.6598 0.7488
vn 0.2404 -0.4684 0.8502
vn -0.0393 0.7550 0.6546
vn 0.1163 0.9872 0.1090
vn -0.1808 -0.7070 -0.6837
vn -0.1453 -0.1989 -0.9692
vn 0.0590 -0.3717 -0.9265
vn 0.7753 0.5922 0.2195
vn 0.8074 0.1997 0.5552
vn 0.8765 0.2956 0.3800
vn 0.4084 -0.7762 0.4804
vn 0.5837 -0.5898 0.5580
vn 0.7899 0.4102 0.4558
vn 0.6718 -0.0716 0.7373
vn -0.7559 -0.6541 -0.0261
vn 0.7713 -0.2448 -0.5875
vn 0.4237 0.1003 -0.9002
vn -0.2726 0.7795 0.5639
vn -0.1500 0.2370 -0.9599
vn 0.0839 -0.8216 0.5639
vn 0.7896 0.5619 0.2466
vn 0.5798 0.6079 -0.5425
vn 0.5535 0.7517 -0.3587
vn 0.8319 0.5511 0.0654
vn 0.9199 0.2406 -0.3096
vn 0.8833 0.3756 0.2807
vn -0.7658 -0.3025 -0.5675
vn -0.2741 -0.1490 0.9501
vn -0.2513 -0.2420 0.9372
vn -0.2981 -0.2050 0.9322
vn -0.1267 0.1864 -0.9743
vn -0.1288 0.2382 -0.9627
vn -0.1707 0.3137 -0.9341
vn -0.0908 0.3023 -0.9489
vn 0.6125 0.6083 0.5048
vn 0.4179 -0.6442 -0.6406
vn 0.2991 -0.4788 -0.8254
vn -0.8555 -0.3927 0.3374
vn -0.8511 -0.4641 -0.2455
vn -0.9103 -0.4031 0.0940
vn -0.8701 0.4889 0.0619
vn -0.5959 -0.4718 0.6499
vn -0.1507 0.3487 -0.9250
vn -0.7444 0.6649 -0.0613
vn 0.8629 0.3260 0.3861
vn 0.8004 0.4661 0.3769
vn -0.3008 0.0542 -0.9521
vn -0.5979 -0.0290 -0.8011
vn -0.8282 0.5319 0.1764
vn -0.3247 -0.1454 -0.9346
vn -0.5378 -0.7168 -0.4438
vn -0.6383 -0.6118 -0.4672
vn -0.8018 -0.2852 -0.5251
vn 0.4268 -0.6506 0.6282
vn -0.2272 0.3716 -0.9002
vn 0.8255 -0.5277 -0.2003
vn 0.7231 -0.3213 -0.6115
vn 0.8840 -0.1450 -0.4445
vn 0.7521 0.5945 0.2845
vn 0.7846 0.5962 0.1701
vn 0.4239 -0.5829 0.6932
vn -0.0855 0.3081 -0.9475
vn 0.2414 -0.8542 0.4606
vn 0.5591 -0.5256 0.6412
vn 0.3688 -0.2019 0.9073
vn 0.3821 -0.5369 0.7521
vn -0.7048 -0.6971 -0.1312
vn -0.1018 0.2680 -0.9580
vn -0.7897 -0.6133 0.0140
vn -0.7325 -0.6806 -0.0158
vn -0.2437 0.5075 -0.8264
vn -0.1213 -0.9046 0.4087
vn -0.1461 -0.9026 0.4049
vn 0.5079 -0.4792 0.7158
vn -0.0458 -0.8966 0.4404
vn -0.5135 -0.8362 0.1927
vn 0.5005 0.4351 0.7485
vn 0.5183 0.2289 0.8240
vn -0.0805 0.3583 -0.9301
vn -0.0586 0.2633 -0.9629
vn 0.2181 0.4370 -0.8726
vn 0.5744 0.5147 0.6365
vn -0.8507 -0.4649 -0.2452
vn -0.8317 -0.5321 -0.1585
vn 0.7700 0.5705 0.2857
vn 0.7461 0.6649 0.0365
vn -0.1786 -0.9743 -0.1372
vn 0.1964 -0.9783 0.0659
vn 0.2370 -0.9700 -0.0544
vn -0.0314 0.2616 -0.9647
vn 0.2616 -0.7772 0.5722
vn 0.4873 -0.6910 0.5339
vn 0.8288 0.3764 0.4140
vn 0.6864 0.5817 0.4364
vn 0.7001 0.5358 0.4720
vn 0.8654 -0.1863 -0.4652
vn -0.1960 -0.9696 0.1468
vn -0.1213 -0.9915 0.0469
vn 0.6152 -0.4864 0.6204
vn 0.8752 -0.2057 -0.4378
vn 0.6320 -0.1472 -0.7609
vn 0.8796 -0.3440 -0.3286
vn 0.0566 -0.9698 -0.2374
vn 0.1918 -0.8707 0.4528
vn 0.1597 -0.9192 -0.3600
vn 0.4934 -0.7243 0.4815
vn 0.5002 -0.6971 0.5137
vn 0.4640 -0.6530 0.5986
vn 0.5632 -0.6621 0.4944
vn 0.4918 -0.6670 0.5597
vn -0.4774 -0.6843 0.5512
vn -0.0544 -0.8870 0.4586
vn -0.1968 0.1880 -0.9623
vn -0.1276 -0.9775 0.1680
vn -0.0541 -0.9775 -0.2038
vn -0.1946 -0.7063 -0.6807
vn -0.4207 -0.9069 -0.0208
vn -0.5436 0.0803 0.8355
vn 0.1957 0.5940 -0.7803
vn 0.4893 -0.8720 -0.0128
vn 0.2645 -0.6524 0.7102
vn -0.1512 0.3245 -0.9337
vn -0.3657 -0.1850 -0.9121
vn 0.4123 -0.6304 0.6578
vn 0.1759 -0.1399 -0.9744
vn 0.2369 -0.4235 -0.8744
vn 0.6131 -0.4734 -0.6324
vn 0.6190 -0.4744 -0.6259
vn 0.6698 0.6511 0.3570
vn 0.7622 0.5047 0.4054
vn 0.6987 0.6039 0.3835
vn -0.3931 0.1369 -0.9092
vn -0.7316 -0.3699 -0.5727
vn 0.5241 0.2806 -0.8041
vn 0.4811 -0.8293 -0.2841
vn -0.7623 -0.6302 -0.1474
vn -0.5679 0.8155 0.1114
vn -0.3584 -0.1651 -0.9189
vn -0.6717 -0.4386 -0.5970
vn -0.0661 -0.1419 -0.9877
vn 0.3270 -0.1247 -0.9367
vn 0.5450 -0.3515 -0.7612
vn 0.1429 0.0728 -0.9871
vn -0.5327 0.8312 0.1592
vn -0.2818 0.3815 -0.8803
vn -0.7816 -0.5610 -0.2729
vn 0.4865 0.1232 0.8650
vn 0.2940 -0.2701 -0.9169
vn 0.5557 -0.5323 0.6386
vn 0.3492 -0.5232 -0.7774
vn 0.2404 -0.8249 0.5117
vn 0.3225 -0.1200 0.9389
vn -0.1293 -0.9740 0.1858
vn -0.1922 -0.9811 -0.0230
vn 0.1397 0.9895 0.0369
vn -0.4961 0.8629 0.0966
vn -0.2064 0.3574 -0.9109
vn -0.2198 0.2971 -0.9292
vn -0.2117 0.3225 -0.9226
vn 0.2862 0.2804 0.9162
vn 0.2991 0.2079 0.9313
vn 0.3714 -0.5048 -0.7793
vn 0.3792 -0.4073 -0.8309
vn 0.6408 0.3374 -0.6896
vn 0.1708 -0.8546 0.4904
vn 0.1858 -0.9823 0.0246
vn 0.2083 0.9762 -0.0610
vn 0.1359 0.9246 -0.3558
vn -0.0823 0.7608 -0.6437
vn 0.6438 -0.3930 0.6565
vn 0.7633 0.2370 0.6010
vn -0.7337 -0.6615 -0.1555
vn -0.4470 -0.3578 -0.8199
vn -0.3832 -0.0053 -0.9236
vn 0.3446 -0.9354 -0.0786
vn -0.9018 -0.4297 -0.0454
vn -0.1829 0.0452 0.9821
vn 0.1528 -0.8771 0.4554
vn 0.3579 -0.5191 0.7762
vn 0.6600 -0.4426 -0.6071
vn -0.1586 -0.1268 -0.9792
vn -0.1225 0.3218 -0.9388
vn -0.1361 0.3285 -0.9347
vn -0.1960 0.6188 -0.7607
vn -0.1935 0.3985 -0.8965
vn 0.5262 -0.5573 0.6423
vn 0.2797 -0.8564 0.4339
vn -0.1463 0.3723 -0.9165
vn -0.2446 0.0841 -0.9660
vn -0.1911 0.9764 -0.1008
vn -0.0658 0.4591 0.8859
vn 0.0067 0.9909 -0.1345
vn -0.7405 -0.6685 0.0691
vn 0.5299 0.2406 0.8132
vn -0.2856 -0.2335 0.9295
vn 0.7471 0.3411 0.5705
vn 0.6420 -0.4441 0.6249
vn -0.1453 0.3710 -0.9172
vn -0.3848 0.6603 0.6449
vn 0.9756 0.1610 -0.1496
vn 0.2595 0.8530 -0.4527
vt 0.313950 0.829190
vt 0.303610 0.833400
vt 0.312090 0.825910
vt 0.185110 0.854710
vt 0.199340 0.866010
vt 0.195950 0.869760
vt 0.247880 0.704490
vt 0.232740 0.704560
vt 0.239440 0.692530
vt 0.239910 0.713610
vt 0.224330 0.788710
vt 0.232330 0.777060
vt 0.235170 0.790800
vt 0.359290 0.864560
vt 0.341600 0.870600
vt 0.350430 0.862780
vt 0.412960 0.738000
vt 0.421160 0.740660
vt 0.415070 0.745510
vt 0.296800 0.763950
vt 0.284210 0.763190
vt 0.287350 0.751440
vt 0.292350 0.699740
vt 0.303510 0.699240
vt 0.309950 0.704880
vt 0.182270 0.756310
vt 0.166870 0.774390
vt 0.167350 0.764670
vt 0.152650 0.782200
vt 0.151130 0.769800
vt 0.146460 0.821680
vt 0.156220 0.819870
vt 0.149430 0.829470
vt 0.336710 0.794600
vt 0.347910 0.796000
vt 0.341380 0.800510
vt 0.343550 0.863870
vt 0.331290 0.871840
vt 0.327350 0.864350
vt 0.314980 0.844610
vt 0.309550 0.850300
vt 0.305880 0.841610
vt 0.243440 0.822090
vt 0.236130 0.838760
vt 0.232230 0.827310
vt 0.271270 0.682540
vt 0.270820 0.685770
vt 0.262090 0.686590
vt 0.247600 0.906880
vt 0.232990 0.905100
vt 0.239980 0.901850
vt 0.331550 0.780890
vt 0.342140 0.783940
vt 0.334170 0.785960
vt 0.301490 0.707300
vt 0.383000 0.795520
vt 0.390670 0.794210
vt 0.384010 0.801320
vt 0.348360 0.748320
vt 0.344150 0.732660
vt 0.352750 0.744890
vt 0.367900 0.884770
vt 0.371410 0.874170
vt 0.378790 0.880370
vt 0.184640 0.681670
vt 0.187790 0.678690
vt 0.189780 0.685765
vt 0.208370 0.662970
vt 0.213200 0.671140
vt 0.204650 0.678730
vt 0.296830 0.670070
vt 0.281780 0.677400
vt 0.287610 0.665060
vt 0.270890 0.675890
vt 0.261900 0.683080
vt 0.282980 0.712090
vt 0.275100 0.705490
vt 0.295640 0.706410
vt 0.285690 0.873240
vt 0.287450 0.889800
vt 0.274460 0.888500
vt 0.240500 0.845050
vt 0.225920 0.848130
vt 0.229290 0.836840
vt 0.332280 0.836490
vt 0.328760 0.828340
vt 0.336300 0.830830
vt 0.367250 0.847400
vt 0.358770 0.849170
vt 0.365030 0.842710
vt 0.372700 0.699220
vt 0.355270 0.692550
vt 0.362860 0.684860
vt 0.377250 0.775400
vt 0.381630 0.781060
vt 0.377450 0.781300
vt 0.370890 0.771470
vt 0.376200 0.770010
vt 0.373340 0.779310
vt 0.347300 0.809800
vt 0.352660 0.799580
vt 0.358980 0.803960
vt 0.292610 0.813280
vt 0.298360 0.824180
vt 0.292830 0.834800
vt 0.328490 0.803590
vt 0.329860 0.796580
vt 0.333480 0.802220
vt 0.303840 0.801310
vt 0.307040 0.818960
vt 0.297740 0.806810
vt 0.287110 0.794250
vt 0.298190 0.793790
vt 0.290540 0.805150
vt 0.418850 0.767470
vt 0.412070 0.788390
vt 0.413510 0.767510
vt 0.397210 0.794190
vt 0.216400 0.713920
vt 0.228960 0.697210
vt 0.204510 0.698320
vt 0.219520 0.696890
vt 0.208540 0.706710
vt 0.275080 0.827700
vt 0.285250 0.829720
vt 0.289630 0.838390
vt 0.275920 0.807610
vt 0.255110 0.802730
vt 0.267060 0.795520
vt 0.222310 0.781480
vt 0.215670 0.793670
vt 0.208900 0.792310
vt 0.174530 0.833200
vt 0.158020 0.833640
vt 0.269430 0.827340
vt 0.282070 0.841540
vt 0.271060 0.836270
vt 0.301420 0.883790
vt 0.298300 0.874610
vt 0.308590 0.876210
vt 0.283940 0.736920
vt 0.276150 0.727540
vt 0.291950 0.729640
vt 0.328710 0.720800
vt 0.325710 0.725890
vt 0.314670 0.721790
vt 0.202890 0.682110
vt 0.196016 0.671430
vt 0.360150 0.795410
vt 0.357460 0.788440
vt 0.361450 0.784310
vt 0.343370 0.775730
vt 0.346360 0.775770
vt 0.345980 0.778990
vt 0.254280 0.714390
vt 0.260980 0.706970
vt 0.265560 0.717070
vt 0.190200 0.778640
vt 0.186850 0.769360
vt 0.199530 0.759500
vt 0.228240 0.719190
vt 0.230170 0.709660
vt 0.185100 0.726990
vt 0.183670 0.731370
vt 0.173410 0.726040
vt 0.172130 0.701220
vt 0.180480 0.699470
vt 0.174400 0.705150
vt 0.197510 0.705950
vt 0.184430 0.705210
vt 0.188670 0.700530
vt 0.379740 0.689000
vt 0.216590 0.836330
vt 0.213850 0.827680
vt 0.194000 0.821570
vt 0.231080 0.656320
vt 0.205690 0.778040
vt 0.196650 0.786330
vt 0.154760 0.790930
vt 0.162270 0.782450
vt 0.162050 0.792250
vt 0.374990 0.798910
vt 0.372020 0.804810
vt 0.371320 0.799750
vt 0.368790 0.787220
vt 0.365440 0.778960
vt 0.371170 0.777490
vt 0.415340 0.850420
vt 0.410800 0.848990
vt 0.413610 0.843050
vt 0.172660 0.823660
vt 0.166240 0.814160
vt 0.174850 0.815540
vt 0.175500 0.805490
vt 0.170300 0.806290
vt 0.173270 0.799850
vt 0.409550 0.819660
vt 0.420150 0.821700
vt 0.406590 0.830760
vt 0.373540 0.838220
vt 0.382060 0.831110
vt 0.387400 0.838530
vt 0.267790 0.842630
vt 0.276760 0.848380
vt 0.272050 0.853630
vt 0.273030 0.861720
vt 0.260490 0.863760
vt 0.258930 0.857320
vt 0.195450 0.745510
vt 0.197790 0.735300
vt 0.208590 0.736160
vt 0.216010 0.736740
vt 0.226390 0.733880
vt 0.213650 0.745500
vt 0.335020 0.731510
vt 0.338090 0.724530
vt 0.331900 0.703700
vt 0.331640 0.692590
vt 0.352060 0.707540
vt 0.346720 0.837200
vt 0.366120 0.811920
vt 0.356210 0.813720
vt 0.360040 0.806390
vt 0.385000 0.807900
vt 0.382530 0.814880
vt 0.378700 0.805620
vt 0.312410 0.739700
vt 0.304120 0.734090
vt 0.315540 0.731570
vt 0.347220 0.761530
vt 0.333550 0.756470
vt 0.343890 0.750000
vt 0.311580 0.809220
vt 0.315280 0.816150
vt 0.308720 0.835380
vt 0.317350 0.832660
vt 0.152480 0.721370
vt 0.154730 0.705130
vt 0.162590 0.705660
vt 0.162890 0.722360
vt 0.207090 0.859950
vt 0.220010 0.861950
vt 0.207110 0.868440
vt 0.274080 0.903280
vt 0.267840 0.902220
vt 0.174430 0.690420
vt 0.185080 0.687830
vt 0.180820 0.694520
vt 0.200140 0.702500
vt 0.260240 0.753190
vt 0.256470 0.738380
vt 0.271930 0.744810
vt 0.222260 0.742580
vt 0.230670 0.737190
vt 0.221750 0.756910
vt 0.407250 0.771940
vt 0.405400 0.783770
vt 0.403780 0.777730
vt 0.390770 0.779150
vt 0.389900 0.786740
vt 0.386750 0.786160
vt 0.375790 0.873210
vt 0.395550 0.869160
vt 0.380720 0.878160
vt 0.190150 0.892000
vt 0.172760 0.881420
vt 0.189830 0.881570
vt 0.197950 0.896000
vt 0.197940 0.884110
vt 0.212800 0.900080
vt 0.210290 0.908250
vt 0.206930 0.906360
vt 0.176690 0.906200
vt 0.185250 0.903820
vt 0.182930 0.908780
vt 0.147860 0.812180
vt 0.133890 0.794240
vt 0.143650 0.798150
vt 0.140830 0.787300
vt 0.141490 0.765213
vt 0.403680 0.839740
vt 0.383710 0.847910
vt 0.374330 0.843610
vt 0.396350 0.849660
vt 0.389910 0.856840
vt 0.367860 0.853870
vt 0.361890 0.858370
vt 0.368140 0.890400
vt 0.361990 0.896540
vt 0.361040 0.894550
vt 0.340500 0.887260
vt 0.354330 0.880900
vt 0.353800 0.885480
vt 0.344860 0.892260
vt 0.329740 0.897887
vt 0.332027 0.893685
vt 0.319620 0.888350
vt 0.312310 0.888990
vt 0.182810 0.718480
vt 0.193380 0.716320
vt 0.186680 0.722870
vt 0.212950 0.722870
vt 0.371550 0.680550
vt 0.363600 0.681200
vt 0.359320 0.668120
vt 0.288820 0.679550
vt 0.304250 0.674420
vt 0.174430 0.671460
vt 0.179060 0.671670
vt 0.172400 0.681260
vt 0.205910 0.671700
vt 0.331010 0.764650
vt 0.335670 0.760800
vt 0.340480 0.763450
vt 0.342770 0.766380
vt 0.347900 0.767670
vt 0.363160 0.759360
vt 0.367810 0.754500
vt 0.372570 0.762070
vt 0.372470 0.822190
vt 0.390470 0.815250
vt 0.374250 0.830360
vt 0.346260 0.831600
vt 0.357410 0.828210
vt 0.195530 0.660410
vt 0.203260 0.664410
vt 0.153890 0.803770
vt 0.168670 0.809140
vt 0.289760 0.852470
vt 0.282080 0.853980
vt 0.301940 0.837440
vt 0.297060 0.844220
vt 0.231400 0.764630
vt 0.243730 0.758540
vt 0.242270 0.770120
vt 0.240750 0.741750
vt 0.242430 0.749970
vt 0.148290 0.850020
vt 0.141440 0.837310
vt 0.155980 0.844830
vt 0.158910 0.735390
vt 0.162930 0.729570
vt 0.177100 0.735460
vt 0.167720 0.735400
vt 0.352890 0.734370
vt 0.374740 0.742920
vt 0.366590 0.749500
vt 0.372360 0.737160
vt 0.366430 0.730610
vt 0.374810 0.726890
vt 0.214800 0.703690
vt 0.223870 0.694350
vt 0.243010 0.671400
vt 0.247150 0.677690
vt 0.239060 0.680710
vt 0.189350 0.822230
vt 0.185280 0.827170
vt 0.178210 0.800700
vt 0.185380 0.805320
vt 0.177900 0.807270
vt 0.422320 0.794160
vt 0.242190 0.656390
vt 0.251030 0.669810
vt 0.237480 0.661540
vt 0.256700 0.650770
vt 0.253410 0.664140
vt 0.266650 0.651520
vt 0.259690 0.669110
vt 0.260110 0.672280
vt 0.282130 0.900320
vt 0.316570 0.893470
vt 0.320700 0.896960
vt 0.398160 0.787010
vt 0.389080 0.826350
vt 0.349070 0.729470
vt 0.357270 0.728070
vt 0.363320 0.736550
vt 0.339900 0.718670
vt 0.412710 0.759270
vt 0.405550 0.743420
vt 0.416290 0.752560
vt 0.383490 0.744280
vt 0.384930 0.755000
vt 0.178770 0.875510
vt 0.195000 0.878210
vt 0.209480 0.887220
vt 0.325910 0.738640
vt 0.327700 0.751910
vt 0.320190 0.738740
vt 0.320360 0.756780
vt 0.319120 0.742830
vt 0.372590 0.783740
vt 0.376440 0.784720
vt 0.372760 0.789270
vt 0.342260 0.898250
vt 0.309070 0.793570
vt 0.316420 0.795470
vt 0.316870 0.802330
vt 0.322270 0.778650
vt 0.327800 0.790930
vt 0.170730 0.779410
vt 0.179970 0.770480
vt 0.166850 0.787930
vt 0.261240 0.806720
vt 0.227810 0.821080
vt 0.235920 0.816110
vt 0.200090 0.820050
vt 0.216150 0.805450
vt 0.232350 0.807900
vt 0.385870 0.852160
vt 0.397510 0.844760
vt 0.395280 0.840760
vt 0.210460 0.683090
vt 0.208450 0.679230
vt 0.218500 0.678920
vt 0.243690 0.685200
vt 0.234480 0.688910
vt 0.199630 0.748850
vt 0.329750 0.716040
vt 0.317860 0.716100
vt 0.330480 0.708230
vt 0.186800 0.759230
vt 0.197110 0.752860
vt 0.188250 0.746650
vt 0.292420 0.657160
vt 0.287280 0.652150
vt 0.305870 0.653300
vt 0.272410 0.881570
vt 0.276570 0.872300
vt 0.339280 0.679950
vt 0.340380 0.690670
vt 0.296310 0.683140
vt 0.270280 0.811040
vt 0.276180 0.815550
vt 0.268020 0.821080
vt 0.250680 0.838060
vt 0.250740 0.826000
vt 0.256080 0.831820
vt 0.309660 0.717210
vt 0.294880 0.723760
vt 0.283540 0.716810
vt 0.303340 0.711500
vt 0.242990 0.830800
vt 0.254320 0.838030
vt 0.259340 0.833320
vt 0.260500 0.845360
vt 0.387680 0.706130
vt 0.395070 0.703860
vt 0.396930 0.714550
vt 0.308680 0.684100
vt 0.316780 0.675390
vt 0.320030 0.685250
vt 0.316060 0.696160
vt 0.324600 0.701540
vt 0.246570 0.844590
vt 0.250740 0.843190
vt 0.256430 0.849760
vt 0.253170 0.852730
vt 0.268360 0.855280
vt 0.267690 0.689180
vt 0.272780 0.688430
vt 0.283770 0.696380
vt 0.285880 0.695480
vt 0.286110 0.691850
vt 0.295780 0.694920
vt 0.166910 0.806490
vt 0.158400 0.806670
vt 0.153630 0.799090
vt 0.169330 0.797710
vt 0.162980 0.797670
vt 0.341010 0.858040
vt 0.324800 0.852750
vt 0.335790 0.844500
vt 0.341130 0.840260
vt 0.346410 0.845590
vt 0.401420 0.751740
vt 0.406440 0.757440
vt 0.401590 0.759150
vt 0.401260 0.775790
vt 0.265840 0.699150
vt 0.263110 0.691880
vt 0.275870 0.713000
vt 0.276790 0.684930
vt 0.276900 0.678510
vt 0.415660 0.812590
vt 0.410230 0.798490
vt 0.405370 0.791680
vt 0.399440 0.805970
vt 0.328080 0.821000
vt 0.335880 0.823170
vt 0.318520 0.807590
vt 0.310770 0.903140
vt 0.280090 0.905600
vt 0.297100 0.897100
vt 0.252050 0.900650
vt 0.246960 0.887390
vt 0.247310 0.894160
vt 0.234190 0.888170
vt 0.196850 0.874380
vt 0.215700 0.882630
vt 0.320000 0.863760
vt 0.294230 0.861730
vt 0.298110 0.856730
vt 0.302320 0.863370
vt 0.213220 0.735330
vt 0.234080 0.719470
vt 0.232140 0.725500
vt 0.288200 0.785080
vt 0.292980 0.782130
vt 0.314500 0.784450
vt 0.321340 0.774020
vt 0.319330 0.784860
vt 0.383370 0.713530
vt 0.394790 0.722350
vt 0.383040 0.738030
vt 0.240810 0.720350
vt 0.249740 0.722070
vt 0.242360 0.729980
vt 0.347410 0.772320
vt 0.342840 0.770980
vt 0.350440 0.777700
vt 0.360350 0.778060
vt 0.352300 0.783000
vt 0.170730 0.753970
vt 0.178520 0.742120
vt 0.181600 0.735140
vt 0.189660 0.732940
vt 0.187820 0.740990
vt 0.359430 0.772910
vt 0.357020 0.783010
vt 0.346370 0.790280
vt 0.351390 0.795450
vt 0.329890 0.746820
vt 0.332560 0.748270
vt 0.326290 0.733750
vt 0.331100 0.725840
vt 0.199480 0.727060
vt 0.188190 0.724970
vt 0.196000 0.717750
vt 0.181170 0.780340
vt 0.173650 0.782010
vt 0.292820 0.775170
vt 0.305710 0.781270
vt 0.308120 0.790820
vt 0.180820 0.677480
vt 0.164390 0.710130
vt 0.171770 0.713750
vt 0.174330 0.722250
vt 0.312290 0.749530
vt 0.306950 0.754770
vt 0.298430 0.772750
vt 0.304970 0.772200
vt 0.182690 0.664970
vt 0.338970 0.673870
vt 0.352780 0.676630
vt 0.242250 0.872900
vt 0.244290 0.880040
vt 0.235250 0.878160
vt 0.265740 0.891700
vt 0.262520 0.888840
vt 0.247240 0.860530
vt 0.257130 0.874250
vt 0.227290 0.865510
vt 0.310130 0.694090
vt 0.205360 0.712090
vt 0.202220 0.721050
vt 0.368060 0.800570
vt 0.363800 0.791570
vt 0.171010 0.851780
vt 0.181060 0.862950
vt 0.166660 0.874280
vt 0.355270 0.794080
vt 0.362120 0.799860
vt 0.355970 0.799390
vt 0.354610 0.787930
vt 0.160930 0.877840
vt 0.225610 0.899300
vt 0.210890 0.893200
vt 0.170430 0.840800
vt 0.159190 0.861180
vt 0.202660 0.685770
vt 0.196870 0.685250
vt 0.191260 0.689400
vt 0.198530 0.694080
vt 0.188920 0.693300
vt 0.198900 0.911920
vt 0.190570 0.912000
vt 0.192740 0.908820
vt 0.142180 0.748520
vt 0.147460 0.735390
vt 0.158690 0.742930
vt 0.160120 0.751210
vt 0.183270 0.813770
vt 0.192950 0.814330
vt 0.365610 0.879620
vt 0.354870 0.893880
vt 0.357430 0.889150
vt 0.366720 0.795330
vt 0.364660 0.801100
vt 0.172310 0.695690
vt 0.177530 0.696820
vt 0.157120 0.699270
vt 0.164020 0.698740
vt 0.282460 0.845800
vt 0.321240 0.767510
vt 0.324510 0.766220
vt 0.330800 0.768170
vt 0.324110 0.771010
vt 0.197820 0.855010
vt 0.215780 0.848440
vt 0.203990 0.849950
vt 0.358230 0.718580
vt 0.363570 0.711790
vt 0.368650 0.722570
vt 0.350380 0.715230
vt 0.160270 0.816510
vt 0.303910 0.748780
vt 0.298790 0.758560
vt 0.296710 0.746870
vt 0.321060 0.730130
vt 0.322210 0.728490
vt 0.302050 0.798460
vt 0.294620 0.807980
vt 0.309130 0.799680
vt 0.381090 0.786410
vt 0.375800 0.792350
vt 0.277510 0.858600
vt 0.334360 0.663820
vt 0.329150 0.655080
vt 0.337670 0.659170
vt 0.320800 0.819650
vt 0.316550 0.823720
vt 0.342640 0.662550
vt 0.345080 0.669410
vt 0.338150 0.667440
vt 0.417450 0.759300
vt 0.420490 0.749830
vt 0.187800 0.787490
vt 0.191150 0.795080
vt 0.199360 0.794410
vt 0.205120 0.805160
vt 0.191940 0.802160
vt 0.268590 0.773440
vt 0.275710 0.776010
vt 0.270350 0.781770
vt 0.260660 0.774650
vt 0.253480 0.761020
vt 0.255090 0.745420
vt 0.264580 0.765550
vt 0.362730 0.875410
vt 0.368800 0.861450
vt 0.374790 0.857270
vt 0.375770 0.865030
vt 0.355600 0.852390
vt 0.350950 0.854430
vt 0.346610 0.858590
vt 0.347010 0.849700
vt 0.210190 0.691190
vt 0.214650 0.688790
vt 0.222740 0.684670
vt 0.226630 0.688770
vt 0.220140 0.688580
vt 0.151300 0.814830
vt 0.157960 0.813100
vt 0.339170 0.809750
vt 0.347460 0.800720
vt 0.326440 0.807790
vt 0.334010 0.814700
vt 0.341730 0.823020
vt 0.340800 0.815680
vt 0.346090 0.819470
vt 0.345950 0.826770
vt 0.353240 0.819140
vt 0.358300 0.821640
vt 0.322980 0.826460
vt 0.322820 0.835720
vt 0.369950 0.828450
vt 0.361480 0.828110
vt 0.373900 0.811180
vt 0.366290 0.819250
vt 0.298730 0.830510
vt 0.303240 0.825170
vt 0.249150 0.822010
vt 0.255150 0.816400
vt 0.258090 0.822380
vt 0.244790 0.814110
vt 0.248670 0.805390
vt 0.252730 0.811130
vt 0.270100 0.670050
vt 0.280270 0.660080
vt 0.280350 0.669000
vt 0.391200 0.697970
vt 0.349790 0.811830
vt 0.353960 0.813200
vt 0.306350 0.717400
vt 0.295730 0.734630
vt 0.379050 0.792460
vt 0.234990 0.897320
vt 0.192800 0.732870
vt 0.203640 0.726980
vt 0.324040 0.760690
vt 0.329490 0.756090
vt 0.332870 0.752230
vt 0.316120 0.659880
vt 0.297440 0.663720
vt 0.315360 0.653530
vt 0.223190 0.908290
vt 0.212430 0.909550
vt 0.221130 0.902980
vt 0.418000 0.836920
vt 0.310250 0.858700
vt 0.309940 0.866960
vt 0.319470 0.875360
vt 0.355480 0.874070
vt 0.344720 0.880910
vt 0.340120 0.876720
vt 0.196470 0.839870
vt 0.184020 0.843300
vt 0.191260 0.832410
vt 0.204980 0.840650
vt 0.230040 0.856680
vt 0.212980 0.781930
vt 0.207570 0.770770
vt 0.222020 0.771700
vt 0.276720 0.911170
vt 0.264120 0.908180
vt 0.211640 0.749840
vt 0.209280 0.761130
vt 0.203730 0.743900
vt 0.304460 0.854970
vt 0.301710 0.846950
vt 0.286680 0.858860
vt 0.294300 0.856180
vt 0.284040 0.867570
vt 0.277830 0.861930
vt 0.201650 0.708640
vt 0.194010 0.709910
vt 0.188620 0.714540
vt 0.181450 0.712840
vt 0.164590 0.855350
vt 0.159870 0.843760
vt 0.173310 0.860900
vt 0.266290 0.881060
vt 0.272540 0.872410
vt 0.161330 0.693150
vt 0.158220 0.690420
vt 0.163270 0.679980
vt 0.165860 0.686570
vt 0.281250 0.790430
vt 0.282750 0.807730
vt 0.192630 0.662850
vt 0.385840 0.864730
vt 0.370060 0.869860
vt 0.391300 0.790050
vt 0.397190 0.781580
vt 0.393090 0.773810
vt 0.397420 0.773950
vt 0.392600 0.806720
vt 0.158500 0.761640
vt 0.147840 0.762090
vt 0.146910 0.754950
vt 0.373540 0.708940
vt 0.148220 0.790580
vt 0.236950 0.807250
vt 0.244900 0.795210
vt 0.282130 0.685760
vt 0.280350 0.689180
vt 0.278120 0.692170
vt 0.225270 0.891320
vt 0.225700 0.872210
vt 0.176020 0.789960
vt 0.172600 0.792200
vt 0.387920 0.726830
vt 0.398890 0.735590
vt 0.392510 0.738420
vt 0.379840 0.756610
vt 0.368250 0.765190
vt 0.366960 0.769350
vt 0.360030 0.752610
vt 0.353380 0.756410
vt 0.351310 0.754220
vt 0.405120 0.726820
vt 0.416170 0.729360
vt 0.410570 0.732030
vt 0.298180 0.815630
vt 0.364960 0.836010
vt 0.360840 0.831440
vt 0.352410 0.848770
vt 0.357060 0.842910
vt 0.394820 0.831570
vt 0.154110 0.863240
vt 0.145310 0.832420
vt 0.140140 0.826070
vt 0.143250 0.819610
vt 0.158610 0.879380
vt 0.165780 0.887950
vt 0.161280 0.890500
vt 0.177630 0.900300
vt 0.171160 0.901810
vt 0.170390 0.892660
vt 0.167160 0.898390
vt 0.164250 0.892780
vt 0.166500 0.694590
vt 0.169710 0.687510
vt 0.372910 0.794540
vt 0.370720 0.794660
vt 0.205470 0.911670
vt 0.197880 0.907430
vt 0.199020 0.813690
vt 0.210310 0.811020
vt 0.206570 0.821580
vt 0.212530 0.823080
vt 0.223010 0.825980
vt 0.331990 0.773360
vt 0.209920 0.798380
vt 0.343930 0.782520
vt 0.338020 0.789190
vt 0.349190 0.789220
vt 0.348490 0.783960
vt 0.311750 0.897830
vt 0.320450 0.900530
vt 0.230490 0.668640
vt 0.231330 0.678350
vt 0.292980 0.848920
vt 0.261400 0.850180
vt 0.263100 0.835920
vt 0.316670 0.704430
vt 0.398020 0.760330
vt 0.388400 0.764020
vt 0.379250 0.859100
vt 0.381300 0.863040
vt 0.382250 0.768520
vt 0.386030 0.779220
vt 0.191670 0.850210
vt 0.367670 0.791830
vt 0.365090 0.789070
vt 0.186530 0.691170
vt 0.254030 0.726630
vt 0.303400 0.895010
vt 0.336050 0.736500
vt 0.333380 0.744520
vt 0.331060 0.737510
vt 0.334810 0.741870
vt 0.335210 0.746430
vt 0.339310 0.744210
vt 0.185810 0.909230
vt 0.176200 0.889390
vt 0.184700 0.895320
vt 0.191370 0.899510
vt 0.310020 0.769810
vt 0.317500 0.772610
vt 0.313390 0.779330
vt 0.312050 0.763600
vt 0.348300 0.720810
vt 0.326810 0.813860
vt 0.324180 0.806110
vt 0.182800 0.872770
vt 0.188080 0.870430
vt 0.191620 0.879120
vt 0.149710 0.727930
vt 0.169030 0.865820
vt 0.279360 0.723080
vt 0.167680 0.745960
vt 0.393220 0.761490
vt 0.391890 0.751220
vt 0.241780 0.837140
vt 0.247430 0.841440
vt 0.136730 0.818920
vt 0.286640 0.811810
vt 0.184810 0.817500
vt 0.177710 0.810650
vt 0.175880 0.808590
vt 0.377370 0.853120
vt 0.252900 0.792100
vt 0.356420 0.760760
vt 0.354280 0.768970
vt 0.349450 0.758140
vt 0.323230 0.683700
vt 0.326150 0.677330
vt 0.420320 0.816800
vt 0.272460 0.764220
vt 0.408430 0.814200
vt 0.406670 0.801100
vt 0.409650 0.762930
vt 0.409650 0.784770
vt 0.222610 0.878810
vt 0.293590 0.741530
vt 0.247760 0.867410
vt 0.228770 0.861290
vt 0.207930 0.720310
vt 0.401580 0.828170
vt 0.400080 0.839020
vt 0.331500 0.887360
vt 0.326960 0.884210
vt 0.331370 0.880780
vt 0.413350 0.725650
vt 0.409750 0.717580
vt 0.250070 0.713660
vt 0.282680 0.701650
vt 0.290020 0.700650
vt 0.322380 0.666960
vt 0.219520 0.869050
vt 0.214360 0.873780
vt 0.359260 0.700870
vt 0.324410 0.710700
vt 0.290800 0.864250
vt 0.304200 0.868320
vt 0.296460 0.866610
vt 0.199650 0.771400
vt 0.402270 0.845290
vt 0.412630 0.855610
vt 0.303860 0.687170
vt 0.311420 0.669400
vt 0.329430 0.673540
vt 0.337570 0.774320
vt 0.298310 0.885110
vt 0.294430 0.875760
vt 0.406280 0.859890
vt 0.350670 0.773940
vt 0.364400 0.765060
vt 0.362430 0.762360
vt 0.355670 0.836180
vt 0.359720 0.835990
vt 0.351500 0.842180
vt 0.401410 0.815800
vt 0.395910 0.827090
vt 0.393570 0.821270
vt 0.402810 0.810520
vt 0.397440 0.815720
vt 0.258470 0.899560
vt 0.264040 0.898940
vt 0.180620 0.792520
vt 0.313850 0.876860
vt 0.362690 0.888670
vt 0.373190 0.884840
vt 0.194120 0.904110
vt 0.202620 0.903300
vt 0.312530 0.723240
vt 0.361950 0.821980
vt 0.376150 0.802790
vt 0.284840 0.774430
vt 0.262960 0.814410
vt 0.364290 0.868320
vt 0.311800 0.789900
vt 0.322360 0.793910
vt 0.327030 0.795750
vt 0.326640 0.800910
vt 0.376460 0.720090
vt 0.394130 0.744750
vt 0.382650 0.730020
vt 0.189630 0.810640
vt 0.189480 0.815260
vt 0.361800 0.780690
vt 0.363560 0.817240
vt 0.267700 0.871650
vt 0.184640 0.697300
vt 0.228500 0.834560
vt 0.221500 0.832650
vt 0.234710 0.728260
vt 0.327480 0.761380
vt 0.331900 0.758280
vt 0.306580 0.796720
vt 0.189140 0.657860
vt 0.254910 0.884050
vt 0.405500 0.737140
vt 0.364790 0.793960
vt 0.348740 0.896330
vt 0.355930 0.897740
vt 0.352490 0.899420
vt 0.348300 0.901840
vt 0.418210 0.829560
vt 0.292830 0.869890
vt 0.199840 0.690160
vt 0.205000 0.692930
vt 0.265450 0.784990
vt 0.246010 0.778390
vt 0.243180 0.786100
vt 0.354580 0.669700
vt 0.351850 0.664670
vt 0.321910 0.813100
vt 0.312210 0.804220
vt 0.365820 0.785860
vt 0.359310 0.892200
vt 0.353930 0.842920
vt 0.250400 0.681810
vt 0.254180 0.685310
vt 0.246530 0.687580
vt 0.384140 0.784530
vt 0.385650 0.775770
vt 0.198820 0.830990
vt 0.281890 0.817730
vt 0.281520 0.810360
vt 0.346540 0.853940
vt 0.195870 0.904450
vt 0.205720 0.898350
vt 0.402670 0.820950
vt 0.351040 0.891110
vt 0.336910 0.768270
vt 0.263730 0.823330
vt 0.272140 0.754540
vt 0.281840 0.746810
vt 0.165960 0.676450
vt 0.272970 0.792700
vt 0.336860 0.885170
vt 0.336000 0.878890
vt 0.249730 0.747240
vt 0.238980 0.729330
vt 0.226060 0.682560
vt 0.176720 0.685890
vt 0.197660 0.698300
vt 0.242200 0.868930
vt 0.400780 0.720250
vt 0.148740 0.860540
vt 0.390590 0.772370
vt 0.408680 0.809270
vt 0.248550 0.739860
vt 0.215430 0.673780
vt 0.348670 0.780060
vt 0.281790 0.692680
s 1
f 1/1/1 2/2/2 3/3/3
f 4/4/4 5/5/5 6/6/6
f 7/7/7 8/8/8 9/9/9
f 8/8/8 7/7/7 10/10/10
f 11/11/11 12/12/12 13/13/13
f 14/14/14 15/15/15 16/16/16
f 17/17/17 18/18/18 19/19/19
f 20/20/20 21/21/21 22/22/22
f 23/23/23 24/24/24 25/25/25
f 26/26/26 27/27/27 28/28/28
f 29/29/29 30/30/30 27/27/27
f 31/31/31 32/32/32 33/33/33
f 34/34/34 35/35/35 36/36/36
f 37/37/37 38/38/38 39/39/39
f 40/40/40 41/41/41 42/42/42
f 43/43/43 44/44/44 45/45/45
f 46/46/46 47/47/47 48/48/48
f 49/49/49 50/50/50 51/51/51
f 52/52/52 53/53/53 54/54/54
f 55/55/55 23/23/23 25/25/25
f 56/56/56 57/57/57 58/58/58
f 59/59/59 60/60/60 61/61/61
f 62/62/62 63/63/63 64/64/64
f 65/65/65 66/66/66 67/67/67
f 68/68/68 69/69/69 70/70/70
f 71/71/71 72/72/72 73/73/73
f 74/74/74 46/46/46 75/75/75
f 76/76/76 77/77/77 78/78/78
f 79/79/79 80/80/80 81/81/81
f 82/82/82 83/83/83 84/84/84
f 85/85/85 86/86/86 87/87/87
f 88/88/88 89/89/89 90/90/90
f 91/91/91 92/92/92 93/93/93
f 94/94/94 95/95/95 96/96/96
f 97/97/97 98/98/98 99/99/99
f 100/100/100 101/101/101 102/102/102
f 103/103/103 104/104/104 105/105/105
f 106/106/106 107/107/107 108/108/108
f 109/109/109 110/110/110 111/111/111
f 112/112/112 113/113/113 114/114/114
f 115/115/115 116/116/116 117/117/117
f 57/57/57 118/118/118 58/58/58
f 119/119/119 120/120/120 8/8/8
f 121/121/121 122/122/122 123/123/123
f 124/124/124 125/125/125 126/126/126
f 127/127/127 128/128/128 129/129/129
f 130/130/130 131/131/131 132/132/132
f 133/133/133 134/134/134 32/32/32
f 135/135/135 136/136/136 137/137/137
f 138/138/138 139/139/139 140/140/140
f 141/141/141 142/142/142 143/143/143
f 144/144/144 145/145/145 146/146/146
f 147/147/147 148/148/148 70/70/70
f 149/149/149 150/150/150 151/151/151
f 152/152/152 153/153/153 154/154/154
f 155/155/155 156/156/156 157/157/157
f 158/158/158 159/159/159 160/160/160
f 161/161/161 119/119/119 162/162/162
f 163/163/163 164/164/164 165/165/165
f 166/166/166 167/167/167 168/168/168
f 169/169/169 170/170/170 171/171/171
f 93/93/93 172/172/172 91/91/91
f 173/173/173 84/84/84 83/83/83
f 174/174/174 173/173/173 175/175/175
f 68/68/68 176/176/176 69/69/69
f 158/158/158 177/177/177 178/178/178
f 179/179/179 180/180/180 181/181/181
f 182/182/182 183/183/183 184/184/184
f 185/185/185 186/186/186 187/187/187
f 188/188/188 189/189/189 190/190/190
f 191/191/191 192/192/192 193/193/193
f 194/194/194 195/195/195 196/196/196
f 197/197/197 198/198/198 199/199/199
f 200/200/200 201/201/201 202/202/202
f 203/203/203 204/204/204 205/205/205
f 206/206/206 207/207/207 208/208/208
f 209/209/209 210/210/210 211/211/211
f 212/212/212 213/213/213 214/214/214
f 215/215/215 216/216/216 60/60/60
f 217/217/217 218/218/218 219/219/219
f 85/85/85 87/87/87 220/220/220
f 221/221/221 222/222/222 223/223/223
f 224/224/224 225/225/225 226/226/226
f 221/221/221 223/223/223 183/183/183
f 227/227/227 228/228/228 229/229/229
f 230/230/230 231/231/231 232/232/232
f 110/110/110 233/233/233 234/234/234
f 40/40/40 235/235/235 236/236/236
f 237/237/237 238/238/238 239/239/239
f 237/237/237 239/239/239 240/240/240
f 241/241/241 242/242/242 243/243/243
f 244/244/244 245/245/245 81/81/81
f 246/246/246 247/247/247 248/248/248
f 249/249/249 169/169/169 171/171/171
f 250/250/250 251/251/251 252/252/252
f 253/253/253 254/254/254 255/255/255
f 256/256/256 257/257/257 258/258/258
f 259/259/259 260/260/260 261/261/261
f 262/262/262 263/263/263 264/264/264
f 265/265/265 266/266/266 267/267/267
f 268/268/268 269/269/269 270/270/270
f 271/271/271 272/272/272 270/270/270
f 273/273/273 274/274/274 275/275/275
f 276/276/276 277/277/277 278/278/278
f 279/279/279 277/277/277 280/280/280
f 199/199/199 190/190/190 281/281/281
f 202/202/202 282/282/282 283/283/283
f 284/284/284 263/263/263 285/285/285
f 89/89/89 286/286/286 287/287/287
f 288/288/288 289/289/289 290/290/290
f 291/291/291 292/292/292 293/293/293
f 294/294/294 295/295/295 296/296/296
f 297/297/297 298/298/298 140/140/140
f 299/299/299 300/300/300 301/301/301
f 302/302/302 119/119/119 161/161/161
f 303/303/303 304/304/304 305/305/305
f 306/306/306 71/71/71 307/307/307
f 308/308/308 309/309/309 310/310/310
f 68/68/68 70/70/70 311/311/311
f 312/312/312 313/313/313 314/314/314
f 313/313/313 230/230/230 314/314/314
f 315/315/315 230/230/230 316/316/316
f 317/317/317 318/318/318 319/319/319
f 320/320/320 321/321/321 322/322/322
f 323/323/323 324/324/324 220/220/220
f 325/325/325 326/326/326 148/148/148
f 327/327/327 276/276/276 278/278/278
f 193/193/193 192/192/192 328/328/328
f 329/329/329 330/330/330 204/204/204
f 105/105/105 331/331/331 332/332/332
f 333/333/333 334/334/334 335/335/335
f 255/255/255 336/336/336 337/337/337
f 338/338/338 339/339/339 340/340/340
f 341/341/341 237/237/237 342/342/342
f 343/343/343 344/344/344 165/165/165
f 345/345/345 346/346/346 347/347/347
f 348/348/348 349/349/349 350/350/350
f 351/351/351 352/352/352 120/120/120
f 353/353/353 354/354/354 355/355/355
f 356/356/356 357/357/357 193/193/193
f 358/358/358 359/359/359 360/360/360
f 115/115/115 361/361/361 116/116/116
f 362/362/362 363/363/363 364/364/364
f 362/362/362 365/365/365 366/366/366
f 366/366/366 367/367/367 368/368/368
f 354/354/354 363/363/363 369/369/369
f 370/370/370 81/81/81 80/80/80
f 371/371/371 296/296/296 372/372/372
f 258/258/258 257/257/257 373/373/373
f 321/321/321 374/374/374 322/322/322
f 375/375/375 376/376/376 377/377/377
f 375/375/375 216/216/216 378/378/378
f 379/379/379 380/380/380 381/381/381
f 346/346/346 382/382/382 383/383/383
f 266/266/266 384/384/384 267/267/267
f 269/269/269 385/385/385 386/386/386
f 387/387/387 388/388/388 389/389/389
f 390/390/390 391/391/391 388/388/388
f 99/99/99 94/94/94 96/96/96
f 392/392/392 393/393/393 394/394/394
f 294/294/294 395/395/395 295/295/295
f 396/396/396 397/397/397 398/398/398
f 399/399/399 52/52/52 400/400/400
f 401/401/401 27/27/27 402/402/402
f 403/403/403 180/180/180 401/401/401
f 127/127/127 404/404/404 128/128/128
f 43/43/43 405/405/405 406/406/406
f 174/174/174 175/175/175 407/407/407
f 405/405/405 408/408/408 409/409/409
f 410/410/410 411/411/411 285/285/285
f 202/202/202 412/412/412 282/282/282
f 413/413/413 414/414/414 415/415/415
f 416/416/416 417/417/417 355/355/355
f 402/402/402 27/27/27 26/26/26
f 211/211/211 418/418/418 209/209/209
f 419/419/419 146/146/146 420/420/420
f 419/419/419 421/421/421 378/378/378
f 422/422/422 423/423/423 160/160/160
f 423/423/423 422/422/422 424/424/424
f 425/425/425 426/426/426 427/427/427
f 79/79/79 428/428/428 429/429/429
f 205/205/205 204/204/204 330/330/330
f 430/430/430 92/92/92 431/431/431
f 432/432/432 306/306/306 307/307/307
f 433/433/433 434/434/434 435/435/435
f 436/436/436 437/437/437 438/438/438
f 439/439/439 55/55/55 25/25/25
f 440/440/440 441/441/441 442/442/442
f 443/443/443 437/437/437 436/436/436
f 444/444/444 445/445/445 446/446/446
f 447/447/447 448/448/448 449/449/449
f 450/450/450 451/451/451 452/452/452
f 453/453/453 218/218/218 454/454/454
f 455/455/455 456/456/456 457/457/457
f 458/458/458 457/457/457 459/459/459
f 460/460/460 461/461/461 462/462/462
f 463/463/463 464/464/464 465/465/465
f 10/10/10 162/162/162 8/8/8
f 466/466/466 467/467/467 468/468/468
f 469/469/469 466/466/466 470/470/470
f 471/471/471 39/39/39 472/472/472
f 473/473/473 474/474/474 475/475/475
f 476/476/476 380/380/380 477/477/477
f 478/478/478 477/477/477 479/479/479
f 462/462/462 480/480/480 481/481/481
f 156/156/156 77/77/77 482/482/482
f 483/483/483 484/484/484 72/72/72
f 361/361/361 485/485/485 486/486/486
f 487/487/487 488/488/488 118/118/118
f 86/86/86 489/489/489 490/490/490
f 491/491/491 234/234/234 233/233/233
f 492/492/492 493/493/493 494/494/494
f 495/495/495 49/49/49 51/51/51
f 496/496/496 497/497/497 498/498/498
f 499/499/499 500/500/500 386/386/386
f 498/498/498 497/497/497 51/51/51
f 501/501/501 41/41/41 472/472/472
f 502/502/502 503/503/503 504/504/504
f 161/161/161 505/505/505 302/302/302
f 505/505/505 506/506/506 507/507/507
f 508/508/508 509/509/509 113/113/113
f 510/510/510 511/511/511 512/512/512
f 513/513/513 449/449/449 514/514/514
f 515/515/515 348/348/348 350/350/350
f 251/251/251 142/142/142 141/141/141
f 516/516/516 517/517/517 518/518/518
f 316/316/316 519/519/519 520/520/520
f 521/521/521 522/522/522 523/523/523
f 26/26/26 524/524/524 525/525/525
f 526/526/526 527/527/527 528/528/528
f 529/529/529 522/522/522 521/521/521
f 186/186/186 97/97/97 187/187/187
f 523/523/523 522/522/522 530/530/530
f 34/34/34 531/531/531 532/532/532
f 533/533/533 534/534/534 388/388/388
f 215/215/215 535/535/535 536/536/536
f 537/537/537 538/538/538 539/539/539
f 527/527/527 164/164/164 163/163/163
f 540/540/540 541/541/541 159/159/159
f 194/194/194 196/196/196 358/358/358
f 21/21/21 20/20/20 542/542/542
f 543/543/543 544/544/544 542/542/542
f 148/148/148 66/66/66 545/545/545
f 240/240/240 546/546/546 547/547/547
f 548/548/548 299/299/299 301/301/301
f 549/549/549 390/390/390 550/550/550
f 551/551/551 20/20/20 552/552/552
f 484/484/484 483/483/483 46/46/46
f 308/308/308 553/553/553 309/309/309
f 430/430/430 93/93/93 92/92/92
f 554/554/554 555/555/555 93/93/93
f 556/556/556 557/557/557 558/558/558
f 559/559/559 560/560/560 428/428/428
f 561/561/561 208/208/208 207/207/207
f 557/557/557 556/556/556 562/562/562
f 561/561/561 83/83/83 82/82/82
f 563/563/563 556/556/556 558/558/558
f 465/465/465 464/464/464 432/432/432
f 564/564/564 450/450/450 452/452/452
f 169/169/169 249/249/249 123/123/123
f 565/565/565 566/566/566 539/539/539
f 567/567/567 183/183/183 223/223/223
f 149/149/149 151/151/151 568/568/568
f 569/569/569 4/4/4 570/570/570
f 266/266/266 571/571/571 384/384/384
f 572/572/572 573/573/573 574/574/574
f 531/531/531 575/575/575 532/532/532
f 266/266/266 576/576/576 571/571/571
f 51/51/51 50/50/50 577/577/577
f 578/578/578 270/270/270 269/269/269
f 134/134/134 579/579/579 569/569/569
f 580/580/580 338/338/338 340/340/340
f 147/147/147 581/581/581 582/582/582
f 583/583/583 584/584/584 585/585/585
f 586/586/586 587/587/587 588/588/588
f 589/589/589 590/590/590 591/591/591
f 589/589/589 591/591/591 592/592/592
f 344/344/344 341/341/341 342/342/342
f 593/593/593 360/360/360 359/359/359
f 594/594/594 407/407/407 175/175/175
f 595/595/595 293/293/293 292/292/292
f 596/596/596 293/293/293 597/597/597
f 394/394/394 185/185/185 392/392/392
f 598/598/598 599/599/599 573/573/573
f 166/166/166 600/600/600 601/601/601
f 602/602/602 603/603/603 239/239/239
f 295/295/295 372/372/372 296/296/296
f 332/332/332 604/604/604 126/126/126
f 124/124/124 126/126/126 136/136/136
f 550/550/550 390/390/390 605/605/605
f 606/606/606 607/607/607 608/608/608
f 609/609/609 241/241/241 5/5/5
f 610/610/610 241/241/241 611/611/611
f 612/612/612 613/613/613 614/614/614
f 615/615/615 217/217/217 219/219/219
f 241/241/241 609/609/609 611/611/611
f 133/133/133 616/616/616 191/191/191
f 617/617/617 618/618/618 619/619/619
f 619/619/619 228/228/228 227/227/227
f 227/227/227 620/620/620 535/535/535
f 621/621/621 536/536/536 535/535/535
f 622/622/622 623/623/623 113/113/113
f 624/624/624 396/396/396 398/398/398
f 393/393/393 95/95/95 625/625/625
f 394/394/394 393/393/393 626/626/626
f 627/627/627 206/206/206 459/459/459
f 459/459/459 206/206/206 208/208/208
f 628/628/628 629/629/629 630/630/630
f 234/234/234 631/631/631 632/632/632
f 234/234/234 3/3/3 110/110/110
f 633/633/633 634/634/634 635/635/635
f 379/379/379 381/381/381 636/636/636
f 381/381/381 637/637/637 636/636/636
f 359/359/359 638/638/638 639/639/639
f 640/640/640 641/641/641 642/642/642
f 643/643/643 644/644/644 645/645/645
f 646/646/646 335/335/335 647/647/647
f 648/648/648 251/251/251 250/250/250
f 647/647/647 649/649/649 646/646/646
f 63/63/63 595/595/595 650/650/650
f 651/651/651 652/652/652 653/653/653
f 16/16/16 15/15/15 37/37/37
f 654/654/654 287/287/287 16/16/16
f 655/655/655 16/16/16 656/656/656
f 471/471/471 472/472/472 657/657/657
f 122/122/122 658/658/658 659/659/659
f 660/660/660 661/661/661 662/662/662
f 663/663/663 32/32/32 31/31/31
f 664/664/664 328/328/328 192/192/192
f 665/665/665 666/666/666 100/100/100
f 667/667/667 108/108/108 668/668/668
f 669/669/669 670/670/670 671/671/671
f 672/672/672 673/673/673 674/674/674
f 675/675/675 676/676/676 236/236/236
f 675/675/675 632/632/632 631/631/631
f 320/320/320 677/677/677 678/678/678
f 679/679/679 320/320/320 680/680/680
f 681/681/681 331/331/331 105/105/105
f 3/3/3 2/2/2 682/682/682
f 683/683/683 684/684/684 685/685/685
f 686/686/686 687/687/687 688/688/688
f 689/689/689 367/367/367 690/690/690
f 74/74/74 691/691/691 484/484/484
f 172/172/172 692/692/692 91/91/91
f 693/693/693 102/102/102 694/694/694
f 670/670/670 100/100/100 671/671/671
f 442/442/442 695/695/695 440/440/440
f 143/143/143 228/228/228 696/696/696
f 393/393/393 625/625/625 697/697/697
f 56/56/56 261/261/261 260/260/260
f 698/698/698 51/51/51 577/577/577
f 498/498/498 51/51/51 698/698/698
f 537/537/537 699/699/699 538/538/538
f 211/211/211 210/210/210 700/700/700
f 701/701/701 388/388/388 702/702/702
f 388/388/388 534/534/534 703/703/703
f 704/704/704 629/629/629 628/628/628
f 705/705/705 425/425/425 706/706/706
f 707/707/707 708/708/708 709/709/709
f 188/188/188 190/190/190 710/710/710
f 199/199/199 710/710/710 190/190/190
f 711/711/711 501/501/501 712/712/712
f 713/713/713 712/712/712 501/501/501
f 39/39/39 38/38/38 713/713/713
f 714/714/714 715/715/715 716/716/716
f 717/717/717 718/718/718 719/719/719
f 720/720/720 173/173/173 83/83/83
f 561/561/561 721/721/721 83/83/83
f 721/721/721 241/241/241 610/610/610
f 722/722/722 723/723/723 724/724/724
f 255/255/255 337/337/337 333/333/333
f 492/492/492 725/725/725 493/493/493
f 726/726/726 245/245/245 244/244/244
f 727/727/727 728/728/728 423/423/423
f 214/214/214 729/729/729 505/505/505
f 730/730/730 504/504/504 503/503/503
f 42/42/42 41/41/41 731/731/731
f 502/502/502 732/732/732 733/733/733
f 732/732/732 734/734/734 735/735/735
f 539/539/539 169/169/169 736/736/736
f 737/737/737 738/738/738 739/739/739
f 740/740/740 340/340/340 741/741/741
f 740/740/740 741/741/741 742/742/742
f 560/560/560 743/743/743 428/428/428
f 744/744/744 428/428/428 743/743/743
f 745/745/745 746/746/746 747/747/747
f 747/747/747 310/310/310 748/748/748
f 239/239/239 603/603/603 600/600/600
f 749/749/749 112/112/112 750/750/750
f 508/508/508 749/749/749 644/644/644
f 553/553/553 148/148/148 309/309/309
f 752/752/751 263/263/263 262/262/262
f 651/651/651 653/653/653 753/753/752
f 754/754/753 755/755/754 373/373/373
f 756/756/755 757/757/756 260/260/260
f 118/118/118 224/224/224 58/58/58
f 118/118/118 488/488/488 758/758/757
f 759/759/758 760/760/759 761/761/760
f 30/30/30 759/759/758 27/27/27
f 762/762/761 91/91/91 513/513/513
f 91/91/91 692/692/692 447/447/447
f 29/29/29 279/279/279 280/280/280
f 468/468/468 278/278/278 763/763/762
f 687/687/687 764/764/763 765/765/764
f 686/686/686 764/764/763 687/687/687
f 766/766/765 432/432/432 464/464/464
f 484/484/484 46/46/46 74/74/74
f 767/767/766 768/768/767 461/461/461
f 766/766/765 767/767/766 461/461/461
f 500/500/500 498/498/498 769/769/768
f 563/563/563 558/558/558 770/770/769
f 771/771/770 772/772/771 541/541/541
f 772/772/771 403/403/403 541/541/541
f 773/773/772 774/774/773 775/775/774
f 775/775/774 774/774/773 476/476/476
f 346/346/346 383/383/383 776/776/775
f 347/347/347 346/346/346 776/776/775
f 97/97/97 777/777/776 319/319/319
f 522/522/522 778/778/777 97/97/97
f 779/779/778 317/317/317 780/780/779
f 59/59/59 61/61/61 781/781/780
f 782/782/781 783/783/782 784/784/783
f 682/682/682 110/110/110 3/3/3
f 785/785/784 110/110/110 682/682/682
f 785/785/784 104/104/104 103/103/103
f 111/111/111 110/110/110 785/785/784
f 785/785/784 103/103/103 623/623/623
f 114/114/114 750/750/750 112/112/112
f 322/322/322 786/786/785 787/787/786
f 90/90/90 788/788/787 789/789/788
f 412/412/412 202/202/202 790/790/789
f 201/201/201 790/790/789 202/202/202
f 375/375/375 60/60/60 216/216/216
f 60/60/60 345/345/345 61/61/61
f 367/367/367 426/426/426 690/690/690
f 672/672/672 669/669/669 673/673/673
f 86/86/86 490/490/490 87/87/87
f 576/576/576 791/791/790 580/580/580
f 792/792/791 793/793/792 31/31/31
f 276/276/276 794/794/793 277/277/277
f 795/795/794 796/796/795 797/797/796
f 798/798/797 799/799/798 800/800/799
f 801/801/800 802/802/801 800/800/799
f 803/803/802 804/804/803 600/600/600
f 310/310/310 309/309/309 545/545/545
f 805/805/804 182/182/182 184/184/184
f 806/806/805 599/599/599 598/598/598
f 807/807/806 586/586/586 808/808/807
f 809/809/808 810/810/809 811/811/810
f 812/812/811 408/408/408 813/813/812
f 814/814/813 608/608/608 607/607/607
f 520/520/520 153/153/153 152/152/152
f 815/815/814 641/641/641 640/640/640
f 640/640/640 177/177/177 722/722/722
f 52/52/52 54/54/54 400/400/400
f 107/107/107 34/34/34 108/108/108
f 152/152/152 154/154/154 816/816/815
f 817/817/816 53/53/53 531/531/531
f 818/818/817 523/523/523 575/575/575
f 819/819/818 818/818/817 816/816/815
f 80/80/80 494/494/494 370/370/370
f 140/140/140 298/298/298 138/138/138
f 820/820/819 821/821/820 492/492/492
f 783/783/782 18/18/18 17/17/17
f 69/69/69 176/176/176 822/822/821
f 822/822/821 353/353/353 823/823/822
f 822/822/821 823/823/822 415/415/415
f 413/413/413 415/415/415 660/660/660
f 731/731/731 730/730/730 824/824/823
f 332/332/332 824/824/823 604/604/604
f 825/825/824 203/203/203 205/205/205
f 446/446/446 826/826/825 203/203/203
f 827/827/826 453/453/453 454/454/454
f 439/439/439 827/827/826 420/420/420
f 828/828/827 757/757/756 756/756/755
f 383/383/383 829/829/828 776/776/775
f 285/285/285 830/830/829 410/410/410
f 752/752/751 262/262/262 831/831/830
f 318/318/318 776/776/775 319/319/319
f 776/776/775 832/832/831 98/98/98
f 776/776/775 829/829/828 832/832/831
f 261/261/261 833/833/832 259/259/259
f 746/746/746 745/745/745 602/602/602
f 693/693/693 100/100/100 102/102/102
f 4/4/4 569/569/569 579/579/579
f 718/718/718 717/717/717 834/834/833
f 394/394/394 835/835/834 185/185/185
f 151/151/151 836/836/835 568/568/568
f 167/167/167 171/171/171 170/170/170
f 248/248/248 837/837/836 585/585/585
f 336/336/336 255/255/255 518/518/518
f 251/251/251 518/518/518 838/838/837
f 298/298/298 839/839/838 138/138/138
f 492/492/492 494/494/494 820/820/819
f 59/59/59 840/840/839 60/60/60
f 841/841/840 842/842/841 843/843/842
f 844/844/843 232/232/232 703/703/703
f 844/844/843 845/845/844 232/232/232
f 268/268/268 265/265/265 269/269/269
f 846/846/845 274/274/274 588/588/588
f 847/847/846 798/798/797 800/800/799
f 273/273/273 798/798/797 274/274/274
f 549/549/549 391/391/391 390/390/390
f 227/227/227 535/535/535 389/389/389
f 274/274/274 798/798/797 848/848/847
f 588/588/588 274/274/274 849/849/848
f 850/850/849 851/851/850 852/852/851
f 852/852/851 511/511/511 510/510/510
f 550/550/550 618/618/618 617/617/617
f 20/20/20 853/853/852 552/552/552
f 612/612/612 614/614/614 349/349/349
f 375/375/375 854/854/853 376/376/376
f 667/667/667 668/668/668 855/855/854
f 398/398/398 397/397/397 856/856/855
f 837/837/836 583/583/583 585/585/585
f 857/857/856 858/858/857 859/859/858
f 570/570/570 4/4/4 6/6/6
f 237/237/237 341/341/341 860/860/859
f 362/362/362 364/364/364 176/176/176
f 861/861/860 742/742/742 857/857/856
f 857/857/856 570/570/570 858/858/857
f 838/838/837 155/155/155 157/157/157
f 440/440/440 862/862/861 441/441/441
f 592/592/592 591/591/591 863/863/862
f 525/525/525 524/524/524 863/863/862
f 240/240/240 547/547/547 548/548/548
f 344/344/344 240/240/240 548/548/548
f 828/828/827 756/756/755 864/864/863
f 865/865/864 828/828/827 864/864/863
f 676/676/676 675/675/675 85/85/85
f 657/657/657 472/472/472 473/473/473
f 89/89/89 287/287/287 654/654/654
f 657/657/657 473/473/473 475/475/475
f 561/561/561 82/82/82 458/458/458
f 455/455/455 866/866/865 867/867/866
f 455/455/455 44/44/44 866/866/865
f 44/44/44 43/43/43 443/443/443
f 466/466/466 468/468/468 470/470/470
f 468/468/468 179/179/179 181/181/181
f 686/686/686 684/684/684 683/683/683
f 43/43/43 437/437/437 443/443/443
f 180/180/180 29/29/29 27/27/27
f 180/180/180 27/27/27 401/401/401
f 765/765/764 409/409/409 13/13/13
f 408/408/408 13/13/13 409/409/409
f 794/794/793 868/868/867 277/277/277
f 750/750/750 114/114/114 869/869/868
f 127/127/127 434/434/434 433/433/433
f 870/870/869 193/193/193 871/871/870
f 193/193/193 328/328/328 872/872/871
f 282/282/282 873/873/872 283/283/283
f 410/410/410 830/830/829 652/652/652
f 574/574/574 573/573/573 102/102/102
f 573/573/573 599/599/599 223/223/223
f 129/129/129 128/128/128 874/874/873
f 749/749/749 645/645/645 644/644/644
f 230/230/230 875/875/874 876/876/875
f 877/877/876 230/230/230 232/232/232
f 453/453/453 452/452/452 218/218/218
f 878/878/877 879/879/878 431/431/431
f 802/802/801 797/797/796 796/796/795
f 361/361/361 880/880/879 485/485/485
f 647/647/647 250/250/250 649/649/649
f 881/881/880 21/21/21 644/644/644
f 880/880/879 198/198/198 882/882/881
f 488/488/488 487/487/487 883/883/882
f 884/884/883 116/116/116 885/885/884
f 16/16/16 287/287/287 14/14/14
f 286/286/286 651/651/651 287/287/287
f 757/757/756 478/478/478 479/479/479
f 479/479/479 373/373/373 755/755/754
f 628/628/628 633/633/633 635/635/635
f 498/498/498 558/558/558 496/496/496
f 558/558/558 498/498/498 886/886/885
f 618/618/618 22/22/22 619/619/619
f 887/887/886 228/228/228 619/619/619
f 888/888/887 889/889/888 561/561/561
f 888/888/887 561/561/561 207/207/207
f 120/120/120 119/119/119 351/351/351
f 890/890/889 565/565/565 119/119/119
f 419/419/419 378/378/378 216/216/216
f 145/145/145 144/144/144 536/536/536
f 412/412/412 411/411/411 282/282/282
f 891/891/890 892/892/891 412/412/412
f 893/893/892 371/371/371 297/297/297
f 893/893/892 894/894/893 895/895/894
f 824/824/823 730/730/730 503/503/503
f 329/329/329 733/733/733 732/732/732
f 371/371/371 893/893/892 296/296/296
f 782/782/781 896/896/895 783/783/782
f 448/448/448 897/897/896 449/449/449
f 156/156/156 155/155/155 7/7/7
f 7/7/7 481/481/481 156/156/156
f 898/898/897 10/10/10 7/7/7
f 507/507/507 506/506/506 516/516/516
f 548/548/548 547/547/547 739/739/739
f 167/167/167 170/170/170 168/168/168
f 24/24/24 450/450/450 564/564/564
f 24/24/24 564/564/564 25/25/25
f 77/77/77 480/480/480 462/462/462
f 78/78/78 899/899/898 900/900/899
f 422/422/422 26/26/26 528/528/528
f 26/26/26 525/525/525 528/528/528
f 159/159/159 541/541/541 402/402/402
f 422/422/422 402/402/402 26/26/26
f 635/635/635 634/634/634 554/554/554
f 901/901/900 704/704/704 628/628/628
f 901/901/900 635/635/635 554/554/554
f 879/879/878 430/430/430 431/431/431
f 243/243/243 242/242/242 902/902/901
f 886/886/885 770/770/769 558/558/558
f 243/243/243 902/902/901 903/903/902
f 6/6/6 243/243/243 500/500/500
f 804/804/803 246/246/246 600/600/600
f 246/246/246 248/248/248 600/600/600
f 904/904/903 219/219/219 431/431/431
f 904/904/903 91/91/91 762/762/761
f 905/905/904 827/827/826 421/421/421
f 905/905/904 421/421/421 419/419/419
f 906/906/905 734/734/734 732/732/732
f 907/907/906 139/139/139 908/908/907
f 3/3/3 234/234/234 632/632/632
f 322/322/322 90/90/90 786/786/785
f 200/200/200 322/322/322 201/201/201
f 158/158/158 160/160/160 909/909/908
f 723/723/723 728/728/728 724/724/724
f 906/906/905 79/79/79 734/734/734
f 429/429/429 734/734/734 79/79/79
f 251/251/251 141/141/141 252/252/252
f 887/887/886 619/619/619 22/22/22
f 525/525/525 526/526/526 528/528/528
f 165/165/165 526/526/526 343/343/343
f 800/800/799 266/266/266 847/847/846
f 796/796/795 576/576/576 266/266/266
f 380/380/380 379/379/379 477/477/477
f 884/884/883 117/117/117 116/116/116
f 892/892/891 411/411/411 412/412/412
f 910/910/909 911/911/910 284/284/284
f 912/912/911 307/307/307 451/451/451
f 913/913/912 914/914/913 879/879/878
f 814/814/813 607/607/607 915/915/914
f 814/814/813 915/915/914 53/53/53
f 916/916/915 494/494/494 80/80/80
f 916/916/915 80/80/80 917/917/916
f 465/465/465 432/432/432 912/912/911
f 432/432/432 307/307/307 912/912/911
f 911/911/910 918/918/917 284/284/284
f 838/838/837 142/142/142 251/251/251
f 838/838/837 157/157/157 142/142/142
f 463/463/463 465/465/465 23/23/23
f 899/899/898 462/462/462 900/900/899
f 919/919/918 876/876/875 920/920/919
f 921/921/920 876/876/875 875/875/874
f 472/472/472 40/40/40 473/473/473
f 40/40/40 472/472/472 41/41/41
f 324/324/324 787/787/786 922/922/921
f 183/183/183 680/680/680 221/221/221
f 923/923/922 924/924/923 922/922/921
f 787/787/786 923/923/922 922/922/921
f 925/925/924 926/926/925 927/927/926
f 488/488/488 883/883/882 928/928/927
f 488/488/488 929/929/928 321/321/321
f 928/928/927 929/929/928 488/488/488
f 725/725/725 726/726/726 244/244/244
f 245/245/245 49/49/49 930/930/929
f 931/931/930 930/930/929 560/560/560
f 220/220/220 922/922/921 924/924/923
f 324/324/324 922/922/921 220/220/220
f 158/158/158 540/540/540 159/159/159
f 932/932/931 638/638/638 359/359/359
f 255/255/255 728/728/728 727/727/727
f 728/728/728 255/255/255 724/724/724
f 219/219/219 904/904/903 613/613/613
f 219/219/219 613/613/613 612/612/612
f 713/713/713 297/297/297 933/933/932
f 38/38/38 894/894/893 713/713/713
f 934/934/933 62/62/62 935/935/934
f 597/597/597 293/293/293 595/595/595
f 715/715/715 292/292/292 291/291/291
f 921/921/920 319/319/319 777/777/776
f 876/876/875 921/921/920 920/920/919
f 588/588/588 849/849/848 936/936/935
f 807/807/806 808/808/807 937/937/936
f 793/793/792 868/868/867 794/794/793
f 792/792/791 33/33/33 741/741/741
f 792/792/791 31/31/31 33/33/33
f 439/439/439 420/420/420 146/146/146
f 143/143/143 695/695/695 938/938/937
f 680/680/680 678/678/678 939/939/938
f 320/320/320 678/678/678 680/680/680
f 182/182/182 940/940/939 183/183/183
f 679/679/679 680/680/680 183/183/183
f 61/61/61 345/345/345 347/347/347
f 61/61/61 779/779/778 781/781/780
f 272/272/272 271/271/271 807/807/806
f 363/363/363 362/362/362 366/366/366
f 363/363/363 366/366/366 368/368/368
f 21/21/21 542/542/542 941/941/940
f 644/644/644 509/509/509 508/508/508
f 684/684/684 942/942/941 685/685/685
f 128/128/128 404/404/404 688/688/688
f 942/942/941 433/433/433 435/435/435
f 433/433/433 404/404/404 127/127/127
f 271/271/271 270/270/270 709/709/709
f 270/270/270 578/578/578 577/577/577
f 14/14/14 714/714/714 15/15/15
f 753/753/752 714/714/714 943/943/942
f 63/63/63 650/650/650 753/753/752
f 753/753/752 831/831/830 262/262/262
f 36/36/36 666/666/666 665/665/665
f 108/108/108 34/34/34 36/36/36
f 108/108/108 36/36/36 665/665/665
f 108/108/108 665/665/665 668/668/668
f 140/140/140 139/139/139 907/907/906
f 711/711/711 712/712/712 907/907/906
f 512/512/512 399/399/399 400/400/400
f 944/944/943 512/512/512 945/945/944
f 945/945/944 946/946/945 947/947/946
f 946/946/945 945/945/944 512/512/512
f 762/762/761 513/513/513 948/948/947
f 773/773/772 513/513/513 514/514/514
f 773/773/772 948/948/947 513/513/513
f 614/614/614 350/350/350 349/349/349
f 949/949/948 828/828/827 865/865/864
f 950/950/949 775/775/774 515/515/515
f 535/535/535 215/215/215 842/842/841
f 535/535/535 387/387/387 389/389/389
f 826/826/825 135/135/135 137/137/137
f 437/437/437 685/685/685 438/438/438
f 827/827/826 454/454/454 421/421/421
f 217/217/217 454/454/454 218/218/218
f 356/356/356 193/193/193 870/870/869
f 951/951/950 952/952/951 870/870/869
f 593/593/593 359/359/359 951/951/950
f 809/809/808 642/642/642 641/641/641
f 414/414/414 70/70/70 69/69/69
f 196/196/196 771/771/770 358/358/358
f 540/540/540 158/158/158 932/932/931
f 329/329/329 732/732/732 330/330/330
f 732/732/732 735/735/735 627/627/627
f 151/151/151 530/530/530 522/522/522
f 97/97/97 953/953/952 522/522/522
f 354/354/354 416/416/416 355/355/355
f 47/47/47 460/460/460 48/48/48
f 674/674/674 673/673/673 954/954/953
f 680/680/680 939/939/938 954/954/953
f 744/744/744 743/743/743 955/955/954
f 562/562/562 888/888/887 955/955/954
f 683/683/683 43/43/43 686/686/686
f 686/686/686 43/43/43 764/764/763
f 382/382/382 949/949/948 865/865/864
f 383/383/383 382/382/382 865/865/864
f 248/248/248 585/585/585 956/956/955
f 167/167/167 166/166/166 601/601/601
f 957/957/956 45/45/45 44/44/44
f 812/812/811 813/813/812 958/958/957
f 380/380/380 17/17/17 19/19/19
f 774/774/773 773/773/772 514/514/514
f 366/366/366 365/365/365 367/367/367
f 84/84/84 173/173/173 958/958/957
f 958/958/957 813/813/812 957/957/956
f 817/817/816 531/531/531 34/34/34
f 54/54/54 34/34/34 107/107/107
f 678/678/678 324/324/324 939/939/938
f 672/672/672 674/674/674 324/324/324
f 501/501/501 711/711/711 41/41/41
f 41/41/41 730/730/730 731/731/731
f 842/842/841 840/840/839 843/843/842
f 840/840/839 59/59/59 845/845/844
f 800/800/799 796/796/795 266/266/266
f 796/796/795 800/800/799 802/802/801
f 516/516/516 959/959/958 507/507/507
f 213/213/213 254/254/254 253/253/253
f 799/799/798 801/801/800 800/800/799
f 371/371/371 372/372/372 821/821/820
f 295/295/295 821/821/820 372/372/372
f 292/292/292 715/715/715 714/714/714
f 753/753/752 650/650/650 714/714/714
f 61/61/61 347/347/347 779/779/778
f 779/779/778 347/347/347 317/317/317
f 758/758/757 225/225/225 224/224/224
f 224/224/224 118/118/118 758/758/757
f 701/701/701 960/960/959 605/605/605
f 961/961/960 960/960/959 701/701/701
f 174/174/174 407/407/407 811/811/810
f 407/407/407 809/809/808 811/811/810
f 571/571/571 576/576/576 580/580/580
f 384/384/384 571/571/571 861/861/860
f 109/109/109 233/233/233 110/110/110
f 396/396/396 624/624/624 962/962/961
f 751/751/962 553/553/553 963/963/963
f 962/962/961 113/113/113 544/544/544
f 113/113/113 509/509/509 544/544/544
f 496/496/496 560/560/560 930/930/929
f 562/562/562 560/560/560 964/964/964
f 774/774/773 965/965/965 380/380/380
f 774/774/773 380/380/380 476/476/476
f 819/819/818 521/521/521 523/523/523
f 818/818/817 819/819/818 523/523/523
f 598/598/598 573/573/573 966/966/966
f 568/568/568 836/836/835 835/835/834
f 869/869/868 114/114/114 623/623/623
f 623/623/623 114/114/114 113/113/113
f 294/294/294 967/967/967 395/395/395
f 290/290/290 968/968/968 596/596/596
f 967/967/967 969/969/969 970/970/970
f 1/1/1 235/235/235 2/2/2
f 731/731/731 331/331/331 42/42/42
f 151/151/151 150/150/150 530/530/530
f 532/532/532 575/575/575 572/572/572
f 664/664/664 466/466/466 328/328/328
f 195/195/195 872/872/871 328/328/328
f 578/578/578 698/698/698 577/577/577
f 500/500/500 769/769/768 386/386/386
f 620/620/620 621/621/621 535/535/535
f 621/621/621 620/620/620 938/938/937
f 198/198/198 971/971/971 199/199/199
f 917/917/916 80/80/80 79/79/79
f 972/972/972 917/917/916 79/79/79
f 87/87/87 669/669/669 672/672/672
f 87/87/87 323/323/323 220/220/220
f 455/455/455 457/457/457 458/458/458
f 455/455/455 458/458/458 82/82/82
f 584/584/584 973/973/973 974/974/974
f 862/862/861 157/157/157 482/482/482
f 157/157/157 156/156/156 482/482/482
f 333/333/333 335/335/335 12/12/12
f 724/724/724 255/255/255 333/333/333
f 854/854/853 612/612/612 376/376/376
f 421/421/421 615/615/615 378/378/378
f 659/659/659 658/658/658 147/147/147
f 413/413/413 660/660/660 662/662/662
f 704/704/704 706/706/706 629/629/629
f 129/129/129 874/874/873 975/975/975
f 874/874/873 976/976/976 975/975/975
f 128/128/128 765/765/764 874/874/873
f 765/765/764 977/977/977 874/874/873
f 602/602/602 745/745/745 603/603/603
f 803/803/802 748/748/748 804/804/803
f 555/555/555 978/978/978 304/304/304
f 633/633/633 979/979/979 634/634/634
f 634/634/634 979/979/979 978/978/978
f 846/846/845 588/588/588 587/587/587
f 119/119/119 565/565/565 351/351/351
f 169/169/169 123/123/123 736/736/736
f 319/319/319 98/98/98 97/97/97
f 319/319/319 776/776/775 98/98/98
f 973/973/973 584/584/584 583/583/583
f 974/974/974 122/122/122 121/121/121
f 430/430/430 879/879/878 914/914/913
f 430/430/430 554/554/554 93/93/93
f 491/491/491 980/980/980 234/234/234
f 491/491/491 667/667/667 980/980/980
f 491/491/491 233/233/233 981/981/981
f 109/109/109 981/981/981 233/233/233
f 956/956/955 585/585/585 171/171/171
f 585/585/585 249/249/249 171/171/171
f 185/185/185 835/835/834 836/836/835
f 982/982/982 186/186/186 185/185/185
f 983/983/983 290/290/290 596/596/596
f 288/288/288 290/290/290 934/934/933
f 85/85/85 474/474/474 473/473/473
f 473/473/473 40/40/40 85/85/85
f 984/984/984 789/789/788 788/788/787
f 984/984/984 788/788/787 657/657/657
f 985/985/985 986/986/986 987/987/987
f 369/369/369 75/75/75 985/985/985
f 74/74/74 689/689/689 691/691/691
f 74/74/74 75/75/75 369/369/369
f 925/925/924 927/927/926 929/929/928
f 321/321/321 929/929/928 927/927/926
f 485/485/485 880/880/879 882/882/881
f 928/928/927 925/925/924 929/929/928
f 222/222/222 221/221/221 954/954/953
f 680/680/680 954/954/953 221/221/221
f 988/988/988 95/95/95 833/833/832
f 94/94/94 989/989/989 95/95/95
f 671/671/671 693/693/693 694/694/694
f 673/673/673 222/222/222 954/954/953
f 666/666/666 101/101/101 100/100/100
f 574/574/574 532/532/532 572/572/572
f 852/852/851 851/851/850 511/511/511
f 606/606/606 608/608/608 605/605/605
f 803/803/802 745/745/745 748/748/748
f 745/745/745 747/747/747 748/748/748
f 567/567/567 223/223/223 599/599/599
f 806/806/805 567/567/567 599/599/599
f 516/516/516 898/898/897 517/517/517
f 898/898/897 516/516/516 10/10/10
f 780/780/779 317/317/317 875/875/874
f 875/875/874 230/230/230 877/877/876
f 162/162/162 10/10/10 161/161/161
f 505/505/505 161/161/161 506/506/506
f 489/489/489 668/668/668 490/490/490
f 668/668/668 665/665/665 490/490/490
f 118/118/118 57/57/57 373/373/373
f 257/257/257 118/118/118 373/373/373
f 719/719/719 175/175/175 990/990/990
f 990/990/990 717/717/717 719/719/719
f 611/611/611 834/834/833 717/717/717
f 990/990/990 720/720/720 717/717/717
f 105/105/105 125/125/125 103/103/103
f 991/991/991 992/992/992 869/869/868
f 675/675/675 1/1/1 632/632/632
f 544/544/544 509/509/509 542/542/542
f 509/509/509 941/941/940 542/542/542
f 277/277/277 279/279/279 278/278/278
f 763/763/762 278/278/278 279/279/279
f 763/763/762 279/279/279 29/29/29
f 179/179/179 29/29/29 180/180/180
f 188/188/188 911/911/910 189/189/189
f 257/257/257 487/487/487 118/118/118
f 257/257/257 256/256/256 885/885/884
f 655/655/655 656/656/656 993/993/993
f 788/788/787 655/655/655 993/993/993
f 97/97/97 186/186/186 953/953/952
f 982/982/982 953/953/952 186/186/186
f 471/471/471 37/37/37 39/39/39
f 656/656/656 471/471/471 993/993/993
f 505/505/505 211/211/211 302/302/302
f 729/729/729 211/211/211 505/505/505
f 211/211/211 729/729/729 418/418/418
f 727/727/727 418/418/418 729/729/729
f 255/255/255 727/727/727 253/253/253
f 729/729/729 214/214/214 727/727/727
f 810/810/809 408/408/408 812/812/811
f 408/408/408 641/641/641 815/815/814
f 218/218/218 431/431/431 219/219/219
f 218/218/218 878/878/877 431/431/431
f 132/132/132 640/640/640 722/722/722
f 132/132/132 722/722/722 130/130/130
f 76/76/76 482/482/482 77/77/77
f 441/441/441 862/862/861 482/482/482
f 874/874/873 977/977/977 976/976/976
f 13/13/13 12/12/12 335/335/335
f 976/976/976 646/646/646 975/975/975
f 643/643/643 645/645/645 646/646/646
f 519/519/519 316/316/316 876/876/875
f 316/316/316 230/230/230 876/876/875
f 669/669/669 671/671/671 673/673/673
f 694/694/694 673/673/673 671/671/671
f 274/274/274 848/848/847 265/265/265
f 847/847/846 266/266/266 265/265/265
f 994/994/994 937/937/936 808/808/807
f 268/268/268 994/994/994 849/849/848
f 90/90/90 789/789/788 786/786/785
f 789/789/788 984/984/984 923/923/922
f 995/995/995 268/268/268 270/270/270
f 268/268/268 937/937/936 994/994/994
f 187/187/187 392/392/392 185/185/185
f 392/392/392 99/99/99 393/393/393
f 867/867/866 443/443/443 436/436/436
f 456/456/456 444/444/444 446/446/446
f 470/470/470 468/468/468 181/181/181
f 470/470/470 403/403/403 772/772/771
f 44/44/44 82/82/82 84/84/84
f 44/44/44 455/455/455 82/82/82
f 925/925/924 882/882/881 996/996/996
f 928/928/927 882/882/881 925/925/924
f 891/891/890 199/199/199 281/281/281
f 197/197/197 199/199/199 891/891/890
f 291/291/291 293/293/293 294/294/294
f 997/997/997 967/967/967 294/294/294
f 805/805/804 626/626/626 182/182/182
f 626/626/626 940/940/939 182/182/182
f 56/56/56 940/940/939 697/697/697
f 261/261/261 56/56/56 697/697/697
f 260/260/260 755/755/754 754/754/753
f 260/260/260 754/754/753 56/56/56
f 520/520/520 315/315/315 316/316/316
f 312/312/312 314/314/314 998/998/998
f 397/397/397 945/945/944 947/947/946
f 944/944/943 945/945/944 397/397/397
f 920/920/919 521/521/521 919/919/918
f 154/154/154 919/919/918 521/521/521
f 974/974/974 973/973/973 581/581/581
f 831/831/830 285/285/285 752/752/751
f 285/285/285 263/263/263 752/752/751
f 604/604/604 204/204/204 203/203/203
f 329/329/329 204/204/204 604/604/604
f 438/438/438 999/999/999 135/135/135
f 435/435/435 999/999/999 942/942/941
f 435/435/435 135/135/135 999/999/999
f 135/135/135 124/124/124 136/136/136
f 21/21/21 881/881/880 1000/1000/1000
f 21/21/21 1000/1000/1000 22/22/22
f 1001/1001/1001 22/22/22 1000/1000/1000
f 887/887/886 22/22/22 1001/1001/1001
f 1002/1002/1002 308/308/308 310/310/310
f 141/141/141 887/887/886 1001/1001/1001
f 141/141/141 143/143/143 696/696/696
f 299/299/299 548/548/548 739/739/739
f 299/299/299 739/739/739 738/738/738
f 434/434/434 127/127/127 992/992/992
f 127/127/127 1003/1003/1003 750/750/750
f 987/987/987 986/986/986 481/481/481
f 481/481/481 7/7/7 987/987/987
f 992/992/992 991/991/991 434/434/434
f 991/991/991 124/124/124 434/434/434
f 1004/1004/1004 895/895/894 1005/1005/1005
f 37/37/37 15/15/15 895/895/894
f 1004/1004/1004 893/893/892 895/895/894
f 1004/1004/1004 296/296/296 893/893/892
f 562/562/562 743/743/743 560/560/560
f 562/562/562 955/955/954 743/743/743
f 631/631/631 489/489/489 675/675/675
f 489/489/489 855/855/854 668/668/668
f 207/207/207 206/206/206 744/744/744
f 734/734/734 429/429/429 735/735/735
f 71/71/71 73/73/73 705/705/705
f 71/71/71 705/705/705 913/913/912
f 205/205/205 627/627/627 459/459/459
f 825/825/824 205/205/205 459/459/459
f 456/456/456 446/446/446 457/457/457
f 203/203/203 825/825/824 446/446/446
f 445/445/445 135/135/135 826/826/825
f 445/445/445 826/826/825 446/446/446
f 383/383/383 865/865/864 864/864/863
f 383/383/383 864/864/863 829/829/828
f 394/394/394 626/626/626 805/805/804
f 835/835/834 394/394/394 806/806/805
f 736/736/736 123/123/123 565/565/565
f 565/565/565 539/539/539 736/736/736
f 961/961/960 701/701/701 702/702/702
f 388/388/388 703/703/703 702/702/702
f 961/961/960 231/231/231 230/230/230
f 703/703/703 961/961/960 702/702/702
f 546/546/546 240/240/240 239/239/239
f 546/546/546 239/239/239 600/600/600
f 56/56/56 58/58/58 940/940/939
f 58/58/58 224/224/224 226/226/226
f 827/827/826 905/905/904 420/420/420
f 419/419/419 420/420/420 905/905/904
f 682/682/682 2/2/2 681/681/681
f 785/785/784 682/682/682 104/104/104
f 159/159/159 402/402/402 422/422/422
f 159/159/159 422/422/422 160/160/160
f 283/283/283 873/873/872 88/88/88
f 286/286/286 652/652/652 651/651/651
f 335/335/335 334/334/334 647/647/647
f 334/334/334 250/250/250 647/647/647
f 936/936/935 808/808/807 588/588/588
f 808/808/807 586/586/586 588/588/588
f 334/334/334 1006/1006/1006 250/250/250
f 334/334/334 333/333/333 337/337/337
f 518/518/518 1007/1007/1007 516/516/516
f 213/213/213 959/959/958 254/254/254
f 254/254/254 518/518/518 255/255/255
f 254/254/254 1007/1007/1007 518/518/518
f 765/765/764 128/128/128 687/687/687
f 128/128/128 688/688/688 687/687/687
f 867/867/866 456/456/456 455/455/455
f 281/281/281 190/190/190 189/189/189
f 281/281/281 910/910/909 284/284/284
f 417/417/417 661/661/661 1008/1008/1008
f 120/120/120 352/352/352 417/417/417
f 906/906/905 972/972/972 79/79/79
f 502/502/502 504/504/504 908/908/907
f 62/62/62 934/934/933 595/595/595
f 63/63/63 62/62/62 595/595/595
f 417/417/417 352/352/352 661/661/661
f 661/661/661 352/352/352 662/662/662
f 705/705/705 704/704/704 913/913/912
f 705/705/705 706/706/706 704/704/704
f 211/211/211 700/700/700 302/302/302
f 302/302/302 890/890/889 119/119/119
f 45/45/45 957/957/956 813/813/812
f 405/405/405 43/43/43 45/45/45
f 501/501/501 39/39/39 713/713/713
f 39/39/39 501/501/501 472/472/472
f 497/497/497 496/496/496 930/930/929
f 497/497/497 495/495/495 51/51/51
f 869/869/868 103/103/103 125/125/125
f 623/623/623 103/103/103 869/869/868
f 613/613/613 762/762/761 948/948/947
f 904/904/903 762/762/761 613/613/613
f 962/962/961 622/622/622 113/113/113
f 624/624/624 109/109/109 962/962/961
f 828/828/827 949/949/948 476/476/476
f 477/477/477 478/478/478 476/476/476
f 667/667/667 855/855/854 980/980/980
f 631/631/631 855/855/854 489/489/489
f 451/451/451 913/913/912 879/879/878
f 451/451/451 879/879/878 878/878/877
f 998/998/998 315/315/315 520/520/520
f 915/915/914 998/998/998 520/520/520
f 757/757/756 755/755/754 260/260/260
f 757/757/756 479/479/479 755/755/754
f 820/820/819 839/839/838 298/298/298
f 371/371/371 821/821/820 820/820/819
f 999/999/999 685/685/685 942/942/941
f 685/685/685 999/999/999 438/438/438
f 824/824/823 733/733/733 329/329/329
f 824/824/823 329/329/329 604/604/604
f 533/533/533 388/388/388 387/387/387
f 842/842/841 841/841/840 533/533/533
f 987/987/987 7/7/7 9/9/9
f 9/9/9 417/417/417 987/987/987
f 533/533/533 387/387/387 842/842/841
f 535/535/535 842/842/841 387/387/387
f 484/484/484 691/691/691 72/72/72
f 766/766/765 306/306/306 432/432/432
f 824/824/823 332/332/332 731/731/731
f 331/331/331 731/731/731 332/332/332
f 690/690/690 426/426/426 425/425/425
f 72/72/72 691/691/691 73/73/73
f 783/783/782 17/17/17 784/784/783
f 380/380/380 965/965/965 17/17/17
f 861/861/860 740/740/740 742/742/742
f 571/571/571 580/580/580 861/861/860
f 617/617/617 227/227/227 391/391/391
f 227/227/227 617/617/617 619/619/619
f 761/761/760 589/589/589 592/592/592
f 358/358/358 771/771/770 932/932/931
f 358/358/358 932/932/931 359/359/359
f 761/761/760 280/280/280 589/589/589
f 456/456/456 867/867/866 436/436/436
f 236/236/236 235/235/235 1/1/1
f 1/1/1 675/675/675 236/236/236
f 81/81/81 559/559/559 428/428/428
f 79/79/79 81/81/81 428/428/428
f 644/644/644 941/941/940 509/509/509
f 644/644/644 21/21/21 941/941/940
f 958/958/957 173/173/173 174/174/174
f 174/174/174 812/812/811 958/958/957
f 628/628/628 630/630/630 633/633/633
f 245/245/245 930/930/929 931/931/930
f 245/245/245 559/559/559 81/81/81
f 408/408/408 810/810/809 641/641/641
f 809/809/808 641/641/641 810/810/809
f 415/415/415 823/823/822 1008/1008/1008
f 823/823/822 417/417/417 1008/1008/1008
f 946/946/945 107/107/107 106/106/106
f 400/400/400 54/54/54 107/107/107
f 1009/1009/1009 65/65/65 247/247/247
f 310/310/310 545/545/545 1009/1009/1009
f 1010/1010/1010 249/249/249 585/585/585
f 584/584/584 974/974/974 121/121/121
f 422/422/422 528/528/528 424/424/424
f 424/424/424 528/528/528 699/699/699
f 579/579/579 134/134/134 133/133/133
f 718/718/718 4/4/4 579/579/579
f 527/527/527 538/538/538 699/699/699
f 699/699/699 528/528/528 527/527/527
f 579/579/579 133/133/133 718/718/718
f 133/133/133 357/357/357 718/718/718
f 399/399/399 814/814/813 52/52/52
f 52/52/52 814/814/813 53/53/53
f 410/410/410 282/282/282 411/411/411
f 410/410/410 873/873/872 282/282/282
f 547/547/547 166/166/166 168/168/168
f 547/547/547 168/168/168 739/739/739
f 684/684/684 404/404/404 942/942/941
f 404/404/404 433/433/433 942/942/941
f 863/863/862 524/524/524 592/592/592
f 592/592/592 759/759/758 761/761/760
f 524/524/524 759/759/758 592/592/592
f 27/27/27 759/759/758 28/28/28
f 4/4/4 718/718/718 834/834/833
f 4/4/4 609/609/609 5/5/5
f 175/175/175 719/719/719 357/357/357
f 719/719/719 718/718/718 357/357/357
f 62/62/62 64/64/64 935/935/934
f 938/938/937 695/695/695 439/439/439
f 695/695/695 442/442/442 439/439/439
f 861/861/860 857/857/856 384/384/384
f 384/384/384 857/857/856 859/859/858
f 363/363/363 353/353/353 364/364/364
f 354/354/354 353/353/353 363/363/363
f 806/806/805 598/598/598 835/835/834
f 835/835/834 598/598/598 966/966/966
f 1011/1011/1011 563/563/563 889/889/888
f 242/242/242 241/241/241 889/889/888
f 216/216/216 536/536/536 144/144/144
f 216/216/216 215/215/215 536/536/536
f 436/436/436 438/438/438 444/444/444
f 444/444/444 456/456/456 436/436/436
f 317/317/317 319/319/319 921/921/920
f 875/875/874 317/317/317 921/921/920
f 804/804/803 310/310/310 1009/1009/1009
f 748/748/748 310/310/310 804/804/803
f 948/948/947 773/773/772 350/350/350
f 950/950/949 773/773/772 775/775/774
f 421/421/421 217/217/217 615/615/615
f 454/454/454 217/217/217 421/421/421
f 632/632/632 1/1/1 3/3/3
f 514/514/514 1012/1012/1012 965/965/965
f 514/514/514 965/965/965 774/774/773
f 346/346/346 348/348/348 515/515/515
f 345/345/345 377/377/377 346/346/346
f 514/514/514 449/449/449 1012/1012/1012
f 449/449/449 897/897/896 1012/1012/1012
f 386/386/386 769/769/768 578/578/578
f 386/386/386 578/578/578 269/269/269
f 348/348/348 377/377/377 349/349/349
f 377/377/377 348/348/348 346/346/346
f 375/375/375 377/377/377 345/345/345
f 60/60/60 375/375/375 345/345/345
f 152/152/152 915/915/914 520/520/520
f 816/816/815 915/915/914 152/152/152
f 162/162/162 119/119/119 8/8/8
f 274/274/274 265/265/265 849/849/848
f 849/849/848 265/265/265 268/268/268
f 483/483/483 47/47/47 46/46/46
f 213/213/213 212/212/212 507/507/507
f 507/507/507 959/959/958 213/213/213
f 875/875/874 877/877/876 780/780/779
f 232/232/232 781/781/780 877/877/876
f 870/870/869 871/871/870 593/593/593
f 951/951/950 870/870/869 593/593/593
f 877/877/876 781/781/780 780/780/779
f 780/780/779 781/781/780 779/779/778
f 960/960/959 606/606/606 605/605/605
f 606/606/606 312/312/312 607/607/607
f 1009/1009/1009 545/545/545 65/65/65
f 545/545/545 66/66/66 65/65/65
f 937/937/936 268/268/268 995/995/995
f 272/272/272 995/995/995 270/270/270
f 940/940/939 679/679/679 183/183/183
f 226/226/226 225/225/225 679/679/679
f 272/272/272 937/937/936 995/995/995
f 937/937/936 272/272/272 807/807/806
f 572/572/572 150/150/150 149/149/149
f 572/572/572 575/575/575 150/150/150
f 737/737/737 739/739/739 170/170/170
f 739/739/739 168/168/168 170/170/170
f 93/93/93 303/303/303 172/172/172
f 867/867/866 866/866/865 443/443/443
f 443/443/443 866/866/865 44/44/44
f 581/581/581 973/973/973 582/582/582
f 656/656/656 37/37/37 471/471/471
f 16/16/16 37/37/37 656/656/656
f 243/243/243 903/903/902 500/500/500
f 500/500/500 886/886/885 498/498/498
f 859/859/858 858/858/857 385/385/385
f 499/499/499 386/386/386 385/385/385
f 6/6/6 500/500/500 499/499/499
f 858/858/857 499/499/499 385/385/385
f 650/650/650 292/292/292 714/714/714
f 595/595/595 292/292/292 650/650/650
f 304/304/304 303/303/303 93/93/93
f 555/555/555 304/304/304 93/93/93
f 726/726/726 49/49/49 245/245/245
f 730/730/730 41/41/41 711/711/711
f 730/730/730 711/711/711 504/504/504
f 228/228/228 938/938/937 229/229/229
f 228/228/228 143/143/143 938/938/937
f 229/229/229 620/620/620 227/227/227
f 229/229/229 938/938/937 620/620/620
f 720/720/720 611/611/611 717/717/717
f 611/611/611 720/720/720 610/610/610
f 467/467/467 663/663/663 327/327/327
f 663/663/663 664/664/664 32/32/32
f 664/664/664 663/663/663 467/467/467
f 466/466/466 664/664/664 467/467/467
f 191/191/191 616/616/616 192/192/192
f 664/664/664 192/192/192 616/616/616
f 992/992/992 127/127/127 750/750/750
f 411/411/411 284/284/284 285/285/285
f 281/281/281 284/284/284 411/411/411
f 176/176/176 364/364/364 822/822/821
f 364/364/364 353/353/353 822/822/821
f 453/453/453 564/564/564 452/452/452
f 25/25/25 564/564/564 453/453/453
f 795/795/794 1013/1013/1013 791/791/790
f 580/580/580 791/791/790 338/338/338
f 791/791/790 1013/1013/1013 338/338/338
f 1013/1013/1013 339/339/339 338/338/338
f 605/605/605 608/608/608 511/511/511
f 608/608/608 814/814/813 399/399/399
f 393/393/393 96/96/96 95/95/95
f 99/99/99 96/96/96 393/393/393
f 572/572/572 149/149/149 573/573/573
f 149/149/149 966/966/966 573/573/573
f 403/403/403 401/401/401 541/541/541
f 401/401/401 402/402/402 541/541/541
f 884/884/883 477/477/477 379/379/379
f 477/477/477 256/256/256 479/479/479
f 751/751/962 325/325/325 148/148/148
f 711/711/711 907/907/906 504/504/504
f 504/504/504 907/907/906 908/908/907
f 532/532/532 101/101/101 35/35/35
f 34/34/34 532/532/532 35/35/35
f 25/25/25 453/453/453 827/827/826
f 439/439/439 25/25/25 827/827/826
f 712/712/712 140/140/140 907/907/906
f 297/297/297 140/140/140 933/933/932
f 900/900/899 55/55/55 78/78/78
f 442/442/442 55/55/55 439/439/439
f 442/442/442 78/78/78 55/55/55
f 76/76/76 78/78/78 442/442/442
f 903/903/902 886/886/885 500/500/500
f 903/903/902 770/770/769 886/886/885
f 974/974/974 658/658/658 122/122/122
f 670/670/670 665/665/665 100/100/100
f 490/490/490 665/665/665 670/670/670
f 943/943/942 714/714/714 14/14/14
f 14/14/14 287/287/287 651/651/651
f 837/837/836 67/67/67 583/583/583
f 65/65/65 67/67/67 247/247/247
f 291/291/291 296/296/296 1004/1004/1004
f 594/594/594 175/175/175 952/952/951
f 952/952/951 356/356/356 870/870/869
f 175/175/175 357/357/357 356/356/356
f 952/952/951 175/175/175 356/356/356
f 134/134/134 569/569/569 741/741/741
f 741/741/741 569/569/569 742/742/742
f 326/326/326 68/68/68 311/311/311
f 339/339/339 793/793/792 792/792/791
f 518/518/518 517/517/517 838/838/837
f 838/838/837 517/517/517 155/155/155
f 45/45/45 813/813/812 405/405/405
f 813/813/812 408/408/408 405/405/405
f 626/626/626 393/393/393 697/697/697
f 626/626/626 697/697/697 940/940/939
f 523/523/523 530/530/530 575/575/575
f 575/575/575 530/530/530 150/150/150
f 1000/1000/1000 252/252/252 1001/1001/1001
f 252/252/252 141/141/141 1001/1001/1001
f 250/250/250 252/252/252 1000/1000/1000
f 1000/1000/1000 881/881/880 250/250/250
f 818/818/817 53/53/53 816/816/815
f 53/53/53 915/915/914 816/816/815
f 301/301/301 163/163/163 165/165/165
f 527/527/527 163/163/163 538/538/538
f 148/148/148 311/311/311 70/70/70
f 311/311/311 148/148/148 326/326/326
f 519/519/519 876/876/875 919/919/918
f 154/154/154 153/153/153 919/919/918
f 993/993/993 471/471/471 657/657/657
f 788/788/787 993/993/993 657/657/657
f 547/547/547 546/546/546 166/166/166
f 546/546/546 600/600/600 166/166/166
f 616/616/616 32/32/32 664/664/664
f 32/32/32 616/616/616 133/133/133
f 758/758/757 321/321/321 225/225/225
f 488/488/488 321/321/321 758/758/757
f 238/238/238 602/602/602 239/239/239
f 408/408/408 815/815/814 131/131/131
f 408/408/408 11/11/11 13/13/13
f 570/570/570 857/857/856 742/742/742
f 570/570/570 742/742/742 569/569/569
f 815/815/814 132/132/132 131/131/131
f 815/815/814 640/640/640 132/132/132
f 67/67/67 582/582/582 583/583/583
f 582/582/582 973/973/973 583/583/583
f 283/283/283 200/200/200 202/202/202
f 283/283/283 88/88/88 200/200/200
f 986/986/986 48/48/48 481/481/481
f 985/985/985 75/75/75 986/986/986
f 997/997/997 596/596/596 967/967/967
f 967/967/967 596/596/596 968/968/968
f 214/214/214 253/253/253 727/727/727
f 214/214/214 213/213/213 253/253/253
f 293/293/293 997/997/997 294/294/294
f 596/596/596 997/997/997 293/293/293
f 85/85/85 40/40/40 676/676/676
f 236/236/236 676/676/676 40/40/40
f 618/618/618 550/550/550 20/20/20
f 22/22/22 618/618/618 20/20/20
f 728/728/728 160/160/160 423/423/423
f 160/160/160 728/728/728 723/723/723
f 130/130/130 722/722/722 724/724/724
f 724/724/724 333/333/333 12/12/12
f 12/12/12 11/11/11 130/130/130
f 724/724/724 12/12/12 130/130/130
f 977/977/977 13/13/13 976/976/976
f 765/765/764 13/13/13 977/977/977
f 525/525/525 343/343/343 526/526/526
f 343/343/343 525/525/525 344/344/344
f 863/863/862 591/591/591 344/344/344
f 525/525/525 863/863/862 344/344/344
f 534/534/534 844/844/843 703/703/703
f 841/841/840 843/843/842 844/844/843
f 232/232/232 845/845/844 59/59/59
f 232/232/232 59/59/59 781/781/780
f 481/481/481 460/460/460 462/462/462
f 460/460/460 481/481/481 48/48/48
f 47/47/47 461/461/461 460/460/460
f 483/483/483 461/461/461 47/47/47
f 434/434/434 124/124/124 435/435/435
f 435/435/435 124/124/124 135/135/135
f 991/991/991 125/125/125 124/124/124
f 869/869/868 125/125/125 991/991/991
f 360/360/360 593/593/593 871/871/870
f 193/193/193 872/872/871 871/871/870
f 19/19/19 18/18/18 637/637/637
f 305/305/305 304/304/304 978/978/978
f 978/978/978 979/979/979 305/305/305
f 156/156/156 481/481/481 480/480/480
f 156/156/156 480/480/480 77/77/77
f 301/301/301 300/300/300 539/539/539
f 300/300/300 737/737/737 539/539/539
f 196/196/196 772/772/771 771/771/770
f 196/196/196 195/195/195 469/469/469
f 196/196/196 469/469/469 772/772/771
f 470/470/470 772/772/771 469/469/469
f 147/147/147 658/658/658 581/581/581
f 691/691/691 690/690/690 73/73/73
f 689/689/689 690/690/690 691/691/691
f 73/73/73 425/425/425 705/705/705
f 690/690/690 425/425/425 73/73/73
f 832/832/831 1014/1014/1014 989/989/989
f 98/98/98 832/832/831 989/989/989
f 989/989/989 756/756/755 259/259/259
f 756/756/755 260/260/260 259/259/259
f 833/833/832 989/989/989 259/259/259
f 833/833/832 95/95/95 989/989/989
f 754/754/753 373/373/373 57/57/57
f 56/56/56 754/754/753 57/57/57
f 215/215/215 60/60/60 840/840/839
f 842/842/841 215/215/215 840/840/839
f 207/207/207 744/744/744 955/955/954
f 888/888/887 207/207/207 955/955/954
f 735/735/735 744/744/744 206/206/206
f 627/627/627 735/735/735 206/206/206
f 1015/1015/1015 882/882/881 928/928/927
f 883/883/882 1015/1015/1015 928/928/927
f 796/796/795 795/795/794 576/576/576
f 576/576/576 795/795/794 791/791/790
f 284/284/284 918/918/917 263/263/263
f 1003/1003/1003 129/129/129 975/975/975
f 127/127/127 129/129/129 1003/1003/1003
f 522/522/522 529/529/529 778/778/777
f 920/920/919 529/529/529 521/521/521
f 529/529/529 920/920/919 778/778/777
f 778/778/777 777/777/776 97/97/97
f 205/205/205 330/330/330 627/627/627
f 627/627/627 330/330/330 732/732/732
f 651/651/651 753/753/752 943/943/942
f 14/14/14 651/651/651 943/943/942
f 792/792/791 741/741/741 340/340/340
f 339/339/339 792/792/791 340/340/340
f 794/794/793 663/663/663 31/31/31
f 793/793/792 794/794/793 31/31/31
f 20/20/20 550/550/550 853/853/852
f 605/605/605 853/853/852 550/550/550
f 591/591/591 341/341/341 344/344/344
f 591/591/591 590/590/590 341/341/341
f 605/605/605 851/851/850 853/853/852
f 851/851/850 605/605/605 511/511/511
f 552/552/552 850/850/849 852/852/851
f 543/543/543 551/551/551 552/552/552
f 851/851/850 850/850/849 853/853/852
f 850/850/849 552/552/552 853/853/852
f 342/342/342 240/240/240 344/344/344
f 237/237/237 240/240/240 342/342/342
f 370/370/370 244/244/244 81/81/81
f 725/725/725 244/244/244 493/493/493
f 197/197/197 891/891/890 996/996/996
f 925/925/924 996/996/996 926/926/925
f 996/996/996 891/891/890 926/926/925
f 412/412/412 790/790/789 891/891/890
f 374/374/374 927/927/926 926/926/925
f 927/927/926 374/374/374 321/321/321
f 371/371/371 298/298/298 297/297/297
f 371/371/371 820/820/819 298/298/298
f 323/323/323 87/87/87 672/672/672
f 323/323/323 672/672/672 324/324/324
f 749/749/749 508/508/508 112/112/112
f 508/508/508 113/113/113 112/112/112
f 465/465/465 912/912/911 24/24/24
f 24/24/24 23/23/23 465/465/465
f 450/450/450 912/912/911 451/451/451
f 24/24/24 912/912/911 450/450/450
f 885/885/884 116/116/116 486/486/486
f 116/116/116 361/361/361 486/486/486
f 848/848/847 847/847/846 265/265/265
f 798/798/797 847/847/846 848/848/847
f 843/843/842 840/840/839 845/845/844
f 843/843/842 845/845/844 844/844/843
f 104/104/104 681/681/681 105/105/105
f 104/104/104 682/682/682 681/681/681
f 2/2/2 42/42/42 331/331/331
f 681/681/681 2/2/2 331/331/331
f 938/938/937 439/439/439 146/146/146
f 145/145/145 938/938/937 146/146/146
f 891/891/890 281/281/281 892/892/891
f 281/281/281 411/411/411 892/892/891
f 281/281/281 189/189/189 910/910/909
f 910/910/909 189/189/189 911/911/910
f 578/578/578 769/769/768 698/698/698
f 498/498/498 698/698/698 769/769/768
f 242/242/242 889/889/888 563/563/563
f 242/242/242 563/563/563 902/902/901
f 220/220/220 474/474/474 85/85/85
f 474/474/474 220/220/220 924/924/923
f 648/648/648 1016/1016/1016 251/251/251
f 1016/1016/1016 518/518/518 251/251/251
f 859/859/858 385/385/385 269/269/269
f 269/269/269 265/265/265 267/267/267
f 895/895/894 15/15/15 1005/1005/1005
f 15/15/15 714/714/714 716/716/716
f 1016/1016/1016 1006/1006/1006 336/336/336
f 518/518/518 1016/1016/1016 336/336/336
f 502/502/502 906/906/905 732/732/732
f 906/906/905 502/502/502 908/908/907
f 210/210/210 699/699/699 537/537/537
f 210/210/210 209/209/209 699/699/699
f 53/53/53 818/818/817 531/531/531
f 531/531/531 818/818/817 575/575/575
f 149/149/149 568/568/568 966/966/966
f 568/568/568 835/835/834 966/966/966
f 934/934/933 596/596/596 597/597/597
f 597/597/597 595/595/595 934/934/933
f 934/934/933 983/983/983 596/596/596
f 983/983/983 934/934/933 290/290/290
f 374/374/374 790/790/789 201/201/201
f 374/374/374 201/201/201 322/322/322
f 826/826/825 137/137/137 203/203/203
f 137/137/137 604/604/604 203/203/203
f 28/28/28 759/759/758 524/524/524
f 28/28/28 524/524/524 26/26/26
f 136/136/136 604/604/604 137/137/137
f 126/126/126 604/604/604 136/136/136
f 532/532/532 574/574/574 101/101/101
f 101/101/101 574/574/574 102/102/102
f 939/939/938 324/324/324 674/674/674
f 954/954/953 939/939/938 674/674/674
f 1017/1017/1017 822/822/821 415/415/415
f 1017/1017/1017 415/415/415 414/414/414
f 798/798/797 273/273/273 799/799/798
f 275/275/275 274/274/274 846/846/845
f 554/554/554 634/634/634 555/555/555
f 634/634/634 978/978/978 555/555/555
f 832/832/831 829/829/828 1014/1014/1014
f 829/829/828 864/864/863 1014/1014/1014
f 264/264/264 63/63/63 262/262/262
f 262/262/262 63/63/63 753/753/752
f 210/210/210 537/537/537 700/700/700
f 566/566/566 537/537/537 539/539/539
f 700/700/700 890/890/889 302/302/302
f 700/700/700 537/537/537 566/566/566
f 459/459/459 457/457/457 825/825/824
f 457/457/457 446/446/446 825/825/824
f 768/768/767 462/462/462 461/461/461
f 462/462/462 463/463/463 23/23/23
f 462/462/462 23/23/23 900/900/899
f 23/23/23 55/55/55 900/900/899
f 669/669/669 87/87/87 490/490/490
f 490/490/490 670/670/670 669/669/669
f 621/621/621 145/145/145 536/536/536
f 145/145/145 621/621/621 938/938/937
f 6/6/6 499/499/499 858/858/857
f 570/570/570 6/6/6 858/858/857
f 125/125/125 105/105/105 126/126/126
f 332/332/332 126/126/126 105/105/105
f 317/317/317 347/347/347 318/318/318
f 347/347/347 776/776/775 318/318/318
f 751/751/962 963/963/963 325/325/325
f 720/720/720 83/83/83 610/610/610
f 83/83/83 721/721/721 610/610/610
f 142/142/142 440/440/440 143/143/143
f 440/440/440 695/695/695 143/143/143
f 142/142/142 862/862/861 440/440/440
f 862/862/861 142/142/142 157/157/157
f 327/327/327 278/278/278 468/468/468
f 467/467/467 327/327/327 468/468/468
f 526/526/526 164/164/164 527/527/527
f 165/165/165 164/164/164 526/526/526
f 747/747/747 1002/1002/1002 310/310/310
f 306/306/306 72/72/72 71/71/71
f 766/766/765 72/72/72 306/306/306
f 904/904/903 431/431/431 92/92/92
f 92/92/92 91/91/91 904/904/903
f 407/407/407 594/594/594 809/809/808
f 809/809/808 951/951/950 642/642/642
f 981/981/981 398/398/398 491/491/491
f 398/398/398 856/856/855 491/491/491
f 809/809/808 594/594/594 951/951/950
f 952/952/951 951/951/950 594/594/594
f 981/981/981 109/109/109 624/624/624
f 624/624/624 398/398/398 981/981/981
f 515/515/515 382/382/382 346/346/346
f 515/515/515 949/949/948 382/382/382
f 948/948/947 614/614/614 613/613/613
f 614/614/614 948/948/947 350/350/350
f 321/321/321 320/320/320 225/225/225
f 225/225/225 320/320/320 679/679/679
f 91/91/91 447/447/447 513/513/513
f 513/513/513 447/447/447 449/449/449
f 763/763/762 29/29/29 179/179/179
f 468/468/468 763/763/762 179/179/179
f 447/447/447 692/692/692 448/448/448
f 477/477/477 884/884/883 256/256/256
f 884/884/883 885/885/884 256/256/256
f 544/544/544 543/543/543 852/852/851
f 543/543/543 552/552/552 852/852/851
f 479/479/479 256/256/256 258/258/258
f 479/479/479 258/258/258 373/373/373
f 20/20/20 551/551/551 542/542/542
f 543/543/543 542/542/542 551/551/551
f 787/787/786 678/678/678 677/677/677
f 678/678/678 787/787/786 324/324/324
f 998/998/998 314/314/314 315/315/315
f 315/315/315 314/314/314 230/230/230
f 675/675/675 86/86/86 85/85/85
f 86/86/86 675/675/675 489/489/489
f 539/539/539 737/737/737 169/169/169
f 169/169/169 737/737/737 170/170/170
f 644/644/644 643/643/643 881/881/880
f 881/881/880 649/649/649 250/250/250
f 423/423/423 424/424/424 209/209/209
f 424/424/424 699/699/699 209/209/209
f 649/649/649 643/643/643 646/646/646
f 649/649/649 881/881/880 643/643/643
f 727/727/727 423/423/423 418/418/418
f 423/423/423 209/209/209 418/418/418
f 90/90/90 89/89/89 788/788/787
f 788/788/787 89/89/89 654/654/654
f 227/227/227 389/389/389 391/391/391
f 388/388/388 391/391/391 389/389/389
f 286/286/286 88/88/88 873/873/872
f 89/89/89 88/88/88 286/286/286
f 971/971/971 710/710/710 199/199/199
f 549/549/549 550/550/550 617/617/617
f 617/617/617 391/391/391 549/549/549
f 816/816/815 1018/1018/1018 819/819/818
f 819/819/818 1018/1018/1018 521/521/521
f 1003/1003/1003 975/975/975 645/645/645
f 646/646/646 645/645/645 975/975/975
f 271/271/271 709/709/709 708/708/708
f 245/245/245 931/931/930 559/559/559
f 931/931/930 560/560/560 559/559/559
f 485/485/485 1015/1015/1015 486/486/486
f 1015/1015/1015 485/485/485 882/882/881
f 2/2/2 235/235/235 42/42/42
f 40/40/40 42/42/42 235/235/235
f 486/486/486 883/883/882 885/885/884
f 883/883/882 486/486/486 1015/1015/1015
f 487/487/487 885/885/884 883/883/882
f 257/257/257 885/885/884 487/487/487
f 757/757/756 828/828/827 478/478/478
f 828/828/827 476/476/476 478/478/478
f 541/541/541 540/540/540 771/771/770
f 771/771/770 540/540/540 932/932/931
f 54/54/54 53/53/53 817/817/816
f 817/817/816 34/34/34 54/54/54
f 58/58/58 226/226/226 940/940/939
f 226/226/226 679/679/679 940/940/939
f 5/5/5 241/241/241 243/243/243
f 6/6/6 5/5/5 243/243/243
f 967/967/967 970/970/970 395/395/395
f 967/967/967 968/968/968 969/969/969
f 200/200/200 90/90/90 322/322/322
f 200/200/200 88/88/88 90/90/90
f 921/921/920 777/777/776 920/920/919
f 778/778/777 920/920/919 777/777/776
f 290/290/290 289/289/289 968/968/968
f 167/167/167 956/956/955 171/171/171
f 167/167/167 248/248/248 956/956/955
f 934/934/933 935/935/934 288/288/288
f 639/639/639 640/640/640 642/642/642
f 638/638/638 178/178/178 639/639/639
f 337/337/337 1006/1006/1006 334/334/334
f 1006/1006/1006 337/337/337 336/336/336
f 811/811/810 812/812/811 174/174/174
f 811/811/810 810/810/809 812/812/811
f 178/178/178 177/177/177 640/640/640
f 640/640/640 639/639/639 178/178/178
f 1006/1006/1006 648/648/648 250/250/250
f 1006/1006/1006 1016/1016/1016 648/648/648
f 753/753/752 653/653/653 831/831/830
f 285/285/285 831/831/830 830/830/829
f 623/623/623 109/109/109 111/111/111
f 623/623/623 111/111/111 785/785/784
f 556/556/556 1011/1011/1011 562/562/562
f 1011/1011/1011 556/556/556 563/563/563
f 451/451/451 307/307/307 913/913/912
f 71/71/71 913/913/912 307/307/307
f 884/884/883 379/379/379 117/117/117
f 117/117/117 379/379/379 636/636/636
f 117/117/117 636/636/636 115/115/115
f 636/636/636 637/637/637 115/115/115
f 99/99/99 98/98/98 94/94/94
f 98/98/98 989/989/989 94/94/94
f 715/715/715 291/291/291 1004/1004/1004
f 1005/1005/1005 715/715/715 1004/1004/1004
f 425/425/425 427/427/427 706/706/706
f 516/516/516 506/506/506 10/10/10
f 161/161/161 10/10/10 506/506/506
f 703/703/703 232/232/232 231/231/231
f 703/703/703 231/231/231 961/961/960
f 341/341/341 590/590/590 860/860/859
f 264/264/264 64/64/64 63/63/63
f 466/466/466 195/195/195 328/328/328
f 469/469/469 195/195/195 466/466/466
f 960/960/959 961/961/960 312/312/312
f 960/960/959 312/312/312 606/606/606
f 861/861/860 580/580/580 740/740/740
f 740/740/740 580/580/580 340/340/340
f 414/414/414 69/69/69 1017/1017/1017
f 69/69/69 822/822/821 1017/1017/1017
f 962/962/961 544/544/544 396/396/396
f 396/396/396 944/944/943 397/397/397
f 544/544/544 512/512/512 944/944/943
f 544/544/544 944/944/943 396/396/396
f 1012/1012/1012 782/782/781 965/965/965
f 1012/1012/1012 896/896/895 782/782/781
f 544/544/544 852/852/851 510/510/510
f 544/544/544 510/510/510 512/512/512
f 181/181/181 403/403/403 470/470/470
f 181/181/181 180/180/180 403/403/403
f 786/786/785 923/923/922 787/787/786
f 923/923/922 786/786/785 789/789/788
f 29/29/29 280/280/280 30/30/30
f 30/30/30 760/760/759 759/759/758
f 30/30/30 280/280/280 760/760/759
f 280/280/280 761/761/760 760/760/759
f 533/533/533 841/841/840 534/534/534
f 534/534/534 841/841/840 844/844/843
f 429/429/429 428/428/428 744/744/744
f 735/735/735 429/429/429 744/744/744
f 638/638/638 158/158/158 178/178/178
f 932/932/931 158/158/158 638/638/638
f 503/503/503 502/502/502 733/733/733
f 824/824/823 503/503/503 733/733/733
f 95/95/95 988/988/988 625/625/625
f 625/625/625 261/261/261 697/697/697
f 794/794/793 276/276/276 663/663/663
f 663/663/663 276/276/276 327/327/327
f 836/836/835 982/982/982 185/185/185
f 953/953/952 982/982/982 836/836/835
f 522/522/522 953/953/952 151/151/151
f 151/151/151 953/953/952 836/836/835
f 155/155/155 898/898/897 7/7/7
f 898/898/897 155/155/155 517/517/517
f 438/438/438 135/135/135 445/445/445
f 438/438/438 445/445/445 444/444/444
f 1012/1012/1012 897/897/896 896/896/895
f 1005/1005/1005 716/716/716 715/715/715
f 1005/1005/1005 15/15/15 716/716/716
f 784/784/783 965/965/965 782/782/781
f 784/784/783 17/17/17 965/965/965
f 123/123/123 122/122/122 351/351/351
f 351/351/351 565/565/565 123/123/123
f 408/408/408 131/131/131 11/11/11
f 131/131/131 130/130/130 11/11/11
f 854/854/853 615/615/615 612/612/612
f 615/615/615 219/219/219 612/612/612
f 378/378/378 615/615/615 854/854/853
f 378/378/378 854/854/853 375/375/375
f 946/946/945 400/400/400 107/107/107
f 512/512/512 400/400/400 946/946/945
f 820/820/819 494/494/494 839/839/838
f 839/839/838 494/494/494 916/916/915
f 805/805/804 567/567/567 806/806/805
f 394/394/394 805/805/804 806/806/805
f 567/567/567 184/184/184 183/183/183
f 805/805/804 184/184/184 567/567/567
f 913/913/912 704/704/704 901/901/900
f 913/913/912 901/901/900 914/914/913
f 914/914/913 554/554/554 430/430/430
f 554/554/554 914/914/913 901/901/900
f 869/869/868 992/992/992 750/750/750
f 694/694/694 102/102/102 223/223/223
f 573/573/573 223/223/223 102/102/102
f 694/694/694 222/222/222 673/673/673
f 694/694/694 223/223/223 222/222/222
f 4/4/4 834/834/833 609/609/609
f 611/611/611 609/609/609 834/834/833
f 713/713/713 933/933/932 712/712/712
f 933/933/932 140/140/140 712/712/712
f 683/683/683 685/685/685 437/437/437
f 683/683/683 437/437/437 43/43/43
f 286/286/286 873/873/872 652/652/652
f 410/410/410 652/652/652 873/873/872
f 322/322/322 677/677/677 320/320/320
f 787/787/786 677/677/677 322/322/322
f 1019/1019/1019 767/767/766 464/464/464
f 767/767/766 766/766/765 464/464/464
f 1019/1019/1019 464/464/464 463/463/463
f 1019/1019/1019 463/463/463 462/462/462
f 1019/1019/1019 462/462/462 768/768/767
f 767/767/766 1019/1019/1019 768/768/767
f 133/133/133 191/191/191 357/357/357
f 357/357/357 191/191/191 193/193/193
f 397/397/397 947/947/946 856/856/855
f 667/667/667 106/106/106 108/108/108
f 893/893/892 297/297/297 894/894/893
f 713/713/713 894/894/893 297/297/297
f 601/601/601 248/248/248 167/167/167
f 248/248/248 601/601/601 600/600/600
f 605/605/605 390/390/390 701/701/701
f 390/390/390 388/388/388 701/701/701
f 707/707/707 709/709/709 50/50/50
f 33/33/33 134/134/134 741/741/741
f 134/134/134 33/33/33 32/32/32
f 50/50/50 709/709/709 577/577/577
f 577/577/577 709/709/709 270/270/270
f 380/380/380 19/19/19 381/381/381
f 19/19/19 637/637/637 381/381/381
f 652/652/652 830/830/829 653/653/653
f 831/831/830 653/653/653 830/830/829
f 368/368/368 369/369/369 363/363/363
f 74/74/74 369/369/369 689/689/689
f 483/483/483 72/72/72 766/766/765
f 766/766/765 461/461/461 483/483/483
f 35/35/35 666/666/666 36/36/36
f 666/666/666 35/35/35 101/101/101
f 888/888/887 1011/1011/1011 889/889/888
f 301/301/301 538/538/538 163/163/163
f 301/301/301 539/539/539 538/538/538
f 765/765/764 764/764/763 409/409/409
f 9/9/9 120/120/120 417/417/417
f 120/120/120 9/9/9 8/8/8
f 413/413/413 659/659/659 147/147/147
f 659/659/659 413/413/413 662/662/662
f 659/659/659 662/662/662 122/122/122
f 990/990/990 173/173/173 720/720/720
f 173/173/173 990/990/990 175/175/175
f 623/623/623 622/622/622 109/109/109
f 622/622/622 962/962/961 109/109/109
f 1008/1008/1008 661/661/661 660/660/660
f 415/415/415 1008/1008/1008 660/660/660
f 491/491/491 856/856/855 667/667/667
f 856/856/855 106/106/106 667/667/667
f 44/44/44 84/84/84 957/957/956
f 957/957/956 84/84/84 958/958/957
f 946/946/945 106/106/106 947/947/946
f 856/856/855 947/947/946 106/106/106
f 980/980/980 855/855/854 631/631/631
f 631/631/631 234/234/234 980/980/980
f 936/936/935 994/994/994 808/808/807
f 936/936/935 849/849/848 994/994/994
f 686/686/686 688/688/688 684/684/684
f 684/684/684 688/688/688 404/404/404
f 212/212/212 214/214/214 505/505/505
f 505/505/505 507/507/507 212/212/212
f 352/352/352 122/122/122 662/662/662
f 122/122/122 352/352/352 351/351/351
f 37/37/37 895/895/894 38/38/38
f 38/38/38 895/895/894 894/894/893
f 625/625/625 988/988/988 261/261/261
f 833/833/832 261/261/261 988/988/988
f 160/160/160 723/723/723 909/909/908
f 158/158/158 909/909/908 177/177/177
f 909/909/908 723/723/723 177/177/177
f 722/722/722 177/177/177 723/723/723
f 903/903/902 902/902/901 770/770/769
f 902/902/901 563/563/563 770/770/769
f 154/154/154 521/521/521 1018/1018/1018
f 816/816/815 154/154/154 1018/1018/1018
f 139/139/139 917/917/916 972/972/972
f 139/139/139 916/916/915 917/917/916
f 908/908/907 972/972/972 906/906/905
f 139/139/139 972/972/972 908/908/907
f 738/738/738 737/737/737 300/300/300
f 299/299/299 738/738/738 300/300/300
f 923/923/922 984/984/984 924/924/923
f 924/924/923 984/984/984 657/657/657
f 493/493/493 370/370/370 494/494/494
f 493/493/493 244/244/244 370/370/370
f 1011/1011/1011 888/888/887 562/562/562
f 165/165/165 548/548/548 301/301/301
f 165/165/165 344/344/344 548/548/548
f 775/775/774 476/476/476 949/949/948
f 515/515/515 775/775/774 949/949/948
f 241/241/241 721/721/721 889/889/888
f 561/561/561 889/889/888 721/721/721
f 144/144/144 146/146/146 419/419/419
f 216/216/216 144/144/144 419/419/419
f 497/497/497 930/930/929 495/495/495
f 930/930/929 49/49/49 495/495/495
f 890/890/889 700/700/700 566/566/566
f 890/890/889 566/566/566 565/565/565
f 474/474/474 924/924/923 475/475/475
f 924/924/923 657/657/657 475/475/475
f 458/458/458 459/459/459 208/208/208
f 561/561/561 458/458/458 208/208/208
f 1014/1014/1014 864/864/863 756/756/755
f 989/989/989 1014/1014/1014 756/756/755
f 603/603/603 803/803/802 600/600/600
f 745/745/745 803/803/802 603/603/603
f 374/374/374 926/926/925 790/790/789
f 790/790/789 926/926/925 891/891/890
f 376/376/376 349/349/349 377/377/377
f 376/376/376 612/612/612 349/349/349
f 409/409/409 764/764/763 406/406/406
f 689/689/689 368/368/368 367/367/367
f 689/689/689 369/369/369 368/368/368
f 353/353/353 355/355/355 823/823/822
f 823/823/822 355/355/355 417/417/417
f 985/985/985 987/987/987 416/416/416
f 416/416/416 987/987/987 417/417/417
f 67/67/67 837/837/836 247/247/247
f 247/247/247 837/837/836 248/248/248
f 246/246/246 1009/1009/1009 247/247/247
f 804/804/803 1009/1009/1009 246/246/246
f 901/901/900 628/628/628 635/635/635
f 520/520/520 519/519/519 153/153/153
f 153/153/153 519/519/519 919/919/918
f 123/123/123 249/249/249 121/121/121
f 1010/1010/1010 121/121/121 249/249/249
f 584/584/584 1010/1010/1010 585/585/585
f 1010/1010/1010 584/584/584 121/121/121
f 788/788/787 654/654/654 655/655/655
f 654/654/654 16/16/16 655/655/655
f 882/882/881 197/197/197 996/996/996
f 882/882/881 198/198/198 197/197/197
f 399/399/399 512/512/512 511/511/511
f 608/608/608 399/399/399 511/511/511
f 441/441/441 76/76/76 442/442/442
f 441/441/441 482/482/482 76/76/76
f 646/646/646 976/976/976 335/335/335
f 13/13/13 335/335/335 976/976/976
f 359/359/359 642/642/642 951/951/950
f 359/359/359 639/639/639 642/642/642
f 496/496/496 964/964/964 560/560/560
f 557/557/557 562/562/562 964/964/964
f 557/557/557 964/964/964 496/496/496
f 558/558/558 557/557/557 496/496/496
f 974/974/974 581/581/581 658/658/658
f 986/986/986 75/75/75 48/48/48
f 46/46/46 48/48/48 75/75/75
f 354/354/354 985/985/985 416/416/416
f 985/985/985 354/354/354 369/369/369
f 267/267/267 859/859/858 269/269/269
f 384/384/384 859/859/858 267/267/267
f 187/187/187 99/99/99 392/392/392
f 97/97/97 99/99/99 187/187/187
f 872/872/871 360/360/360 871/871/870
f 194/194/194 872/872/871 195/195/195
f 43/43/43 406/406/406 764/764/763
f 405/405/405 409/409/409 406/406/406
f 194/194/194 358/358/358 360/360/360
f 872/872/871 194/194/194 360/360/360
f 887/887/886 141/141/141 696/696/696
f 696/696/696 228/228/228 887/887/886
f 312/312/312 961/961/960 313/313/313
f 961/961/960 230/230/230 313/313/313
f 607/607/607 312/312/312 998/998/998
f 607/607/607 998/998/998 915/915/914
f 78/78/78 77/77/77 899/899/898
f 462/462/462 899/899/898 77/77/77
f 839/839/838 916/916/915 138/138/138
f 138/138/138 916/916/915 139/139/139
f 1007/1007/1007 959/959/958 516/516/516
f 959/959/958 1007/1007/1007 254/254/254
f 452/452/452 451/451/451 878/878/877
f 452/452/452 878/878/877 218/218/218
f 1003/1003/1003 749/749/749 750/750/750
f 749/749/749 1003/1003/1003 645/645/645
f 350/350/350 773/773/772 950/950/949
f 350/350/350 950/950/949 515/515/515
f 671/671/671 100/100/100 693/693/693
f 414/414/414 413/413/413 147/147/147
f 70/70/70 414/414/414 147/147/147
f 67/67/67 66/66/66 148/148/148
f 582/582/582 67/67/67 148/148/148
f 147/147/147 582/582/582 148/148/148
f 553/553/553 751/751/962 148/148/148
f 148/148/148 545/545/545 309/309/309
f 291/291/291 294/294/294 296/296/296
