# Blender 3.4.1
# www.blender.org
o rock_05_Mesh.004
v 0.023706 -0.338778 -0.064649
v 0.049396 -0.327603 -0.058568
v 0.034022 -0.320434 -0.050786
v 0.082950 -0.326313 -0.055259
v -0.062530 -0.238381 -0.069349
v -0.068752 -0.247813 -0.047286
v -0.126932 -0.216394 -0.053043
v 0.411600 -0.176615 0.157191
v 0.385168 -0.187150 0.135541
v 0.398349 -0.190212 0.110221
v 0.371565 0.080752 0.102788
v 0.365056 0.057150 0.015081
v 0.348082 0.108103 0.051700
v -0.314633 0.047310 0.196401
v -0.342941 0.047143 0.137990
v -0.310550 -0.002479 0.144102
v 0.064488 0.135087 0.349899
v 0.092691 0.119747 0.350966
v 0.110433 0.158936 0.315024
v -0.378274 0.223351 0.081033
v -0.348550 0.214258 0.041139
v -0.387695 0.191742 0.021944
v -0.185673 0.281131 -0.005365
v -0.168689 0.301225 0.047792
v -0.147823 0.297686 0.003828
v -0.069088 0.290847 0.033437
v -0.047674 0.246242 -0.034210
v -0.094201 0.266192 -0.037778
v 0.158834 -0.315449 -0.056254
v 0.176137 -0.306205 0.008803
v 0.147805 -0.321762 -0.001497
v 0.116168 0.107950 0.345316
v 0.046119 0.097533 0.370908
v 0.063545 0.070708 0.371699
v -0.254750 0.265740 0.256183
v -0.250945 0.283209 0.218720
v -0.282219 0.258689 0.227615
v -0.333922 0.106312 0.268202
v -0.380269 0.109152 0.206878
v -0.340582 0.081472 0.210609
v 0.298213 -0.244272 -0.048159
v 0.238885 -0.258809 -0.043402
v 0.254203 -0.267757 -0.058193
v 0.165942 0.241555 0.132714
v 0.130039 0.242533 0.181396
v 0.201674 0.206910 0.171129
v -0.057463 0.322841 0.130062
v -0.102625 0.318564 0.086418
v -0.103214 0.339855 0.140173
v -0.403946 0.080115 0.134271
v -0.439908 0.079498 0.107526
v -0.394949 0.021661 0.055515
v 0.413161 -0.101608 0.069134
v 0.437388 -0.101800 0.116252
v 0.419179 -0.151305 0.073247
v -0.060061 0.178534 0.372386
v -0.026547 0.201818 0.355743
v -0.063842 0.188306 0.364385
v -0.042509 0.209027 0.309682
v -0.024431 0.212826 0.345259
v -0.022409 0.227257 0.324353
v -0.158192 0.053557 0.385708
v -0.115358 0.063375 0.412289
v -0.157479 0.081887 0.375501
v 0.046894 0.281028 0.173162
v -0.001833 0.308774 0.217956
v 0.038413 0.279863 0.218944
v -0.007531 0.271040 0.262133
v -0.057739 0.281396 0.248877
v -0.046239 0.260859 0.261031
v 0.342012 0.054746 -0.047392
v 0.272228 0.094650 -0.066027
v 0.288034 0.113349 -0.043142
v 0.384802 -0.134500 0.307152
v 0.345097 -0.077308 0.316046
v 0.339616 -0.127767 0.330029
v 0.445784 0.002778 0.169118
v 0.438164 -0.027880 0.213082
v 0.450231 -0.062621 0.193375
v -0.453134 0.157342 0.083959
v -0.435231 0.129532 0.030499
v -0.449769 0.133557 0.089523
v -0.307778 0.252051 0.165566
v -0.305821 0.248077 0.218146
v -0.258916 0.280327 0.196201
v 0.346831 -0.198115 0.135727
v 0.321199 -0.204364 0.255863
v 0.315942 -0.190797 0.202367
v 0.358341 -0.175672 0.252360
v 0.220560 -0.271881 0.194956
v 0.232161 -0.276273 0.174167
v 0.247507 -0.238057 0.188074
v 0.089454 -0.310899 -0.007595
v 0.041922 -0.300878 -0.010176
v 0.002032 -0.026717 0.355123
v 0.012240 -0.070104 0.335898
v 0.037744 -0.065573 0.356701
v 0.149325 -0.217256 0.296320
v 0.085969 -0.185919 0.246471
v 0.141060 -0.233846 0.244637
v 0.380764 -0.060556 0.292228
v 0.427713 -0.057502 0.267760
v 0.433006 -0.006003 0.247357
v 0.208600 0.083489 0.318093
v 0.237396 0.110798 0.286559
v 0.198505 0.135612 0.292874
v -0.057295 0.007518 0.358984
v -0.133653 -0.017854 0.335807
v -0.067645 -0.019403 0.340335
v 0.058872 -0.160499 0.194510
v 0.097206 -0.206022 0.217700
v -0.124494 -0.125539 0.161318
v -0.163343 -0.108126 0.165564
v -0.166205 -0.120387 0.124948
v -0.193476 -0.051114 0.218322
v -0.243707 0.004485 0.221971
v -0.204482 -0.048990 0.178339
v 0.178505 -0.226298 0.287957
v 0.345646 -0.191051 0.324780
v 0.362230 -0.158312 0.317453
v 0.352811 -0.131918 0.324200
v 0.229957 0.163445 -0.022841
v 0.169892 0.232659 0.031395
v 0.234201 0.188099 0.019238
v 0.269924 0.180519 0.097154
v 0.201012 0.228916 0.105876
v -0.408751 -0.017960 -0.070696
v -0.381364 -0.043782 -0.060011
v -0.428606 -0.002825 -0.056520
v -0.400202 0.089853 -0.073424
v -0.386878 0.101880 -0.058493
v -0.360357 0.124072 -0.065462
v -0.100398 0.260852 0.281224
v -0.179832 0.197995 0.315712
v -0.148588 0.192533 0.313339
v -0.199243 0.056855 0.362953
v -0.229370 0.055762 0.357214
v -0.179547 0.028470 0.366599
v -0.095835 0.135661 0.396193
v -0.106292 0.154322 0.378342
v -0.131578 0.115745 0.384503
v 0.015819 0.081001 0.398547
v 0.044996 0.043209 0.392431
v 0.126680 -0.344861 -0.068400
v 0.064190 -0.350984 -0.075516
v 0.133842 -0.343715 -0.075794
v 0.067486 -0.215561 0.126642
v 0.050617 -0.261431 0.070398
v 0.086233 -0.241911 0.108418
v -0.097128 -0.135448 0.142160
v -0.127895 -0.129765 0.117990
v -0.103230 -0.150375 0.098633
v -0.088279 -0.215906 -0.031620
v -0.149133 -0.206277 -0.042170
v -0.068037 -0.250799 -0.028153
v 0.015554 -0.147277 0.157601
v -0.030800 -0.151970 0.135596
v 0.007694 -0.171316 0.103221
v 0.044026 -0.193888 0.126542
v -0.000638 -0.201050 0.069274
v -0.072813 0.021854 0.403810
v -0.119481 0.004057 0.364902
v -0.046827 0.062801 0.415802
v -0.043314 0.122345 0.384806
v -0.090187 0.094897 0.413542
v -0.037521 0.259723 0.002972
v -0.010088 0.286880 0.046596
v 0.093912 0.273240 0.115426
v 0.259523 -0.221549 0.251329
v 0.316510 -0.215770 0.302067
v 0.253595 -0.239183 0.289973
v 0.267532 -0.179508 0.370945
v 0.291306 -0.208552 0.319229
v 0.292783 -0.189043 0.351535
v 0.342553 -0.198408 0.299017
v 0.381882 -0.168240 0.272479
v 0.362629 -0.177537 0.303941
v 0.438181 -0.142221 0.174656
v 0.444290 -0.112474 0.178095
v 0.457961 -0.106596 0.218289
v -0.434270 0.160931 0.147687
v -0.395675 0.205954 0.149600
v -0.426023 0.196915 0.085961
v -0.423311 0.149121 0.206580
v -0.394581 0.168390 0.225588
v -0.390342 0.201687 0.197985
v 0.218472 -0.189656 0.343944
v 0.162509 -0.206118 0.323807
v 0.195851 -0.214486 0.311856
v 0.080944 -0.051400 0.416846
v 0.095853 -0.077335 0.407419
v 0.128820 -0.091513 0.397106
v -0.206567 0.133229 0.347712
v -0.161465 0.155860 0.317998
v -0.190351 0.170549 0.325414
v -0.115146 0.166640 0.344916
v -0.332720 0.252962 0.075396
v -0.395192 0.222598 0.102956
v -0.389611 0.223788 0.127528
v -0.344785 0.251806 0.105546
v -0.435967 0.064454 -0.080235
v -0.443409 0.061323 -0.051127
v -0.417209 0.071369 -0.044868
v -0.453495 0.091836 0.068695
v -0.435358 0.092905 0.033349
v 0.427250 -0.073361 -0.039004
v 0.412327 -0.055323 0.000126
v 0.400899 -0.115320 -0.002632
v 0.376727 0.028307 -0.019074
v 0.365392 0.032316 -0.040877
v 0.353236 0.073188 -0.008523
v 0.203590 -0.272781 0.178778
v 0.178208 -0.262683 0.165780
v 0.213547 -0.292088 0.151965
v 0.172923 -0.288335 0.112594
v 0.126143 -0.264932 0.109848
v 0.110154 -0.296774 0.063233
v 0.074576 0.263529 0.195601
v 0.063325 0.160488 0.329092
v 0.092437 0.204473 0.287560
v 0.333240 -0.214160 0.063671
v 0.305563 -0.200734 0.135233
v 0.262513 -0.222269 0.144625
v 0.245554 -0.256721 0.161332
v 0.399724 -0.011784 -0.008955
v 0.420968 -0.054541 -0.048835
v 0.006935 0.225024 -0.079008
v -0.023981 0.223024 -0.066518
v 0.007465 0.211204 -0.064371
v -0.211133 0.254323 -0.011699
v -0.246958 0.262539 0.007904
v -0.229175 0.275196 0.032998
v -0.199749 0.234234 -0.066743
v -0.182688 0.252963 -0.078751
v -0.219200 0.225073 -0.073296
v -0.045121 -0.250067 -0.072825
v -0.043187 -0.273571 -0.050495
v -0.229840 0.297880 0.143735
v -0.184515 0.316108 0.154902
v -0.187905 0.308767 0.092243
v -0.086975 0.226085 0.290799
v -0.081268 0.344280 0.201653
v -0.118847 0.350984 0.199321
v 0.187016 -0.308508 0.060805
v 0.201662 -0.291653 0.035722
v 0.209559 -0.308822 0.086044
v 0.169400 -0.299450 0.089931
v 0.134640 -0.321816 0.037692
v 0.415001 -0.157709 0.191043
v 0.342672 -0.188092 0.162870
v 0.452364 -0.109789 0.232841
v 0.435550 -0.132908 0.203197
v 0.180749 0.155085 -0.049261
v 0.044581 0.200307 -0.050701
v 0.103683 0.199206 -0.021065
v 0.145375 0.154198 -0.080343
v 0.055060 0.193998 -0.081037
v 0.136453 0.148620 -0.076049
v 0.332945 -0.024315 0.304108
v 0.385578 -0.001635 0.271685
v 0.341467 0.010144 0.277006
v 0.379530 0.073894 0.181985
v 0.361889 0.098093 0.119044
v 0.326811 0.133770 0.113584
v 0.437427 0.031983 0.188151
v 0.399148 0.058525 0.154118
v 0.436173 0.004504 0.134224
v 0.397782 0.049616 0.130638
v 0.435328 -0.044538 0.064851
v 0.443725 -0.044700 0.103034
v 0.417534 -0.079678 0.074275
v -0.177987 0.272790 0.289489
v -0.239634 0.230627 0.295199
v -0.197264 0.219024 0.306123
v -0.367580 0.150394 0.285615
v -0.375644 0.130423 0.243397
v 0.049764 0.206522 0.319724
v 0.003636 0.133169 0.382277
v -0.180218 -0.081970 0.193769
v -0.105387 -0.104125 0.195784
v -0.130466 -0.050201 0.275197
v -0.145113 -0.098599 0.195831
v -0.147852 0.016196 0.359484
v -0.112385 0.021751 0.392824
v -0.162794 -0.051248 0.261791
v -0.384561 -0.016567 -0.041773
v -0.239639 -0.145264 -0.040518
v -0.286605 -0.095754 -0.032704
v -0.287530 -0.122386 -0.057528
v -0.289361 0.102113 0.335163
v -0.309550 0.122481 0.338707
v -0.312147 0.095637 0.292798
v -0.272668 0.073597 0.295541
v -0.255947 0.032585 0.264256
v -0.248110 0.031304 0.306486
v -0.213546 -0.075988 0.128476
v -0.257950 -0.023129 0.152872
v -0.254670 -0.066866 0.100358
v -0.275044 -0.083914 0.021284
v -0.226990 -0.106736 0.034319
v -0.262713 -0.073990 0.055682
v -0.114631 -0.156211 0.050646
v -0.151202 -0.139669 0.082799
v -0.180707 -0.145522 0.018937
v -0.222794 -0.101672 0.068167
v 0.137991 -0.182983 0.352208
v 0.079292 -0.112191 0.353637
v 0.088414 -0.154774 0.310221
v 0.181910 -0.136379 0.402266
v 0.117183 -0.116845 0.388237
v 0.149369 -0.158579 0.389096
v -0.405134 0.006014 -0.001555
v -0.430491 0.025301 -0.002007
v -0.445834 0.012673 -0.051843
v -0.429741 0.056869 -0.019494
v -0.058876 -0.144875 0.133867
v 0.041972 -0.093809 0.332944
v 0.010426 -0.103899 0.293292
v 0.235985 0.204478 0.061391
v 0.187686 0.235629 0.080270
v 0.075685 0.268535 0.049276
v 0.055252 0.280300 0.084303
v 0.132479 0.261965 0.107212
v -0.432511 0.027486 0.029351
v -0.373596 -0.013292 0.000231
v -0.379141 0.003449 0.040747
v -0.339173 -0.030987 0.007449
v -0.338976 -0.016545 0.093726
v -0.353048 -0.008480 0.055294
v -0.222191 0.241113 -0.053859
v -0.242041 0.218030 -0.065298
v -0.246941 0.244908 -0.041159
v -0.334024 0.175950 -0.049191
v -0.370806 0.119694 -0.056632
v 0.202680 0.190226 0.250635
v 0.225182 0.175230 0.224271
v 0.149651 0.229188 0.213227
v 0.129044 0.241125 0.203886
v 0.069598 0.266592 0.237454
v 0.135734 0.245118 0.258388
v 0.164936 0.116365 0.328714
v 0.184264 0.112122 0.327325
v 0.184661 -0.032970 0.376141
v 0.220090 0.048501 0.336739
v 0.186100 0.041346 0.354838
v -0.087382 0.172161 0.371481
v -0.108874 0.180329 0.326228
v -0.357158 0.235268 0.156619
v -0.302647 0.258238 0.127060
v -0.272745 0.271546 0.035646
v -0.457961 0.115928 0.115036
v -0.456907 0.074737 0.072617
v -0.450818 0.091899 0.112602
v -0.453828 0.144675 0.120526
v -0.447929 0.174867 0.084231
v 0.387606 -0.183048 0.021000
v 0.414406 -0.169990 0.073343
v 0.398593 -0.194302 0.072150
v 0.385635 -0.182251 -0.047013
v 0.385647 -0.187981 -0.011676
v 0.368336 -0.217170 -0.035720
v -0.130955 0.200266 0.311110
v -0.072485 0.196982 0.303552
v -0.090300 0.187631 0.324021
v -0.077501 0.187085 0.344442
v 0.037491 0.271300 0.241396
v -0.026584 0.306978 0.241186
v 0.033105 0.256825 0.259749
v 0.092897 0.251935 0.273703
v 0.153690 0.236769 0.253627
v 0.093184 0.234301 0.281726
v 0.125411 0.186932 0.296218
v 0.190231 -0.108358 0.398992
v 0.235730 -0.075686 0.367233
v 0.188040 -0.061854 0.377049
v 0.151580 -0.099047 0.392391
v 0.041720 -0.025611 0.414174
v 0.032424 -0.037458 0.377595
v 0.069781 -0.080084 0.372308
v 0.049256 -0.014241 0.414808
v 0.056110 0.018810 0.396785
v 0.028702 0.024742 0.399604
v -0.036329 0.027683 0.390705
v 0.017953 0.015120 0.402448
v 0.013137 -0.003483 0.384813
v 0.048714 -0.278424 0.045268
v 0.010706 -0.277420 0.011485
v 0.022007 -0.298215 -0.022693
v 0.001943 -0.262406 0.021421
v -0.005476 -0.120181 0.227831
v -0.016137 -0.064124 0.300008
v -0.032756 -0.096900 0.223345
v -0.067947 -0.065690 0.317264
v -0.072289 -0.092509 0.239688
v -0.052516 -0.093783 0.211678
v -0.040217 -0.063595 0.287499
v -0.080461 -0.069483 0.280937
v -0.091588 -0.093787 0.223929
v -0.049912 -0.124160 0.187426
v -0.072712 -0.097409 0.198524
v 0.134321 -0.329498 -0.055971
v 0.084522 -0.304251 0.019695
v 0.120392 -0.329782 -0.029688
v -0.031948 0.319758 0.155152
v 0.032929 0.283329 0.064436
v -0.019760 0.307255 0.088198
v 0.013748 0.299835 0.102796
v -0.131947 -0.175810 -0.017515
v -0.174017 -0.183162 -0.036605
v -0.227232 -0.135052 -0.016175
v 0.321816 0.141295 0.084543
v 0.330913 0.119984 0.165452
v 0.265930 0.053232 0.296901
v 0.318082 0.051377 0.272163
v 0.280836 0.102922 0.256521
v -0.046584 0.166079 0.373770
v -0.123901 0.043503 0.405831
v -0.150694 0.035273 0.381543
v -0.032074 0.041187 0.410152
v -0.083793 0.054478 0.422433
v -0.067418 0.034236 0.412631
v 0.165314 -0.233726 0.258652
v 0.126464 -0.239238 0.173381
v 0.098696 -0.220919 0.155720
v 0.155467 0.061207 0.353237
v 0.148185 0.039684 0.360373
v 0.208697 -0.173885 0.387706
v 0.187102 -0.150212 0.400720
v 0.252002 -0.128412 0.373132
v 0.249019 0.023488 0.322319
v 0.290159 0.028918 0.301126
v 0.271413 -0.084597 0.340770
v 0.440283 -0.011074 0.236225
v 0.442328 0.028121 0.211179
v 0.422721 0.032899 0.228989
v 0.358619 0.044210 0.256314
v 0.420296 -0.174395 0.118230
v 0.432098 -0.154110 0.119868
v -0.380219 0.064948 0.124343
v -0.356128 0.008349 0.086551
v -0.250454 0.189561 0.321114
v -0.270774 0.217691 0.291703
v -0.292771 0.178612 0.325002
v -0.231142 0.147001 0.338149
v -0.236586 0.112059 0.355800
v -0.080727 0.257124 -0.056450
v -0.054669 0.255068 -0.078457
v -0.093293 0.282325 -0.072060
v -0.142101 0.283784 -0.073092
v -0.140731 0.276406 -0.054962
v -0.101268 0.281583 -0.064371
v 0.115778 0.053155 0.371635
v 0.373454 -0.201308 0.013170
v 0.344106 -0.213613 0.036536
v 0.304687 -0.234759 -0.011250
v 0.343819 -0.224588 -0.037563
v 0.243284 -0.238167 0.045892
v 0.216344 -0.273799 0.029126
v 0.220461 -0.264528 -0.005587
v 0.242785 -0.243215 0.068452
v 0.228060 -0.284805 0.079949
v 0.246437 -0.240258 0.015369
v 0.275439 -0.231374 0.004764
v -0.275345 0.273341 0.059541
v -0.278900 0.268910 0.114471
v -0.229963 0.280949 0.068491
v -0.355740 0.186304 0.259903
v -0.321231 0.198014 0.288731
v -0.298139 0.219223 0.269326
v -0.325603 0.181627 0.309404
v -0.439654 0.050505 -0.081325
v -0.453288 0.048555 -0.048730
v -0.218024 0.276504 0.260046
v -0.122411 0.348903 0.229211
v -0.092734 0.346536 0.221782
v 0.414639 -0.033696 -0.014826
v 0.054976 0.240360 0.276833
v 0.015179 0.224654 0.313988
v 0.059046 0.223021 0.295176
v 0.186674 0.187410 0.276132
v 0.145603 0.223902 0.278094
v 0.153293 0.158694 0.291145
v 0.182476 0.156971 0.288959
v -0.324526 -0.070017 -0.038749
v -0.349106 -0.057167 -0.056842
v -0.344125 -0.103843 -0.056274
v -0.309013 -0.068255 0.043590
v -0.301375 -0.071937 0.004959
v -0.264896 0.132235 0.362909
v -0.262601 0.102439 0.366669
v -0.293286 0.140392 0.348101
v -0.352328 0.228317 0.207807
v -0.353204 0.202829 0.234143
v 0.025514 -0.136376 0.208990
v 0.028360 -0.119542 0.267618
v 0.010491 -0.127072 0.231651
v -0.355476 0.165796 0.295554
v -0.378127 0.159720 0.255983
v -0.333238 0.159746 0.315553
v 0.019760 0.236496 -0.013557
v 0.044617 0.192910 -0.074687
v 0.024829 0.215918 -0.079401
v 0.448427 -0.080729 0.256026
v 0.456235 -0.083538 0.236333
v 0.418218 -0.129620 0.245386
v -0.312972 0.079869 0.248089
v -0.288114 0.056051 0.239999
v -0.284775 0.022405 0.188232
v 0.040143 -0.348141 -0.065384
v 0.085258 -0.346196 -0.069976
v -0.026069 -0.272996 -0.073658
v -0.044875 -0.223333 -0.000609
v -0.161865 -0.002315 0.342785
v -0.212524 0.027840 0.351928
v -0.225306 0.013347 0.300242
v -0.244506 0.046080 0.336473
v -0.313783 0.203020 -0.042399
v -0.281719 0.212246 -0.047380
v -0.282897 0.192828 -0.060805
v -0.309407 0.241988 0.008979
v -0.272850 0.241714 -0.018703
v -0.329403 0.212147 0.000763
v -0.297578 0.270381 0.064200
v 0.402792 -0.094698 0.034597
v 0.399773 -0.155529 0.016568
v 0.323059 -0.075552 0.329150
v 0.292128 -0.120914 0.348574
v -0.311397 -0.093043 -0.047382
v -0.347073 -0.100821 -0.063410
v -0.457736 0.061013 0.048006
v -0.429398 0.084537 0.005262
v -0.438414 0.049657 0.004860
v 0.238159 0.118625 -0.064458
v 0.193815 0.142451 -0.073170
v 0.137378 0.151460 -0.067997
v 0.207294 0.134925 -0.062299
v 0.219062 0.120639 -0.071349
v 0.105491 -0.125982 0.382468
v 0.095398 -0.090050 0.395652
v 0.259456 -0.224638 0.193951
v 0.281629 -0.203062 0.162261
v 0.287042 -0.216545 0.233345
v 0.227224 -0.251466 0.259454
v 0.247022 -0.239080 0.272172
v 0.266889 -0.208031 0.334028
v 0.235874 -0.233084 0.298972
v 0.335799 0.099586 0.003064
v 0.298024 0.141233 0.017196
v 0.189041 -0.246015 0.232256
v 0.208057 -0.252484 0.239470
v 0.222663 -0.245635 0.273712
v -0.213512 0.303039 0.223742
v -0.196630 0.311810 0.251668
v -0.176636 0.332811 0.217445
v -0.124402 0.340042 0.147039
v -0.195998 0.309894 0.181847
v -0.140566 0.347146 0.203909
v 0.074796 -0.030405 0.418448
v 0.130478 -0.055487 0.397441
v 0.136717 -0.038037 0.378159
v 0.176035 0.009518 0.366535
v 0.143693 -0.013154 0.367545
v 0.093647 0.004141 0.385669
v -0.440781 0.036117 -0.018565
v -0.453408 0.033859 -0.047798
v -0.436528 0.035210 -0.082269
v -0.284586 -0.063709 0.065484
v -0.296166 -0.033885 0.118510
v -0.272652 -0.051125 0.110773
v 0.433825 -0.103437 0.144089
v 0.441932 -0.038195 0.134483
v 0.438342 -0.014785 0.116023
v -0.130355 0.325725 0.096649
v -0.157156 0.320626 0.086204
v -0.142672 0.328102 0.118374
v 0.135389 -0.257966 0.163062
v 0.308564 0.001255 0.302280
v 0.328897 0.103818 0.230721
v 0.343221 0.099316 0.193014
v 0.283908 0.135009 0.208879
v 0.418298 -0.028397 0.013732
v 0.384946 0.020713 0.054476
v 0.431342 -0.065921 0.147269
v 0.447727 -0.027605 0.161738
v 0.044137 -0.132390 0.257195
v 0.041388 -0.138946 0.206994
v -0.434239 0.153989 0.176116
v 0.328570 -0.187891 0.339362
v 0.313350 -0.169453 0.347938
v 0.260127 -0.164659 0.383772
v -0.280482 -0.004092 0.166404
v -0.253064 -0.005124 0.190802
v -0.262304 0.209069 -0.058652
v -0.254275 0.201620 -0.067119
v 0.397624 -0.152217 0.291157
v 0.399932 -0.156243 0.235364
v 0.416605 -0.102389 0.276007
v -0.262339 0.230365 0.282895
v 0.320471 -0.187607 0.178238
v 0.394115 -0.163258 0.199406
v 0.287857 0.164648 0.077205
v -0.323538 0.208690 0.250715
v -0.357140 -0.040445 -0.048596
v -0.321849 -0.058004 -0.019959
v -0.018356 -0.275907 -0.038474
v -0.008715 -0.293102 -0.057297
v 0.213440 -0.286242 -0.058044
v 0.146104 -0.335045 -0.068252
v 0.153628 -0.333298 -0.075126
v 0.245327 -0.251392 0.119886
v 0.225486 -0.276289 0.139684
v 0.181941 -0.304307 -0.073393
v -0.133000 0.134537 0.343079
v -0.131364 0.176121 0.321344
v -0.107952 0.203117 0.306981
v -0.025134 0.008770 0.363425
v -0.001736 0.026805 0.400542
v 0.006154 0.056614 0.407985
v -0.018630 0.079631 0.401684
v -0.011389 0.044872 0.417425
v -0.106677 -0.054726 0.311945
v -0.154306 -0.025567 0.310136
v 0.017223 -0.324682 -0.063343
v 0.030939 -0.335087 -0.074457
v -0.419228 0.124200 0.207208
v -0.396742 0.137458 0.235697
v -0.436890 0.120901 0.157120
v -0.441124 0.141642 0.162312
v -0.202608 -0.070139 0.153714
v -0.182822 -0.103981 0.129538
v 0.245841 -0.180495 0.367311
v 0.165880 -0.186565 0.353426
v 0.033834 -0.152991 0.170365
v 0.018704 -0.180006 0.105742
v 0.187587 0.072465 0.336331
v 0.073173 0.027990 0.385909
v -0.059661 0.243976 -0.060643
v -0.181613 0.270266 -0.034074
v 0.165477 -0.079021 0.391844
v 0.138895 -0.071887 0.396413
v 0.155768 -0.048078 0.376043
v -0.127187 0.275113 0.286005
v -0.078301 0.324676 0.243627
v -0.125857 0.320814 0.263084
v -0.165224 0.245840 0.303120
v 0.443708 -0.101078 0.256272
v 0.431185 -0.083765 0.270022
v -0.262382 0.077821 0.342814
v -0.098043 0.302601 0.046215
v -0.050749 0.309068 0.073645
v 0.241016 0.151042 0.250327
v 0.394639 0.061947 0.213372
v -0.029416 0.324634 0.196983
v -0.089785 0.340376 0.235361
v -0.049926 0.331625 0.219874
v -0.003241 0.308775 0.165241
v 0.050987 0.280960 0.144966
v 0.378166 -0.203632 0.048897
v -0.357454 -0.063495 -0.063408
v -0.154300 0.112753 0.337942
v -0.172385 0.085712 0.360525
v -0.173354 0.044917 0.375463
v -0.189946 0.020324 0.359300
v -0.427415 0.018031 -0.082462
v -0.403999 -0.015255 -0.076718
v 0.417135 -0.151707 -0.046443
v 0.429270 -0.098600 -0.049451
v -0.065347 0.216978 0.286750
v -0.003599 0.227430 0.297663
v -0.032437 0.232301 0.266722
v -0.043252 0.211561 0.290755
v 0.015196 0.238560 0.274994
v 0.000019 0.226289 0.321901
v -0.003420 0.208203 0.342582
v -0.297858 0.259872 0.036576
v -0.378116 0.147907 0.255575
v -0.376659 0.093475 0.175885
v -0.115676 0.272998 -0.051770
v -0.131517 0.284396 -0.025735
v -0.162358 0.279162 -0.072672
v -0.173085 0.264350 -0.054545
v -0.148153 0.281857 -0.036111
v -0.182977 0.252723 -0.059068
v -0.197883 0.247540 -0.043062
v 0.390909 0.035919 0.096651
v 0.374115 0.041725 0.062871
v 0.425934 -0.170471 0.166743
v -0.162295 0.335077 0.247928
v -0.009891 -0.136015 0.199599
v -0.041203 -0.179600 0.048027
v -0.077068 -0.157861 0.083861
v -0.037013 -0.180185 0.080556
v -0.424888 0.135866 0.204341
v -0.421157 0.099077 0.149080
v -0.431925 0.182526 0.062115
v 0.089575 0.231225 0.007087
v 0.089076 0.259801 0.035677
v 0.177064 0.236421 0.052158
v 0.147713 0.213462 -0.001125
v -0.249856 0.173883 0.322910
v -0.197167 0.107946 0.360690
v -0.230741 0.092602 0.361954
v -0.184263 0.075369 0.360850
v -0.145626 0.144956 0.318544
v -0.173831 0.135427 0.331303
v 0.268034 -0.246263 -0.031229
v 0.283767 -0.203004 0.125884
v 0.270085 0.163166 0.170140
v 0.411707 -0.126792 0.282710
v 0.325807 -0.207189 0.325561
v 0.265524 -0.235845 0.304636
v -0.411263 0.172847 0.022883
v -0.380910 0.133908 -0.039537
v -0.422554 0.114909 0.008050
v -0.008369 0.309418 0.230230
v -0.420236 0.086241 -0.017635
v -0.400999 0.103032 -0.034474
v -0.021580 0.234451 -0.079880
v -0.045043 -0.262155 -0.031327
v -0.011120 -0.264788 0.000192
v -0.060381 -0.067133 0.288349
v -0.012659 -0.012248 0.351203
v -0.027008 -0.041556 0.326588
v -0.033281 -0.010178 0.342362
v -0.264519 0.276650 0.156786
v 0.167707 -0.231160 0.224484
v 0.142456 -0.243545 0.208491
v 0.245173 -0.283627 -0.061883
v -0.323457 0.167988 -0.062253
v -0.318823 -0.031368 0.097997
v -0.191982 -0.124927 0.075879
v -0.133504 0.307117 0.046103
v -0.208942 0.183061 0.316842
v 0.210846 0.173311 0.267445
v 0.159289 0.228543 0.267427
v 0.436150 -0.069627 0.113225
v 0.140817 0.090828 0.352803
v 0.163854 -0.311881 0.067766
v -0.375442 0.220639 0.175083
v 0.425134 -0.041700 0.035159
v 0.429431 -0.008044 0.087079
v -0.366017 0.028925 0.094795
v -0.348596 0.074762 0.172388
v 0.171919 -0.243302 0.199717
v 0.203529 -0.265137 0.210089
v 0.218117 -0.269943 0.212031
v 0.192058 -0.295756 -0.048400
v 0.390497 0.052658 0.230774
v 0.350235 0.065174 0.250711
v 0.337876 0.088401 0.250485
v 0.001161 -0.287987 -0.076192
v -0.069985 -0.131953 0.157817
v -0.153006 -0.072818 0.236410
v -0.175207 -0.033992 0.280027
v -0.201032 -0.007218 0.292428
v -0.230489 -0.000733 0.251920
v -0.170985 0.308989 0.274891
v -0.190173 0.304591 0.271232
v 0.276296 -0.053579 0.333128
v 0.320511 -0.039286 0.312681
v 0.277229 -0.015414 0.313061
v 0.029345 0.148936 0.358651
v -0.003049 0.187578 0.356654
v -0.042544 0.204594 0.349979
v -0.055323 0.197841 0.309368
v -0.197505 -0.133539 0.026286
v -0.187469 -0.153437 -0.007627
v 0.034165 0.292426 0.108943
v -0.329681 0.136635 0.309001
v 0.095714 -0.104312 0.382267
v 0.268290 0.138357 -0.029704
v 0.229857 0.143570 -0.048373
v -0.236231 0.253726 0.288276
v -0.202942 0.275383 0.280145
v -0.266368 0.032278 0.232150
v 0.399360 -0.165543 -0.034918
v 0.062775 -0.100822 0.343850
v 0.221291 -0.149996 0.392367
v 0.005700 0.222187 -0.048079
v -0.132207 0.341867 0.252821
v -0.151558 0.331747 0.265472
v -0.084442 -0.170899 0.050302
v -0.081649 -0.194341 -0.013509
v -0.055771 -0.229664 -0.022030
v 0.184380 -0.311981 0.074527
v 0.200340 -0.308885 0.104422
v 0.423820 -0.110124 0.261468
v 0.394209 -0.165153 -0.014706
v 0.271178 -0.227748 0.043297
v 0.233770 -0.168969 0.386281
v -0.010662 -0.054913 0.324521
v 0.256199 -0.225264 0.092620
v 0.304405 -0.211971 0.089863
v -0.423768 0.196692 0.066015
v 0.195522 0.202908 0.195453
v -0.091852 0.038635 0.414546
v 0.043121 0.189380 -0.065137
v 0.203612 -0.239550 0.285459
v -0.144899 0.095844 0.373682
v 0.231349 -0.014936 0.343770
v -0.404381 0.115974 -0.018304
v 0.111873 -0.251136 0.125450
v 0.063563 -0.271809 0.069634
v 0.370425 0.012100 -0.054737
v 0.336010 0.041751 -0.060314
v -0.222133 -0.125364 0.004221
v -0.257096 0.087678 0.359920
v 0.027659 0.192042 0.328672
v 0.114387 -0.336163 -0.058852
v 0.197807 -0.287711 -0.008094
v 0.215721 -0.270730 -0.036438
v -0.015380 -0.183176 0.075501
v -0.306757 -0.079695 -0.025503
v 0.153763 -0.325102 0.034362
v 0.404703 -0.170375 -0.046937
v -0.086905 0.119356 0.401755
v -0.107934 0.103575 0.399782
v -0.157300 -0.194196 -0.052718
v 0.054225 -0.112130 0.296362
v 0.264123 0.143656 0.231763
v 0.260555 0.135003 0.245377
v -0.039617 -0.058614 0.306921
v 0.434197 -0.030066 0.066441
v 0.126526 -0.237154 0.206560
v 0.286710 0.125028 0.241236
v -0.198465 0.286465 0.028051
v -0.220059 -0.161730 -0.022230
v 0.070191 -0.143530 0.286607
v 0.072083 -0.122072 0.309229
v -0.450234 0.051863 0.055508
v 0.159505 -0.319429 0.053735
v -0.404954 0.085439 -0.044956
v -0.057914 0.236987 0.274041
v 0.429272 -0.076555 -0.049701
v 0.280843 -0.206851 0.186325
vn -0.6498 -0.7368 0.1867
vn 0.0099 -0.5946 0.8039
vn -0.1506 -0.7681 0.6224
vn -0.1526 -0.8011 0.5787
vn -0.4886 -0.7439 -0.4558
vn -0.5566 -0.7767 -0.2949
vn -0.4689 -0.8605 -0.1992
vn 0.1794 -0.9363 0.3020
vn 0.2232 -0.9294 0.2938
vn 0.3940 -0.9081 0.1419
vn 0.8539 0.4834 -0.1928
vn 0.9004 0.4202 -0.1127
vn 0.7774 0.6001 -0.1884
vn -0.6118 -0.6610 0.4345
vn -0.6655 -0.5740 0.4772
vn -0.6020 -0.5852 0.5434
vn 0.3002 0.4958 0.8149
vn 0.3204 0.3935 0.8617
vn 0.3272 0.5139 0.7930
vn -0.4362 0.8223 -0.3654
vn -0.5064 0.7720 -0.3841
vn -0.4793 0.7366 -0.4772
vn -0.4681 0.8142 -0.3434
vn -0.2904 0.9177 -0.2710
vn -0.0929 0.9511 -0.2945
vn 0.2265 0.8621 -0.4533
vn 0.3694 0.8567 -0.3601
vn 0.3789 0.8833 -0.2760
vn 0.5455 -0.8078 0.2233
vn 0.5606 -0.8246 -0.0759
vn 0.3380 -0.9411 -0.0061
vn 0.2423 0.4727 0.8473
vn 0.4161 0.3165 0.8524
vn 0.3064 0.3372 0.8902
vn -0.4986 0.7332 0.4625
vn -0.4802 0.8474 0.2265
vn -0.5254 0.7379 0.4236
vn -0.6332 -0.6602 0.4039
vn -0.4504 -0.7851 0.4252
vn -0.6086 -0.7151 0.3437
vn 0.2625 -0.9247 0.2757
vn 0.3829 -0.8107 0.4428
vn 0.2371 -0.6286 0.7407
vn 0.4369 0.8672 0.2390
vn 0.4067 0.8980 0.1678
vn 0.5150 0.8189 0.2533
vn 0.2439 0.9472 -0.2084
vn 0.1251 0.9331 -0.3370
vn 0.1279 0.9594 -0.2513
vn -0.3567 -0.7873 0.5029
vn -0.4982 -0.7170 0.4875
vn -0.4372 -0.7594 0.4818
vn 0.9297 -0.0072 -0.3683
vn 0.9849 0.0109 -0.1726
vn 0.9414 -0.1006 -0.3218
vn 0.0353 0.4888 0.8717
vn 0.0975 0.5779 0.8102
vn -0.2732 0.7687 0.5783
vn -0.5821 0.7736 0.2504
vn -0.1157 0.8130 0.5706
vn -0.3342 0.9060 0.2599
vn -0.5485 -0.0054 0.8361
vn -0.4248 0.0812 0.9017
vn -0.5581 0.4578 0.6920
vn 0.4462 0.8893 0.1006
vn 0.5112 0.8488 0.1346
vn 0.4754 0.8588 0.1910
vn 0.0686 0.4643 0.8830
vn 0.1657 0.3784 0.9107
vn 0.0516 0.4041 0.9132
vn 0.5853 0.5455 -0.5998
vn 0.4182 0.5364 -0.7331
vn 0.5085 0.6195 -0.5980
vn 0.5804 0.0004 0.8143
vn 0.4807 0.2455 0.8418
vn 0.4325 0.1354 0.8914
vn 0.9739 0.2098 -0.0870
vn 0.9951 0.0967 0.0225
vn 0.9876 0.0819 -0.1340
vn -0.9779 0.1096 -0.1778
vn -0.8808 0.1407 -0.4520
vn -0.9798 0.0120 -0.1994
vn -0.4285 0.8992 0.0884
vn -0.5032 0.8035 0.3180
vn -0.4895 0.8715 0.0303
vn 0.1633 -0.9457 0.2809
vn 0.4788 -0.8591 -0.1811
vn 0.4589 -0.8783 -0.1342
vn 0.4387 -0.8897 -0.1266
vn 0.3024 -0.8920 0.3361
vn 0.6692 -0.7054 0.2335
vn 0.8139 -0.5782 0.0573
vn -0.3192 -0.9201 0.2271
vn -0.3361 -0.8197 0.4638
vn -0.5853 -0.4677 0.6624
vn -0.5610 -0.5607 0.6090
vn -0.5321 -0.5600 0.6351
vn -0.3839 -0.8435 0.3757
vn -0.7080 -0.6630 0.2432
vn -0.3082 -0.9184 0.2479
vn 0.4594 0.1982 0.8659
vn 0.5340 0.2143 0.8179
vn 0.6581 0.3343 0.6746
vn 0.4606 0.4449 0.7681
vn 0.5342 0.4813 0.6950
vn 0.4882 0.4818 0.7277
vn 0.0571 -0.7914 0.6086
vn -0.2489 -0.6997 0.6697
vn -0.0026 -0.5026 0.8645
vn -0.6903 -0.6787 0.2506
vn -0.7185 -0.6882 0.1007
vn -0.1619 -0.9108 0.3797
vn -0.4824 -0.8032 0.3494
vn -0.4300 -0.8522 0.2980
vn -0.6939 -0.6498 0.3104
vn -0.6758 -0.6768 0.2921
vn -0.7120 -0.6194 0.3309
vn -0.2371 -0.8837 0.4036
vn 0.6978 -0.4917 0.5208
vn 0.5820 -0.2030 0.7874
vn 0.4752 0.1472 0.8675
vn 0.3379 0.7521 -0.5658
vn 0.3440 0.8280 -0.4428
vn 0.4918 0.7732 -0.4004
vn 0.5930 0.8019 0.0723
vn 0.5211 0.8457 0.1152
vn -0.6397 -0.6194 -0.4550
vn -0.5594 -0.7458 0.3618
vn -0.6248 -0.7744 0.0993
vn -0.6584 0.7515 0.0425
vn -0.6855 0.6954 -0.2154
vn -0.6598 0.5647 -0.4958
vn 0.3407 0.3407 0.8762
vn 0.0302 0.2683 0.9629
vn -0.0019 0.2915 0.9566
vn -0.1841 0.0423 0.9820
vn -0.4119 -0.3650 0.8349
vn -0.2664 -0.4598 0.8471
vn -0.1578 0.4044 0.9009
vn -0.5260 0.6030 0.5998
vn -0.7113 0.3776 0.5928
vn 0.3321 0.3074 0.8918
vn 0.3931 0.2492 0.8851
vn 0.1847 -0.9021 0.3901
vn 0.0156 -0.9509 0.3090
vn 0.3600 -0.9095 0.2077
vn -0.5316 -0.6409 0.5537
vn -0.5192 -0.6110 0.5975
vn -0.4249 -0.7063 0.5662
vn -0.1926 -0.9052 0.3789
vn -0.2862 -0.9127 0.2916
vn -0.2445 -0.9258 0.2884
vn -0.3133 -0.3220 0.8934
vn -0.5472 -0.7957 0.2599
vn -0.4360 -0.6210 0.6513
vn -0.2882 -0.8923 0.3474
vn -0.1915 -0.9080 0.3726
vn -0.3806 -0.7709 0.5108
vn -0.6213 -0.5910 0.5144
vn -0.6029 -0.5472 0.5806
vn 0.0907 -0.7827 0.6157
vn -0.1750 -0.7977 0.5771
vn 0.1651 0.1752 0.9706
vn 0.1425 0.3385 0.9301
vn -0.0937 0.3648 0.9264
vn 0.2764 0.8244 -0.4939
vn 0.1920 0.8522 -0.4866
vn 0.2827 0.9577 0.0531
vn 0.4730 -0.8762 -0.0924
vn 0.3702 -0.9254 0.0817
vn 0.1890 -0.9806 0.0521
vn 0.2108 -0.6729 0.7091
vn 0.1832 -0.7852 0.5915
vn 0.1664 -0.7419 0.6495
vn 0.5999 -0.7996 -0.0269
vn 0.5755 -0.8175 0.0215
vn 0.7204 -0.5939 0.3582
vn 0.9443 -0.3289 0.0135
vn 0.9440 -0.0802 -0.3202
vn 0.9589 -0.2834 0.0137
vn -0.7553 0.6234 0.2025
vn -0.7490 0.6244 0.2214
vn -0.7096 0.7032 0.0438
vn -0.8196 0.2335 0.5232
vn -0.6685 0.4808 0.5674
vn -0.6760 0.6419 0.3619
vn -0.0615 -0.8523 0.5194
vn -0.1169 -0.8525 0.5095
vn -0.1008 -0.7918 0.6024
vn -0.0202 -0.2495 0.9682
vn -0.1292 -0.4892 0.8625
vn 0.1151 -0.2573 0.9595
vn 0.1067 0.4669 0.8779
vn 0.1675 0.2285 0.9590
vn 0.1466 0.3812 0.9128
vn -0.6082 0.6420 0.4670
vn -0.5436 0.7910 -0.2808
vn -0.5564 0.8282 -0.0676
vn -0.6235 0.7583 0.1905
vn -0.4110 0.9111 0.0316
vn -0.7285 0.6774 -0.1024
vn -0.6375 0.7579 0.1386
vn -0.6659 0.7448 -0.0431
vn -0.9254 0.2480 -0.2865
vn -0.9016 0.2535 -0.3504
vn 0.9643 0.0834 0.2512
vn 0.9863 -0.1514 0.0655
vn 0.9664 -0.1543 0.2057
vn 0.8611 0.4538 -0.2292
vn 0.7404 0.5200 -0.4259
vn 0.7667 0.5536 -0.3251
vn -0.4117 -0.8489 0.3316
vn -0.3776 -0.8500 0.3672
vn 0.1727 -0.9411 0.2908
vn -0.4177 -0.7857 0.4564
vn -0.4217 -0.7850 0.4538
vn -0.3526 -0.7841 0.5108
vn 0.4061 0.9090 0.0940
vn 0.3710 0.5193 0.7698
vn 0.1829 0.3609 0.9145
vn 0.1876 -0.9685 0.1640
vn 0.1119 -0.9753 0.1906
vn 0.7877 -0.6160 0.0032
vn 0.8606 -0.5065 0.0523
vn 0.8160 0.5574 -0.1531
vn 0.9119 0.4045 -0.0691
vn 0.2790 0.7048 0.6523
vn 0.4113 0.8890 0.2011
vn 0.4287 0.8993 0.0862
vn -0.3020 0.8679 -0.3944
vn -0.1236 0.9040 -0.4093
vn -0.2207 0.9261 -0.3059
vn -0.4925 0.8658 -0.0886
vn -0.7408 0.6687 0.0644
vn -0.3911 0.9131 -0.1156
vn -0.6269 -0.5920 -0.5065
vn -0.5699 -0.8210 -0.0329
vn -0.4331 0.8999 0.0518
vn -0.3800 0.9250 -0.0054
vn -0.3980 0.8948 -0.2022
vn 0.2903 0.3752 0.8803
vn 0.2757 0.9600 -0.0496
vn -0.0175 0.9975 -0.0681
vn 0.3147 -0.9179 -0.2418
vn 0.6157 -0.7566 -0.2200
vn 0.5138 -0.8556 -0.0630
vn -0.3088 -0.8377 0.4505
vn -0.2481 -0.9255 0.2862
vn 0.4121 -0.8257 0.3854
vn 0.1886 -0.9281 0.3210
vn 0.7915 -0.5065 0.3420
vn 0.7066 -0.6731 0.2185
vn 0.2163 0.7162 -0.6636
vn 0.3384 0.7574 -0.5583
vn 0.2104 0.7453 -0.6327
vn 0.0712 0.5344 0.8422
vn 0.3499 0.6232 0.6995
vn 0.2465 0.9058 0.3445
vn 0.3327 0.3621 0.8708
vn 0.3873 0.3958 0.8327
vn 0.3531 0.4450 0.8230
vn 0.6207 0.7815 0.0635
vn 0.7553 0.6550 -0.0206
vn 0.6492 0.7521 0.1137
vn 0.7762 0.6173 -0.1283
vn 0.7067 0.6965 -0.1244
vn 0.8360 0.4746 -0.2754
vn 0.7841 0.5378 -0.3098
vn 0.9377 -0.2089 -0.2776
vn 0.9892 -0.1059 -0.1014
vn 0.9100 -0.2723 -0.3126
vn -0.1217 0.4170 0.9007
vn -0.2472 0.4622 0.8516
vn -0.1102 0.3491 0.9306
vn -0.8147 -0.1645 0.5561
vn -0.5824 -0.6320 0.5113
vn 0.3437 0.4938 0.7988
vn 0.2640 0.3705 0.8905
vn -0.6493 -0.6685 0.3626
vn -0.0052 -0.8798 0.4753
vn -0.3256 -0.8561 0.4012
vn -0.2303 -0.8341 0.5012
vn -0.2504 -0.6857 0.6835
vn -0.2867 -0.7161 0.6364
vn -0.3743 -0.7760 0.5077
vn -0.4770 -0.7433 0.4691
vn -0.5830 -0.7374 0.3412
vn -0.5002 -0.7107 0.4947
vn -0.4352 -0.6164 0.6562
vn -0.6028 -0.6769 0.4224
vn -0.6971 -0.3032 0.6497
vn -0.6261 -0.6910 0.3612
vn -0.6909 -0.6605 0.2939
vn -0.8123 -0.5502 0.1933
vn -0.7265 -0.6288 0.2772
vn -0.5729 -0.6916 0.4398
vn -0.4367 -0.7424 0.5080
vn -0.4762 -0.7815 0.4031
vn -0.4295 -0.8582 0.2811
vn -0.5715 -0.7701 0.2833
vn -0.4346 -0.8513 0.2938
vn -0.3186 -0.9051 0.2815
vn -0.2965 -0.9136 0.2784
vn -0.3853 -0.8625 0.3280
vn -0.5944 -0.7561 0.2737
vn -0.4381 -0.7493 0.4966
vn -0.7159 -0.5559 0.4224
vn -0.7440 -0.5611 0.3628
vn -0.0274 -0.0290 0.9992
vn -0.2350 -0.2305 0.9443
vn -0.3189 -0.5374 0.7807
vn -0.5261 -0.8266 0.2000
vn -0.7766 -0.6074 0.1672
vn -0.8339 -0.5498 -0.0479
vn -0.8767 0.4810 -0.0056
vn -0.2066 -0.9125 0.3532
vn -0.4395 -0.7434 0.5042
vn -0.5148 -0.7509 0.4137
vn 0.5576 0.8118 -0.1734
vn 0.4561 0.8863 -0.0803
vn 0.2508 0.9291 -0.2718
vn 0.2952 0.9477 -0.1210
vn 0.3417 0.9392 0.0338
vn -0.6265 -0.7542 0.1965
vn -0.5070 -0.8266 0.2441
vn -0.4998 -0.7913 0.3522
vn -0.6401 -0.7420 0.1992
vn -0.7342 -0.5708 0.3676
vn -0.6428 -0.7307 0.2302
vn -0.1582 0.8069 -0.5691
vn -0.4508 0.5808 -0.6779
vn -0.2813 0.8043 -0.5235
vn -0.5465 0.5331 -0.6459
vn -0.6427 0.5295 -0.5536
vn 0.6679 0.7246 0.1701
vn 0.5949 0.7708 0.2279
vn 0.5441 0.8369 -0.0598
vn 0.4309 0.9024 -0.0019
vn 0.2796 0.9431 0.1802
vn 0.3738 0.8953 0.2425
vn 0.2320 0.5530 0.8002
vn 0.3866 0.4750 0.7905
vn 0.1877 0.1866 0.9643
vn 0.4690 0.3608 0.8061
vn 0.2908 0.3528 0.8894
vn -0.3626 0.7106 0.6029
vn -0.2771 0.7469 0.6045
vn -0.4120 0.8940 0.1761
vn -0.3430 0.9330 0.1090
vn -0.2532 0.9315 -0.2613
vn -0.9859 -0.0535 0.1588
vn -0.9585 -0.2229 0.1779
vn -0.7469 -0.5057 0.4318
vn -0.9540 0.2561 0.1562
vn -0.8540 0.5135 -0.0843
vn 0.8407 -0.5209 -0.1476
vn 0.8812 -0.4004 -0.2515
vn 0.6190 -0.7803 -0.0893
vn 0.8012 -0.5973 0.0347
vn 0.8728 -0.4871 0.0297
vn 0.6169 -0.7817 0.0916
vn -0.0466 0.4765 0.8779
vn -0.0407 0.8152 0.5777
vn -0.1799 0.8945 0.4092
vn -0.3318 0.9312 0.1507
vn 0.2560 0.8250 0.5039
vn 0.1866 0.5771 0.7950
vn 0.0679 0.6932 0.7176
vn 0.1248 0.7571 0.6412
vn 0.5435 0.8394 0.0090
vn 0.0945 0.3858 0.9177
vn 0.2191 0.3543 0.9091
vn 0.1827 0.2216 0.9579
vn 0.4687 0.2824 0.8370
vn 0.2077 0.2650 0.9416
vn -0.0357 -0.0040 0.9994
vn -0.5243 -0.3081 0.7939
vn -0.6638 -0.5614 0.4942
vn -0.6309 -0.5854 0.5093
vn 0.0131 0.2751 0.9613
vn 0.3000 0.3542 0.8857
vn 0.1699 0.1645 0.9716
vn 0.1119 -0.8360 0.5373
vn -0.3051 -0.0635 0.9502
vn -0.6542 -0.4954 0.5716
vn -0.4270 -0.7834 0.4517
vn -0.5048 -0.7520 0.4239
vn -0.4622 -0.7834 0.4155
vn -0.6094 -0.5835 0.5368
vn -0.5208 -0.7179 0.4619
vn -0.4479 -0.7981 0.4030
vn -0.5009 -0.6920 0.5198
vn 0.0073 -0.8394 0.5435
vn 0.0273 -0.9498 0.3118
vn -0.2201 -0.8408 0.4946
vn 0.0004 -0.9443 0.3290
vn -0.2134 -0.9231 0.3200
vn -0.1529 -0.9279 0.3402
vn -0.4133 -0.7108 0.5692
vn -0.1039 -0.8713 0.4795
vn 0.3453 -0.8511 0.3956
vn -0.3526 -0.8888 0.2928
vn -0.0593 -0.9807 0.1865
vn 0.3246 0.9371 -0.1284
vn 0.2606 0.9277 -0.2672
vn 0.2388 0.9380 -0.2513
vn 0.3319 0.9324 -0.1433
vn -0.2753 -0.7543 0.5960
vn -0.3252 -0.8312 0.4510
vn -0.5828 -0.5851 0.5639
vn 0.6579 0.7503 -0.0646
vn 0.6005 0.7654 0.2312
vn 0.4838 0.4407 0.7561
vn 0.3832 0.4005 0.8323
vn 0.3142 0.4982 0.8081
vn 0.1762 0.3311 0.9270
vn -0.4236 -0.3556 0.8331
vn -0.4012 -0.5634 0.7222
vn -0.0487 -0.6160 0.7863
vn -0.0711 -0.0966 0.9928
vn 0.1364 -0.5392 0.8311
vn -0.1786 -0.9632 0.2010
vn -0.7235 -0.6399 0.2592
vn -0.6214 -0.6689 0.4079
vn 0.3258 0.2876 0.9006
vn 0.2383 0.1867 0.9531
vn 0.0259 -0.7242 0.6891
vn -0.0001 -0.2803 0.9599
vn 0.4629 0.2871 0.8386
vn 0.5268 0.2414 0.8150
vn 0.3839 0.3997 0.8324
vn 0.4171 0.2472 0.8746
vn 0.9552 0.1532 0.2534
vn 0.8519 0.4779 0.2144
vn 0.5325 0.5991 0.5979
vn 0.4119 0.4107 0.8134
vn 0.7434 -0.6678 -0.0371
vn 0.9439 -0.2966 -0.1455
vn -0.4070 -0.7486 0.5234
vn -0.7471 -0.5205 0.4134
vn -0.0153 0.3748 0.9270
vn -0.3256 0.6900 0.6465
vn -0.1831 0.5997 0.7790
vn 0.1139 0.5202 0.8464
vn 0.1990 0.3292 0.9230
vn 0.5316 0.7953 0.2915
vn 0.4915 0.6659 0.5613
vn 0.4164 0.7629 0.4945
vn -0.1132 0.9234 0.3667
vn -0.1093 0.9910 0.0769
vn 0.2302 0.8396 0.4919
vn 0.2203 0.2744 0.9360
vn 0.6618 -0.7482 0.0474
vn 0.3347 -0.9380 0.0901
vn 0.2120 -0.9518 0.2216
vn 0.3146 -0.9377 0.1473
vn 0.5765 -0.8150 -0.0584
vn 0.7770 -0.6069 -0.1672
vn 0.6734 -0.7381 0.0415
vn 0.7877 -0.6115 -0.0751
vn 0.8383 -0.5301 -0.1273
vn 0.4678 -0.8698 0.1565
vn 0.2149 -0.9445 0.2484
vn -0.1996 0.9782 -0.0572
vn -0.3925 0.9196 -0.0183
vn -0.3150 0.9357 -0.1592
vn -0.6402 0.6822 0.3531
vn -0.4615 0.7774 0.4273
vn -0.4646 0.7589 0.4563
vn -0.4541 0.6073 0.6519
vn -0.9224 0.0531 -0.3826
vn -0.9466 0.3134 0.0755
vn -0.5188 0.7309 0.4435
vn -0.0439 0.9783 0.2024
vn 0.2217 0.9562 0.1912
vn 0.9257 0.3684 -0.0863
vn -0.0101 0.7129 0.7012
vn 0.1942 0.8099 0.5536
vn 0.3055 0.6561 0.6901
vn 0.4253 0.3833 0.8199
vn 0.2890 0.5035 0.8142
vn 0.2588 0.4337 0.8631
vn 0.2832 0.4698 0.8361
vn -0.6067 -0.4712 0.6402
vn -0.5505 -0.3973 0.7342
vn -0.5981 -0.6652 0.4471
vn -0.5390 -0.8198 0.1936
vn -0.6230 -0.7676 0.1507
vn -0.0043 0.3447 0.9387
vn -0.2378 -0.1959 0.9513
vn -0.4402 0.2693 0.8566
vn -0.4913 0.7839 0.3796
vn -0.5390 0.6535 0.5314
vn -0.1582 -0.9508 0.2665
vn -0.3098 -0.8732 0.3762
vn -0.2807 -0.8980 0.3389
vn -0.6969 0.3999 0.5953
vn -0.8506 0.2989 0.4326
vn -0.6215 0.1235 0.7736
vn 0.2402 0.7979 -0.5528
vn 0.4343 0.6930 0.5755
vn 0.4272 0.5846 0.6897
vn 0.8157 0.0252 0.5780
vn 0.9791 0.0547 0.1960
vn 0.7241 -0.6247 0.2922
vn -0.5688 -0.7301 0.3787
vn -0.5699 -0.7083 0.4165
vn -0.5200 -0.6703 0.5294
vn -0.3008 -0.9013 0.3117
vn -0.0125 -0.6876 0.7260
vn -0.5624 -0.6925 -0.4518
vn -0.6337 -0.5277 0.5656
vn -0.2855 -0.7404 0.6085
vn -0.4835 -0.6370 0.6004
vn -0.5344 -0.7840 0.3159
vn -0.6945 -0.5466 0.4678
vn -0.4379 0.6425 -0.6288
vn -0.3490 0.6149 -0.7071
vn -0.3122 0.5434 -0.7793
vn -0.5435 0.7290 -0.4162
vn -0.3887 0.7898 -0.4745
vn -0.5850 0.7335 -0.3462
vn -0.2829 0.9536 -0.1031
vn 0.9744 -0.1642 -0.1534
vn 0.9596 -0.2076 -0.1898
vn 0.3719 0.2873 0.8827
vn 0.3839 0.2475 0.8896
vn -0.3137 -0.5408 0.7805
vn -0.8599 -0.4530 0.2354
vn -0.9835 -0.1326 -0.1234
vn -0.8851 0.2894 -0.3644
vn -0.9607 0.0557 -0.2719
vn 0.3431 0.5783 -0.7402
vn 0.2724 0.9204 0.2806
vn 0.2413 0.8352 -0.4942
vn 0.3752 0.7626 -0.5269
vn 0.3812 0.6776 -0.6290
vn -0.5757 -0.4080 0.7086
vn -0.4156 -0.5993 0.6841
vn 0.6487 -0.7604 -0.0326
vn 0.5043 -0.8635 0.0082
vn 0.3623 -0.9309 -0.0476
vn 0.2295 -0.9427 0.2422
vn 0.5058 -0.8510 -0.1412
vn 0.1002 -0.7675 0.6331
vn -0.1161 -0.8149 0.5679
vn 0.6658 0.6486 -0.3687
vn 0.6023 0.7324 -0.3175
vn -0.4226 -0.8948 0.1442
vn -0.3874 -0.8654 0.3179
vn -0.0021 -0.9400 0.3410
vn -0.5868 0.7957 0.1499
vn -0.6366 0.7015 0.3203
vn -0.5015 0.8640 -0.0449
vn -0.2142 0.9563 -0.1988
vn -0.4673 0.8813 -0.0701
vn -0.3205 0.9442 -0.0759
vn 0.1912 0.2277 0.9548
vn 0.4716 0.3354 0.8155
vn 0.3403 0.4248 0.8389
vn 0.0929 0.2329 0.9680
vn 0.1567 0.2317 0.9601
vn 0.3838 0.2975 0.8742
vn -0.9504 -0.0067 0.3110
vn -0.9857 -0.1682 0.0098
vn -0.8548 -0.2446 -0.4577
vn -0.2110 -0.9290 0.3039
vn -0.4410 -0.7305 0.5214
vn -0.3740 -0.7773 0.5059
vn 0.9944 0.1022 -0.0283
vn 0.9867 -0.1582 -0.0368
vn 0.9587 0.2335 -0.1625
vn -0.0192 0.9543 -0.2982
vn -0.2467 0.9385 -0.2415
vn -0.2512 0.9469 -0.2008
vn -0.4313 -0.8461 0.3132
vn 0.3453 0.3222 0.8814
vn 0.5304 0.8104 0.2490
vn 0.5728 0.7950 0.1997
vn 0.5570 0.7952 0.2398
vn 0.9135 0.3235 -0.2469
vn 0.7931 0.5770 -0.1949
vn 0.9862 -0.1263 -0.1072
vn 0.9891 -0.0500 -0.1386
vn -0.5937 -0.7374 0.3222
vn -0.4449 -0.8618 0.2436
vn -0.8705 0.3948 0.2939
vn 0.4845 -0.3129 0.8169
vn 0.5157 0.1148 0.8491
vn 0.3757 -0.1159 0.9195
vn -0.4572 -0.6825 0.5702
vn -0.5577 -0.7056 0.4371
vn -0.3441 0.5304 -0.7748
vn -0.3956 0.5214 -0.7561
vn 0.7483 -0.4989 0.4373
vn 0.6321 -0.7622 0.1399
vn 0.6289 -0.0615 0.7751
vn -0.4746 0.6253 0.6195
vn 0.3059 -0.9469 0.0995
vn 0.3313 -0.9359 0.1199
vn 0.6023 0.7842 -0.1490
vn -0.5093 0.7511 0.4200
vn -0.4944 -0.6613 0.5641
vn -0.6865 -0.6430 0.3396
vn -0.4307 -0.8040 0.4099
vn -0.6367 -0.7711 -0.0059
vn 0.3401 -0.7620 0.5511
vn 0.4500 -0.7594 0.4699
vn 0.5636 -0.7171 0.4099
vn 0.8622 -0.5047 -0.0443
vn 0.7947 -0.6070 -0.0047
vn 0.4946 -0.8366 0.2356
vn -0.7723 0.4758 0.4209
vn -0.3568 0.3719 0.8570
vn 0.0954 0.6051 0.7904
vn -0.2511 -0.7367 0.6279
vn -0.2173 -0.6646 0.7149
vn 0.3080 0.2281 0.9236
vn 0.1166 0.3938 0.9118
vn 0.0851 -0.1781 0.9803
vn -0.3730 -0.8239 0.4267
vn -0.4211 -0.7834 0.4572
vn -0.1626 -0.3219 0.9327
vn -0.5344 -0.5795 -0.6153
vn -0.6360 -0.5531 0.5381
vn -0.6163 -0.3887 0.6849
vn -0.7964 -0.4414 0.4134
vn -0.9387 -0.0203 0.3442
vn -0.7271 -0.5806 0.3664
vn -0.6440 -0.6899 0.3305
vn -0.0467 -0.8561 0.5147
vn -0.0822 -0.8444 0.5293
vn -0.5282 -0.7572 0.3843
vn -0.6523 -0.5461 0.5256
vn 0.3994 0.3759 0.8361
vn 0.3481 0.2514 0.9031
vn 0.5102 0.8411 0.1797
vn -0.5212 0.7617 -0.3850
vn 0.1626 0.2743 0.9478
vn 0.3207 0.1208 0.9394
vn 0.1961 0.2469 0.9490
vn 0.2168 0.3543 0.9097
vn 0.3010 0.4837 0.8218
vn 0.2561 0.4304 0.8655
vn 0.0447 0.3033 0.9518
vn 0.6968 -0.4019 0.5940
vn 0.5449 -0.0128 0.8384
vn -0.6989 -0.5814 0.4166
vn 0.1469 0.9231 -0.3554
vn 0.1551 0.9261 -0.3440
vn 0.6039 0.6055 0.5183
vn 0.5659 0.7817 0.2622
vn 0.4136 0.9103 -0.0179
vn 0.2840 0.7968 0.5333
vn 0.3665 0.9024 0.2266
vn 0.4354 0.8998 -0.0277
vn 0.3330 0.9422 0.0386
vn 0.4694 -0.8798 -0.0757
vn -0.4715 -0.3753 0.7980
vn -0.2145 0.6224 0.7528
vn -0.1744 0.4574 0.8720
vn -0.4764 -0.1185 0.8712
vn -0.3181 -0.6298 0.7086
vn -0.7114 -0.4812 -0.5122
vn -0.5641 -0.5384 -0.6260
vn 0.7694 -0.3426 0.5391
vn 0.8901 -0.1281 0.4373
vn 0.1468 0.6071 0.7810
vn -0.1731 0.9668 0.1882
vn -0.0524 0.5526 0.8318
vn -0.1361 0.9350 0.3275
vn -0.0613 0.7632 0.6433
vn 0.2593 0.8756 0.4075
vn 0.3966 0.6056 0.6899
vn -0.4291 0.8472 -0.3133
vn -0.8567 -0.1776 0.4843
vn -0.3626 -0.8353 0.4133
vn 0.2622 0.9376 0.2284
vn 0.1833 0.9268 -0.3278
vn -0.4528 0.8233 0.3422
vn -0.5948 0.7884 -0.1569
vn -0.1653 0.9239 -0.3450
vn -0.7026 0.6870 -0.1854
vn -0.4266 0.8169 -0.3882
vn 0.7713 0.5391 -0.3384
vn 0.9027 0.3896 -0.1827
vn 0.5798 -0.7702 0.2657
vn -0.3990 0.8711 0.2864
vn -0.2319 -0.8991 0.3713
vn -0.4358 -0.8171 0.3774
vn -0.2662 -0.9149 0.3034
vn -0.2691 -0.9303 0.2492
vn -0.8161 -0.1277 0.5637
vn -0.5052 -0.7197 0.4763
vn -0.7544 0.5025 -0.4223
vn 0.1898 0.6963 -0.6922
vn 0.2334 0.8380 -0.4933
vn 0.4084 0.8837 -0.2288
vn 0.1916 0.7152 -0.6721
vn 0.1079 0.3962 0.9118
vn 0.1229 0.3308 0.9357
vn 0.0150 0.1047 0.9944
vn -0.1732 0.2011 0.9641
vn -0.2898 0.3494 0.8910
vn 0.3410 0.4246 0.8387
vn 0.2431 -0.9236 0.2965
vn 0.3345 -0.9361 0.1087
vn 0.5630 0.7875 0.2506
vn 0.8389 -0.1911 0.5097
vn 0.3389 -0.8251 0.4521
vn 0.1510 -0.9079 0.3911
vn -0.6618 0.5082 -0.5512
vn -0.6517 0.4295 -0.6251
vn -0.8313 0.2171 -0.5117
vn 0.4242 0.7810 0.4583
vn -0.8510 0.3953 -0.3458
vn -0.7529 0.4391 -0.4902
vn 0.3570 0.6869 0.6331
vn -0.4053 -0.7184 0.5654
vn -0.6104 -0.6585 0.4403
vn 0.1160 -0.9618 0.2478
vn -0.4994 -0.5140 0.6974
vn -0.1974 -0.5662 0.8002
vn -0.1388 -0.5733 0.8075
vn -0.4780 0.8781 0.0190
vn -0.2022 -0.9613 0.1872
vn -0.1376 -0.9516 0.2747
vn 0.1418 -0.3770 0.9153
vn -0.4492 0.5111 -0.7328
vn -0.5496 -0.7067 0.4456
vn -0.5227 -0.8026 0.2875
vn -0.0016 0.9551 -0.2962
vn -0.0063 0.3725 0.9280
vn 0.6217 0.4958 0.6064
vn 0.5291 0.6861 0.4993
vn 0.9816 -0.1617 -0.1017
vn 0.2825 0.3945 0.8744
vn -0.0876 -0.8952 0.4369
vn -0.5994 0.7769 0.1927
vn 0.9453 -0.1726 -0.2770
vn 0.8054 0.5344 -0.2562
vn -0.5969 -0.6065 0.5252
vn -0.6005 -0.7108 0.3662
vn -0.2853 -0.8825 0.3740
vn -0.4459 -0.8389 0.3122
vn 0.1927 -0.9512 0.2410
vn 0.5503 -0.8272 0.1134
vn 0.4559 0.6604 0.5967
vn 0.6924 0.4218 0.5854
vn 0.4679 0.5706 0.6749
vn -0.6210 -0.6117 -0.4902
vn -0.1475 -0.9275 0.3436
vn -0.2687 -0.8162 0.5115
vn -0.4563 -0.7680 0.4494
vn -0.5314 -0.7441 0.4049
vn -0.7093 -0.6510 0.2704
vn -0.1876 0.5338 0.8246
vn -0.4761 0.5808 0.6603
vn 0.3866 0.3224 0.8641
vn 0.2805 0.3599 0.8898
vn 0.3785 0.2905 0.8788
vn 0.4565 0.4307 0.7785
vn 0.3598 0.4666 0.8080
vn -0.3244 0.8651 0.3825
vn -0.4295 0.8217 0.3746
vn -0.5363 -0.7959 0.2809
vn -0.4694 -0.7147 0.5185
vn 0.4296 0.9014 -0.0533
vn -0.7404 -0.4274 0.5188
vn -0.6380 -0.4668 0.6125
vn 0.4745 0.7034 -0.5292
vn 0.2965 0.6785 -0.6721
vn -0.2934 0.5399 0.7889
vn -0.4110 0.5475 0.7289
vn -0.6631 -0.6640 0.3456
vn 0.7908 -0.4950 0.3600
vn -0.5958 -0.6743 0.4362
vn 0.2979 0.0252 0.9543
vn 0.3098 0.8167 -0.4869
vn 0.0480 0.8364 0.5460
vn -0.1322 0.6679 0.7324
vn -0.2881 -0.8843 0.3674
vn -0.4269 -0.6757 0.6010
vn -0.5081 -0.4819 0.7139
vn -0.0291 -0.9980 0.0569
vn -0.0376 -0.9554 0.2930
vn 0.6702 -0.5342 0.5152
vn 0.9578 -0.2661 0.1091
vn 0.3480 -0.9295 0.1222
vn 0.1542 -0.5316 0.8329
vn -0.4930 -0.6423 0.5869
vn 0.7040 -0.7084 0.0515
vn 0.1034 -0.9663 0.2359
vn -0.6484 0.6914 -0.3187
vn 0.5215 0.8194 0.2380
vn -0.2030 -0.4784 0.8544
vn 0.4513 0.8826 -0.1316
vn -0.2467 -0.8670 0.4329
vn -0.6862 0.4684 0.5566
vn 0.4923 0.2905 0.8205
vn -0.7805 0.3873 -0.4907
vn -0.5680 -0.7573 0.3223
vn -0.3978 -0.7053 0.5868
vn 0.6911 0.5076 -0.5145
vn 0.5010 0.4828 -0.7182
vn -0.5868 -0.6932 0.4184
vn -0.4139 -0.4778 0.7749
vn 0.4089 0.5334 0.7404
vn -0.0032 -0.8442 0.5361
vn 0.6871 -0.7263 -0.0209
vn 0.5919 -0.7732 0.2275
vn -0.3390 -0.8258 0.4508
vn -0.6075 -0.6846 0.4028
vn 0.2010 -0.9784 0.0473
vn 0.5944 -0.6191 0.5132
vn 0.0611 0.3797 0.9231
vn 0.1005 0.8429 0.5286
vn -0.6172 -0.7558 -0.2188
vn -0.4752 -0.7687 0.4282
vn 0.5533 0.7487 0.3651
vn 0.5263 0.5775 0.6241
vn 0.1183 -0.9118 0.3932
vn 0.9361 0.2538 -0.2436
vn -0.5709 -0.8088 0.1412
vn 0.3388 0.9408 0.0067
vn -0.3825 0.8803 -0.2807
vn -0.5376 -0.7050 0.4625
vn -0.7421 -0.5321 0.4077
vn -0.7472 -0.5580 0.3610
vn -0.6764 -0.6667 0.3130
vn 0.1289 -0.9419 0.3101
vn -0.7582 0.5939 -0.2692
vn 0.3528 0.3483 0.8685
vn 0.9796 0.1414 0.1429
vn 0.5249 -0.8264 -0.2037
vt 0.981950 0.614050
vt 0.975620 0.617130
vt 0.976420 0.611560
vt 0.969660 0.624560
vt 0.996690 0.579040
vt 0.988600 0.574800
vt 0.991540 0.552960
vt 0.860600 0.643160
vt 0.867110 0.646940
vt 0.863260 0.651790
vt 0.799210 0.606330
vt 0.786330 0.616270
vt 0.786170 0.600610
vt 0.919580 0.484420
vt 0.925020 0.473660
vt 0.933800 0.484420
vt 0.851460 0.544230
vt 0.850910 0.549380
vt 0.839730 0.547640
vt 0.871860 0.441380
vt 0.866010 0.433650
vt 0.878650 0.429690
vt 0.814310 0.448450
vt 0.816250 0.459410
vt 0.805960 0.457850
vt 0.795200 0.479260
vt 0.778310 0.480470
vt 0.788050 0.467210
vt 0.954080 0.643780
vt 0.941150 0.639650
vt 0.949590 0.634020
vt 0.849580 0.553600
vt 0.861060 0.545640
vt 0.863610 0.550200
vt 0.858840 0.478590
vt 0.852920 0.473160
vt 0.860960 0.472010
vt 0.900910 0.483150
vt 0.904880 0.471350
vt 0.911310 0.479080
vt 0.908490 0.670480
vt 0.926110 0.659570
vt 0.928210 0.665310
vt 0.795700 0.543950
vt 0.805760 0.538140
vt 0.802760 0.555320
vt 0.810230 0.491540
vt 0.809670 0.477770
vt 0.817800 0.483700
vt 0.914780 0.461560
vt 0.913290 0.452680
vt 0.932820 0.455990
vt 0.833300 0.651100
vt 0.837580 0.643200
vt 0.848030 0.654870
vt 0.859950 0.523930
vt 0.852420 0.526010
vt 0.858370 0.522240
vt 0.847570 0.518740
vt 0.849890 0.525010
vt 0.845680 0.523390
vt 0.889980 0.519250
vt 0.884490 0.525780
vt 0.884730 0.516450
vt 0.808680 0.518460
vt 0.820000 0.510640
vt 0.817840 0.520100
vt 0.830060 0.516280
vt 0.834000 0.507500
vt 0.836210 0.511330
vt 0.772930 0.615580
vt 0.754990 0.590190
vt 0.764230 0.589620
vt 0.861170 0.614850
vt 0.854840 0.603640
vt 0.864030 0.606910
vt 0.823130 0.621500
vt 0.833100 0.620300
vt 0.836580 0.627620
vt 0.895420 0.443140
vt 0.900420 0.433770
vt 0.900790 0.444570
vt 0.859950 0.459950
vt 0.864670 0.468660
vt 0.852120 0.468820
vt 0.877290 0.646460
vt 0.881270 0.623570
vt 0.882710 0.633090
vt 0.872040 0.626040
vt 0.910090 0.620990
vt 0.910740 0.625440
vt 0.901610 0.627680
vt 0.961760 0.619920
vt 0.969380 0.607570
vt 0.896270 0.550960
vt 0.903530 0.556710
vt 0.897750 0.559800
vt 0.906260 0.595170
vt 0.919380 0.584410
vt 0.914910 0.599220
vt 0.848660 0.608160
vt 0.844000 0.615560
vt 0.833980 0.612830
vt 0.840820 0.569070
vt 0.830770 0.571000
vt 0.831510 0.562720
vt 0.895760 0.539530
vt 0.906330 0.527660
vt 0.902290 0.539290
vt 0.930730 0.578230
vt 0.923130 0.590170
vt 0.946070 0.536680
vt 0.944760 0.526690
vt 0.953220 0.526440
vt 0.930650 0.516530
vt 0.923860 0.502080
vt 0.937280 0.511760
vt 0.904200 0.601230
vt 0.873300 0.613530
vt 0.866950 0.613520
vt 0.863590 0.609400
vt 0.763520 0.565810
vt 0.776190 0.542930
vt 0.772440 0.563890
vt 0.788950 0.572260
vt 0.789870 0.552100
vt 0.950920 0.435060
vt 0.958140 0.447420
vt 0.942880 0.435350
vt 0.913790 0.412020
vt 0.903870 0.415620
vt 0.892080 0.410150
vt 0.844690 0.504320
vt 0.864680 0.499980
vt 0.861980 0.504890
vt 0.893100 0.512100
vt 0.896030 0.507730
vt 0.896860 0.517340
vt 0.870710 0.523350
vt 0.867900 0.519600
vt 0.876610 0.519020
vt 0.869330 0.543070
vt 0.872160 0.550300
vt 0.966210 0.638100
vt 0.980850 0.626720
vt 0.967910 0.642350
vt 0.942150 0.590810
vt 0.954800 0.597910
vt 0.943210 0.599380
vt 0.949160 0.544100
vt 0.954510 0.536580
vt 0.958520 0.544760
vt 0.982340 0.561710
vt 0.988740 0.543390
vt 0.984980 0.574010
vt 0.940180 0.569910
vt 0.947570 0.560890
vt 0.950900 0.573060
vt 0.944300 0.583100
vt 0.958920 0.577080
vt 0.888810 0.534730
vt 0.898820 0.528660
vt 0.879240 0.536290
vt 0.867360 0.531600
vt 0.877380 0.527590
vt 0.783250 0.485430
vt 0.790100 0.495120
vt 0.795480 0.525090
vt 0.893820 0.619780
vt 0.881060 0.615750
vt 0.893600 0.612310
vt 0.880280 0.600560
vt 0.883250 0.610550
vt 0.878910 0.605640
vt 0.875300 0.617470
vt 0.866910 0.622710
vt 0.869830 0.616920
vt 0.851460 0.637890
vt 0.845110 0.635020
vt 0.846740 0.628700
vt 0.893000 0.453500
vt 0.880160 0.453380
vt 0.884680 0.442490
vt 0.894500 0.463430
vt 0.889080 0.466990
vt 0.881840 0.461480
vt 0.890460 0.598590
vt 0.900640 0.594200
vt 0.898390 0.600560
vt 0.883240 0.563890
vt 0.885690 0.568300
vt 0.883780 0.573770
vt 0.879630 0.503520
vt 0.869360 0.506240
vt 0.870620 0.501280
vt 0.864420 0.514250
vt 0.858610 0.442930
vt 0.875970 0.445270
vt 0.875660 0.449530
vt 0.862960 0.447480
vt 0.928980 0.415110
vt 0.924340 0.425690
vt 0.916010 0.423890
vt 0.910450 0.443440
vt 0.909650 0.435730
vt 0.814470 0.658170
vt 0.815050 0.649100
vt 0.832840 0.661210
vt 0.787880 0.626170
vt 0.781020 0.625090
vt 0.779790 0.611590
vt 0.915240 0.619520
vt 0.921350 0.615170
vt 0.917330 0.625400
vt 0.929790 0.621520
vt 0.937560 0.610210
vt 0.947460 0.615530
vt 0.811330 0.526460
vt 0.845620 0.541290
vt 0.832770 0.539670
vt 0.882900 0.657220
vt 0.887700 0.644080
vt 0.899370 0.637670
vt 0.906820 0.630430
vt 0.798900 0.638850
vt 0.805540 0.655680
vt 0.755950 0.490740
vt 0.766490 0.485740
vt 0.762260 0.495780
vt 0.822000 0.440240
vt 0.832970 0.438860
vt 0.829430 0.445970
vt 0.813680 0.430750
vt 0.803360 0.430920
vt 0.816710 0.424380
vt 0.996260 0.585410
vt 0.986220 0.585940
vt 0.840230 0.464620
vt 0.832740 0.471880
vt 0.825660 0.462850
vt 0.848310 0.509640
vt 0.823950 0.494080
vt 0.827740 0.487750
vt 0.933130 0.633260
vt 0.931200 0.641470
vt 0.926340 0.633010
vt 0.933440 0.624530
vt 0.946980 0.626050
vt 0.859100 0.636610
vt 0.877280 0.641210
vt 0.848460 0.626880
vt 0.852830 0.633060
vt 0.756180 0.552540
vt 0.761500 0.508530
vt 0.764250 0.526570
vt 0.743390 0.539540
vt 0.748590 0.508890
vt 0.746860 0.538140
vt 0.846340 0.597460
vt 0.837380 0.604360
vt 0.837940 0.596400
vt 0.813560 0.602250
vt 0.800210 0.600510
vt 0.795320 0.589420
vt 0.821500 0.614500
vt 0.811400 0.609510
vt 0.817710 0.624320
vt 0.808380 0.613120
vt 0.818020 0.640920
vt 0.822870 0.636620
vt 0.828010 0.647230
vt 0.852370 0.492230
vt 0.864820 0.487220
vt 0.862910 0.495010
vt 0.890660 0.477560
vt 0.897350 0.473820
vt 0.839900 0.534070
vt 0.861030 0.536850
vt 0.937760 0.521370
vt 0.937370 0.538830
vt 0.919930 0.529830
vt 0.938260 0.530100
vt 0.898920 0.523190
vt 0.892540 0.528610
vt 0.922970 0.523700
vt 0.950300 0.448050
vt 0.984000 0.503460
vt 0.971880 0.484070
vt 0.981310 0.483900
vt 0.894540 0.494530
vt 0.891110 0.490710
vt 0.900170 0.488780
vt 0.904090 0.496270
vt 0.913770 0.500380
vt 0.907180 0.504780
vt 0.948540 0.510450
vt 0.937520 0.497310
vt 0.951240 0.498700
vt 0.964570 0.489380
vt 0.968170 0.505950
vt 0.959280 0.494210
vt 0.968680 0.543550
vt 0.962390 0.531640
vt 0.974630 0.524110
vt 0.961500 0.508420
vt 0.898230 0.586630
vt 0.898780 0.570540
vt 0.907760 0.578070
vt 0.883050 0.584740
vt 0.889420 0.575210
vt 0.890450 0.583810
vt 0.939070 0.446740
vt 0.931020 0.439710
vt 0.936960 0.432350
vt 0.921160 0.430820
vt 0.949270 0.553960
vt 0.903860 0.563620
vt 0.913650 0.560720
vt 0.781160 0.562090
vt 0.785350 0.547960
vt 0.783850 0.517760
vt 0.791870 0.514090
vt 0.792080 0.534040
vt 0.928540 0.444860
vt 0.946940 0.455270
vt 0.939380 0.458190
vt 0.953310 0.465610
vt 0.940510 0.474930
vt 0.942790 0.466230
vt 0.822430 0.431310
vt 0.827950 0.422280
vt 0.831090 0.430890
vt 0.869060 0.417170
vt 0.894690 0.414530
vt 0.818530 0.557560
vt 0.813750 0.563090
vt 0.811190 0.544030
vt 0.809870 0.538740
vt 0.819580 0.527550
vt 0.819820 0.541240
vt 0.841790 0.559630
vt 0.840370 0.562740
vt 0.866000 0.575750
vt 0.846980 0.573630
vt 0.852980 0.569390
vt 0.863220 0.520530
vt 0.860250 0.512230
vt 0.869890 0.455590
vt 0.855240 0.453970
vt 0.840760 0.441280
vt 0.904350 0.450000
vt 0.914250 0.445620
vt 0.909660 0.451550
vt 0.898070 0.449490
vt 0.891390 0.442650
vt 0.859610 0.663100
vt 0.853540 0.656350
vt 0.862310 0.656880
vt 0.853660 0.676170
vt 0.859940 0.667760
vt 0.872540 0.672160
vt 0.858770 0.506620
vt 0.851490 0.514340
vt 0.856950 0.514170
vt 0.857880 0.518130
vt 0.822360 0.522040
vt 0.826250 0.508700
vt 0.827210 0.523620
vt 0.824920 0.534510
vt 0.818680 0.544730
vt 0.827990 0.536430
vt 0.832570 0.546540
vt 0.878100 0.583120
vt 0.866760 0.586460
vt 0.870320 0.578650
vt 0.881790 0.577390
vt 0.884330 0.556590
vt 0.891930 0.556150
vt 0.893960 0.565490
vt 0.881570 0.556310
vt 0.874710 0.553850
vt 0.878120 0.549800
vt 0.887060 0.540790
vt 0.881570 0.549470
vt 0.887510 0.550350
vt 0.959500 0.601760
vt 0.970300 0.595550
vt 0.974010 0.603500
vt 0.969420 0.590520
vt 0.927610 0.560580
vt 0.911230 0.551850
vt 0.928230 0.553130
vt 0.911550 0.541820
vt 0.927170 0.543960
vt 0.931170 0.549320
vt 0.914880 0.547950
vt 0.918660 0.540480
vt 0.931010 0.540620
vt 0.937850 0.552980
vt 0.934810 0.545780
vt 0.960050 0.637380
vt 0.958360 0.615280
vt 0.958710 0.630650
vt 0.811770 0.499150
vt 0.790000 0.507250
vt 0.799420 0.495920
vt 0.798740 0.504940
vt 0.979670 0.542630
vt 0.985730 0.531500
vt 0.978930 0.507160
vt 0.789280 0.588580
vt 0.805930 0.589250
vt 0.838260 0.580720
vt 0.832410 0.589280
vt 0.825240 0.579080
vt 0.860540 0.526970
vt 0.888570 0.525720
vt 0.893280 0.521570
vt 0.882200 0.540030
vt 0.883340 0.531230
vt 0.885840 0.534930
vt 0.909880 0.602180
vt 0.928180 0.601790
vt 0.934010 0.595520
vt 0.853120 0.563440
vt 0.857820 0.564320
vt 0.885560 0.592270
vt 0.884310 0.586870
vt 0.873290 0.593490
vt 0.846660 0.580390
vt 0.840770 0.586490
vt 0.862860 0.593090
vt 0.833450 0.615260
vt 0.825200 0.613150
vt 0.826630 0.608770
vt 0.829670 0.596860
vt 0.856570 0.649140
vt 0.850730 0.647310
vt 0.920760 0.465070
vt 0.936050 0.468420
vt 0.873310 0.491120
vt 0.869690 0.483670
vt 0.879810 0.487380
vt 0.878870 0.498760
vt 0.886170 0.502040
vt 0.780900 0.468520
vt 0.767330 0.470660
vt 0.779450 0.458530
vt 0.791450 0.445460
vt 0.796810 0.451510
vt 0.784390 0.458960
vt 0.860200 0.558590
vt 0.868390 0.662920
vt 0.879900 0.660330
vt 0.898150 0.664640
vt 0.884640 0.671650
vt 0.912800 0.651170
vt 0.926190 0.646320
vt 0.926640 0.651660
vt 0.911730 0.647400
vt 0.920630 0.638750
vt 0.914750 0.654740
vt 0.905770 0.659180
vt 0.843030 0.445170
vt 0.848520 0.453960
vt 0.833010 0.451930
vt 0.882780 0.473080
vt 0.878220 0.479300
vt 0.871190 0.477770
vt 0.882300 0.482240
vt 0.933400 0.416890
vt 0.928130 0.427800
vt 0.853590 0.482870
vt 0.832060 0.490400
vt 0.828050 0.494160
vt 0.806740 0.645260
vt 0.829860 0.529450
vt 0.840560 0.527570
vt 0.833920 0.532820
vt 0.824240 0.555360
vt 0.824060 0.545240
vt 0.832990 0.553640
vt 0.829980 0.558160
vt 0.966470 0.468780
vt 0.963980 0.458130
vt 0.974650 0.465770
vt 0.957090 0.481100
vt 0.963410 0.479370
vt 0.885870 0.496710
vt 0.890380 0.499550
vt 0.886710 0.491790
vt 0.873260 0.464170
vt 0.878650 0.469000
vt 0.929910 0.568670
vt 0.918240 0.565800
vt 0.926330 0.564130
vt 0.887100 0.478810
vt 0.890050 0.472610
vt 0.886850 0.483480
vt 0.772950 0.501000
vt 0.753230 0.507070
vt 0.753060 0.496930
vt 0.845740 0.621060
vt 0.844200 0.624180
vt 0.856290 0.625840
vt 0.908350 0.486440
vt 0.913620 0.491490
vt 0.925420 0.490910
vt 0.980690 0.618410
vt 0.974380 0.629320
vt 0.993380 0.593360
vt 0.975840 0.573210
vt 0.904290 0.521990
vt 0.900140 0.512140
vt 0.910390 0.509400
vt 0.900770 0.505530
vt 0.857310 0.420350
vt 0.845360 0.422460
vt 0.846910 0.415720
vt 0.851360 0.432030
vt 0.840290 0.430570
vt 0.860620 0.427560
vt 0.848670 0.443980
vt 0.829020 0.654270
vt 0.848080 0.662480
vt 0.856940 0.599900
vt 0.867450 0.599020
vt 0.973020 0.474710
vt 0.976450 0.462490
vt 0.917950 0.442440
vt 0.912620 0.431400
vt 0.923420 0.436520
vt 0.752770 0.575160
vt 0.746710 0.556730
vt 0.750810 0.539000
vt 0.751950 0.562660
vt 0.747910 0.568760
vt 0.892630 0.575080
vt 0.888680 0.569660
vt 0.897540 0.628970
vt 0.892250 0.637280
vt 0.889330 0.624920
vt 0.901370 0.613460
vt 0.896000 0.614230
vt 0.885710 0.606310
vt 0.895210 0.608580
vt 0.777120 0.602150
vt 0.774480 0.585730
vt 0.910320 0.609660
vt 0.906750 0.612650
vt 0.900180 0.610840
vt 0.846360 0.477780
vt 0.846150 0.483680
vt 0.838280 0.481780
vt 0.821490 0.480660
vt 0.838170 0.473810
vt 0.831060 0.485120
vt 0.880950 0.561010
vt 0.877500 0.570580
vt 0.872200 0.569960
vt 0.859710 0.570840
vt 0.866980 0.568500
vt 0.871150 0.560150
vt 0.928320 0.434640
vt 0.931420 0.429870
vt 0.938040 0.418770
vt 0.954960 0.488630
vt 0.942360 0.487810
vt 0.946990 0.493880
vt 0.840170 0.639180
vt 0.825440 0.631660
vt 0.818590 0.629770
vt 0.815840 0.473660
vt 0.819040 0.467580
vt 0.820940 0.473980
vt 0.928140 0.606780
vt 0.843810 0.591660
vt 0.818750 0.587760
vt 0.812530 0.592500
vt 0.812730 0.577750
vt 0.808500 0.641820
vt 0.798500 0.625030
vt 0.832570 0.634630
vt 0.827140 0.626830
vt 0.919640 0.570180
vt 0.929290 0.572090
vt 0.894640 0.458190
vt 0.874570 0.610070
vt 0.873340 0.606130
vt 0.878840 0.597470
vt 0.932200 0.492160
vt 0.929570 0.499170
vt 0.837580 0.420470
vt 0.833430 0.417470
vt 0.862580 0.619370
vt 0.862450 0.628920
vt 0.852500 0.618300
vt 0.866470 0.482880
vt 0.882040 0.637570
vt 0.864110 0.635200
vt 0.785950 0.578610
vt 0.874750 0.473410
vt 0.958570 0.456130
vt 0.962250 0.470170
vt 0.980940 0.591230
vt 0.984250 0.598170
vt 0.940380 0.657180
vt 0.961920 0.642500
vt 0.963220 0.646650
vt 0.908860 0.637820
vt 0.914270 0.630240
vt 0.953830 0.653850
vt 0.871590 0.513280
vt 0.863190 0.509180
vt 0.855330 0.509370
vt 0.892420 0.544300
vt 0.882300 0.545820
vt 0.875020 0.543960
vt 0.873020 0.538650
vt 0.879220 0.542460
vt 0.912910 0.534570
vt 0.912060 0.524290
vt 0.981900 0.609870
vt 0.986700 0.616670
vt 0.899220 0.465230
vt 0.895690 0.470060
vt 0.902560 0.457570
vt 0.897800 0.456600
vt 0.943710 0.513370
vt 0.951100 0.520790
vt 0.883600 0.598710
vt 0.895360 0.590650
vt 0.936840 0.573700
vt 0.949800 0.576450
vt 0.846500 0.566930
vt 0.870280 0.555280
vt 0.775000 0.474770
vt 0.810840 0.444800
vt 0.876800 0.577210
vt 0.879190 0.573200
vt 0.871780 0.573300
vt 0.846310 0.499300
vt 0.830890 0.499890
vt 0.838780 0.494680
vt 0.855530 0.497030
vt 0.849240 0.622660
vt 0.848170 0.618390
vt 0.896410 0.500580
vt 0.802510 0.473890
vt 0.800430 0.487480
vt 0.820090 0.568020
vt 0.820480 0.603220
vt 0.818570 0.503270
vt 0.829900 0.496180
vt 0.824080 0.501510
vt 0.810910 0.506260
vt 0.803360 0.517350
vt 0.868600 0.659070
vt 0.966090 0.454500
vt 0.876980 0.511490
vt 0.884950 0.512940
vt 0.892940 0.517270
vt 0.899430 0.516230
vt 0.943340 0.421770
vt 0.952760 0.431720
vt 0.839120 0.672930
vt 0.820010 0.666040
vt 0.846410 0.513260
vt 0.839630 0.523150
vt 0.838770 0.516050
vt 0.844780 0.516970
vt 0.833340 0.523250
vt 0.843050 0.526100
vt 0.847930 0.528020
vt 0.848020 0.438530
vt 0.892690 0.473480
vt 0.911000 0.469560
vt 0.790560 0.458970
vt 0.798610 0.458010
vt 0.797000 0.440560
vt 0.806100 0.442650
vt 0.801710 0.452810
vt 0.809040 0.437970
vt 0.815720 0.437310
vt 0.803790 0.618370
vt 0.796070 0.618380
vt 0.857370 0.641200
vt 0.839650 0.487040
vt 0.933970 0.561830
vt 0.965350 0.565200
vt 0.960350 0.552500
vt 0.959030 0.564720
vt 0.897110 0.463670
vt 0.908560 0.459730
vt 0.888140 0.438360
vt 0.772700 0.521610
vt 0.780320 0.521000
vt 0.780160 0.544780
vt 0.768750 0.538390
vt 0.875610 0.493030
vt 0.883850 0.507510
vt 0.889510 0.504630
vt 0.888160 0.512450
vt 0.869770 0.509110
vt 0.874800 0.506920
vt 0.914200 0.662760
vt 0.893360 0.643800
vt 0.803690 0.573140
vt 0.857150 0.619420
vt 0.877650 0.612790
vt 0.890370 0.611260
vt 0.887040 0.430950
vt 0.891820 0.419410
vt 0.903200 0.429220
vt 0.822600 0.510380
vt 0.911480 0.427380
vt 0.904200 0.421930
vt 0.760350 0.481590
vt 0.982680 0.581770
vt 0.974400 0.588880
vt 0.916220 0.544120
vt 0.896020 0.547650
vt 0.904730 0.547940
vt 0.898480 0.544570
vt 0.849290 0.462230
vt 0.914500 0.605720
vt 0.920460 0.603040
vt 0.934580 0.664440
vt 0.868040 0.411590
vt 0.943440 0.480890
vt 0.962890 0.519430
vt 0.809110 0.466400
vt 0.869940 0.497320
vt 0.822420 0.560520
vt 0.821180 0.546640
vt 0.829620 0.639540
vt 0.850300 0.558620
vt 0.937420 0.627370
vt 0.875880 0.457970
vt 0.814330 0.643150
vt 0.813000 0.631490
vt 0.930880 0.465960
vt 0.916480 0.474520
vt 0.917440 0.609460
vt 0.911060 0.616090
vt 0.908500 0.618490
vt 0.943680 0.650450
vt 0.824410 0.602340
vt 0.826280 0.593980
vt 0.823410 0.589890
vt 0.992420 0.601980
vt 0.944790 0.549790
vt 0.929190 0.526800
vt 0.918340 0.520670
vt 0.913630 0.514610
vt 0.919650 0.506830
vt 0.845900 0.489700
vt 0.848050 0.487030
vt 0.857210 0.591110
vt 0.850210 0.596760
vt 0.849610 0.588320
vt 0.853900 0.538510
vt 0.852010 0.530400
vt 0.853050 0.523240
vt 0.850100 0.517010
vt 0.972870 0.517540
vt 0.978950 0.522650
vt 0.798080 0.510320
vt 0.891530 0.484880
vt 0.891870 0.571400
vt 0.764670 0.579650
vt 0.758040 0.568450
vt 0.860700 0.485290
vt 0.853880 0.487640
vt 0.918430 0.496410
vt 0.847810 0.670600
vt 0.901000 0.567160
vt 0.880610 0.591230
vt 0.767510 0.495990
vt 0.836360 0.491430
vt 0.840450 0.490290
vt 0.967720 0.553110
vt 0.977620 0.559200
vt 0.979830 0.572270
vt 0.932480 0.630360
vt 0.926010 0.629050
vt 0.852900 0.621700
vt 0.850070 0.667180
vt 0.904250 0.654700
vt 0.882190 0.594780
vt 0.905540 0.551700
vt 0.904340 0.645930
vt 0.890600 0.652030
vt 0.884350 0.439050
vt 0.807690 0.554800
vt 0.886730 0.530870
vt 0.757190 0.508250
vt 0.901370 0.606360
vt 0.881010 0.517030
vt 0.856020 0.581080
vt 0.900540 0.424280
vt 0.937220 0.604430
vt 0.953290 0.602130
vt 0.781230 0.632620
vt 0.768210 0.618390
vt 0.974990 0.508170
vt 0.892740 0.501340
vt 0.845060 0.533360
vt 0.965100 0.633120
vt 0.935950 0.646830
vt 0.932670 0.654520
vt 0.958300 0.570700
vt 0.967910 0.476410
vt 0.943940 0.630450
vt 0.846520 0.674940
vt 0.872740 0.525920
vt 0.876830 0.523840
vt 0.992240 0.537610
vt 0.910860 0.568290
vt 0.816750 0.572990
vt 0.820110 0.572990
vt 0.910800 0.547210
vt 0.815010 0.638320
vt 0.922430 0.599750
vt 0.820010 0.578490
vt 0.821100 0.450840
vt 0.983670 0.513480
vt 0.912870 0.574790
vt 0.907780 0.571540
vt 0.920250 0.445220
vt 0.940180 0.628880
vt 0.910200 0.421680
vt 0.841830 0.512250
vt 0.813050 0.661930
vt 0.891810 0.632810
s 1
f 1/1/1 2/2/2 3/3/3
f 4/4/4 3/3/3 2/2/2
f 5/5/5 6/6/6 7/7/7
f 8/8/8 9/9/9 10/10/10
f 11/11/11 12/12/12 13/13/13
f 14/14/14 15/15/15 16/16/16
f 17/17/17 18/18/18 19/19/19
f 20/20/20 21/21/21 22/22/22
f 23/23/23 24/24/24 25/25/25
f 26/26/26 27/27/27 28/28/28
f 29/29/29 30/30/30 31/31/31
f 32/32/32 33/33/33 34/34/34
f 35/35/35 36/36/36 37/37/37
f 38/38/38 39/39/39 40/40/40
f 41/41/41 42/42/42 43/43/43
f 44/44/44 45/45/45 46/46/46
f 47/47/47 48/48/48 49/49/49
f 50/50/50 51/51/51 52/52/52
f 53/53/53 54/54/54 55/55/55
f 56/56/56 57/57/57 58/58/58
f 59/59/59 60/60/60 61/61/61
f 62/62/62 63/63/63 64/64/64
f 65/65/65 66/66/66 67/67/67
f 68/68/68 69/69/69 70/70/70
f 71/71/71 72/72/72 73/73/73
f 74/74/74 75/75/75 76/76/76
f 77/77/77 78/78/78 79/79/79
f 80/80/80 81/81/81 82/82/82
f 83/83/83 84/84/84 85/85/85
f 86/86/86 10/10/10 9/9/9
f 87/87/87 88/88/88 89/89/89
f 90/90/90 91/91/91 92/92/92
f 4/4/4 93/93/93 94/94/94
f 95/95/95 96/96/96 97/97/97
f 98/98/98 99/99/99 100/100/100
f 101/101/101 102/102/102 103/103/103
f 104/104/104 105/105/105 106/106/106
f 107/107/107 108/108/108 109/109/109
f 99/99/99 110/110/110 111/111/111
f 112/112/112 113/113/113 114/114/114
f 115/115/115 116/116/116 117/117/117
f 118/118/118 98/98/98 100/100/100
f 119/119/119 120/120/120 121/121/121
f 122/122/122 123/123/123 124/124/124
f 125/125/125 126/126/126 46/46/46
f 127/127/127 128/128/128 129/129/129
f 130/130/130 131/131/131 132/132/132
f 133/133/133 134/134/134 135/135/135
f 136/136/136 137/137/137 138/138/138
f 139/139/139 140/140/140 141/141/141
f 142/142/142 143/143/143 33/33/33
f 144/144/144 145/145/145 146/146/146
f 147/147/147 148/148/148 149/149/149
f 150/150/150 151/151/151 152/152/152
f 153/153/153 154/154/154 155/155/155
f 7/7/7 155/155/155 154/154/154
f 156/156/156 157/157/157 158/158/158
f 159/159/159 160/160/160 148/148/148
f 161/161/161 162/162/162 107/107/107
f 163/163/163 164/164/164 165/165/165
f 166/166/166 26/26/26 167/167/167
f 168/168/168 65/65/65 45/45/45
f 169/169/169 170/170/170 171/171/171
f 172/172/172 173/173/173 174/174/174
f 175/175/175 176/176/176 177/177/177
f 178/178/178 179/179/179 180/180/180
f 181/181/181 182/182/182 183/183/183
f 184/184/184 185/185/185 186/186/186
f 187/187/187 188/188/188 189/189/189
f 190/190/190 191/191/191 192/192/192
f 193/193/193 194/194/194 195/195/195
f 141/141/141 140/140/140 196/196/196
f 197/197/197 21/21/21 20/20/20
f 198/198/198 199/199/199 200/200/200
f 201/201/201 202/202/202 203/203/203
f 204/204/204 82/82/82 205/205/205
f 206/206/206 207/207/207 208/208/208
f 209/209/209 210/210/210 211/211/211
f 212/212/212 213/213/213 214/214/214
f 215/215/215 216/216/216 217/217/217
f 218/218/218 65/65/65 67/67/67
f 219/219/219 19/19/19 220/220/220
f 221/221/221 86/86/86 222/222/222
f 223/223/223 92/92/92 224/224/224
f 225/225/225 226/226/226 210/210/210
f 227/227/227 228/228/228 229/229/229
f 230/230/230 231/231/231 232/232/232
f 233/233/233 234/234/234 235/235/235
f 6/6/6 236/236/236 237/237/237
f 238/238/238 239/239/239 240/240/240
f 133/133/133 241/241/241 69/69/69
f 47/47/47 49/49/49 242/242/242
f 49/49/49 243/243/243 242/242/242
f 244/244/244 245/245/245 246/246/246
f 247/247/247 217/217/217 248/248/248
f 249/249/249 250/250/250 9/9/9
f 251/251/251 249/249/249 252/252/252
f 253/253/253 254/254/254 255/255/255
f 256/256/256 257/257/257 258/258/258
f 259/259/259 260/260/260 261/261/261
f 262/262/262 263/263/263 264/264/264
f 265/265/265 266/266/266 262/262/262
f 265/265/265 267/267/267 268/268/268
f 269/269/269 270/270/270 271/271/271
f 77/77/77 267/267/267 265/265/265
f 272/272/272 273/273/273 274/274/274
f 38/38/38 275/275/275 276/276/276
f 219/219/219 220/220/220 277/277/277
f 142/142/142 33/33/33 278/278/278
f 115/115/115 117/117/117 279/279/279
f 280/280/280 281/281/281 282/282/282
f 283/283/283 162/162/162 284/284/284
f 285/285/285 115/115/115 279/279/279
f 286/286/286 129/129/129 128/128/128
f 287/287/287 288/288/288 289/289/289
f 290/290/290 291/291/291 292/292/292
f 293/293/293 294/294/294 295/295/295
f 296/296/296 297/297/297 298/298/298
f 299/299/299 300/300/300 301/301/301
f 302/302/302 303/303/303 304/304/304
f 301/301/301 300/300/300 305/305/305
f 306/306/306 307/307/307 308/308/308
f 309/309/309 310/310/310 311/311/311
f 312/312/312 313/313/313 314/314/314
f 315/315/315 203/203/203 202/202/202
f 316/316/316 150/150/150 152/152/152
f 317/317/317 96/96/96 318/318/318
f 126/126/126 319/319/319 320/320/320
f 321/321/321 322/322/322 323/323/323
f 324/324/324 325/325/325 326/326/326
f 327/327/327 328/328/328 329/329/329
f 330/330/330 331/331/331 332/332/332
f 333/333/333 132/132/132 334/334/334
f 335/335/335 336/336/336 337/337/337
f 338/338/338 339/339/339 340/340/340
f 341/341/341 342/342/342 106/106/106
f 343/343/343 344/344/344 345/345/345
f 139/139/139 56/56/56 346/346/346
f 347/347/347 346/346/346 58/58/58
f 200/200/200 348/348/348 349/349/349
f 231/231/231 350/350/350 232/232/232
f 351/351/351 352/352/352 353/353/353
f 354/354/354 181/181/181 355/355/355
f 356/356/356 357/357/357 358/358/358
f 359/359/359 360/360/360 361/361/361
f 241/241/241 133/133/133 362/362/362
f 363/363/363 364/364/364 365/365/365
f 68/68/68 366/366/366 367/367/367
f 366/366/366 368/368/368 369/369/369
f 335/335/335 337/337/337 370/370/370
f 371/371/371 220/220/220 372/372/372
f 373/373/373 374/374/374 375/375/375
f 309/309/309 376/376/376 310/310/310
f 377/377/377 378/378/378 379/379/379
f 380/380/380 381/381/381 382/382/382
f 161/161/161 107/107/107 383/383/383
f 377/377/377 384/384/384 385/385/385
f 386/386/386 387/387/387 388/388/388
f 148/148/148 160/160/160 389/389/389
f 390/390/390 391/391/391 392/392/392
f 109/109/109 108/108/108 393/393/393
f 394/394/394 395/395/395 396/396/396
f 397/397/397 281/281/281 398/398/398
f 399/399/399 400/400/400 150/150/150
f 398/398/398 395/395/395 394/394/394
f 401/401/401 29/29/29 31/31/31
f 248/248/248 402/402/402 403/403/403
f 404/404/404 47/47/47 242/242/242
f 405/405/405 406/406/406 407/407/407
f 408/408/408 304/304/304 409/409/409
f 410/410/410 288/288/288 287/287/287
f 13/13/13 411/411/411 263/263/263
f 124/124/124 123/123/123 319/319/319
f 262/262/262 264/264/264 412/412/412
f 413/413/413 414/414/414 415/415/415
f 56/56/56 416/416/416 57/57/57
f 417/417/417 418/418/418 284/284/284
f 419/419/419 420/420/420 421/421/421
f 118/118/118 100/100/100 422/422/422
f 423/423/423 110/110/110 424/424/424
f 345/345/345 425/425/425 426/426/426
f 311/311/311 427/427/427 428/428/428
f 429/429/429 374/374/374 373/373/373
f 430/430/430 431/431/431 414/414/414
f 374/374/374 429/429/429 432/432/432
f 433/433/433 77/77/77 434/434/434
f 260/260/260 435/435/435 436/436/436
f 437/437/437 8/8/8 10/10/10
f 438/438/438 54/54/54 178/178/178
f 439/439/439 50/50/50 52/52/52
f 328/328/328 15/15/15 440/440/440
f 441/441/441 442/442/442 443/443/443
f 193/193/193 444/444/444 445/445/445
f 446/446/446 447/447/447 448/448/448
f 449/449/449 450/450/450 451/451/451
f 452/452/452 426/426/426 425/425/425
f 360/360/360 453/453/453 361/361/361
f 454/454/454 455/455/455 456/456/456
f 457/457/457 458/458/458 459/459/459
f 458/458/458 460/460/460 461/461/461
f 459/459/459 42/42/42 462/462/462
f 221/221/221 463/463/463 455/455/455
f 464/464/464 465/465/465 466/466/466
f 238/238/238 240/240/240 466/466/466
f 467/467/467 468/468/468 469/469/469
f 443/443/443 442/442/442 470/470/470
f 201/201/201 471/471/471 472/472/472
f 36/36/36 35/35/35 473/473/473
f 243/243/243 474/474/474 475/475/475
f 206/206/206 226/226/226 476/476/476
f 368/368/368 477/477/477 369/369/369
f 478/478/478 277/277/277 479/479/479
f 372/372/372 480/480/480 481/481/481
f 482/482/482 341/341/341 483/483/483
f 484/484/484 485/485/485 486/486/486
f 487/487/487 327/327/327 488/488/488
f 445/445/445 444/444/444 489/489/489
f 490/490/490 491/491/491 291/291/291
f 83/83/83 492/492/492 84/84/84
f 185/185/185 493/493/493 186/186/186
f 494/494/494 495/495/495 496/496/496
f 317/317/317 318/318/318 495/495/495
f 497/497/497 467/467/467 498/498/498
f 291/291/291 491/491/491 499/499/499
f 254/254/254 500/500/500 255/255/255
f 229/229/229 501/501/501 502/502/502
f 503/503/503 504/504/504 433/433/433
f 505/505/505 249/249/249 251/251/251
f 293/293/293 506/506/506 507/507/507
f 508/508/508 14/14/14 16/16/16
f 509/509/509 145/145/145 510/510/510
f 237/237/237 236/236/236 511/511/511
f 302/302/302 304/304/304 408/408/408
f 160/160/160 512/512/512 389/389/389
f 496/496/496 495/495/495 318/318/318
f 318/318/318 391/391/391 390/390/390
f 513/513/513 514/514/514 515/515/515
f 137/137/137 516/516/516 514/514/514
f 517/517/517 518/518/518 519/519/519
f 517/517/517 520/520/520 521/521/521
f 197/197/197 520/520/520 522/522/522
f 200/200/200 349/349/349 523/523/523
f 207/207/207 524/524/524 208/208/208
f 525/525/525 53/53/53 55/55/55
f 101/101/101 260/260/260 259/259/259
f 526/526/526 432/432/432 527/527/527
f 528/528/528 486/486/486 289/289/289
f 485/485/485 529/529/529 486/486/486
f 529/529/529 289/289/289 486/486/486
f 313/313/313 312/312/312 324/324/324
f 530/530/530 531/531/531 532/532/532
f 73/73/73 72/72/72 533/533/533
f 534/534/534 535/535/535 536/536/536
f 72/72/72 537/537/537 533/533/533
f 307/307/307 306/306/306 538/538/538
f 539/539/539 377/377/377 379/379/379
f 400/400/400 280/280/280 112/112/112
f 280/280/280 282/282/282 112/112/112
f 540/540/540 223/223/223 541/541/541
f 542/542/542 540/540/540 88/88/88
f 543/543/543 169/169/169 544/544/544
f 545/545/545 187/187/187 546/546/546
f 547/547/547 71/71/71 73/73/73
f 411/411/411 13/13/13 548/548/548
f 118/118/118 549/549/549 550/550/550
f 551/551/551 543/543/543 544/544/544
f 552/552/552 553/553/553 554/554/554
f 555/555/555 556/556/556 557/557/557
f 558/558/558 559/559/559 560/560/560
f 561/561/561 562/562/562 343/343/343
f 560/560/560 563/563/563 558/558/558
f 562/562/562 452/452/452 563/563/563
f 564/564/564 565/565/565 314/314/314
f 566/566/566 314/314/314 565/565/565
f 567/567/567 487/487/487 299/299/299
f 297/297/297 568/568/568 569/569/569
f 515/515/515 295/295/295 116/116/116
f 514/514/514 295/295/295 515/515/515
f 54/54/54 570/570/570 178/178/178
f 571/571/571 270/270/270 572/572/572
f 573/573/573 574/574/574 575/575/575
f 240/240/240 239/239/239 555/555/555
f 216/216/216 213/213/213 576/576/576
f 216/216/216 215/215/215 213/213/213
f 577/577/577 261/261/261 414/414/414
f 578/578/578 579/579/579 580/580/580
f 476/476/476 226/226/226 225/225/225
f 581/581/581 225/225/225 582/582/582
f 571/571/571 583/583/583 270/270/270
f 584/584/584 79/79/79 583/583/583
f 99/99/99 585/585/585 586/586/586
f 306/306/306 308/308/308 99/99/99
f 186/186/186 182/182/182 587/587/587
f 199/199/199 348/348/348 200/200/200
f 588/588/588 589/589/589 590/590/590
f 527/527/527 432/432/432 429/429/429
f 591/591/591 297/297/297 592/592/592
f 593/593/593 594/594/594 519/519/519
f 505/505/505 595/595/595 596/596/596
f 74/74/74 597/597/597 75/75/75
f 273/273/273 442/442/442 441/441/441
f 598/598/598 35/35/35 37/37/37
f 441/441/441 274/274/274 273/273/273
f 195/195/195 444/444/444 193/193/193
f 599/599/599 600/600/600 89/89/89
f 595/595/595 176/176/176 600/600/600
f 548/548/548 319/319/319 601/601/601
f 319/319/319 126/126/126 125/125/125
f 602/602/602 469/469/469 84/84/84
f 602/602/602 84/84/84 492/492/492
f 312/312/312 129/129/129 286/286/286
f 327/327/327 603/603/603 604/604/604
f 388/388/388 605/605/605 606/606/606
f 4/4/4 94/94/94 3/3/3
f 344/344/344 413/413/413 105/105/105
f 430/430/430 344/344/344 343/343/343
f 607/607/607 43/43/43 42/42/42
f 29/29/29 608/608/608 609/609/609
f 610/610/610 611/611/611 461/461/461
f 91/91/91 90/90/90 214/214/214
f 29/29/29 609/609/609 612/612/612
f 458/458/458 461/461/461 246/246/246
f 611/611/611 214/214/214 461/461/461
f 194/194/194 135/135/135 134/134/134
f 141/141/141 196/196/196 613/613/613
f 614/614/614 135/135/135 194/194/194
f 615/615/615 364/364/364 363/363/363
f 419/419/419 616/616/616 617/617/617
f 143/143/143 618/618/618 382/382/382
f 142/142/142 278/278/278 619/619/619
f 382/382/382 618/618/618 620/620/620
f 621/621/621 108/108/108 622/622/622
f 513/513/513 515/515/515 622/622/622
f 388/388/388 606/606/606 623/623/623
f 606/606/606 624/624/624 1/1/1
f 184/184/184 625/625/625 626/626/626
f 351/351/351 627/627/627 628/628/628
f 296/296/296 298/298/298 305/305/305
f 279/279/279 629/629/629 630/630/630
f 631/631/631 187/187/187 545/545/545
f 427/427/427 632/632/632 187/187/187
f 159/159/159 633/633/633 634/634/634
f 424/424/424 633/633/633 159/159/159
f 425/425/425 635/635/635 341/341/341
f 636/636/636 452/452/452 32/32/32
f 637/637/637 28/28/28 27/27/27
f 25/25/25 638/638/638 23/23/23
f 375/375/375 639/639/639 373/373/373
f 640/640/640 375/375/375 641/641/641
f 642/642/642 643/643/643 644/644/644
f 645/645/645 272/272/272 274/274/274
f 646/646/646 647/647/647 597/597/597
f 101/101/101 597/597/597 647/647/647
f 137/137/137 648/648/648 516/516/516
f 490/490/490 291/291/291 290/290/290
f 487/487/487 328/328/328 327/327/327
f 569/569/569 568/568/568 487/487/487
f 311/311/311 538/538/538 306/306/306
f 427/427/427 311/311/311 632/632/632
f 26/26/26 649/649/649 650/650/650
f 167/167/167 26/26/26 650/650/650
f 412/412/412 580/580/580 579/579/579
f 651/651/651 336/336/336 335/335/335
f 652/652/652 579/579/579 578/578/578
f 652/652/652 265/265/265 262/262/262
f 543/543/543 540/540/540 169/169/169
f 540/540/540 542/542/542 169/169/169
f 404/404/404 242/242/242 653/653/653
f 475/475/475 654/654/654 655/655/655
f 126/126/126 320/320/320 323/323/323
f 44/44/44 323/323/323 45/45/45
f 65/65/65 656/656/656 66/66/66
f 322/322/322 657/657/657 168/168/168
f 658/658/658 453/453/453 356/356/356
f 10/10/10 86/86/86 221/221/221
f 485/485/485 659/659/659 529/529/529
f 64/64/64 660/660/660 661/661/661
f 62/62/62 64/64/64 661/661/661
f 136/136/136 138/138/138 662/662/662
f 663/663/663 513/513/513 283/283/283
f 664/664/664 665/665/665 314/314/314
f 208/208/208 666/666/666 667/667/667
f 615/615/615 363/363/363 668/668/668
f 669/669/669 670/670/670 671/671/671
f 670/670/670 669/669/669 672/672/672
f 672/672/672 478/478/478 477/477/477
f 673/673/673 60/60/60 674/674/674
f 164/164/164 619/619/619 278/278/278
f 350/350/350 521/521/521 520/520/520
f 675/675/675 520/520/520 197/197/197
f 275/275/275 676/676/676 276/276/276
f 275/275/275 497/497/497 498/498/498
f 39/39/39 626/626/626 625/625/625
f 677/677/677 39/39/39 50/50/50
f 179/179/179 79/79/79 180/180/180
f 504/504/504 79/79/79 78/78/78
f 446/446/446 678/678/678 679/679/679
f 678/678/678 446/446/446 451/451/451
f 450/450/450 680/680/680 681/681/681
f 25/25/25 682/682/682 638/638/638
f 681/681/681 234/234/234 683/683/683
f 23/23/23 638/638/638 684/684/684
f 267/267/267 685/685/685 268/268/268
f 12/12/12 11/11/11 686/686/686
f 266/266/266 263/263/263 262/262/262
f 268/268/268 685/685/685 11/11/11
f 535/535/535 254/254/254 253/253/253
f 257/257/257 501/501/501 258/258/258
f 438/438/438 178/178/178 687/687/687
f 252/252/252 249/249/249 687/687/687
f 644/644/644 272/272/272 645/645/645
f 688/688/688 554/554/554 553/553/553
f 592/592/592 508/508/508 591/591/591
f 624/624/624 145/145/145 509/509/509
f 156/156/156 689/689/689 157/157/157
f 390/390/390 392/392/392 399/399/399
f 690/690/690 512/512/512 160/160/160
f 157/157/157 691/691/691 692/692/692
f 164/164/164 278/278/278 416/416/416
f 139/139/139 164/164/164 416/416/416
f 693/693/693 627/627/627 625/625/625
f 39/39/39 625/625/625 694/694/694
f 183/183/183 355/355/355 181/181/181
f 355/355/355 695/695/695 81/81/81
f 696/696/696 500/500/500 697/697/697
f 698/698/698 321/321/321 323/323/323
f 699/699/699 697/697/697 123/123/123
f 122/122/122 699/699/699 123/123/123
f 506/506/506 40/40/40 14/14/14
f 507/507/507 506/506/506 14/14/14
f 253/253/253 255/255/255 699/699/699
f 699/699/699 696/696/696 697/697/697
f 443/443/443 489/489/489 700/700/700
f 491/491/491 443/443/443 470/470/470
f 645/645/645 642/642/642 644/644/644
f 133/133/133 645/645/645 134/134/134
f 159/159/159 634/634/634 160/160/160
f 158/158/158 157/157/157 692/692/692
f 63/63/63 165/165/165 141/141/141
f 163/163/163 165/165/165 420/420/420
f 701/701/701 702/702/702 703/703/703
f 661/661/661 660/660/660 701/701/701
f 613/613/613 196/196/196 704/704/704
f 701/701/701 660/660/660 705/705/705
f 453/453/453 454/454/454 361/361/361
f 454/454/454 453/453/453 658/658/658
f 463/463/463 462/462/462 706/706/706
f 223/223/223 707/707/707 541/541/541
f 125/125/125 46/46/46 708/708/708
f 336/336/336 580/580/580 708/708/708
f 120/120/120 119/119/119 177/177/177
f 595/595/595 709/709/709 74/74/74
f 170/170/170 710/710/710 173/173/173
f 177/177/177 119/119/119 175/175/175
f 545/545/545 546/546/546 711/711/711
f 173/173/173 711/711/711 170/170/170
f 695/695/695 712/712/712 81/81/81
f 713/713/713 22/22/22 333/333/333
f 714/714/714 712/712/712 713/713/713
f 334/334/334 132/132/132 131/131/131
f 643/643/643 715/715/715 654/654/654
f 366/366/366 715/715/715 367/367/367
f 315/315/315 716/716/716 203/203/203
f 717/717/717 334/334/334 131/131/131
f 366/366/366 369/369/369 340/340/340
f 372/372/372 481/481/481 371/371/371
f 227/227/227 718/718/718 228/228/228
f 605/605/605 719/719/719 237/237/237
f 720/720/720 512/512/512 719/719/719
f 397/397/397 621/621/621 281/281/281
f 393/393/393 721/721/721 396/396/396
f 563/563/563 381/381/381 380/380/380
f 452/452/452 636/636/636 563/563/563
f 617/617/617 616/616/616 722/722/722
f 723/723/723 722/722/722 724/724/724
f 29/29/29 401/401/401 608/608/608
f 403/403/403 93/93/93 4/4/4
f 690/690/690 692/692/692 691/691/691
f 152/152/152 303/303/303 302/302/302
f 556/556/556 552/552/552 554/554/554
f 725/725/725 85/85/85 239/239/239
f 265/265/265 652/652/652 434/434/434
f 265/265/265 434/434/434 77/77/77
f 101/101/101 103/103/103 260/260/260
f 260/260/260 103/103/103 435/435/435
f 726/726/726 100/100/100 727/727/727
f 100/100/100 99/99/99 111/111/111
f 607/607/607 612/612/612 728/728/728
f 681/681/681 680/680/680 234/234/234
f 300/300/300 299/299/299 288/288/288
f 604/604/604 603/603/603 484/484/484
f 517/517/517 521/521/521 518/518/518
f 332/332/332 594/594/594 593/593/593
f 333/333/333 729/729/729 132/132/132
f 345/345/345 344/344/344 104/104/104
f 104/104/104 344/344/344 105/105/105
f 561/561/561 426/426/426 562/562/562
f 425/425/425 345/345/345 635/635/635
f 730/730/730 328/328/328 487/487/487
f 16/16/16 15/15/15 328/328/328
f 82/82/82 354/354/354 80/80/80
f 351/351/351 82/82/82 204/204/204
f 250/250/250 600/600/600 599/599/599
f 250/250/250 599/599/599 222/222/222
f 300/300/300 731/731/731 305/305/305
f 731/731/731 296/296/296 305/305/305
f 26/26/26 679/679/679 649/649/649
f 25/25/25 24/24/24 732/732/732
f 650/650/650 48/48/48 47/47/47
f 406/406/406 47/47/47 407/407/407
f 444/444/444 733/733/733 700/700/700
f 489/489/489 444/444/444 700/700/700
f 734/734/734 651/651/651 335/335/335
f 734/734/734 335/335/335 735/735/735
f 271/271/271 270/270/270 736/736/736
f 583/583/583 736/736/736 270/270/270
f 32/32/32 341/341/341 482/482/482
f 737/737/737 341/341/341 32/32/32
f 19/19/19 32/32/32 482/482/482
f 482/482/482 480/480/480 372/372/372
f 248/248/248 403/403/403 31/31/31
f 738/738/738 247/247/247 248/248/248
f 739/739/739 186/186/186 492/492/492
f 493/493/493 492/492/492 186/186/186
f 557/557/557 556/556/556 554/554/554
f 554/554/554 688/688/688 557/557/557
f 606/606/606 1/1/1 623/623/623
f 207/207/207 740/740/740 524/524/524
f 581/581/581 582/582/582 741/741/741
f 169/169/169 87/87/87 170/170/170
f 170/170/170 87/87/87 89/89/89
f 3/3/3 623/623/623 1/1/1
f 15/15/15 439/439/439 742/742/742
f 14/14/14 743/743/743 15/15/15
f 213/213/213 744/744/744 576/576/576
f 213/213/213 745/745/745 744/744/744
f 550/550/550 744/744/744 745/745/745
f 540/540/540 543/543/543 746/746/746
f 190/190/190 377/377/377 191/191/191
f 377/377/377 380/380/380 384/384/384
f 30/30/30 29/29/29 747/747/747
f 747/747/747 29/29/29 612/612/612
f 748/748/748 435/435/435 652/652/652
f 749/749/749 652/652/652 750/750/750
f 606/606/606 751/751/751 624/624/624
f 511/511/511 606/606/606 237/237/237
f 237/237/237 606/606/606 605/605/605
f 277/277/277 220/220/220 479/479/479
f 479/479/479 220/220/220 371/371/371
f 691/691/691 157/157/157 316/316/316
f 689/689/689 752/752/752 157/157/157
f 621/621/621 622/622/622 281/281/281
f 281/281/281 285/285/285 753/753/753
f 162/162/162 283/283/283 108/108/108
f 107/107/107 162/162/162 108/108/108
f 564/564/564 315/315/315 202/202/202
f 532/532/532 313/313/313 530/530/530
f 501/501/501 257/257/257 502/502/502
f 386/386/386 388/388/388 402/402/402
f 402/402/402 248/248/248 217/217/217
f 754/754/754 755/755/755 756/756/756
f 515/515/515 116/116/116 756/756/756
f 473/473/473 553/553/553 552/552/552
f 757/757/757 688/688/688 758/758/758
f 759/759/759 526/526/526 760/760/760
f 761/761/761 431/431/431 430/430/430
f 110/110/110 633/633/633 424/424/424
f 494/494/494 689/689/689 156/156/156
f 278/278/278 762/762/762 763/763/763
f 416/416/416 278/278/278 763/763/763
f 57/57/57 674/674/674 60/60/60
f 365/365/365 764/764/764 765/765/765
f 454/454/454 456/456/456 361/361/361
f 480/480/480 735/735/735 481/481/481
f 369/369/369 481/481/481 340/340/340
f 12/12/12 211/211/211 13/13/13
f 13/13/13 547/547/547 548/548/548
f 300/300/300 766/766/766 731/731/731
f 304/304/304 767/767/767 409/409/409
f 436/436/436 750/750/750 414/414/414
f 750/750/750 415/415/415 414/414/414
f 768/768/768 656/656/656 65/65/65
f 407/407/407 47/47/47 404/404/404
f 769/769/769 275/275/275 38/38/38
f 499/499/499 275/275/275 769/769/769
f 291/291/291 769/769/769 292/292/292
f 291/291/291 499/499/499 769/769/769
f 319/319/319 123/123/123 698/698/698
f 123/123/123 321/321/321 698/698/698
f 102/102/102 503/503/503 103/103/103
f 539/539/539 310/310/310 192/192/192
f 539/539/539 379/379/379 770/770/770
f 201/201/201 472/472/472 202/202/202
f 564/564/564 202/202/202 472/472/472
f 324/324/324 530/530/530 313/313/313
f 352/352/352 51/51/51 353/353/353
f 771/771/771 122/122/122 124/124/124
f 547/547/547 73/73/73 548/548/548
f 536/536/536 535/535/535 253/253/253
f 533/533/533 772/772/772 771/771/771
f 536/536/536 253/253/253 772/772/772
f 699/699/699 122/122/122 253/253/253
f 773/773/773 774/774/774 473/473/473
f 774/774/774 758/758/758 473/473/473
f 598/598/598 773/773/773 35/35/35
f 35/35/35 773/773/773 473/473/473
f 116/116/116 592/592/592 117/117/117
f 294/294/294 293/293/293 775/775/775
f 116/116/116 775/775/775 592/592/592
f 508/508/508 507/507/507 14/14/14
f 208/208/208 776/776/776 666/666/666
f 525/525/525 208/208/208 524/524/524
f 97/97/97 96/96/96 317/317/317
f 770/770/770 379/379/379 777/777/777
f 373/373/373 639/639/639 309/309/309
f 429/429/429 373/373/373 778/778/778
f 778/778/778 590/590/590 429/429/429
f 589/589/589 429/429/429 590/590/590
f 254/254/254 229/229/229 779/779/779
f 229/229/229 228/228/228 27/27/27
f 557/557/557 688/688/688 780/780/780
f 757/757/757 781/781/781 688/688/688
f 690/690/690 782/782/782 783/783/783
f 690/690/690 691/691/691 782/782/782
f 690/690/690 783/783/783 512/512/512
f 784/784/784 719/719/719 512/512/512
f 693/693/693 628/628/628 627/627/627
f 184/184/184 186/186/186 587/587/587
f 214/214/214 213/213/213 215/215/215
f 785/785/785 786/786/786 247/247/247
f 787/787/787 505/505/505 646/646/646
f 505/505/505 709/709/709 595/595/595
f 238/238/238 466/466/466 465/465/465
f 725/725/725 83/83/83 85/85/85
f 133/133/133 69/69/69 643/643/643
f 367/367/367 69/69/69 68/68/68
f 367/367/367 643/643/643 69/69/69
f 643/643/643 367/367/367 715/715/715
f 256/256/256 258/258/258 534/534/534
f 647/647/647 102/102/102 101/101/101
f 476/476/476 207/207/207 206/206/206
f 207/207/207 581/581/581 740/740/740
f 525/525/525 788/788/788 208/208/208
f 360/360/360 356/356/356 453/453/453
f 460/460/460 457/457/457 789/789/789
f 458/458/458 457/457/457 460/460/460
f 590/590/590 172/172/172 174/174/174
f 590/590/590 778/778/778 790/790/790
f 723/723/723 791/791/791 95/95/95
f 391/391/391 396/396/396 392/392/392
f 630/630/630 296/296/296 731/731/731
f 303/303/303 152/152/152 151/151/151
f 151/151/151 150/150/150 112/112/112
f 400/400/400 112/112/112 150/150/150
f 707/707/707 792/792/792 789/789/789
f 221/221/221 793/793/793 463/463/463
f 113/113/113 112/112/112 282/282/282
f 753/753/753 285/285/285 279/279/279
f 20/20/20 22/22/22 794/794/794
f 200/200/200 20/20/20 198/198/198
f 460/460/460 610/610/610 461/461/461
f 792/792/792 460/460/460 789/789/789
f 795/795/795 336/336/336 46/46/46
f 708/708/708 46/46/46 336/336/336
f 500/500/500 167/167/167 697/697/697
f 321/321/321 405/405/405 322/322/322
f 405/405/405 768/768/768 322/322/322
f 322/322/322 768/768/768 657/657/657
f 742/742/742 439/439/439 52/52/52
f 325/325/325 329/329/329 326/326/326
f 17/17/17 19/19/19 219/219/219
f 762/762/762 219/219/219 674/674/674
f 694/694/694 353/353/353 51/51/51
f 625/625/625 627/627/627 694/694/694
f 382/382/382 384/384/384 380/380/380
f 617/617/617 382/382/382 620/620/620
f 627/627/627 351/351/351 353/353/353
f 694/694/694 627/627/627 353/353/353
f 165/165/165 63/63/63 420/420/420
f 420/420/420 63/63/63 796/796/796
f 419/419/419 617/617/617 620/620/620
f 163/163/163 420/420/420 419/419/419
f 357/357/357 437/437/437 358/358/358
f 55/55/55 54/54/54 438/438/438
f 535/535/535 797/797/797 254/254/254
f 254/254/254 797/797/797 229/229/229
f 241/241/241 70/70/70 69/69/69
f 668/668/668 671/671/671 670/670/670
f 764/764/764 59/59/59 765/765/765
f 765/765/765 59/59/59 668/668/668
f 393/393/393 108/108/108 621/621/621
f 397/397/397 393/393/393 621/621/621
f 232/232/232 466/466/466 24/24/24
f 232/232/232 464/464/464 466/466/466
f 466/466/466 240/240/240 24/24/24
f 732/732/732 24/24/24 574/574/574
f 441/441/441 733/733/733 274/274/274
f 645/645/645 274/274/274 134/134/134
f 214/214/214 246/246/246 461/461/461
f 785/785/785 246/246/246 786/786/786
f 243/243/243 475/475/475 242/242/242
f 177/177/177 176/176/176 595/595/595
f 177/177/177 595/595/595 120/120/120
f 798/798/798 118/118/118 550/550/550
f 187/187/187 189/189/189 546/546/546
f 395/395/395 392/392/392 396/396/396
f 392/392/392 395/395/395 399/399/399
f 639/639/639 376/376/376 309/309/309
f 190/190/190 192/192/192 640/640/640
f 662/662/662 703/703/703 136/136/136
f 703/703/703 702/702/702 136/136/136
f 630/630/630 629/629/629 296/296/296
f 117/117/117 297/297/297 296/296/296
f 548/548/548 771/771/771 124/124/124
f 319/319/319 548/548/548 124/124/124
f 799/799/799 141/141/141 613/613/613
f 141/141/141 799/799/799 63/63/63
f 348/348/348 83/83/83 349/349/349
f 349/349/349 83/83/83 725/725/725
f 325/325/325 603/603/603 327/327/327
f 327/327/327 329/329/329 325/325/325
f 85/85/85 552/552/552 556/556/556
f 473/473/473 552/552/552 36/36/36
f 603/603/603 286/286/286 128/128/128
f 325/325/325 286/286/286 603/603/603
f 761/761/761 430/430/430 800/800/800
f 800/800/800 430/430/430 343/343/343
f 759/759/759 760/760/760 761/761/761
f 800/800/800 759/759/759 761/761/761
f 714/714/714 713/713/713 801/801/801
f 530/530/530 205/205/205 531/531/531
f 557/557/557 780/780/780 474/474/474
f 654/654/654 780/780/780 643/643/643
f 802/802/802 147/147/147 149/149/149
f 802/802/802 216/216/216 576/576/576
f 149/149/149 803/803/803 217/217/217
f 402/402/402 217/217/217 386/386/386
f 216/216/216 149/149/149 217/217/217
f 802/802/802 149/149/149 216/216/216
f 572/572/572 77/77/77 584/584/584
f 79/79/79 584/584/584 77/77/77
f 429/429/429 589/589/589 527/527/527
f 76/76/76 526/526/526 527/527/527
f 214/214/214 611/611/611 91/91/91
f 610/610/610 224/224/224 611/611/611
f 187/187/187 631/631/631 427/427/427
f 790/790/790 428/428/428 427/427/427
f 20/20/20 200/200/200 197/197/197
f 197/197/197 200/200/200 523/523/523
f 306/306/306 99/99/99 98/98/98
f 632/632/632 311/311/311 306/306/306
f 9/9/9 250/250/250 86/86/86
f 250/250/250 222/222/222 86/86/86
f 46/46/46 45/45/45 338/338/338
f 218/218/218 339/339/339 338/338/338
f 226/226/226 804/804/804 210/210/210
f 805/805/805 72/72/72 71/71/71
f 175/175/175 119/119/119 710/710/710
f 590/590/590 174/174/174 588/588/588
f 723/723/723 109/109/109 393/393/393
f 724/724/724 109/109/109 723/723/723
f 724/724/724 107/107/107 109/109/109
f 616/616/616 383/383/383 107/107/107
f 766/766/766 300/300/300 806/806/806
f 300/300/300 288/288/288 806/806/806
f 451/451/451 446/446/446 448/448/448
f 449/449/449 451/451/451 448/448/448
f 7/7/7 6/6/6 155/155/155
f 155/155/155 6/6/6 237/237/237
f 455/455/455 41/41/41 456/456/456
f 445/445/445 489/489/489 490/490/490
f 702/702/702 807/807/807 136/136/136
f 490/490/490 489/489/489 491/491/491
f 491/491/491 489/489/489 443/443/443
f 499/499/499 491/491/491 470/470/470
f 468/468/468 467/467/467 497/497/497
f 469/469/469 598/598/598 37/37/37
f 468/468/468 442/442/442 469/469/469
f 600/600/600 250/250/250 249/249/249
f 505/505/505 596/596/596 249/249/249
f 374/374/374 759/759/759 800/800/800
f 343/343/343 374/374/374 800/800/800
f 799/799/799 613/613/613 660/660/660
f 660/660/660 613/613/613 704/704/704
f 374/374/374 432/432/432 759/759/759
f 432/432/432 526/526/526 759/759/759
f 219/219/219 808/808/808 674/674/674
f 674/674/674 808/808/808 673/673/673
f 219/219/219 277/277/277 808/808/808
f 277/277/277 478/478/478 808/808/808
f 520/520/520 517/517/517 522/522/522
f 522/522/522 517/517/517 22/22/22
f 4/4/4 2/2/2 510/510/510
f 809/809/809 4/4/4 510/510/510
f 809/809/809 510/510/510 144/144/144
f 145/145/145 144/144/144 510/510/510
f 197/197/197 522/522/522 21/21/21
f 22/22/22 21/21/21 522/522/522
f 566/566/566 664/664/664 314/314/314
f 810/810/810 747/747/747 811/811/811
f 42/42/42 811/811/811 607/607/607
f 812/812/812 690/690/690 160/160/160
f 158/158/158 812/812/812 160/160/160
f 365/365/365 347/347/347 58/58/58
f 365/365/365 58/58/58 764/764/764
f 577/577/577 259/259/259 261/261/261
f 761/761/761 259/259/259 577/577/577
f 624/624/624 509/509/509 1/1/1
f 509/509/509 510/510/510 2/2/2
f 514/514/514 513/513/513 663/663/663
f 137/137/137 514/514/514 663/663/663
f 679/679/679 25/25/25 649/649/649
f 679/679/679 682/682/682 25/25/25
f 229/229/229 27/27/27 779/779/779
f 500/500/500 166/166/166 167/167/167
f 96/96/96 391/391/391 318/318/318
f 95/95/95 791/791/791 96/96/96
f 101/101/101 75/75/75 597/597/597
f 75/75/75 101/101/101 259/259/259
f 396/396/396 721/721/721 394/394/394
f 394/394/394 397/397/397 398/398/398
f 676/676/676 185/185/185 184/184/184
f 676/676/676 275/275/275 498/498/498
f 677/677/677 743/743/743 39/39/39
f 743/743/743 439/439/439 15/15/15
f 622/622/622 754/754/754 281/281/281
f 622/622/622 755/755/755 754/754/754
f 488/488/488 299/299/299 487/487/487
f 299/299/299 488/488/488 813/813/813
f 30/30/30 245/245/245 814/814/814
f 810/810/810 459/459/459 458/458/458
f 1/1/1 509/509/509 2/2/2
f 3/3/3 388/388/388 623/623/623
f 582/582/582 209/209/209 12/12/12
f 209/209/209 211/211/211 12/12/12
f 678/678/678 450/450/450 679/679/679
f 450/450/450 678/678/678 451/451/451
f 776/776/776 815/815/815 666/666/666
f 425/425/425 341/341/341 737/737/737
f 562/562/562 426/426/426 452/452/452
f 165/165/165 164/164/164 816/816/816
f 165/165/165 817/817/817 141/141/141
f 511/511/511 751/751/751 606/606/606
f 287/287/287 289/289/289 818/818/818
f 408/408/408 409/409/409 154/154/154
f 409/409/409 818/818/818 154/154/154
f 782/782/782 408/408/408 783/783/783
f 783/783/783 408/408/408 154/154/154
f 303/303/303 731/731/731 304/304/304
f 114/114/114 731/731/731 303/303/303
f 233/233/233 235/235/235 331/331/331
f 777/777/777 97/97/97 317/317/317
f 819/819/819 777/777/777 317/317/317
f 820/820/820 336/336/336 651/651/651
f 105/105/105 413/413/413 821/821/821
f 732/732/732 574/574/574 573/573/573
f 650/650/650 649/649/649 48/48/48
f 356/356/356 525/525/525 357/357/357
f 788/788/788 525/525/525 356/356/356
f 33/33/33 18/18/18 17/17/17
f 33/33/33 762/762/762 278/278/278
f 198/198/198 20/20/20 794/794/794
f 183/183/183 695/695/695 355/355/355
f 251/251/251 252/252/252 180/180/180
f 504/504/504 503/503/503 646/646/646
f 343/343/343 641/641/641 375/375/375
f 375/375/375 374/374/374 343/343/343
f 560/560/560 562/562/562 563/563/563
f 343/343/343 562/562/562 560/560/560
f 516/516/516 648/648/648 293/293/293
f 293/293/293 290/290/290 292/292/292
f 516/516/516 293/293/293 295/295/295
f 514/514/514 516/516/516 295/295/295
f 125/125/125 601/601/601 319/319/319
f 264/264/264 125/125/125 708/708/708
f 662/662/662 62/62/62 703/703/703
f 62/62/62 418/418/418 417/417/417
f 49/49/49 573/573/573 555/555/555
f 49/49/49 555/555/555 243/243/243
f 242/242/242 475/475/475 655/655/655
f 548/548/548 601/601/601 411/411/411
f 712/712/712 22/22/22 713/713/713
f 695/695/695 22/22/22 712/712/712
f 478/478/478 479/479/479 477/477/477
f 479/479/479 371/371/371 477/477/477
f 438/438/438 687/687/687 437/437/437
f 437/437/437 357/357/357 438/438/438
f 115/115/115 756/756/756 116/116/116
f 754/754/754 756/756/756 115/115/115
f 437/437/437 687/687/687 8/8/8
f 8/8/8 687/687/687 249/249/249
f 171/171/171 711/711/711 546/546/546
f 711/711/711 171/171/171 170/170/170
f 393/393/393 822/822/822 723/723/723
f 791/791/791 723/723/723 822/822/822
f 462/462/462 42/42/42 706/706/706
f 41/41/41 706/706/706 42/42/42
f 133/133/133 642/642/642 645/645/645
f 642/642/642 133/133/133 643/643/643
f 434/434/434 652/652/652 435/435/435
f 435/435/435 103/103/103 434/434/434
f 378/378/378 95/95/95 97/97/97
f 385/385/385 617/617/617 722/722/722
f 617/617/617 384/384/384 382/382/382
f 617/617/617 385/385/385 384/384/384
f 558/558/558 377/377/377 190/190/190
f 190/190/190 559/559/559 558/558/558
f 718/718/718 637/637/637 228/228/228
f 27/27/27 228/228/228 637/637/637
f 182/182/182 199/199/199 183/183/183
f 739/739/739 348/348/348 199/199/199
f 823/823/823 581/581/581 741/741/741
f 823/823/823 572/572/572 270/270/270
f 267/267/267 741/741/741 685/685/685
f 823/823/823 741/741/741 572/572/572
f 824/824/824 110/110/110 423/423/423
f 100/100/100 824/824/824 727/727/727
f 151/151/151 112/112/112 114/114/114
f 151/151/151 114/114/114 303/303/303
f 316/316/316 152/152/152 691/691/691
f 691/691/691 152/152/152 302/302/302
f 652/652/652 578/578/578 750/750/750
f 750/750/750 578/578/578 825/825/825
f 494/494/494 496/496/496 689/689/689
f 390/390/390 399/399/399 689/689/689
f 24/24/24 826/826/826 232/232/232
f 826/826/826 230/230/230 232/232/232
f 591/591/591 16/16/16 568/568/568
f 16/16/16 328/328/328 730/730/730
f 272/272/272 758/758/758 774/774/774
f 272/272/272 774/774/774 273/273/273
f 773/773/773 598/598/598 273/273/273
f 773/773/773 273/273/273 774/774/774
f 323/323/323 322/322/322 168/168/168
f 45/45/45 323/323/323 168/168/168
f 140/140/140 347/347/347 196/196/196
f 347/347/347 362/362/362 614/614/614
f 214/214/214 215/215/215 786/786/786
f 214/214/214 786/786/786 246/246/246
f 154/154/154 818/818/818 7/7/7
f 79/79/79 504/504/504 180/180/180
f 504/504/504 251/251/251 180/180/180
f 767/767/767 827/827/827 409/409/409
f 818/818/818 409/409/409 827/827/827
f 82/82/82 351/351/351 354/354/354
f 354/354/354 351/351/351 628/628/628
f 410/410/410 287/287/287 827/827/827
f 818/818/818 827/827/827 287/287/287
f 430/430/430 414/414/414 413/413/413
f 430/430/430 413/413/413 344/344/344
f 347/347/347 614/614/614 196/196/196
f 196/196/196 614/614/614 704/704/704
f 614/614/614 362/362/362 135/135/135
f 362/362/362 133/133/133 135/135/135
f 550/550/550 746/746/746 543/543/543
f 543/543/543 551/551/551 550/550/550
f 258/258/258 535/535/535 534/534/534
f 258/258/258 797/797/797 535/535/535
f 339/339/339 366/366/366 340/340/340
f 715/715/715 366/366/366 67/67/67
f 500/500/500 254/254/254 779/779/779
f 500/500/500 779/779/779 166/166/166
f 412/412/412 708/708/708 580/580/580
f 708/708/708 412/412/412 264/264/264
f 15/15/15 742/742/742 440/440/440
f 440/440/440 742/742/742 326/326/326
f 797/797/797 501/501/501 229/229/229
f 258/258/258 501/501/501 797/797/797
f 558/558/558 563/563/563 380/380/380
f 558/558/558 380/380/380 377/377/377
f 421/421/421 383/383/383 419/419/419
f 419/419/419 383/383/383 616/616/616
f 161/161/161 284/284/284 162/162/162
f 421/421/421 161/161/161 383/383/383
f 618/618/618 163/163/163 620/620/620
f 620/620/620 163/163/163 419/419/419
f 44/44/44 46/46/46 126/126/126
f 126/126/126 323/323/323 44/44/44
f 828/828/828 585/585/585 99/99/99
f 829/829/829 777/777/777 819/819/819
f 654/654/654 474/474/474 780/780/780
f 474/474/474 654/654/654 475/475/475
f 379/379/379 378/378/378 97/97/97
f 379/379/379 97/97/97 777/777/777
f 40/40/40 743/743/743 14/14/14
f 39/39/39 743/743/743 40/40/40
f 57/57/57 764/764/764 58/58/58
f 480/480/480 734/734/734 735/735/735
f 341/341/341 106/106/106 483/483/483
f 483/483/483 734/734/734 480/480/480
f 482/482/482 483/483/483 480/480/480
f 530/530/530 324/324/324 830/830/830
f 52/52/52 830/830/830 324/324/324
f 671/671/671 61/61/61 669/669/669
f 673/673/673 61/61/61 60/60/60
f 655/655/655 654/654/654 715/715/715
f 66/66/66 656/656/656 653/653/653
f 669/669/669 61/61/61 673/673/673
f 672/672/672 669/669/669 478/478/478
f 58/58/58 346/346/346 56/56/56
f 293/293/293 292/292/292 506/506/506
f 292/292/292 769/769/769 38/38/38
f 702/702/702 490/490/490 807/807/807
f 490/490/490 290/290/290 807/807/807
f 292/292/292 38/38/38 506/506/506
f 506/506/506 38/38/38 40/40/40
f 778/778/778 428/428/428 790/790/790
f 778/778/778 373/373/373 309/309/309
f 465/465/465 725/725/725 238/238/238
f 725/725/725 239/239/239 238/238/238
f 321/321/321 167/167/167 405/405/405
f 167/167/167 406/406/406 405/405/405
f 556/556/556 239/239/239 85/85/85
f 239/239/239 556/556/556 555/555/555
f 596/596/596 600/600/600 249/249/249
f 595/595/595 600/600/600 596/596/596
f 201/201/201 203/203/203 130/130/130
f 714/714/714 531/531/531 205/205/205
f 81/81/81 205/205/205 82/82/82
f 178/178/178 180/180/180 252/252/252
f 252/252/252 687/687/687 178/178/178
f 213/213/213 212/212/212 745/745/745
f 746/746/746 550/550/550 745/745/745
f 644/644/644 643/643/643 780/780/780
f 272/272/272 644/644/644 781/781/781
f 757/757/757 758/758/758 272/272/272
f 757/757/757 272/272/272 781/781/781
f 622/622/622 108/108/108 513/513/513
f 283/283/283 513/513/513 108/108/108
f 583/583/583 571/571/571 584/584/584
f 571/571/571 572/572/572 584/584/584
f 248/248/248 814/814/814 831/831/831
f 831/831/831 814/814/814 245/245/245
f 31/31/31 403/403/403 401/401/401
f 403/403/403 4/4/4 809/809/809
f 796/796/796 63/63/63 417/417/417
f 63/63/63 62/62/62 417/417/417
f 668/668/668 59/59/59 671/671/671
f 671/671/671 59/59/59 61/61/61
f 161/161/161 796/796/796 284/284/284
f 796/796/796 417/417/417 284/284/284
f 810/810/810 458/458/458 245/245/245
f 458/458/458 246/246/246 245/245/245
f 705/705/705 660/660/660 704/704/704
f 614/614/614 194/194/194 704/704/704
f 802/802/802 576/576/576 423/423/423
f 727/727/727 824/824/824 423/423/423
f 266/266/266 11/11/11 263/263/263
f 11/11/11 13/13/13 263/263/263
f 599/599/599 89/89/89 88/88/88
f 541/541/541 222/222/222 599/599/599
f 45/45/45 218/218/218 338/338/338
f 45/45/45 65/65/65 218/218/218
f 232/232/232 350/350/350 464/464/464
f 523/523/523 675/675/675 197/197/197
f 588/588/588 76/76/76 589/589/589
f 76/76/76 527/527/527 589/589/589
f 179/179/179 583/583/583 79/79/79
f 583/583/583 570/570/570 736/736/736
f 532/532/532 564/564/564 313/313/313
f 313/313/313 564/564/564 314/314/314
f 144/144/144 146/146/146 609/609/609
f 716/716/716 315/315/315 532/532/532
f 532/532/532 315/315/315 564/564/564
f 579/579/579 262/262/262 412/412/412
f 262/262/262 579/579/579 652/652/652
f 312/312/312 314/314/314 129/129/129
f 314/314/314 127/127/127 129/129/129
f 231/231/231 521/521/521 350/350/350
f 518/518/518 521/521/521 332/332/332
f 231/231/231 332/332/332 521/521/521
f 332/332/332 231/231/231 230/230/230
f 482/482/482 372/372/372 19/19/19
f 372/372/372 220/220/220 19/19/19
f 53/53/53 736/736/736 54/54/54
f 570/570/570 54/54/54 736/736/736
f 387/387/387 605/605/605 388/388/388
f 389/389/389 512/512/512 720/720/720
f 98/98/98 188/188/188 306/306/306
f 188/188/188 98/98/98 118/118/118
f 464/464/464 349/349/349 465/465/465
f 349/349/349 725/725/725 465/465/465
f 339/339/339 67/67/67 366/366/366
f 218/218/218 67/67/67 339/339/339
f 298/298/298 301/301/301 305/305/305
f 569/569/569 487/487/487 567/567/567
f 194/194/194 134/134/134 195/195/195
f 134/134/134 274/274/274 733/733/733
f 139/139/139 416/416/416 56/56/56
f 416/416/416 763/763/763 57/57/57
f 503/503/503 433/433/433 103/103/103
f 434/434/434 103/103/103 433/433/433
f 481/481/481 369/369/369 371/371/371
f 477/477/477 371/371/371 369/369/369
f 684/684/684 681/681/681 683/683/683
f 330/330/330 332/332/332 230/230/230
f 233/233/233 330/330/330 684/684/684
f 330/330/330 233/233/233 331/331/331
f 172/172/172 545/545/545 173/173/173
f 545/545/545 711/711/711 173/173/173
f 223/223/223 224/224/224 610/610/610
f 223/223/223 792/792/792 707/707/707
f 813/813/813 604/604/604 484/484/484
f 484/484/484 486/486/486 528/528/528
f 94/94/94 388/388/388 3/3/3
f 94/94/94 402/402/402 388/388/388
f 288/288/288 528/528/528 289/289/289
f 484/484/484 528/528/528 813/813/813
f 424/424/424 147/147/147 802/802/802
f 423/423/423 424/424/424 802/802/802
f 30/30/30 814/814/814 31/31/31
f 248/248/248 31/31/31 814/814/814
f 753/753/753 279/279/279 113/113/113
f 630/630/630 113/113/113 279/279/279
f 116/116/116 294/294/294 775/775/775
f 295/295/295 294/294/294 116/116/116
f 314/314/314 665/665/665 127/127/127
f 665/665/665 659/659/659 127/127/127
f 640/640/640 639/639/639 375/375/375
f 639/639/639 640/640/640 192/192/192
f 686/686/686 11/11/11 685/685/685
f 741/741/741 582/582/582 685/685/685
f 395/395/395 400/400/400 399/399/399
f 400/400/400 395/395/395 398/398/398
f 792/792/792 223/223/223 610/610/610
f 792/792/792 610/610/610 460/460/460
f 50/50/50 694/694/694 51/51/51
f 39/39/39 694/694/694 50/50/50
f 782/782/782 302/302/302 408/408/408
f 691/691/691 302/302/302 782/782/782
f 739/739/739 492/492/492 348/348/348
f 348/348/348 492/492/492 83/83/83
f 484/484/484 603/603/603 485/485/485
f 485/485/485 603/603/603 128/128/128
f 578/578/578 820/820/820 821/821/821
f 820/820/820 651/651/651 821/821/821
f 140/140/140 139/139/139 346/346/346
f 140/140/140 346/346/346 347/347/347
f 452/452/452 425/425/425 737/737/737
f 32/32/32 452/452/452 737/737/737
f 183/183/183 794/794/794 695/695/695
f 695/695/695 794/794/794 22/22/22
f 680/680/680 450/450/450 449/449/449
f 779/779/779 27/27/27 166/166/166
f 166/166/166 27/27/27 26/26/26
f 718/718/718 447/447/447 637/637/637
f 752/752/752 689/689/689 399/399/399
f 399/399/399 150/150/150 752/752/752
f 436/436/436 749/749/749 750/750/750
f 435/435/435 748/748/748 436/436/436
f 648/648/648 807/807/807 290/290/290
f 648/648/648 290/290/290 293/293/293
f 696/696/696 699/699/699 255/255/255
f 255/255/255 500/500/500 696/696/696
f 483/483/483 106/106/106 734/734/734
f 106/106/106 651/651/651 734/734/734
f 401/401/401 403/403/403 809/809/809
f 401/401/401 809/809/809 144/144/144
f 550/550/550 549/549/549 744/744/744
f 726/726/726 422/422/422 100/100/100
f 677/677/677 50/50/50 439/439/439
f 743/743/743 677/677/677 439/439/439
f 488/488/488 604/604/604 813/813/813
f 488/488/488 327/327/327 604/604/604
f 310/310/310 539/539/539 770/770/770
f 310/310/310 538/538/538 311/311/311
f 175/175/175 89/89/89 176/176/176
f 176/176/176 89/89/89 600/600/600
f 118/118/118 798/798/798 189/189/189
f 189/189/189 188/188/188 118/118/118
f 726/726/726 549/549/549 422/422/422
f 118/118/118 422/422/422 549/549/549
f 549/549/549 726/726/726 744/744/744
f 726/726/726 727/727/727 744/744/744
f 727/727/727 423/423/423 576/576/576
f 744/744/744 727/727/727 576/576/576
f 732/732/732 573/573/573 649/649/649
f 649/649/649 25/25/25 732/732/732
f 555/555/555 557/557/557 243/243/243
f 243/243/243 557/557/557 474/474/474
f 343/343/343 345/345/345 561/561/561
f 426/426/426 561/561/561 345/345/345
f 756/756/756 755/755/755 515/515/515
f 622/622/622 515/515/515 755/755/755
f 100/100/100 111/111/111 824/824/824
f 110/110/110 824/824/824 111/111/111
f 533/533/533 536/536/536 772/772/772
f 537/537/537 536/536/536 533/533/533
f 733/733/733 441/441/441 700/700/700
f 441/441/441 443/443/443 700/700/700
f 18/18/18 32/32/32 19/19/19
f 33/33/33 32/32/32 18/18/18
f 531/531/531 714/714/714 801/801/801
f 717/717/717 832/832/832 716/716/716
f 335/335/335 370/370/370 735/735/735
f 481/481/481 735/735/735 340/340/340
f 633/633/633 156/156/156 634/634/634
f 633/633/633 494/494/494 156/156/156
f 494/494/494 633/633/633 586/586/586
f 585/585/585 494/494/494 586/586/586
f 494/494/494 585/585/585 495/495/495
f 819/819/819 317/317/317 495/495/495
f 819/819/819 495/495/495 585/585/585
f 828/828/828 819/819/819 585/585/585
f 52/52/52 324/324/324 326/326/326
f 742/742/742 52/52/52 326/326/326
f 113/113/113 630/630/630 114/114/114
f 731/731/731 114/114/114 630/630/630
f 541/541/541 707/707/707 222/222/222
f 793/793/793 707/707/707 789/789/789
f 440/440/440 326/326/326 329/329/329
f 440/440/440 329/329/329 328/328/328
f 658/658/658 10/10/10 221/221/221
f 10/10/10 358/358/358 437/437/437
f 170/170/170 89/89/89 175/175/175
f 710/710/710 170/170/170 175/175/175
f 74/74/74 120/120/120 595/595/595
f 121/121/121 120/120/120 74/74/74
f 203/203/203 832/832/832 130/130/130
f 716/716/716 832/832/832 203/203/203
f 240/240/240 555/555/555 575/575/575
f 573/573/573 575/575/575 555/555/555
f 512/512/512 783/783/783 153/153/153
f 783/783/783 154/154/154 153/153/153
f 155/155/155 237/237/237 719/719/719
f 784/784/784 155/155/155 719/719/719
f 499/499/499 470/470/470 497/497/497
f 497/497/497 275/275/275 499/499/499
f 581/581/581 823/823/823 740/740/740
f 740/740/740 269/269/269 271/271/271
f 804/804/804 805/805/805 71/71/71
f 469/469/469 37/37/37 84/84/84
f 84/84/84 37/37/37 36/36/36
f 171/171/171 546/546/546 551/551/551
f 798/798/798 546/546/546 189/189/189
f 670/670/670 672/672/672 68/68/68
f 68/68/68 368/368/368 366/366/366
f 368/368/368 672/672/672 477/477/477
f 368/368/368 68/68/68 672/672/672
f 418/418/418 138/138/138 283/283/283
f 284/284/284 418/418/418 283/283/283
f 411/411/411 601/601/601 125/125/125
f 517/517/517 729/729/729 333/333/333
f 22/22/22 517/517/517 333/333/333
f 646/646/646 503/503/503 647/647/647
f 268/268/268 11/11/11 266/266/266
f 265/265/265 268/268/268 266/266/266
f 298/298/298 569/569/569 567/567/567
f 297/297/297 569/569/569 298/298/298
f 567/567/567 301/301/301 298/298/298
f 301/301/301 567/567/567 299/299/299
f 117/117/117 592/592/592 297/297/297
f 297/297/297 591/591/591 568/568/568
f 473/473/473 758/758/758 553/553/553
f 758/758/758 688/688/688 553/553/553
f 525/525/525 524/524/524 53/53/53
f 740/740/740 271/271/271 524/524/524
f 241/241/241 668/668/668 833/833/833
f 615/615/615 668/668/668 241/241/241
f 46/46/46 338/338/338 795/795/795
f 337/337/337 338/338/338 340/340/340
f 370/370/370 340/340/340 735/735/735
f 337/337/337 340/340/340 370/370/370
f 537/537/537 534/534/534 536/536/536
f 285/285/285 754/754/754 115/115/115
f 754/754/754 285/285/285 281/281/281
f 73/73/73 771/771/771 548/548/548
f 73/73/73 533/533/533 771/771/771
f 616/616/616 107/107/107 724/724/724
f 722/722/722 616/616/616 724/724/724
f 588/588/588 710/710/710 119/119/119
f 119/119/119 121/121/121 588/588/588
f 143/143/143 142/142/142 618/618/618
f 618/618/618 142/142/142 619/619/619
f 540/540/540 90/90/90 92/92/92
f 223/223/223 540/540/540 92/92/92
f 224/224/224 91/91/91 611/611/611
f 224/224/224 92/92/92 91/91/91
f 59/59/59 764/764/764 60/60/60
f 647/647/647 503/503/503 102/102/102
f 762/762/762 17/17/17 219/219/219
f 33/33/33 17/17/17 762/762/762
f 57/57/57 60/60/60 764/764/764
f 701/701/701 193/193/193 702/702/702
f 701/701/701 705/705/705 193/193/193
f 48/48/48 573/573/573 49/49/49
f 649/649/649 573/573/573 48/48/48
f 307/307/307 829/829/829 308/308/308
f 829/829/829 819/819/819 828/828/828
f 828/828/828 308/308/308 829/829/829
f 308/308/308 828/828/828 99/99/99
f 587/587/587 181/181/181 354/354/354
f 587/587/587 182/182/182 181/181/181
f 582/582/582 12/12/12 686/686/686
f 685/685/685 582/582/582 686/686/686
f 77/77/77 433/433/433 78/78/78
f 504/504/504 78/78/78 433/433/433
f 174/174/174 710/710/710 588/588/588
f 174/174/174 173/173/173 710/710/710
f 23/23/23 684/684/684 230/230/230
f 330/330/330 230/230/230 684/684/684
f 23/23/23 826/826/826 24/24/24
f 826/826/826 23/23/23 230/230/230
f 497/497/497 470/470/470 468/468/468
f 468/468/468 470/470/470 442/442/442
f 791/791/791 822/822/822 391/391/391
f 96/96/96 791/791/791 391/391/391
f 810/810/810 811/811/811 459/459/459
f 459/459/459 811/811/811 42/42/42
f 811/811/811 747/747/747 607/607/607
f 612/612/612 607/607/607 747/747/747
f 131/131/131 130/130/130 832/832/832
f 131/131/131 832/832/832 717/717/717
f 656/656/656 404/404/404 653/653/653
f 407/407/407 404/404/404 656/656/656
f 658/658/658 356/356/356 358/358/358
f 10/10/10 658/658/658 358/358/358
f 781/781/781 644/644/644 780/780/780
f 688/688/688 781/781/781 780/780/780
f 263/263/263 411/411/411 264/264/264
f 411/411/411 125/125/125 264/264/264
f 741/741/741 267/267/267 572/572/572
f 572/572/572 267/267/267 77/77/77
f 393/393/393 396/396/396 822/822/822
f 396/396/396 391/391/391 822/822/822
f 163/163/163 618/618/618 619/619/619
f 163/163/163 619/619/619 164/164/164
f 147/147/147 159/159/159 148/148/148
f 424/424/424 159/159/159 147/147/147
f 106/106/106 105/105/105 651/651/651
f 105/105/105 821/821/821 651/651/651
f 234/234/234 233/233/233 683/683/683
f 233/233/233 684/684/684 683/683/683
f 206/206/206 834/834/834 226/226/226
f 206/206/206 208/208/208 667/667/667
f 80/80/80 355/355/355 81/81/81
f 354/354/354 355/355/355 80/80/80
f 304/304/304 410/410/410 767/767/767
f 767/767/767 410/410/410 827/827/827
f 193/193/193 705/705/705 194/194/194
f 705/705/705 704/704/704 194/194/194
f 684/684/684 638/638/638 681/681/681
f 682/682/682 681/681/681 638/638/638
f 210/210/210 804/804/804 71/71/71
f 210/210/210 71/71/71 211/211/211
f 450/450/450 682/682/682 679/679/679
f 682/682/682 450/450/450 681/681/681
f 485/485/485 128/128/128 659/659/659
f 127/127/127 659/659/659 128/128/128
f 496/496/496 390/390/390 689/689/689
f 390/390/390 496/496/496 318/318/318
f 52/52/52 51/51/51 830/830/830
f 352/352/352 830/830/830 51/51/51
f 457/457/457 463/463/463 789/789/789
f 793/793/793 789/789/789 463/463/463
f 570/570/570 179/179/179 178/178/178
f 570/570/570 583/583/583 179/179/179
f 204/204/204 205/205/205 530/530/530
f 351/351/351 204/204/204 352/352/352
f 57/57/57 763/763/763 674/674/674
f 526/526/526 75/75/75 760/760/760
f 76/76/76 75/75/75 526/526/526
f 8/8/8 249/249/249 9/9/9
f 720/720/720 719/719/719 605/605/605
f 387/387/387 720/720/720 605/605/605
f 377/377/377 385/385/385 378/378/378
f 378/378/378 385/385/385 95/95/95
f 661/661/661 701/701/701 703/703/703
f 62/62/62 661/661/661 703/703/703
f 350/350/350 520/520/520 675/675/675
f 675/675/675 464/464/464 350/350/350
f 698/698/698 320/320/320 319/319/319
f 320/320/320 698/698/698 323/323/323
f 498/498/498 493/493/493 185/185/185
f 676/676/676 498/498/498 185/185/185
f 342/342/342 341/341/341 635/635/635
f 342/342/342 104/104/104 106/106/106
f 635/635/635 345/345/345 104/104/104
f 635/635/635 104/104/104 342/342/342
f 420/420/420 796/796/796 421/421/421
f 421/421/421 796/796/796 161/161/161
f 765/765/765 668/668/668 363/363/363
f 363/363/363 365/365/365 765/765/765
f 463/463/463 706/706/706 455/455/455
f 41/41/41 455/455/455 706/706/706
f 454/454/454 221/221/221 455/455/455
f 221/221/221 454/454/454 658/658/658
f 574/574/574 240/240/240 575/575/575
f 574/574/574 24/24/24 240/240/240
f 653/653/653 242/242/242 655/655/655
f 653/653/653 655/655/655 66/66/66
f 66/66/66 655/655/655 715/715/715
f 715/715/715 67/67/67 66/66/66
f 646/646/646 505/505/505 251/251/251
f 504/504/504 646/646/646 251/251/251
f 167/167/167 650/650/650 406/406/406
f 406/406/406 650/650/650 47/47/47
f 702/702/702 445/445/445 490/490/490
f 445/445/445 702/702/702 193/193/193
f 498/498/498 467/467/467 493/493/493
f 469/469/469 602/602/602 467/467/467
f 467/467/467 602/602/602 493/493/493
f 493/493/493 602/602/602 492/492/492
f 668/668/668 670/670/670 833/833/833
f 68/68/68 70/70/70 670/670/670
f 241/241/241 833/833/833 70/70/70
f 833/833/833 670/670/670 70/70/70
f 208/208/208 788/788/788 776/776/776
f 776/776/776 360/360/360 359/359/359
f 738/738/738 248/248/248 831/831/831
f 244/244/244 246/246/246 785/785/785
f 776/776/776 359/359/359 815/815/815
f 747/747/747 810/810/810 30/30/30
f 245/245/245 30/30/30 810/810/810
f 717/717/717 713/713/713 334/334/334
f 713/713/713 333/333/333 334/334/334
f 381/381/381 563/563/563 636/636/636
f 381/381/381 636/636/636 32/32/32
f 110/110/110 586/586/586 633/633/633
f 99/99/99 586/586/586 110/110/110
f 807/807/807 648/648/648 137/137/137
f 807/807/807 137/137/137 136/136/136
f 436/436/436 748/748/748 749/749/749
f 749/749/749 748/748/748 652/652/652
f 634/634/634 156/156/156 158/158/158
f 158/158/158 160/160/160 634/634/634
f 762/762/762 674/674/674 763/763/763
f 512/512/512 153/153/153 784/784/784
f 784/784/784 153/153/153 155/155/155
f 812/812/812 692/692/692 690/690/690
f 158/158/158 692/692/692 812/812/812
f 472/472/472 566/566/566 565/565/565
f 564/564/564 472/472/472 565/565/565
f 471/471/471 566/566/566 472/472/472
f 772/772/772 122/122/122 771/771/771
f 253/253/253 122/122/122 772/772/772
f 588/588/588 121/121/121 76/76/76
f 721/721/721 397/397/397 394/394/394
f 607/607/607 728/728/728 43/43/43
f 568/568/568 16/16/16 730/730/730
f 568/568/568 730/730/730 487/487/487
f 427/427/427 631/631/631 790/790/790
f 172/172/172 631/631/631 545/545/545
f 134/134/134 733/733/733 195/195/195
f 195/195/195 733/733/733 444/444/444
f 337/337/337 336/336/336 795/795/795
f 337/337/337 795/795/795 338/338/338
f 186/186/186 739/739/739 182/182/182
f 182/182/182 739/739/739 199/199/199
f 273/273/273 598/598/598 442/442/442
f 442/442/442 598/598/598 469/469/469
f 381/381/381 32/32/32 34/34/34
f 34/34/34 33/33/33 143/143/143
f 381/381/381 143/143/143 382/382/382
f 143/143/143 381/381/381 34/34/34
f 169/169/169 542/542/542 87/87/87
f 542/542/542 88/88/88 87/87/87
f 316/316/316 157/157/157 752/752/752
f 752/752/752 150/150/150 316/316/316
f 738/738/738 831/831/831 244/244/244
f 831/831/831 245/245/245 244/244/244
f 525/525/525 55/55/55 357/357/357
f 55/55/55 438/438/438 357/357/357
f 332/332/332 593/593/593 518/518/518
f 518/518/518 593/593/593 519/519/519
f 590/590/590 790/790/790 172/172/172
f 790/790/790 631/631/631 172/172/172
f 282/282/282 753/753/753 113/113/113
f 281/281/281 753/753/753 282/282/282
f 222/222/222 707/707/707 793/793/793
f 221/221/221 222/222/222 793/793/793
f 304/304/304 766/766/766 410/410/410
f 731/731/731 766/766/766 304/304/304
f 398/398/398 281/281/281 280/280/280
f 400/400/400 398/398/398 280/280/280
f 766/766/766 806/806/806 410/410/410
f 806/806/806 288/288/288 410/410/410
f 62/62/62 662/662/662 418/418/418
f 418/418/418 662/662/662 138/138/138
f 63/63/63 799/799/799 64/64/64
f 64/64/64 799/799/799 660/660/660
f 397/397/397 721/721/721 393/393/393
f 148/148/148 389/389/389 386/386/386
f 803/803/803 386/386/386 217/217/217
f 803/803/803 148/148/148 386/386/386
f 149/149/149 148/148/148 803/803/803
f 225/225/225 210/210/210 209/209/209
f 582/582/582 225/225/225 209/209/209
f 401/401/401 144/144/144 608/608/608
f 144/144/144 609/609/609 608/608/608
f 639/639/639 192/192/192 376/376/376
f 376/376/376 192/192/192 310/310/310
f 524/524/524 271/271/271 53/53/53
f 457/457/457 459/459/459 462/462/462
f 457/457/457 462/462/462 463/463/463
f 191/191/191 377/377/377 539/539/539
f 539/539/539 192/192/192 191/191/191
f 517/517/517 519/519/519 729/729/729
f 121/121/121 74/74/74 76/76/76
f 577/577/577 431/431/431 761/761/761
f 577/577/577 414/414/414 431/431/431
f 834/834/834 206/206/206 667/667/667
f 184/184/184 693/693/693 625/625/625
f 693/693/693 184/184/184 587/587/587
f 405/405/405 407/407/407 768/768/768
f 768/768/768 407/407/407 656/656/656
f 117/117/117 296/296/296 629/629/629
f 279/279/279 117/117/117 629/629/629
f 816/816/816 817/817/817 165/165/165
f 817/817/817 139/139/139 141/141/141
f 816/816/816 139/139/139 817/817/817
f 164/164/164 139/139/139 816/816/816
f 776/776/776 788/788/788 360/360/360
f 788/788/788 356/356/356 360/360/360
f 823/823/823 270/270/270 269/269/269
f 823/823/823 269/269/269 740/740/740
f 28/28/28 679/679/679 26/26/26
f 446/446/446 679/679/679 28/28/28
f 637/637/637 447/447/447 446/446/446
f 637/637/637 446/446/446 28/28/28
f 385/385/385 722/722/722 95/95/95
f 95/95/95 722/722/722 723/723/723
f 299/299/299 813/813/813 288/288/288
f 288/288/288 813/813/813 528/528/528
f 581/581/581 476/476/476 225/225/225
f 476/476/476 581/581/581 207/207/207
f 714/714/714 205/205/205 81/81/81
f 81/81/81 712/712/712 714/714/714
f 559/559/559 640/640/640 641/641/641
f 640/640/640 559/559/559 190/190/190
f 343/343/343 560/560/560 641/641/641
f 559/559/559 641/641/641 560/560/560
f 53/53/53 271/271/271 736/736/736
f 587/587/587 354/354/354 628/628/628
f 693/693/693 587/587/587 628/628/628
f 428/428/428 309/309/309 311/311/311
f 309/309/309 428/428/428 778/778/778
f 502/502/502 227/227/227 229/229/229
f 597/597/597 787/787/787 646/646/646
f 709/709/709 597/597/597 74/74/74
f 580/580/580 820/820/820 578/578/578
f 580/580/580 336/336/336 820/820/820
f 38/38/38 276/276/276 39/39/39
f 276/276/276 626/626/626 39/39/39
f 6/6/6 5/5/5 236/236/236
f 676/676/676 626/626/626 276/276/276
f 626/626/626 676/676/676 184/184/184
f 90/90/90 212/212/212 214/214/214
f 212/212/212 90/90/90 745/745/745
f 183/183/183 199/199/199 198/198/198
f 183/183/183 198/198/198 794/794/794
f 745/745/745 90/90/90 746/746/746
f 540/540/540 746/746/746 90/90/90
f 71/71/71 547/547/547 211/211/211
f 211/211/211 547/547/547 13/13/13
f 673/673/673 808/808/808 478/478/478
f 669/669/669 673/673/673 478/478/478
f 786/786/786 215/215/215 247/247/247
f 215/215/215 217/217/217 247/247/247
f 293/293/293 507/507/507 775/775/775
f 775/775/775 507/507/507 508/508/508
f 508/508/508 16/16/16 591/591/591
f 775/775/775 508/508/508 592/592/592
f 697/697/697 167/167/167 321/321/321
f 123/123/123 697/697/697 321/321/321
f 770/770/770 538/538/538 310/310/310
f 770/770/770 307/307/307 538/538/538
f 663/663/663 283/283/283 138/138/138
f 138/138/138 137/137/137 663/663/663
f 770/770/770 777/777/777 307/307/307
f 777/777/777 829/829/829 307/307/307
f 801/801/801 713/713/713 717/717/717
f 717/717/717 716/716/716 801/801/801
f 716/716/716 532/532/532 531/531/531
f 531/531/531 801/801/801 716/716/716
f 325/325/325 312/312/312 286/286/286
f 325/325/325 324/324/324 312/312/312
f 632/632/632 306/306/306 188/188/188
f 187/187/187 632/632/632 188/188/188
f 787/787/787 709/709/709 505/505/505
f 597/597/597 709/709/709 787/787/787
f 675/675/675 523/523/523 464/464/464
f 464/464/464 523/523/523 349/349/349
f 362/362/362 347/347/347 615/615/615
f 362/362/362 615/615/615 241/241/241
f 347/347/347 365/365/365 364/364/364
f 615/615/615 347/347/347 364/364/364
f 835/835/835 541/541/541 599/599/599
f 540/540/540 541/541/541 835/835/835
f 540/540/540 835/835/835 88/88/88
f 835/835/835 599/599/599 88/88/88
f 168/168/168 657/657/657 65/65/65
f 657/657/657 768/768/768 65/65/65
f 386/386/386 389/389/389 387/387/387
f 389/389/389 720/720/720 387/387/387
f 830/830/830 352/352/352 530/530/530
f 204/204/204 530/530/530 352/352/352
f 402/402/402 94/94/94 93/93/93
f 402/402/402 93/93/93 403/403/403
f 578/578/578 821/821/821 825/825/825
f 413/413/413 415/415/415 821/821/821
f 415/415/415 750/750/750 825/825/825
f 821/821/821 415/415/415 825/825/825
f 414/414/414 261/261/261 436/436/436
f 261/261/261 260/260/260 436/436/436
f 75/75/75 259/259/259 760/760/760
f 761/761/761 760/760/760 259/259/259
f 785/785/785 247/247/247 738/738/738
f 738/738/738 244/244/244 785/785/785
f 332/332/332 331/331/331 594/594/594
f 85/85/85 84/84/84 36/36/36
f 36/36/36 552/552/552 85/85/85
f 546/546/546 798/798/798 551/551/551
f 551/551/551 798/798/798 550/550/550
f 171/171/171 544/544/544 169/169/169
f 551/551/551 544/544/544 171/171/171
