# Blender 3.4.1
# www.blender.org
o rock_06_Mesh.001
v 0.433241 -0.641295 0.078900
v 0.468097 -0.627934 0.067707
v 0.441080 -0.631163 0.062922
v 0.040228 0.154719 0.226968
v 0.009009 0.080542 0.228280
v 0.040895 0.090309 0.208879
v 0.052466 0.039575 0.162769
v 0.032027 0.566784 0.083484
v 0.083907 0.532588 0.092006
v 0.096807 0.555453 0.049941
v 0.210085 0.426700 0.068776
v 0.198255 0.399697 0.100799
v 0.231515 0.371337 0.050827
v -0.233857 0.344782 0.095806
v -0.208560 0.314960 0.078613
v -0.222366 0.305647 0.119045
v -0.198651 0.220601 0.117517
v -0.204142 0.277034 0.110461
v -0.175337 0.247724 0.093171
v 0.418748 -0.202407 0.086908
v 0.448017 -0.160880 0.067831
v 0.411729 -0.157242 0.089418
v -0.151665 0.345703 0.017614
v -0.149732 0.310480 0.035699
v -0.169066 0.287124 0.070842
v -0.113506 0.053390 0.113247
v -0.146865 0.093403 0.116456
v -0.108113 0.083667 0.094226
v 0.172975 0.099888 0.062241
v 0.160780 0.081128 0.059824
v 0.167243 0.069310 0.040723
v -0.147817 0.119688 0.113455
v -0.106933 0.112256 0.087932
v -0.195735 0.008743 0.036027
v -0.207086 -0.005117 0.077610
v -0.168015 -0.006421 0.081995
v 0.084885 -0.150875 0.099026
v 0.104560 -0.213142 0.050128
v 0.110490 -0.242195 0.090586
v -0.086932 0.185340 0.048249
v -0.151361 0.227111 0.076914
v -0.109350 0.296794 -0.007168
v -0.069514 0.230021 0.003141
v -0.045680 0.207212 0.005880
v -0.015054 0.228952 -0.038890
v 0.007860 0.199609 -0.029314
v -0.018719 0.203478 -0.009192
v -0.183364 0.181973 0.114852
v -0.160961 0.190275 0.101417
v -0.156650 0.151413 0.114885
v 0.106695 0.008648 0.043943
v 0.102847 0.010222 -0.015510
v 0.071002 -0.013629 -0.003628
v 0.227555 0.270403 -0.069546
v 0.254062 0.307869 -0.075040
v 0.297596 0.315588 -0.028887
v 0.191589 0.156772 -0.025548
v 0.214808 0.205176 -0.052379
v 0.242592 0.169999 -0.004868
v 0.142313 0.103450 0.106592
v -0.065305 0.035745 0.036696
v -0.083953 0.029634 0.064409
v -0.057105 0.048953 0.064353
v 0.162947 0.045061 -0.056638
v 0.275869 0.081296 -0.027219
v 0.244768 0.064827 -0.069228
v 0.162136 0.215627 -0.096819
v 0.178380 0.227889 -0.110621
v 0.181492 0.226817 -0.089142
v 0.489984 -0.258116 -0.076168
v 0.496425 -0.229472 -0.061404
v 0.488718 -0.282634 -0.060016
v 0.517706 -0.339909 -0.047726
v 0.525309 -0.348059 -0.083139
v 0.496503 -0.288071 -0.086282
v 0.377073 -0.761278 0.081972
v 0.395953 -0.735995 0.087799
v 0.399630 -0.748525 0.126653
v 0.118700 0.046903 0.029073
v 0.092718 0.036292 0.051307
v 0.094092 0.060061 0.021371
v 0.000656 0.002936 0.117753
v 0.038002 -0.000139 0.111406
v 0.008749 -0.012783 0.149731
v -0.159954 0.237738 0.211536
v -0.212519 0.190747 0.160768
v -0.197507 0.126007 0.166055
v -0.108662 0.594409 0.158577
v -0.128569 0.635160 0.102034
v -0.139339 0.568956 0.149877
v -0.222824 -0.065402 0.075806
v -0.175608 -0.101762 0.063736
v -0.174088 -0.059893 0.087375
v 0.361714 -0.235090 0.131177
v 0.326341 -0.224712 0.143923
v 0.307485 -0.256155 0.154432
v 0.395796 -0.665927 0.212748
v 0.388865 -0.690014 0.198479
v 0.411132 -0.684197 0.192593
v -0.296464 -0.202486 0.018025
v -0.226367 -0.170629 0.035937
v -0.303488 -0.143651 0.039320
v 0.068984 0.578650 0.024696
v 0.056249 0.609502 0.016521
v 0.036855 0.616515 0.032148
v -0.189383 0.554236 0.103228
v -0.226995 0.511312 0.085082
v -0.207321 0.503938 0.133736
v 0.281753 0.644346 -0.022498
v 0.242905 0.617990 -0.039841
v 0.248954 0.655128 -0.031573
v -0.003928 0.831808 0.030342
v 0.070180 0.869768 0.022765
v -0.003651 0.839582 -0.015989
v 0.355767 -0.681566 0.250254
v 0.316866 -0.639839 0.244043
v 0.329042 -0.695033 0.252581
v 0.115598 -0.656489 -0.008554
v 0.131759 -0.693555 -0.078320
v 0.118244 -0.690164 0.023130
v 0.115287 -0.329197 0.026191
v 0.150495 -0.324718 0.068896
v 0.154216 -0.307506 0.001750
v 0.132711 -0.498287 0.243106
v 0.131032 -0.597270 0.249874
v 0.156365 -0.558433 0.246488
v 0.158109 0.086410 -0.014224
v 0.218971 0.125300 0.011191
v 0.175215 0.077100 0.007387
v 0.204311 0.168324 0.080725
v 0.431571 -0.586556 0.103062
v 0.438059 -0.554144 0.135087
v 0.455758 -0.610141 0.137844
v 0.371600 -0.443188 0.199520
v 0.397614 -0.448372 0.205859
v 0.394736 -0.434332 0.169263
v 0.073029 0.106763 -0.035311
v 0.108245 0.097426 -0.026199
v 0.092845 0.080532 -0.000032
v 0.062782 -0.037771 0.017241
v 0.069150 -0.092343 0.058087
v 0.061006 -0.045174 0.072424
v 0.167704 0.020485 0.134988
v 0.116714 0.008539 0.127823
v 0.140730 -0.004873 0.170910
v 0.157967 -0.808409 -0.065606
v 0.203365 -0.815267 -0.068046
v 0.193324 -0.811909 -0.020892
v -0.144426 -0.020398 0.164145
v -0.152397 0.018591 0.151211
v -0.131686 -0.011756 0.151865
v -0.068271 0.066148 0.272541
v -0.108132 0.059242 0.233176
v -0.071048 0.025010 0.270059
v 0.253704 -0.829326 -0.001376
v 0.263823 -0.833111 -0.055662
v 0.268836 -0.839715 -0.033125
v 0.281545 -0.669534 0.254291
v 0.265559 -0.614475 0.250654
v 0.222766 -0.686121 0.261158
v -0.085408 0.597338 0.169115
v -0.063795 0.555408 0.208747
v -0.043744 0.586011 0.152376
v 0.204038 0.355104 0.165269
v 0.152209 0.300152 0.189082
v 0.183672 0.273183 0.137590
v 0.231093 0.676255 0.083410
v 0.298253 0.643788 0.008510
v 0.253688 0.684078 0.038447
v -0.011682 0.716870 0.137842
v 0.032782 0.664800 0.137347
v 0.067632 0.706192 0.151671
v 0.240832 0.594038 0.068762
v 0.201702 0.602989 0.085066
v 0.200000 0.578537 0.041920
v 0.183718 0.651190 0.120595
v 0.245492 0.622349 0.095030
v 0.044832 0.088724 -0.002545
v 0.037943 0.058639 0.037367
v 0.511955 -0.538143 -0.018589
v 0.489266 -0.507981 -0.011099
v 0.486334 -0.557595 0.011668
v 0.456033 -0.386296 0.014286
v 0.474244 -0.385673 -0.034389
v 0.505215 -0.358671 0.003208
v 0.394280 -0.343630 0.147023
v 0.429960 -0.261842 0.115833
v 0.381587 -0.300101 0.142570
v 0.266877 0.380908 -0.070519
v 0.274952 0.416197 -0.025028
v 0.276808 0.378154 -0.038770
v 0.271983 0.558217 -0.010649
v 0.210297 0.558883 -0.019114
v 0.241274 0.564956 -0.028818
v 0.103487 0.879383 -0.041824
v 0.090158 0.880817 -0.009968
v 0.105668 0.882520 0.015972
v 0.478896 -0.094742 -0.014177
v 0.455061 -0.070994 -0.060985
v 0.467667 -0.037065 0.009021
v 0.507532 -0.220030 0.033344
v 0.512703 -0.197144 0.017119
v 0.486560 -0.201941 0.039768
v 0.250103 0.071576 0.043145
v 0.259717 0.078498 -0.000672
v 0.203266 0.063087 -0.001205
v 0.435933 -0.045589 0.056050
v 0.447913 -0.099097 0.045901
v 0.466242 -0.064804 0.036989
v 0.324844 0.072070 0.116292
v 0.298312 0.044490 0.121831
v 0.291190 -0.008061 0.153406
v 0.244079 0.015694 0.146809
v 0.220591 -0.001904 0.168596
v 0.390596 -0.778479 -0.043142
v 0.410828 -0.753619 -0.030237
v 0.406676 -0.754535 0.004876
v 0.466813 -0.544674 0.038070
v 0.455164 -0.556304 0.035701
v 0.480805 -0.568621 0.022124
v 0.182436 -0.395763 0.219010
v 0.134676 -0.390488 0.212611
v 0.167411 -0.422586 0.227113
v 0.067045 -0.470631 -0.035899
v 0.070071 -0.480228 0.011586
v 0.078626 -0.454921 0.015380
v 0.395029 -0.742292 0.199777
v 0.265556 -0.802576 0.240159
v 0.245422 -0.826778 0.222108
v 0.249751 -0.848768 0.211113
v -0.018001 0.689473 0.128054
v -0.048500 0.746240 0.136824
v -0.048099 0.670916 0.099186
v -0.050489 0.783578 0.048137
v -0.019026 0.785437 -0.023035
v -0.057054 0.750899 -0.003935
v 0.087790 -0.146074 -0.007454
v -0.362004 -0.066329 0.074908
v -0.433953 -0.085983 0.027390
v -0.412493 -0.141522 0.034096
v 0.227473 -0.416205 0.239011
v 0.380658 -0.415885 0.169104
v 0.317440 -0.388331 0.192031
v 0.350171 -0.428715 0.198300
v -0.373828 0.003020 0.085351
v -0.371625 0.017522 0.035423
v -0.400962 0.012325 0.041812
v -0.338501 -0.000666 0.085484
v -0.293872 0.008921 0.036104
v -0.354662 0.022213 0.028466
v 0.446537 -0.628473 0.109276
v 0.485589 -0.591698 0.053407
v 0.496610 -0.592589 0.049474
v 0.494808 -0.582254 0.016166
v 0.117742 -0.181260 0.236425
v 0.083236 -0.066035 0.215114
v 0.103508 -0.162224 0.209339
v 0.262639 -0.020330 0.168322
v 0.273108 -0.047855 0.174838
v 0.450141 -0.237035 0.072567
v 0.446158 -0.327656 0.138205
v 0.445390 -0.269245 0.113710
v 0.411956 -0.356006 0.149445
v -0.141134 0.172879 0.213967
v -0.139151 0.244850 0.237788
v 0.127731 0.322055 0.219514
v 0.160960 0.400358 0.215972
v 0.102596 -0.205242 0.012840
v 0.118215 -0.203425 -0.019781
v 0.118196 -0.219707 0.023627
v 0.138284 -0.240936 0.230793
v 0.150575 -0.237647 0.238420
v 0.125918 -0.202712 0.260880
v 0.509876 -0.606049 -0.010550
v 0.521043 -0.643569 0.011342
v 0.517683 -0.617740 -0.043841
v 0.519813 -0.550402 -0.055842
v 0.509795 -0.589041 -0.016391
v 0.513033 -0.594583 -0.045286
v -0.127554 0.016309 0.038202
v -0.146991 0.035714 -0.003180
v 0.231339 -0.845496 0.166988
v 0.225485 -0.827862 0.126197
v 0.249867 -0.855951 0.131688
v 0.117312 -0.711899 0.107129
v 0.121145 -0.696658 0.142658
v 0.105677 -0.608451 0.134324
v 0.125998 -0.720812 0.197250
v 0.125530 -0.789641 0.177617
v 0.122825 -0.779845 0.210743
v 0.187084 -0.741823 0.249302
v 0.179262 -0.803587 0.250138
v 0.215043 -0.776561 0.252751
v 0.515188 -0.361145 -0.080618
v 0.242539 0.472471 -0.052967
v 0.210999 0.479902 -0.084889
v 0.213098 0.493211 -0.066490
v -0.083327 -0.031047 0.165199
v -0.071884 -0.010158 0.138639
v -0.011919 -0.024210 0.165795
v -0.091548 -0.096011 0.067420
v -0.062172 -0.134684 0.034869
v -0.049947 -0.109126 0.050289
v 0.410552 -0.401528 0.126242
v 0.447694 -0.401303 0.123632
v 0.412401 -0.388434 0.141422
v 0.409149 -0.462325 0.202896
v 0.435073 -0.495763 0.177481
v 0.408534 -0.450494 0.174131
v 0.008703 0.788702 0.131136
v 0.041892 0.829977 0.105020
v 0.017315 0.832619 0.059401
v 0.162194 0.793049 0.120457
v 0.161765 0.784204 0.167677
v 0.175877 0.765513 0.153967
v 0.285523 -0.860593 0.139908
v 0.290206 -0.848051 0.100218
v 0.324537 -0.843030 0.126928
v 0.299116 -0.814835 0.220560
v 0.284079 -0.843751 0.031977
v 0.320613 -0.842208 -0.019522
v 0.320159 -0.840153 0.033672
v 0.171723 0.846953 0.054532
v 0.154206 0.845025 0.073843
v 0.184264 0.837009 -0.004536
v 0.177930 0.842732 -0.025954
v 0.171773 0.859400 0.002564
v 0.471315 -0.378565 0.084900
v 0.466465 -0.406045 0.112563
v 0.459537 -0.404099 0.082595
v 0.474892 -0.282176 0.114710
v 0.458106 -0.257474 0.079285
v 0.108467 0.019083 -0.049940
v 0.070740 -0.016218 -0.028855
v 0.062000 -0.082049 0.178160
v 0.075939 -0.130089 0.176161
v 0.106399 -0.022673 0.167299
v 0.099913 0.001001 0.131311
v 0.060844 -0.052977 0.152239
v 0.221491 0.435112 0.040860
v 0.208936 0.478939 -0.010480
v 0.200278 0.489325 0.040966
v 0.192151 0.441588 0.110691
v 0.198408 0.448951 0.074312
v -0.028079 0.285032 0.334589
v -0.068486 0.289794 0.317649
v -0.053364 0.257122 0.304775
v -0.176956 0.435910 0.218493
v -0.147034 0.469266 0.222683
v -0.187922 0.484550 0.181139
v 0.090023 -0.569766 0.230417
v 0.106578 -0.597876 0.186001
v 0.103587 -0.611892 0.241298
v 0.081304 -0.461232 0.177655
v 0.061317 -0.456777 0.119677
v 0.090925 -0.500685 0.147404
v -0.015068 0.020602 0.022968
v -0.031504 0.020240 -0.006311
v 0.022465 0.029412 -0.060575
v 0.036905 -0.383263 0.114017
v 0.039230 -0.430349 0.077388
v 0.052430 -0.418524 0.135059
v -0.097654 0.605513 0.160232
v -0.096225 0.640473 0.117153
v -0.114483 0.645307 0.097505
v -0.070641 0.711916 0.087997
v -0.069498 0.751477 0.124998
v -0.087850 0.734020 0.067028
v 0.149428 -0.788408 0.028269
v 0.140588 -0.811414 -0.026854
v 0.172628 -0.806646 0.004735
v 0.140710 -0.847074 0.169432
v 0.166206 -0.829695 0.154535
v 0.183010 -0.845350 0.193761
v 0.185732 0.050082 0.065192
v 0.145940 0.034878 0.070915
v 0.231808 0.066129 0.076423
v 0.206693 0.059001 0.033107
v 0.093151 0.665604 0.092271
v 0.076596 0.657503 0.115485
v 0.026052 0.652622 0.121383
v 0.171654 0.612466 0.081199
v 0.130358 0.619213 0.050114
v 0.168614 0.589828 0.037492
v 0.123785 0.091043 -0.018841
v 0.113066 0.067110 0.000872
v 0.170076 0.055233 -0.011431
v 0.174180 0.681932 0.126232
v 0.160394 0.696966 0.083150
v 0.197364 0.692185 0.135738
v 0.142119 0.720752 0.184104
v 0.168766 0.741329 0.179609
v 0.119856 0.773489 0.190201
v -0.115864 -0.155433 0.033296
v 0.130607 0.677367 0.090574
v 0.107245 0.640076 0.136338
v 0.155475 0.695086 0.177685
v 0.174527 0.670665 0.150708
v 0.177733 -0.306936 0.030672
v 0.180480 -0.291808 0.012010
v 0.125489 -0.245722 0.086725
v 0.142956 -0.236683 0.064311
v 0.154438 -0.260813 0.092502
v 0.171909 0.809558 -0.005844
v 0.147188 0.791981 -0.017788
v 0.146613 0.810688 -0.033700
v 0.406206 -0.548451 0.246875
v 0.421758 -0.569893 0.237804
v 0.423367 -0.535736 0.228603
v 0.443992 -0.600642 0.198684
v 0.461111 -0.633179 0.170509
v 0.461675 -0.582411 0.165538
v -0.437802 0.044236 0.005776
v -0.397405 0.024217 0.018889
v -0.406322 0.064940 -0.040088
v 0.135814 -0.199560 0.259508
v 0.176176 -0.223847 0.226954
v 0.158412 -0.128120 0.242636
v 0.205175 -0.111657 0.202527
v 0.174491 -0.086477 0.211997
v 0.363884 -0.011640 0.120306
v 0.413428 -0.053194 0.091306
v 0.423551 0.016165 0.099699
v 0.364576 -0.087914 0.131227
v 0.356501 -0.044981 0.125145
v 0.075306 -0.321781 -0.021680
v 0.056831 -0.340970 -0.023925
v 0.048184 -0.325478 0.024541
v 0.127864 -0.350716 0.077439
v 0.099116 -0.643114 0.083757
v 0.101903 -0.561973 0.142032
v 0.079524 -0.564083 0.107526
v -0.055268 0.664080 0.030449
v -0.003795 0.665501 0.052069
v -0.017618 0.650395 0.075345
v -0.015962 0.596774 0.093411
v 0.009102 0.565839 0.127321
v 0.012775 0.592953 0.059250
v 0.225926 0.760449 -0.000206
v 0.177923 0.761490 0.014342
v 0.226799 0.740283 0.042227
v 0.259371 0.666793 -0.020479
v 0.278087 0.693369 -0.003068
v 0.197040 0.762457 -0.037048
v 0.139246 0.813313 -0.059046
v 0.123920 0.796720 -0.035791
v 0.102691 0.788456 -0.059544
v -0.218494 0.201428 0.145646
v -0.202470 0.191094 0.130793
v 0.222713 -0.285079 0.181141
v 0.250746 -0.256986 0.176074
v 0.225446 -0.220867 0.206962
v 0.251441 -0.351584 0.200201
v 0.223061 -0.329476 0.203254
v 0.242993 -0.383060 0.225614
v 0.288901 0.599207 0.055430
v 0.266197 0.548487 0.020146
v 0.274159 0.569251 0.048535
v 0.230527 0.554209 0.026239
v 0.101028 -0.401199 0.201092
v 0.079418 -0.376397 0.170473
v 0.079129 -0.433860 0.209467
v 0.095021 -0.335170 0.044997
v 0.057198 -0.316899 0.026999
v 0.080500 -0.341519 0.095534
v -0.006332 0.454849 0.305089
v 0.081126 0.472058 0.218222
v 0.020894 0.496541 0.227699
v -0.133210 0.498063 0.207797
v -0.165579 0.533579 0.156018
v 0.195991 0.386101 0.124948
v 0.214141 0.367751 0.155824
v 0.214409 0.358277 0.123399
v 0.034990 0.525826 0.161130
v 0.396035 -0.745810 0.037006
v 0.367321 -0.783527 0.006474
v 0.486947 -0.634056 0.080359
v 0.438935 -0.647654 0.074796
v 0.405460 -0.739675 0.151648
v 0.416053 -0.720550 0.108428
v 0.448105 -0.688600 0.146372
v 0.462731 -0.647471 0.148382
v 0.518134 -0.238086 0.023971
v 0.505252 -0.263217 -0.021671
v 0.505107 -0.223954 -0.015598
v 0.518391 -0.325065 0.103539
v 0.514234 -0.334922 0.039200
v 0.511766 -0.299764 0.050728
v -0.046092 0.000032 0.003297
v -0.051126 0.001321 0.118349
v -0.093837 -0.000773 0.121649
v -0.076563 -0.010788 0.103862
v 0.335947 -0.838108 -0.045201
v -0.104186 -0.005957 0.222350
v -0.122560 -0.069641 0.171399
v -0.084602 -0.062810 0.187170
v -0.089505 0.761386 0.089406
v -0.067646 0.766818 0.123951
v -0.029894 0.807920 0.059772
v -0.031305 0.772884 0.137474
v -0.015675 0.821508 0.024280
v -0.001272 0.815881 -0.019926
v -0.064305 0.721122 -0.052195
v -0.043875 0.744055 -0.082103
v -0.080110 0.717959 -0.073757
v -0.071269 -0.015583 0.252942
v -0.096581 -0.043591 0.215874
v -0.024243 0.008143 0.225782
v 0.010812 0.021726 0.196351
v -0.129275 0.717540 -0.043218
v -0.148899 0.719415 0.015620
v -0.116737 0.716742 0.007043
v -0.142631 0.675822 0.070145
v -0.099693 0.664633 0.070114
v -0.103036 0.686322 0.031267
v 0.199313 0.001600 0.175907
v 0.230330 0.022968 0.126081
v 0.167952 -0.006344 0.168422
v 0.147979 -0.085344 0.226900
v 0.112533 -0.022635 0.200938
v 0.120133 -0.120615 0.264144
v 0.227735 -0.081476 0.175949
v 0.193588 -0.045563 0.190957
v 0.265158 -0.216597 0.183462
v 0.298094 -0.226266 0.159027
v 0.302033 -0.194586 0.174080
v 0.161588 -0.311686 0.143128
v 0.174259 -0.325170 0.122990
v 0.143003 -0.346092 0.128489
v 0.186772 -0.283450 0.051227
v 0.185254 -0.286184 0.029759
v 0.420067 0.029469 -0.024495
v 0.377452 0.030596 -0.080278
v 0.364097 0.070003 -0.065071
v 0.365366 0.049071 0.111699
v 0.378626 0.007297 0.112661
v 0.165752 -0.859932 0.214366
v 0.202998 -0.813823 0.250878
v 0.307415 0.080638 0.026015
v 0.284702 0.084398 0.074229
v 0.351999 0.102659 0.053673
v 0.418505 0.052939 0.018213
v 0.358087 0.090213 -0.020316
v 0.384883 0.097395 0.025733
v 0.113730 0.854776 0.077573
v 0.156208 0.871943 0.019997
v 0.117008 0.880724 0.023408
v 0.161928 0.866098 -0.021294
v 0.152909 -0.452603 0.239452
v 0.200537 -0.479415 0.256073
v 0.096384 -0.518853 0.200697
v 0.101112 -0.567703 0.179037
v 0.214644 0.574887 -0.051439
v 0.189167 0.567157 -0.041933
v 0.184925 0.547643 -0.056937
v 0.319345 -0.411641 0.211280
v 0.240405 -0.595404 0.255135
v 0.200711 -0.613637 0.265014
v 0.215559 -0.643662 0.259890
v -0.264619 0.403151 0.121954
v -0.256352 0.431076 0.098400
v -0.205142 0.410146 0.049255
v -0.209218 0.441893 0.182403
v 0.431963 -0.584159 0.231445
v 0.436095 -0.556864 0.210224
v 0.447168 -0.516901 0.203507
v -0.401878 -0.169404 0.028587
v -0.337218 -0.208301 0.017435
v -0.336374 -0.172213 0.028394
v -0.391691 -0.223123 0.012851
v -0.358637 -0.218647 -0.033744
v -0.358635 -0.217807 0.014819
v -0.198058 0.634745 0.055669
v -0.212383 0.606628 0.053503
v -0.193067 0.593726 0.061495
v -0.162868 0.701462 0.041159
v -0.122329 0.697111 0.033370
v -0.213241 0.542328 0.025678
v -0.230140 0.529269 0.062339
v -0.224622 0.553196 0.046316
v -0.211877 0.554968 0.071764
v -0.221313 0.577886 0.055202
v -0.102482 0.002178 0.081909
v -0.096323 0.018097 0.083273
v -0.103041 0.019087 0.049063
v -0.114915 -0.013152 0.144135
v 0.283123 0.264636 -0.014502
v 0.220779 0.365152 0.089313
v 0.204539 0.377732 0.102129
v 0.212139 0.746090 0.065546
v 0.195717 0.778538 0.040340
v 0.230621 0.765946 0.089514
v 0.210900 0.772715 0.060403
v 0.438222 -0.002280 0.080393
v 0.423544 -0.044845 0.074846
v 0.452980 0.042187 0.062184
v 0.427639 0.072198 0.057876
v 0.230062 0.418829 0.037345
v 0.261252 0.382544 0.023470
v 0.254826 0.418187 0.005511
v 0.227068 0.446194 0.002654
v -0.467151 -0.112813 0.010532
v -0.413554 0.084910 -0.074404
v -0.465647 0.056828 -0.033627
v -0.518802 -0.044093 -0.024077
v -0.509934 -0.031157 -0.069675
v -0.494665 -0.070052 -0.031540
v -0.446350 -0.013393 0.016035
v -0.479400 -0.023803 -0.018671
v -0.471919 -0.059018 0.004937
v 0.492526 -0.500353 -0.058064
v 0.469545 -0.441025 -0.065324
v 0.474892 -0.470210 -0.000942
v 0.004482 0.043579 -0.002941
v 0.031873 0.040318 -0.061832
v 0.008762 0.064460 -0.025763
v 0.011843 0.087152 -0.019584
v 0.051650 0.096973 -0.051167
v 0.043165 0.095300 -0.029689
v 0.023562 0.079024 -0.054771
v 0.285640 0.582751 -0.020144
v 0.258446 0.577445 -0.031019
v 0.295128 0.576910 0.036938
v 0.288034 0.566556 0.020691
v 0.323119 0.585880 0.015669
v 0.216736 0.748895 -0.025594
v 0.001501 0.338051 0.351814
v 0.002339 0.266994 0.326311
v 0.043211 0.311454 0.301015
v -0.067106 0.349344 0.324843
v -0.091186 0.416966 0.295099
v -0.105549 0.377724 0.295346
v -0.071113 0.492941 0.270900
v -0.069220 0.521311 0.250933
v -0.091943 0.478927 0.259990
v -0.031185 0.378468 0.363328
v -0.047300 0.397163 0.342050
v -0.048325 0.356352 0.338812
v -0.018263 0.147854 0.032060
v -0.037636 0.167152 0.031151
v -0.013421 0.177820 0.008373
v 0.014711 0.124918 -0.003304
v 0.026179 0.147834 -0.029135
v -0.002514 0.121875 -0.013328
v 0.161729 -0.800329 0.058512
v 0.171254 -0.820763 0.085335
v 0.126539 -0.833546 0.095666
v 0.119240 -0.792630 0.111348
v 0.131321 -0.790679 0.058468
v 0.120977 -0.818988 0.088002
v 0.120947 -0.763446 0.070356
v 0.140208 -0.744479 -0.003071
v 0.082788 -0.548128 0.088089
v 0.107204 -0.558897 0.024545
v 0.043577 -0.460372 0.040668
v 0.087614 -0.494142 0.041227
v 0.065822 -0.490050 0.056491
v 0.030995 -0.406738 0.050656
v 0.444397 -0.409895 0.092762
v 0.471032 -0.522456 0.005604
v 0.158348 -0.328717 0.169924
v 0.157571 -0.309657 0.153621
v 0.129199 -0.333368 0.159441
v 0.176350 -0.286857 0.172617
v 0.152438 -0.282940 0.201739
v 0.147084 -0.289150 0.161034
v -0.131401 0.304617 0.277505
v -0.183891 0.304518 0.225147
v -0.151687 0.272803 0.236886
v -0.088095 0.258979 0.279975
v 0.185622 0.533457 -0.035997
v 0.109266 0.590397 0.017550
v 0.132836 0.557482 0.014782
v 0.152127 0.580531 0.023532
v -0.303208 0.047436 -0.006147
v -0.363016 0.061013 -0.032781
v -0.298773 0.025927 0.008672
v -0.344818 -0.132084 0.044583
v -0.372238 -0.102847 0.060292
v -0.311108 0.002090 0.060160
v 0.415534 0.071471 0.096711
v 0.383302 0.101249 0.088987
v 0.377865 0.074299 0.101827
v 0.348721 0.094538 0.100782
v 0.369323 0.106297 0.081585
v 0.127267 -0.763987 0.253497
v 0.155831 -0.732325 0.255655
v 0.135545 -0.711723 0.261720
v 0.160401 -0.630126 0.259762
v 0.113767 -0.268704 0.151349
v 0.143615 -0.780132 -0.015246
v 0.152677 -0.772658 -0.067581
v 0.145090 -0.803174 -0.061942
v 0.144251 0.431273 0.230197
v 0.154467 0.415446 0.210067
v 0.100270 0.468802 0.193118
v 0.131559 0.414175 0.244218
v 0.135748 0.440744 0.180438
v 0.164709 0.457022 0.138177
v 0.122097 0.476967 0.141327
v 0.125684 0.494922 0.108058
v 0.172348 0.480564 0.085553
v 0.017514 0.066545 0.027290
v 0.003958 0.045478 0.056009
v -0.045193 0.012446 0.097430
v -0.002527 0.026795 0.083367
v -0.027622 0.001581 0.122371
v 0.191377 0.711292 0.152721
v 0.189426 0.768388 0.135711
v 0.214858 0.774850 0.123918
v 0.190014 0.788580 0.101962
v 0.504369 -0.361017 0.087806
v 0.510767 -0.362347 0.115318
v -0.207577 0.473734 0.163640
v -0.249248 0.460634 0.088588
v -0.233010 0.487663 0.097145
v -0.300797 -0.011567 0.084358
v -0.336719 -0.059131 0.079203
v -0.285272 -0.050928 0.067346
v -0.216764 -0.031904 0.085598
v -0.259349 -0.030698 0.067441
v -0.270775 -0.081886 0.065813
v 0.236038 0.333025 0.049663
v 0.283365 0.272502 0.027229
v 0.282385 0.311705 0.001786
v 0.291356 0.339815 -0.036041
v 0.280238 0.359398 -0.056218
v 0.263297 -0.849218 0.107084
v 0.250603 -0.856028 0.158240
v 0.064555 -0.041338 0.110888
v 0.082290 -0.015228 0.123834
v 0.071990 0.028488 0.126723
v 0.024627 0.005728 0.154235
v 0.035436 -0.007295 0.129413
v 0.085695 0.027551 0.102101
v 0.105884 0.006918 0.102778
v 0.105231 0.053693 0.104368
v 0.120973 0.021207 0.085349
v 0.123640 0.035517 0.072234
v 0.040258 -0.361003 0.101730
v 0.051023 -0.331616 0.065104
v 0.035879 -0.386869 0.029706
v 0.086567 -0.359361 0.152021
v 0.056422 -0.353988 0.134372
v 0.048057 -0.360224 0.155701
v 0.095050 0.810660 0.134654
v 0.072895 0.855264 0.078179
v 0.162569 0.764876 0.180458
v 0.134881 0.800635 0.174329
v 0.369449 -0.307818 0.146783
v 0.337994 -0.343736 0.123542
v 0.234405 -0.298237 0.170185
v -0.105816 -0.233298 0.002379
v -0.078407 -0.233047 -0.013595
v -0.107894 -0.198876 0.012299
v -0.129930 -0.250827 -0.001229
v -0.156651 -0.212584 0.003889
v -0.178610 -0.245106 -0.001423
v -0.081694 0.714178 -0.029646
v 0.185486 -0.205217 0.223183
v 0.213821 -0.145675 0.199401
v 0.256211 -0.134910 0.181075
v 0.260459 -0.195241 0.187603
v 0.274221 -0.150265 0.171180
v -0.126865 0.166484 0.222900
v -0.094064 0.209324 0.259315
v 0.392991 -0.379487 0.152132
v 0.375301 -0.394947 0.160073
v 0.389520 -0.401477 0.145806
v -0.377281 0.090241 -0.080851
v -0.241810 0.311016 0.151288
v -0.257619 0.350921 0.155328
v -0.201000 0.344681 0.224623
v -0.243050 0.315218 0.177174
v 0.076315 0.669833 0.145839
v 0.113398 0.736299 0.185236
v 0.105619 0.786040 0.183906
v 0.115252 0.818539 0.137239
v 0.286361 -0.076184 0.176829
v 0.314305 -0.108910 0.157446
v 0.322839 -0.073651 0.140797
v 0.308243 -0.127393 0.161585
v 0.281595 -0.097682 0.182526
v 0.143366 0.684366 0.176121
v 0.400260 -0.084003 0.109637
v 0.402067 -0.094100 0.088593
v 0.418111 -0.095015 0.067232
v -0.121645 0.143535 0.088847
v -0.159663 -0.004290 0.170345
v -0.167264 0.044905 0.161796
v -0.124665 0.028703 0.124643
v -0.114784 -0.005872 0.121078
v -0.123618 -0.019189 0.114533
v 0.096539 -0.526080 0.141836
v 0.087502 -0.558527 0.123652
v 0.100149 -0.557416 0.165446
v 0.096202 -0.504801 0.177308
v 0.345598 -0.571546 0.243190
v 0.385075 -0.610659 0.249044
v 0.396942 -0.574640 0.249288
v 0.299495 -0.504085 0.245908
v 0.251151 -0.507043 0.250415
v 0.292339 -0.538015 0.246283
v -0.224525 0.285638 0.161136
v -0.183238 0.281124 0.193992
v -0.163228 0.274722 0.222283
v -0.097151 0.027994 0.019660
v -0.137402 0.359173 0.283277
v -0.093053 0.324766 0.319039
v 0.300892 0.309172 -0.012363
v 0.289565 0.268631 -0.000261
v 0.175090 0.227329 0.133183
v 0.114912 0.195627 0.181460
v 0.169638 0.158667 0.112269
v 0.266197 0.335307 -0.078805
v 0.284368 0.328953 -0.050298
v 0.291584 0.067331 0.097918
v 0.428248 -0.491002 0.150192
v 0.454789 -0.560660 0.178531
v 0.416363 -0.425832 0.066258
v 0.415707 -0.430502 0.042674
v 0.432459 -0.417580 0.044188
v 0.403543 -0.441354 0.065910
v 0.408093 -0.434957 0.108046
v 0.405418 -0.477109 0.084609
v 0.441979 -0.440836 0.019955
v 0.405574 -0.457456 0.036666
v 0.443527 -0.475857 0.034858
v 0.411502 -0.479958 0.066188
v 0.439854 -0.526178 0.065749
v 0.418890 -0.532934 0.087574
v 0.440379 -0.545092 0.055208
v 0.176790 -0.261377 0.054528
v 0.177876 -0.248050 -0.009891
v 0.185193 -0.271058 0.010284
v 0.283998 -0.844752 -0.055939
v -0.053914 0.131994 0.054947
v -0.034278 0.099695 0.047425
v -0.027958 0.065519 0.036327
v -0.010051 0.090879 0.028292
v -0.027126 0.104681 0.012080
v 0.092700 -0.353241 0.127918
v -0.112762 -0.018677 0.116026
v -0.067552 -0.056773 0.080496
v -0.094530 -0.063412 0.197534
v -0.065605 -0.064514 0.197676
v -0.060413 -0.057242 0.212169
v -0.026203 -0.038295 0.186271
v -0.244825 0.390137 0.159668
v -0.253078 0.373240 0.123228
v 0.137217 0.034433 -0.030679
v 0.143126 0.091857 -0.020803
v 0.153694 0.062891 -0.008621
v 0.131627 0.060550 -0.001449
v 0.130370 0.045733 0.010430
v 0.145077 0.047980 -0.012309
v 0.123122 0.026937 -0.000695
v 0.124627 0.031605 0.027977
v 0.164024 0.123883 -0.030165
v 0.342730 -0.711464 0.243770
v 0.371033 -0.698559 0.221639
v 0.372859 -0.685459 0.239605
v 0.330458 -0.743870 0.235890
v 0.336746 -0.780833 0.222725
v 0.349218 -0.743531 0.211041
v 0.262892 0.384377 -0.008617
v 0.263859 0.350864 -0.004440
v 0.422024 -0.552487 0.082778
v 0.416827 -0.575269 0.065112
v 0.427639 -0.560279 0.052938
v 0.431949 -0.617877 0.083202
v 0.453395 -0.613384 0.056752
v 0.143735 0.825047 0.105806
v 0.137754 0.813232 0.142150
v 0.472012 -0.688512 0.038609
v 0.494991 -0.682101 0.005225
v 0.495514 -0.675802 0.063390
v 0.456186 -0.686215 0.062644
v 0.461499 -0.662790 0.083637
v 0.428583 -0.027242 -0.072495
v 0.454512 -0.557464 0.193425
v 0.378839 -0.666411 0.246437
v 0.509523 -0.665416 0.045850
v 0.518483 -0.668004 -0.034882
v 0.492646 -0.646335 0.079434
v 0.421170 -0.134210 0.071296
v 0.084502 -0.012392 0.089238
v 0.114884 0.021119 0.047397
v 0.516305 -0.356024 -0.059554
v 0.515554 -0.346409 0.004146
v 0.226984 -0.821409 0.101373
v 0.241645 -0.824935 0.087715
v 0.159681 -0.824318 0.119836
v 0.189826 -0.820118 0.125330
v -0.011655 0.263840 0.329554
v -0.020739 0.154901 0.300445
v -0.042921 0.060679 0.269189
v 0.026180 0.189503 0.265292
v -0.091527 0.161483 0.244700
v -0.146293 0.101367 0.202660
v -0.030359 0.214987 0.314325
v -0.020591 0.243006 0.314945
v -0.052695 0.232811 0.299589
v 0.386382 -0.461621 0.215397
v 0.349139 -0.453092 0.215600
v 0.347222 -0.483946 0.225272
v 0.312925 -0.485657 0.240367
v 0.276256 -0.437533 0.244315
v 0.327499 -0.838630 0.089538
v 0.336197 -0.826027 0.056067
v 0.376318 -0.813048 0.108441
v 0.301226 -0.774596 0.255166
v 0.319967 -0.803298 0.222789
v -0.229233 0.282284 0.148725
v -0.215140 0.251474 0.135568
v -0.213818 0.260196 0.162666
v 0.375244 -0.774526 0.084275
v 0.384049 -0.797968 0.110143
v 0.377024 -0.779117 0.181071
v 0.359523 -0.816861 0.196518
v 0.371744 -0.806586 0.163866
v 0.404768 -0.739004 0.184312
v 0.391267 -0.759706 0.175254
v 0.388255 -0.784705 0.141352
v 0.109533 -0.128654 0.253033
v 0.093559 -0.078643 0.244172
v 0.139622 -0.175257 0.254413
v -0.079920 0.692658 0.063026
v -0.053865 0.643167 0.058160
v -0.033152 0.612512 0.088798
v -0.036259 0.626303 0.053265
v 0.107889 -0.381307 0.189071
v 0.146856 -0.352251 0.196357
v 0.124931 -0.363648 0.180300
v -0.040821 0.643049 0.083036
v -0.071832 0.634127 0.095518
v -0.080797 0.621440 0.129038
v -0.024993 0.657279 0.101296
v -0.064852 0.648088 0.079828
v 0.078922 -0.018545 0.074080
v 0.077738 0.003670 0.080686
v 0.113994 0.016583 0.073042
v 0.068711 -0.023623 0.030967
v 0.061893 -0.032383 0.059885
v 0.525100 -0.652509 -0.037676
v -0.438188 0.024021 0.021245
v -0.480947 0.008359 -0.026600
v -0.372761 -0.010336 0.082560
v -0.404550 -0.000224 0.042979
v -0.407150 -0.017872 0.045717
v 0.081840 -0.037805 0.221013
v 0.091360 -0.037268 0.193661
v 0.070380 -0.064268 0.198523
v -0.378435 -0.035499 0.069786
v -0.345877 -0.024443 0.094523
v 0.149869 0.652507 0.164407
v 0.126481 0.643431 0.154439
v 0.276572 -0.707099 0.252446
v 0.234876 -0.732949 0.263344
v 0.088905 0.622292 0.028053
v -0.009532 0.631783 0.017231
v 0.030882 0.648065 0.009413
v 0.001807 0.657304 0.024746
v -0.087078 0.049808 0.093723
v -0.117129 0.001508 0.140638
v -0.098924 0.025841 0.106257
v -0.101019 0.008115 0.101452
v 0.082719 0.655385 0.052657
v 0.057658 0.651869 0.024496
v 0.067468 0.631199 0.027249
v 0.014205 0.666473 0.070849
v 0.060291 0.660240 0.085710
v 0.008996 0.649276 0.108535
v 0.383959 -0.505753 0.243280
v 0.365204 -0.494771 0.221129
v 0.390109 -0.547601 0.251790
v 0.344177 -0.532749 0.250485
v 0.004007 0.416417 0.355446
v 0.054792 0.434395 0.292495
v -0.016068 0.397333 0.371401
v -0.012928 0.351067 0.366351
v 0.019624 0.384357 0.348097
v -0.470873 -0.137202 -0.001488
v -0.429180 -0.166421 0.024743
v -0.407938 -0.203357 0.014180
v 0.055217 0.275593 0.272707
v 0.065055 0.227096 0.249605
v 0.084952 0.320504 0.255214
v 0.026439 0.242084 0.286441
v 0.235290 0.148973 0.028601
v 0.255666 0.215538 0.055081
v 0.261066 0.168346 0.023715
v 0.196779 0.411658 0.151428
v 0.166024 -0.051875 0.203059
v 0.154393 -0.017645 0.192288
v 0.219669 -0.353173 0.213430
v 0.207866 0.237114 0.110188
v 0.259768 0.282796 0.060763
v 0.350296 -0.803923 0.018727
v 0.336324 -0.826507 0.032709
v 0.355931 -0.807471 0.054436
v 0.176225 0.816754 0.077902
v 0.183453 0.801212 0.051130
v 0.191378 0.834041 0.031011
v 0.203576 0.785279 0.072749
v 0.392098 -0.426723 0.128661
v 0.398281 -0.413822 0.111090
v 0.180786 0.505462 0.034480
v 0.130490 0.536520 0.034672
v 0.154133 0.547992 -0.006918
v 0.161553 0.545607 -0.018680
v 0.194876 0.559252 -0.009404
v 0.215238 0.553254 0.006349
v 0.258091 0.548154 0.001514
v 0.013832 0.153349 -0.004963
v 0.036294 0.175999 -0.050313
v 0.473543 -0.120007 -0.048210
v 0.511071 -0.190828 0.003708
v 0.098134 -0.207461 0.126747
v 0.117253 -0.259668 0.111842
v 0.130566 -0.278239 0.138593
v -0.091328 0.754608 0.067858
v -0.085277 0.742929 0.045204
v 0.053920 0.028149 0.072266
v 0.036545 0.042943 0.061667
v -0.241479 -0.219464 0.008452
v -0.188040 -0.124283 0.050140
v -0.159033 -0.158502 0.034903
v -0.101367 -0.076942 0.077149
v 0.233762 0.640422 -0.050283
v 0.449411 0.025520 0.015538
v 0.452654 0.020887 0.062612
v 0.457940 0.005976 0.032200
v 0.187191 0.401301 0.189281
v 0.190594 0.382310 0.186402
v 0.082168 -0.545009 0.250542
v 0.119206 -0.640106 0.251285
v 0.131766 -0.711475 0.244861
v 0.135141 0.878269 -0.027235
v -0.186174 0.085436 0.169666
v 0.429504 -0.248612 0.098278
v 0.366164 -0.176881 0.134548
v 0.398024 -0.217832 0.114411
v 0.144725 -0.215448 -0.005573
v 0.142329 -0.216010 -0.022784
v 0.159273 -0.234761 -0.026542
v 0.165028 -0.226414 -0.005810
v 0.453521 -0.398347 -0.008521
v 0.462068 -0.412748 -0.047291
v 0.258613 0.433010 -0.012592
v 0.258369 0.451632 -0.038481
v 0.470021 -0.690135 -0.028568
v 0.454743 -0.697018 -0.019263
v 0.448666 -0.728657 -0.035998
v 0.472025 -0.686159 -0.007076
v 0.442578 -0.723904 0.017525
v -0.139832 0.173557 0.091663
v 0.448637 -0.704954 0.040234
v 0.440106 -0.697243 0.068673
v 0.420368 -0.707744 0.080699
v 0.435009 -0.721137 0.062283
v -0.055029 -0.040489 0.178927
v 0.364036 -0.792555 -0.037640
v 0.348312 -0.824123 -0.043741
v 0.081651 0.108100 -0.065507
v 0.132431 0.119489 -0.091380
v 0.112636 0.117769 -0.056719
v 0.069163 0.101743 -0.072957
v 0.053551 0.656639 0.134901
v 0.238223 -0.816689 -0.054929
v 0.222598 -0.813991 0.002155
v 0.210585 -0.814110 0.088930
v 0.206206 -0.818915 0.117002
v 0.123905 -0.302008 -0.032916
v 0.116340 -0.325174 -0.002477
v 0.083305 -0.319015 -0.037406
v 0.083464 -0.306424 -0.048409
v 0.060890 -0.344724 -0.048582
v 0.090835 -0.527071 0.114589
v 0.059465 -0.484262 0.073276
v 0.094031 0.481609 0.165709
v 0.056050 0.530891 0.121392
v 0.513142 -0.283444 -0.001762
v 0.509560 -0.290765 0.030166
v 0.511955 -0.254253 0.042744
v 0.169587 -0.295653 0.136810
v 0.176592 -0.305184 0.120857
v 0.157424 -0.270619 0.133864
v 0.129858 -0.271777 0.120582
v 0.138662 -0.762665 0.052339
v -0.117866 0.435124 -0.018637
v 0.135845 -0.242541 0.214423
v 0.103249 -0.239818 0.173287
v 0.123827 -0.231996 0.198369
v 0.098186 -0.174264 0.188791
v -0.132853 -0.024779 0.196074
v -0.138415 -0.046016 0.182931
v 0.203869 0.626503 0.099717
v 0.125238 0.655073 0.123742
v 0.149162 0.652151 0.106011
v 0.150737 0.681351 0.108019
v -0.083089 0.703595 0.001626
v -0.089074 0.711694 0.048090
v 0.181336 0.208239 -0.084056
v 0.181492 0.226817 -0.089142
v 0.202931 0.224222 -0.074062
v 0.211159 0.251576 -0.079560
v 0.167852 0.781954 0.006885
v 0.170885 0.768940 -0.055623
v 0.157483 0.771569 -0.024121
v -0.378308 -0.226913 -0.073551
v 0.171829 0.059431 0.028477
v 0.234446 0.136062 0.019635
v 0.160031 0.050548 0.043784
v -0.045419 -0.198090 0.002995
v -0.076258 -0.158472 0.025661
v 0.501189 -0.232343 -0.096776
v 0.198435 0.557083 0.005483
v 0.173085 0.567443 0.005790
v 0.282889 0.077266 -0.084710
v 0.309190 0.086476 -0.067446
v 0.299323 0.087601 -0.012484
v 0.236138 0.735880 0.116022
v 0.198614 0.730603 0.071777
v 0.220651 0.735916 0.132009
v 0.187270 0.737831 0.151487
v 0.147241 0.626377 0.081406
v 0.017557 0.082022 -0.039535
v -0.010316 0.055205 0.020255
v -0.147850 0.709230 -0.018590
v -0.165479 0.691694 -0.012225
v -0.176106 0.701154 0.031356
v -0.185755 0.679931 0.017149
v -0.200430 0.676507 0.035174
v -0.175551 0.689030 0.044925
v -0.169242 0.654652 0.056493
v -0.185677 0.658929 -0.018190
v -0.177012 0.640235 -0.003151
v 0.034443 0.633743 0.017870
v 0.011501 0.623325 0.022212
v -0.004952 0.616192 0.043102
v 0.240015 0.713795 0.065976
v 0.196293 0.707505 0.105369
v 0.200604 0.725733 0.081813
v 0.204478 -0.312286 0.187660
v 0.232258 -0.317369 0.182670
v 0.207508 -0.329251 0.198633
v 0.162964 -0.354092 0.206536
v 0.067846 0.095673 0.180591
v 0.074211 0.070975 0.159100
v -0.024829 0.361928 0.367979
v -0.053618 0.323548 0.328209
v 0.179442 -0.521982 0.255197
v 0.226395 -0.496360 0.253895
v 0.083825 -0.089772 -0.021907
v 0.071281 -0.053901 -0.061585
v 0.102057 -0.111195 -0.050538
v 0.442880 -0.685756 0.115277
v 0.430162 -0.701205 0.101776
v 0.447808 -0.672496 0.092177
v 0.191085 -0.844338 0.230272
v 0.187076 -0.836474 0.242360
v 0.165406 -0.860540 0.241511
v 0.135490 -0.790633 0.253261
v 0.328211 0.016358 0.137415
v 0.304225 -0.065012 0.152574
v 0.307034 -0.015272 0.145211
v 0.057199 -0.060046 0.099376
v 0.070652 -0.100369 0.146368
v 0.140818 0.775607 -0.027106
v 0.139382 0.772348 -0.076047
v -0.150450 0.032290 0.192671
v 0.192556 0.507898 0.001609
v 0.103790 -0.526604 0.032579
v 0.098799 -0.542122 0.050628
v 0.101923 -0.550450 -0.003608
v 0.089679 -0.515648 -0.003281
v 0.451379 -0.419615 -0.004274
v 0.379974 -0.106084 0.122008
v 0.388745 -0.125630 0.101309
v 0.248289 0.722207 0.043974
v 0.277872 0.704593 0.009611
v 0.255646 0.743144 0.005634
v 0.249025 0.709233 -0.021086
v 0.472055 -0.397151 0.123420
v 0.503365 -0.378957 0.122028
v 0.443140 -0.370042 0.149840
v 0.481183 -0.380683 0.141288
v 0.498016 -0.361626 0.138377
v 0.508809 -0.320734 0.110712
v 0.330634 -0.189350 0.144355
v 0.321887 -0.168081 0.155585
v 0.342558 -0.142209 0.152787
v 0.340468 -0.269767 0.146751
v 0.330847 -0.284825 0.148867
v 0.330755 -0.322714 0.134844
v 0.263526 -0.318430 0.155462
v 0.063282 -0.066381 0.182255
v 0.061199 -0.066888 0.158109
v 0.055718 -0.066723 0.129304
v -0.052747 0.660549 0.024357
v -0.026337 0.637919 0.015924
v 0.066705 -0.433563 0.030869
v 0.043220 -0.410817 0.029676
v 0.284010 0.233853 0.000445
v 0.285461 0.235772 0.037508
v 0.289583 0.222545 0.019198
v -0.250973 0.030551 -0.000318
v 0.183480 0.055243 0.011214
v 0.203304 0.056627 0.045941
v -0.059953 0.107716 0.011210
v -0.055076 0.079786 0.008752
v -0.050200 0.051856 0.006294
v -0.009697 0.114058 0.004378
v 0.001183 0.125950 0.018426
v -0.302700 -0.082076 0.062984
v 0.300629 0.583567 -0.003049
v 0.320655 0.610418 0.008631
v 0.303444 0.602866 -0.010925
v 0.191544 0.541269 -0.073554
v 0.185938 0.524795 -0.053694
v 0.196847 0.517767 -0.074464
v 0.324488 -0.030835 0.130388
v 0.086213 -0.611778 0.082220
v -0.070346 0.040532 0.022468
v -0.092699 0.046819 0.008271
v -0.112945 0.059227 -0.007433
v -0.118004 0.037552 0.007840
v -0.230482 0.371129 0.188124
v -0.199744 0.359773 0.230420
v -0.163654 0.395849 0.255585
v -0.219460 0.400343 0.192589
v 0.484591 -0.360443 0.143439
v 0.500623 -0.321548 0.124568
v 0.495379 -0.279336 0.075759
v 0.408301 -0.630027 0.228693
v 0.378110 -0.635410 0.249764
v -0.124265 -0.040816 0.104355
v -0.051248 -0.036684 0.078132
v -0.036348 -0.037993 0.031895
v -0.042427 -0.011847 0.045594
v -0.050846 0.003780 0.050514
v 0.129163 -0.850162 0.137302
v 0.046964 0.671823 0.048820
v 0.045635 0.675763 0.024625
v 0.074703 0.664713 0.071506
v 0.261898 0.341424 0.017285
v 0.195175 0.791544 0.045127
v 0.198681 0.821834 0.012765
v 0.452830 -0.666693 0.159648
v 0.455696 -0.665079 0.129773
v 0.162988 -0.237944 0.046934
v 0.427127 -0.735171 0.046264
v 0.488319 -0.159447 -0.057620
v 0.493991 -0.193621 -0.033631
v 0.519955 -0.328227 0.005130
v 0.515127 -0.336381 -0.019262
v 0.510235 -0.301814 -0.019765
v -0.063225 -0.209490 -0.004358
v -0.241871 0.424311 0.149718
v 0.450296 -0.007804 0.047659
v -0.150079 0.417776 0.266092
v -0.115770 0.458899 0.255234
v -0.125954 0.423990 0.280038
v -0.092216 0.439245 0.288477
v -0.066102 0.446053 0.300659
v -0.055841 0.462614 0.301611
v 0.495317 -0.135989 0.000211
v 0.462441 -0.121222 0.042545
v 0.053130 0.414216 0.318806
v 0.031160 0.399987 0.343400
v 0.247140 0.255857 0.071257
v 0.218547 0.303004 0.119093
v 0.225069 0.337105 0.110826
v 0.243698 0.303649 0.089303
v 0.393329 -0.428268 0.146649
v 0.324761 -0.344978 0.171801
v 0.293081 -0.319533 0.145794
v 0.281801 -0.352526 0.188704
v 0.093569 -0.615446 0.014614
v 0.114939 -0.659092 0.039464
v 0.255418 -0.789616 0.245523
v 0.281304 -0.753653 0.257269
v 0.460115 -0.400595 0.058498
v 0.475470 -0.381203 0.033499
v 0.501653 -0.355632 0.045172
v 0.435684 -0.408643 0.026144
v 0.464572 -0.036942 0.032723
v -0.205804 0.630987 0.044689
v 0.100277 -0.150234 -0.036944
v -0.153925 0.596053 0.103430
v -0.141204 0.641069 0.079451
v -0.176369 0.631327 0.078916
v -0.162733 -0.024554 0.089852
v -0.175520 0.599334 0.070054
v 0.117065 0.137996 0.153678
v -0.137312 -0.003767 0.067285
v -0.116769 -0.003177 0.073196
v -0.143639 -0.012780 0.098052
v -0.136182 -0.037874 0.103350
v -0.499433 -0.063401 -0.017623
v -0.511207 0.028107 -0.044715
v -0.511083 -0.017671 -0.072730
v -0.525664 -0.004256 -0.024479
v -0.473753 0.042715 -0.028836
v -0.505389 0.006133 -0.031943
v 0.187701 -0.263679 0.212429
v 0.197476 -0.298739 0.179896
v 0.206880 -0.240752 0.210279
v 0.173367 -0.262095 0.226723
v 0.357536 -0.824876 0.175226
v 0.345570 -0.829305 0.137083
v 0.283062 -0.861987 0.167042
v 0.338040 -0.843099 0.177666
v -0.228527 -0.252459 -0.003413
v 0.375706 -0.765787 0.199020
v 0.378378 -0.717394 0.202410
v 0.302570 -0.842453 0.061879
v -0.135690 -0.042224 0.165957
v -0.117707 -0.034682 0.158217
v -0.144181 -0.032059 0.173473
v -0.041160 0.447071 0.325505
v -0.065251 0.426486 0.319597
v -0.035983 0.429772 0.352079
v -0.018968 0.422527 0.361345
v -0.151492 -0.018799 0.182885
v 0.174772 -0.808901 0.052985
v 0.187961 -0.811927 0.063418
v 0.028823 0.207653 -0.064848
v 0.027317 0.189700 -0.072307
v 0.002932 0.171215 -0.054344
v 0.417865 0.089474 0.084715
v 0.380976 0.110727 0.049029
v 0.400457 0.108675 0.071784
v -0.090159 0.647399 0.089599
v -0.116612 0.664782 0.078610
v -0.019356 0.323318 0.356665
v 0.171825 -0.806639 -0.042187
v 0.206057 0.709914 0.136227
v 0.047181 -0.373968 0.160174
v 0.184151 0.746086 0.174181
v 0.393252 -0.736682 0.063584
v 0.042471 -0.401681 -0.006232
v 0.058199 -0.423038 0.008628
v 0.486413 -0.150142 -0.035609
v 0.478957 -0.112596 0.009280
v 0.035416 -0.382322 0.004630
v 0.053874 -0.355970 -0.038707
v 0.054464 -0.373597 -0.036318
v 0.040887 -0.349265 0.004649
v 0.469324 -0.183337 0.047374
v 0.445662 -0.216541 0.067803
v 0.103326 -0.314241 -0.028710
v 0.092591 -0.333684 0.006858
v 0.178363 0.859434 0.030044
v 0.086253 0.759191 0.185199
v 0.045623 0.782024 0.149350
v 0.040488 0.770118 0.155862
v 0.075374 0.812355 0.121448
v 0.020254 0.778233 0.152953
v 0.153990 -0.298740 -0.066164
v 0.158685 -0.295113 -0.040206
v 0.183089 -0.278840 -0.047037
v 0.132046 -0.300682 -0.046427
v 0.097543 0.772846 0.186262
v -0.048089 0.053857 0.037570
v -0.033141 0.065493 0.052617
v 0.515075 -0.630967 0.048830
v 0.505063 -0.596094 0.013699
v 0.504472 -0.606641 0.050411
v 0.502699 -0.625790 0.073938
v 0.508314 -0.655092 0.066116
v 0.302915 -0.297367 0.153380
v 0.215377 0.066147 -0.025073
v 0.416631 -0.251654 0.113452
v 0.417749 -0.223134 0.091890
v 0.069908 0.136338 0.200442
v 0.061093 0.191321 0.229977
v 0.131870 -0.680315 0.230302
v 0.118947 -0.677746 0.190082
v 0.113933 -0.621674 0.167065
v 0.129576 0.646239 0.085393
v 0.100003 0.662441 0.074309
v -0.055814 -0.067525 0.069387
v -0.044740 -0.058834 0.049485
v -0.034059 -0.077731 0.033784
v -0.039905 -0.105544 0.042163
v -0.038073 -0.112499 0.022719
v -0.030057 -0.040550 -0.004815
v -0.031599 -0.075031 -0.002422
v 0.127748 -0.844816 0.166669
v 0.138097 -0.861771 0.196589
v 0.126786 -0.866986 0.231480
v 0.146981 -0.807709 0.250672
v 0.167314 -0.840834 0.247621
v 0.197651 -0.841943 0.210992
v 0.221754 -0.850754 0.207943
v 0.132858 -0.868202 0.248806
v 0.137028 -0.870233 0.232120
v 0.261052 0.419487 -0.076858
v 0.254289 0.055822 0.104478
v 0.208293 0.049186 0.099499
v -0.061456 0.194485 0.287302
v 0.272502 0.026687 0.133278
v -0.080726 0.111382 0.258259
v -0.125257 0.072821 0.217330
v -0.057633 0.140547 0.274623
v -0.010986 0.223777 0.319749
v -0.040777 0.184916 0.306837
v -0.030341 0.172262 0.311796
v 0.434884 0.058835 0.087899
v 0.449892 0.042480 0.076407
v 0.425525 0.090357 0.076719
v 0.294846 -0.573124 0.240934
v 0.249823 -0.529095 0.252194
v 0.238064 -0.546121 0.259099
v 0.183181 -0.573103 0.256458
v -0.435079 -0.196216 0.009575
v 0.465311 -0.529023 0.034189
v 0.454062 -0.494283 0.030484
v 0.415995 -0.494857 0.058749
v 0.453893 -0.511796 0.060955
v 0.198004 0.504836 -0.041342
v 0.427027 -0.534252 0.110296
v 0.412729 -0.496168 0.105379
v 0.414570 -0.502141 0.082104
v 0.150187 -0.750301 -0.070060
v 0.087684 -0.459260 0.228653
v 0.082903 -0.456250 0.211679
v 0.431570 -0.605110 0.044365
v 0.414850 -0.580874 0.036862
v 0.417309 -0.595577 0.060128
v 0.432713 -0.583864 0.029549
v 0.252262 -0.874350 0.204197
v 0.286090 -0.859835 0.188050
v 0.310099 -0.849870 0.195760
v 0.273508 -0.848527 0.201848
v 0.257057 -0.881102 0.194614
v 0.264615 -0.867115 0.148731
v -0.086453 0.078900 -0.000721
v 0.113209 -0.636255 0.216663
v 0.128206 -0.672855 0.255189
v 0.173657 -0.664731 0.259982
v 0.161326 0.679331 0.120968
v -0.010781 0.778722 -0.049487
v -0.001538 0.817091 -0.057711
v 0.002895 0.786384 -0.071237
v -0.047269 0.745283 -0.039347
v -0.006698 0.768438 -0.066951
v 0.172309 -0.282199 0.087009
v 0.174562 -0.312704 0.087188
v 0.178343 -0.310270 0.101482
v 0.137680 -0.349378 0.110380
v 0.166134 -0.324454 0.105294
v 0.076461 -0.444065 0.010255
v 0.176174 -0.255006 -0.047511
v 0.062109 -0.040442 -0.050874
v 0.065672 -0.029235 -0.031879
v 0.025333 0.603644 0.035685
v 0.422214 -0.493324 0.219962
v 0.404162 -0.473708 0.220006
v -0.086152 0.138030 0.071702
v -0.064384 0.091952 0.068008
v 0.202336 -0.842944 0.191966
v 0.206796 -0.828870 0.165661
v 0.241366 -0.882519 0.197977
v 0.218443 -0.854558 0.196236
v 0.147306 0.028412 0.098677
v 0.101846 0.017364 0.114471
v 0.105462 -0.360601 0.165880
v 0.110668 -0.356094 0.148150
v 0.119850 -0.356851 0.125636
v -0.240411 0.498683 0.049823
v -0.224582 0.465901 0.033217
v 0.422651 -0.600867 0.239825
v 0.410892 -0.599547 0.250581
v 0.214056 -0.528741 0.254458
v 0.320341 0.090924 -0.029396
v 0.351117 0.100395 0.006002
v 0.084098 -0.484090 0.236489
v 0.516234 -0.559580 -0.020462
v 0.084803 0.020781 0.069839
v 0.280410 -0.324978 0.158453
v 0.264774 -0.294190 0.163853
v 0.117243 -0.444662 0.226700
v 0.033850 0.756256 0.157004
v -0.004708 0.771590 0.151133
v -0.016963 0.754234 0.146236
v -0.065474 0.005274 0.262148
v -0.053452 -0.006884 0.250732
v -0.034297 0.119958 0.292568
v -0.197652 0.120781 0.153643
v -0.179441 0.144297 0.136026
v -0.166707 0.110385 0.128196
v -0.203977 0.162578 0.141693
v -0.183453 0.579660 0.075733
v 0.425157 -0.688443 0.179318
v 0.452077 -0.627142 0.185564
v 0.423829 -0.626624 0.203050
v 0.445460 -0.653744 0.103669
v -0.015375 0.152760 -0.030752
v -0.234946 -0.000429 0.061789
v -0.231715 0.016534 0.016419
v 0.174965 -0.279432 0.123027
v 0.080213 -0.513457 0.060858
v 0.077431 -0.523195 0.082219
v 0.031493 -0.427225 0.049507
v 0.047341 -0.456572 0.085010
v 0.113256 -0.177905 -0.037284
v 0.144862 -0.194359 -0.052079
v 0.139477 -0.739047 0.029194
v 0.126618 -0.723661 0.052919
v 0.224724 -0.186476 0.197451
v -0.050609 -0.016907 0.076806
v -0.005406 0.036339 0.033504
v -0.015783 0.027037 0.061587
v 0.241648 -0.094800 0.175157
v 0.257203 -0.109084 0.182551
v 0.219186 -0.054313 0.175438
v 0.238610 -0.065616 0.169133
v 0.123190 -0.825868 0.120383
v 0.271973 -0.071394 0.183801
v 0.138359 -0.270403 0.194143
v 0.106290 -0.256987 0.141662
v 0.125089 0.357263 0.238656
v 0.106979 0.407480 0.263937
v 0.047406 0.341559 0.310005
v 0.092647 0.358987 0.266262
v 0.078410 0.655285 0.131957
v 0.135486 0.844277 0.092177
v 0.053575 0.378547 0.313987
v -0.261176 -0.248072 -0.002643
v -0.306711 -0.236104 0.009398
v 0.175240 -0.330395 0.184974
v 0.059399 0.006690 0.090499
v 0.055361 -0.000085 0.107028
v 0.082128 0.012445 0.091665
v 0.080972 0.109678 -0.047298
v 0.130604 0.110050 -0.040689
v 0.136513 0.126366 -0.050927
v 0.159399 0.134935 -0.042416
v 0.088024 -0.178496 0.162337
v -0.051120 -0.162972 0.014976
v -0.034666 -0.170390 -0.005003
v -0.050085 -0.126696 0.036899
v -0.043966 -0.133252 0.019988
v -0.035768 -0.154813 -0.001131
v 0.219385 0.705936 0.085395
v 0.255204 0.405400 0.022768
v 0.302570 -0.616521 0.247645
v -0.059585 0.714492 0.112128
v 0.320008 -0.734261 0.253530
v 0.333818 -0.509338 0.242666
v 0.360403 -0.516019 0.249124
v 0.098105 0.567509 0.027967
v 0.246499 -0.435951 0.244629
v 0.050330 0.632681 0.015633
v 0.076286 0.603715 0.016235
v 0.166720 -0.305722 0.163923
v 0.160728 -0.282687 0.144658
v 0.283817 -0.851811 0.073299
v 0.261658 -0.839838 0.063450
v 0.230108 -0.122799 0.189861
v 0.145832 -0.790082 0.040511
v 0.150604 -0.769854 0.033415
v 0.099131 0.273706 0.227101
v 0.095087 -0.184444 0.002500
v 0.174461 0.148148 -0.049011
v 0.187023 0.180902 -0.052863
v 0.152039 0.533184 0.013788
v 0.182816 0.513779 0.014320
v 0.097437 0.066401 0.125934
v -0.080065 -0.044514 0.232283
v -0.042077 -0.022745 0.217486
v -0.060796 -0.027095 0.247883
v -0.070221 -0.048298 0.227984
v 0.263805 0.590878 -0.034922
v 0.232389 0.588014 -0.053271
v 0.233375 0.596709 -0.051601
v 0.280441 0.614625 -0.027441
v 0.251693 0.599616 -0.037852
v 0.104056 -0.673769 0.076347
v 0.117578 -0.713137 0.086383
v 0.411427 -0.456261 0.116351
v 0.407998 -0.449652 0.132507
v -0.179217 0.673881 -0.007455
v 0.178986 -0.308995 0.178869
v -0.071624 0.676509 0.088430
v 0.129306 -0.818448 0.215491
v 0.123789 -0.840953 0.247230
v 0.126811 -0.813983 0.247168
v 0.188711 -0.273873 -0.012864
v 0.178429 -0.295393 -0.009539
v 0.314073 -0.316428 0.137337
v 0.157381 -0.264443 0.115555
v -0.006627 0.766417 -0.086665
v -0.073820 0.731051 0.012297
v -0.061589 0.724905 -0.029015
v 0.284331 0.555649 0.002251
v 0.081325 -0.493466 -0.001509
v 0.185421 -0.300486 0.068546
v 0.378645 -0.762226 0.049074
v 0.344046 0.083097 0.112764
v 0.238367 0.695566 -0.038330
v 0.237547 0.711280 -0.041411
v -0.058629 -0.009883 0.089358
v -0.062325 -0.032103 0.091162
v 0.109942 -0.296053 -0.059158
v -0.120254 -0.007256 0.100662
v 0.128529 0.286454 0.208530
v 0.473694 -0.060535 0.016595
v 0.034455 0.095073 -0.076857
v 0.043334 0.094819 -0.058512
v 0.175891 0.050775 -0.034107
v 0.217554 0.348058 0.143786
v 0.221185 0.325180 0.126621
v 0.512257 -0.295830 0.069652
v 0.216809 0.726737 0.064963
v 0.091251 -0.526389 0.227131
v 0.174194 -0.318307 0.060859
v 0.215336 0.688499 0.092708
v 0.330144 0.086841 0.011676
v 0.289921 -0.422756 0.233582
v 0.281845 0.585137 0.062262
v 0.186130 -0.824676 0.147375
v 0.282752 -0.389834 0.201957
v 0.215956 -0.577594 0.259006
v 0.255819 -0.405887 0.231730
v 0.184638 -0.305337 0.045498
v -0.406808 -0.051314 0.046930
v -0.042823 0.475700 0.301194
v -0.065387 0.541362 0.230057
v -0.081610 0.553671 0.214240
v -0.523930 -0.022697 -0.027182
v -0.491340 -0.010281 -0.026622
v -0.025163 0.400583 0.374272
v 0.360205 0.085860 -0.041824
v 0.335815 0.091259 -0.063973
v 0.345315 0.089870 -0.034929
v 0.474116 -0.392696 -0.069913
v 0.162004 -0.233707 -0.046754
v 0.180967 -0.240731 -0.068360
v 0.505384 -0.235079 -0.041564
v 0.498633 -0.161701 0.007298
v -0.449464 -0.182142 -0.002706
v 0.100613 -0.167889 -0.029346
v 0.140264 -0.843599 0.122925
v 0.096209 -0.044255 0.221229
v 0.076531 -0.142168 0.159145
v -0.217756 0.243930 0.151456
v -0.157933 0.365871 0.269483
v 0.113710 0.244310 0.200156
v 0.151168 0.258702 0.171337
v 0.086537 0.217497 0.216358
v 0.361851 -0.131030 0.140777
v 0.373260 -0.156559 0.121191
v -0.025775 0.466426 0.300870
v -0.403053 -0.230547 -0.020399
v -0.423616 -0.236628 0.009891
v 0.288817 0.326632 -0.018341
v 0.241607 -0.818483 -0.014393
v -0.018274 0.566760 0.150119
v 0.312719 -0.843773 -0.041566
v 0.470726 -0.579517 0.043387
v 0.306266 -0.162909 0.165262
v 0.452325 -0.528941 0.190257
v 0.423326 -0.590364 0.086818
v -0.038133 -0.136207 -0.011036
v -0.037971 -0.106708 -0.005823
v -0.147833 0.057474 -0.023240
v 0.013551 0.086285 0.007451
v -0.008838 0.074842 0.012078
v -0.246718 -0.011998 0.069829
v 0.173369 0.823340 -0.020638
v -0.110924 0.264948 0.265840
v 0.022444 0.150451 -0.015755
v 0.405425 0.001355 -0.073288
v 0.508164 -0.678813 -0.032338
v 0.079266 0.422048 0.291406
v 0.110644 0.431341 0.254324
v -0.486607 -0.097352 -0.003253
v -0.488279 -0.090842 -0.014799
v -0.479294 -0.077219 -0.006906
v 0.087239 0.500523 0.136823
v 0.117420 0.055116 0.013310
v -0.105696 0.714548 0.029210
v 0.504412 -0.569728 -0.000666
v -0.036914 -0.206100 -0.012639
v -0.051469 -0.227565 -0.022637
v -0.476777 0.024849 -0.029486
v -0.500104 0.048091 -0.049416
v -0.047308 0.008231 0.078980
v 0.079811 -0.135983 0.069129
v 0.399351 -0.446987 0.046556
v 0.222906 -0.031469 0.170598
v 0.242214 0.610151 0.093890
v 0.124916 -0.784047 0.245439
v 0.101852 0.026390 0.080609
v 0.026990 0.094500 -0.014678
v 0.492023 -0.260848 -0.092980
v -0.047880 0.641313 0.032902
v -0.211629 0.516443 0.020211
v 0.088798 0.042619 0.115445
v 0.118680 0.064580 0.099659
v 0.169115 0.415907 0.187640
v 0.178634 0.447317 0.137940
v 0.180614 0.460332 0.091602
v 0.191339 0.438603 0.133141
v 0.054236 0.101218 -0.086557
v 0.174217 -0.705117 0.258643
v 0.053005 -0.342259 0.112858
v 0.368137 -0.785608 0.052872
v 0.375471 -0.765299 0.024561
v -0.156433 -0.003507 0.182232
v 0.081436 -0.063672 0.232935
v -0.096726 -0.250653 -0.011955
v -0.175533 -0.248200 -0.021726
v -0.090078 -0.248228 -0.069811
v 0.207394 -0.826364 0.238559
v 0.012035 0.018722 -0.083617
v -0.015481 -0.000626 -0.051539
v -0.190425 0.408728 0.222548
v -0.141781 0.397215 0.278328
v 0.047528 0.864202 -0.015559
v 0.031111 0.862572 -0.041234
v -0.001686 0.848219 -0.032609
v 0.153552 -0.265678 0.230867
v -0.003039 0.810505 -0.037390
v 0.258991 0.165948 0.012693
v 0.062591 -0.379905 0.169361
v 0.062541 -0.406801 0.163353
v 0.242270 0.244615 -0.047405
v 0.241025 0.292125 0.094198
v -0.309898 -0.218103 -0.085096
v -0.272259 -0.234612 -0.065004
v -0.313990 -0.224073 -0.025805
v 0.467428 -0.104001 0.027775
v -0.176204 0.083435 0.135902
v -0.150506 0.057659 0.124532
v -0.047914 0.115170 0.289633
v -0.040528 0.142660 0.304301
v -0.135075 -0.066708 0.176403
v -0.114622 -0.070665 0.184768
v -0.002257 0.206179 0.303404
v 0.208673 -0.818656 0.140216
v 0.142220 -0.798664 0.060003
v 0.256545 0.039760 0.121543
v 0.013639 0.251335 0.312063
v 0.425374 -0.409203 0.109052
v 0.411104 -0.415144 0.091119
v -0.103264 0.286472 0.278308
v -0.117112 0.325852 0.297666
v 0.423844 -0.618873 0.063334
v -0.340870 -0.010318 0.096228
v 0.457818 -0.691706 0.009604
v -0.084667 0.031315 0.090510
v 0.136546 0.051453 0.062381
v -0.444525 -0.190147 -0.023459
v -0.434399 -0.225672 0.004198
v -0.426441 -0.211755 -0.041227
v -0.414703 -0.230668 -0.030539
v 0.352352 -0.720908 0.218078
v -0.024947 0.625570 0.041050
v 0.022511 0.666084 0.020784
v 0.430909 -0.743325 -0.033646
v -0.083180 0.713596 0.021720
v -0.087246 0.725969 0.047155
v -0.102321 0.554485 0.200772
v -0.096656 0.519106 0.222679
v -0.083626 0.535533 0.226742
v -0.086654 0.301577 0.309150
v -0.188549 0.091266 0.158026
v -0.016977 0.646573 0.093944
v -0.239672 0.512745 0.066875
v -0.046558 0.764850 0.138124
v 0.074058 0.748428 0.177705
v 0.041134 0.730426 0.150729
v 0.400272 -0.626565 0.246110
v -0.025619 0.537409 0.199118
v -0.019681 0.510832 0.235983
v -0.026603 -0.011073 -0.016887
v 0.342563 -0.833377 0.195632
v 0.067785 -0.047071 -0.024982
v 0.061230 -0.025561 0.003120
v 0.398085 0.110903 0.057305
v 0.190511 0.204467 -0.075348
v 0.061064 0.789211 0.146743
v 0.229861 -0.811597 0.072912
v 0.099253 -0.613964 -0.022753
v 0.182202 0.048518 0.045390
v -0.009585 0.837559 -0.043718
v 0.004033 0.203356 -0.063635
v 0.232261 0.573944 -0.057846
v 0.213943 0.561678 -0.066537
v -0.207425 0.528795 -0.011506
v 0.261653 0.360975 -0.083097
v 0.189557 0.558203 -0.024516
v 0.387396 -0.407638 0.126789
v 0.269329 -0.840983 0.023798
v -0.001619 0.037622 0.005884
v 0.185047 -0.265335 -0.069200
v -0.281674 -0.244960 0.001712
v 0.087567 -0.008918 -0.073080
v 0.066904 -0.018262 -0.045270
v 0.091729 -0.178702 0.035239
v -0.248459 -0.241219 -0.083813
v 0.240745 -0.822137 0.021656
v 0.246260 -0.819293 0.066079
v -0.071697 -0.240405 -0.029710
v -0.467918 0.054139 -0.051787
v -0.133772 0.082547 -0.012541
v -0.137417 0.659227 0.080166
v -0.340162 -0.222180 -0.001984
v -0.336517 -0.216691 -0.040688
v 0.114572 -0.160378 0.266736
v -0.014035 -0.194645 -0.069452
v -0.005898 -0.061138 -0.067380
v 0.026438 0.077751 -0.077951
v 0.215282 0.472253 -0.022658
v -0.180725 0.059193 -0.026987
v -0.168869 0.041362 -0.019199
v -0.027723 -0.211749 -0.042256
v -0.018982 -0.214096 -0.083687
v 0.083621 -0.316912 -0.062847
v 0.174875 0.145919 -0.066518
v 0.182511 0.175653 -0.070291
v 0.092209 -0.506819 -0.029340
v 0.096555 -0.542036 -0.045170
v -0.280705 -0.000084 0.073283
v -0.280659 -0.015965 0.080311
v 0.478520 -0.309621 0.124553
v 0.118352 -0.223506 0.046139
v 0.437340 -0.726036 0.056265
v -0.178971 0.478661 -0.006054
v -0.158412 0.464217 -0.013086
v -0.449197 -0.168474 0.011594
v 0.464845 -0.417053 -0.068094
v 0.048896 -0.388773 -0.030199
v -0.405098 -0.235292 -0.055739
v -0.391686 -0.230030 -0.085207
v -0.401786 -0.221199 -0.089895
v -0.191553 0.029416 -0.006416
v 0.037826 0.036743 -0.071813
v 0.054964 0.856094 -0.042178
v -0.030498 0.338104 0.352136
v 0.177513 0.549727 -0.037655
v -0.075098 0.672426 0.069661
v 0.525664 -0.636585 -0.041121
v -0.431035 -0.181085 -0.064205
v -0.460232 -0.159962 -0.005766
v 0.052869 -0.049711 0.131931
v 0.155357 0.824928 -0.040645
vn 0.8550 0.5075 0.1070
vn -0.2531 0.5489 0.7967
vn 0.4301 0.4013 0.8087
vn 0.6151 -0.3328 0.7148
vn 0.6383 -0.3107 0.7044
vn 0.6146 -0.3477 0.7081
vn 0.6620 -0.4960 0.5619
vn 0.5097 0.7636 0.3964
vn 0.4432 0.7403 0.5054
vn 0.4622 0.7602 0.4566
vn 0.8726 0.2427 0.4239
vn 0.9269 0.1855 0.3264
vn 0.8286 0.1519 0.5389
vn -0.8060 -0.2489 -0.5370
vn -0.6809 -0.3816 -0.6251
vn -0.8096 -0.4151 -0.4150
vn -0.7110 -0.1551 -0.6858
vn -0.7518 -0.3193 -0.5770
vn -0.6589 -0.2077 -0.7229
vn 0.6417 0.0965 0.7609
vn 0.6186 0.1485 0.7716
vn 0.6067 0.1674 0.7771
vn -0.6804 -0.1578 -0.7156
vn -0.7245 -0.3264 -0.6071
vn -0.6474 -0.3869 -0.6567
vn -0.5030 -0.2430 -0.8294
vn -0.5115 -0.1553 -0.8451
vn -0.5152 -0.2620 -0.8160
vn 0.7185 -0.4827 0.5007
vn 0.6878 -0.4748 0.5491
vn 0.7504 -0.0446 0.6595
vn -0.5706 -0.1350 -0.8101
vn -0.4984 -0.1753 -0.8491
vn -0.0679 0.9155 0.3966
vn -0.1113 0.7050 0.7005
vn -0.1055 0.7321 0.6730
vn -0.9575 -0.2864 -0.0340
vn -0.8457 -0.5182 -0.1274
vn -0.7335 -0.6011 -0.3173
vn -0.5110 -0.4241 -0.7477
vn -0.6251 -0.3149 -0.7143
vn -0.6461 -0.3377 -0.6845
vn -0.3384 -0.3714 -0.8646
vn -0.4686 -0.5430 -0.6968
vn -0.6331 -0.6122 -0.4737
vn -0.6746 -0.5933 -0.4392
vn -0.4924 -0.5970 -0.6333
vn -0.5518 -0.3255 -0.7678
vn -0.4602 -0.3849 -0.8001
vn -0.5797 -0.2610 -0.7719
vn -0.7267 0.6867 0.0191
vn -0.6135 0.7884 0.0451
vn -0.7153 0.6988 0.0006
vn 0.7519 -0.4451 -0.4864
vn 0.6950 -0.4833 -0.5324
vn 0.9538 0.0005 -0.3005
vn 0.5837 -0.5031 -0.6373
vn 0.5968 -0.4616 -0.6563
vn 0.5613 -0.4774 -0.6760
vn 0.6716 -0.4547 0.5850
vn -0.5067 0.8596 0.0656
vn -0.6143 0.7823 -0.1032
vn -0.6782 0.4990 -0.5396
vn -0.3488 0.9350 -0.0642
vn -0.2523 0.9641 -0.0833
vn -0.2915 0.9440 -0.1543
vn 0.5319 -0.8384 -0.1189
vn 0.9889 -0.1423 0.0437
vn 0.9944 -0.0046 -0.1054
vn 0.9814 0.1683 -0.0925
vn 0.9826 0.1482 0.1122
vn 0.9876 -0.0575 0.1462
vn 0.9179 0.3508 0.1856
vn 0.9288 -0.3426 -0.1409
vn 0.7730 -0.6123 -0.1661
vn 0.8933 -0.4216 -0.1557
vn -0.6921 -0.5813 -0.4278
vn -0.2776 -0.7343 -0.6195
vn -0.2457 -0.7493 -0.6150
vn -0.0826 -0.8560 -0.5104
vn -0.1531 -0.8588 -0.4888
vn 0.3780 -0.9210 -0.0936
vn -0.7481 -0.0914 0.6573
vn -0.8521 -0.1261 0.5080
vn -0.8561 -0.1893 0.4809
vn -0.5518 0.5302 0.6438
vn -0.5458 0.5746 0.6098
vn -0.6276 0.5388 0.5620
vn -0.1171 -0.3302 0.9366
vn -0.0411 -0.5017 0.8641
vn -0.1541 -0.3102 0.9381
vn 0.3583 0.1285 0.9247
vn 0.4002 -0.0028 0.9164
vn 0.3587 0.0697 0.9308
vn 0.7119 -0.4410 0.5466
vn 0.5456 -0.2846 0.7882
vn 0.5328 -0.2412 0.8112
vn 0.0167 -0.3371 0.9413
vn 0.0140 -0.3915 0.9201
vn -0.0205 -0.3483 0.9372
vn 0.3062 0.5962 0.7421
vn 0.2804 0.1302 0.9510
vn 0.2991 0.3990 0.8668
vn -0.6866 0.5494 0.4762
vn -0.8333 0.3762 0.4050
vn -0.7540 0.4829 0.4452
vn 0.5654 0.2548 -0.7845
vn 0.5878 0.0782 -0.8052
vn 0.5264 0.2046 -0.8253
vn -0.5337 0.8267 0.1781
vn -0.3654 0.9117 0.1878
vn -0.8441 0.5188 0.1354
vn 0.2087 -0.1619 0.9645
vn 0.0766 0.0169 0.9969
vn 0.1506 -0.0153 0.9885
vn -0.9551 -0.2822 -0.0898
vn -0.9490 -0.2932 -0.1156
vn -0.9520 -0.2726 0.1395
vn -0.3007 0.9323 0.2011
vn -0.4882 0.8458 0.2153
vn -0.3827 0.8878 0.2555
vn -0.1317 0.1494 0.9800
vn -0.0678 0.0847 0.9941
vn -0.1758 0.0760 0.9815
vn 0.4504 -0.3098 -0.8374
vn 0.6047 -0.5131 -0.6091
vn 0.8527 -0.2114 -0.4778
vn 0.6659 -0.3943 0.6334
vn 0.8930 0.1842 -0.4107
vn 0.9147 0.2251 -0.3355
vn 0.9130 0.1627 -0.3742
vn 0.2464 0.7380 0.6282
vn 0.4157 0.6663 0.6190
vn 0.6605 0.6889 0.2986
vn 0.1008 -0.9559 -0.2757
vn -0.0194 -0.8159 -0.5778
vn -0.1835 -0.7457 -0.6406
vn -0.9998 -0.0191 0.0094
vn -0.9735 -0.2075 -0.0960
vn -0.9820 0.1876 0.0204
vn -0.1090 0.8421 0.5281
vn -0.2019 0.8756 0.4388
vn -0.1346 0.8541 0.5024
vn -0.1762 -0.9830 -0.0516
vn -0.1030 -0.9935 0.0488
vn -0.1600 -0.9867 0.0301
vn -0.7063 -0.3840 -0.5947
vn -0.6859 -0.3344 -0.6463
vn -0.4360 -0.3883 -0.8118
vn -0.6745 0.0108 0.7382
vn -0.6944 -0.0513 0.7177
vn -0.2682 -0.2363 0.9339
vn -0.5549 -0.8297 -0.0606
vn -0.5563 -0.8277 -0.0739
vn -0.5088 -0.8590 -0.0559
vn 0.1048 0.0458 0.9934
vn 0.1443 0.0792 0.9864
vn 0.0503 0.0324 0.9982
vn 0.0539 0.7473 0.6623
vn 0.3228 0.7513 0.5756
vn 0.5001 0.7240 0.4751
vn 0.7155 -0.2523 0.6515
vn 0.6868 -0.2851 0.6686
vn 0.6695 -0.2630 0.6947
vn 0.6142 0.2600 0.7451
vn 0.6875 0.4010 0.6055
vn 0.8001 0.2300 0.5540
vn -0.2263 -0.2457 0.9426
vn -0.2411 -0.4788 0.8442
vn -0.3284 -0.2605 0.9079
vn -0.0629 -0.7987 0.5984
vn -0.1645 -0.7224 0.6716
vn -0.2719 -0.7996 0.5355
vn 0.0831 -0.1147 0.9899
vn 0.5030 0.0529 0.8627
vn -0.1192 -0.8303 -0.5444
vn -0.0734 -0.8040 -0.5901
vn 0.8518 0.3500 0.3898
vn 0.8029 0.3336 0.4941
vn 0.7183 0.2906 0.6322
vn 0.6363 -0.7710 -0.0250
vn 0.6937 -0.6948 0.1898
vn 0.6680 -0.7383 0.0932
vn -0.0769 0.1490 0.9858
vn 0.3369 0.5227 0.7831
vn 0.2807 0.2124 0.9360
vn 0.9131 0.1866 -0.3627
vn 0.9589 0.2083 0.1925
vn 0.9759 0.2039 0.0772
vn 0.3510 -0.7099 -0.6107
vn -0.0019 -0.9531 -0.3027
vn 0.2117 -0.8046 -0.5547
vn -0.1725 0.9762 -0.1313
vn -0.2467 0.9673 -0.0581
vn -0.0779 0.9851 0.1533
vn 0.9553 0.2530 -0.1530
vn 0.8770 0.3438 -0.3357
vn 0.9423 0.2999 -0.1488
vn 0.6617 0.2814 0.6950
vn 0.8741 0.3149 0.3699
vn 0.5634 0.3048 0.7679
vn -0.2614 0.9649 0.0239
vn -0.2315 0.9720 0.0399
vn -0.3168 0.9479 0.0344
vn 0.7280 -0.1329 0.6725
vn 0.5990 0.0892 0.7957
vn 0.7748 0.0095 0.6321
vn -0.2427 0.5730 0.7828
vn -0.2525 0.5910 0.7661
vn 0.3071 0.3432 0.8876
vn 0.0375 0.7557 0.6539
vn 0.3058 0.3708 0.8769
vn 0.5979 -0.7885 0.1441
vn 0.6393 -0.7640 0.0867
vn 0.5815 -0.7908 0.1909
vn 0.6985 -0.1637 0.6967
vn 0.3302 -0.3124 0.8907
vn 0.6830 0.3847 0.6209
vn -0.1643 0.3169 0.9341
vn -0.3137 0.4106 0.8561
vn -0.1566 0.3639 0.9182
vn -0.9882 -0.1322 0.0769
vn -0.9169 -0.3794 -0.1239
vn -0.9072 -0.0438 -0.4185
vn 0.5304 -0.3150 0.7870
vn 0.1409 -0.5243 0.8398
vn 0.0044 -0.6029 0.7978
vn 0.0905 -0.4064 0.9092
vn -0.3838 -0.3953 0.8345
vn -0.4130 -0.2040 0.8876
vn -0.4161 -0.4302 0.8011
vn -0.6934 0.6588 -0.2920
vn -0.7876 0.5233 -0.3255
vn -0.7691 0.5478 -0.3293
vn -0.9492 -0.2042 -0.2395
vn -0.3090 -0.2743 0.9106
vn -0.5271 -0.0188 0.8496
vn -0.3659 -0.1774 0.9136
vn -0.0633 0.3400 0.9383
vn 0.6643 0.4374 0.6061
vn 0.3727 0.4759 0.7967
vn 0.4831 0.5269 0.6993
vn -0.4628 0.4879 0.7401
vn -0.0625 0.9195 0.3881
vn -0.3440 0.6735 0.6543
vn 0.1553 0.8414 0.5176
vn 0.0697 0.9159 0.3953
vn 0.0283 0.8862 0.4625
vn 0.9125 0.1498 -0.3808
vn 0.1459 0.6609 0.7362
vn 0.5348 0.6480 0.5423
vn 0.7166 0.5065 0.4794
vn -0.9457 -0.2830 0.1597
vn -0.9325 -0.2065 0.2963
vn -0.8870 -0.2715 0.3735
vn 0.1724 0.3423 0.9236
vn 0.2031 0.2583 0.9445
vn 0.5352 0.3648 0.7619
vn 0.0842 0.3453 0.9347
vn 0.3211 0.5960 0.7360
vn 0.0403 0.2105 0.9768
vn -0.5444 -0.2040 0.8136
vn -0.6479 -0.2229 0.7284
vn 0.6551 -0.2559 0.7108
vn 0.7309 0.0806 0.6777
vn -0.7774 -0.5926 -0.2110
vn -0.5581 -0.6769 -0.4800
vn -0.4157 -0.8787 -0.2347
vn -0.7272 -0.5070 0.4627
vn 0.0932 -0.3526 0.9311
vn -0.4958 -0.3508 0.7944
vn 0.9701 0.2020 0.1344
vn 0.9933 -0.0055 0.1153
vn 0.9505 0.2865 0.1199
vn 0.9788 0.1897 0.0778
vn 0.9808 0.0062 0.1949
vn 0.9937 0.0454 0.1026
vn -0.1178 0.8729 0.4734
vn -0.2260 0.7843 0.5778
vn -0.5845 -0.7223 -0.3697
vn -0.5599 -0.8073 -0.1866
vn -0.5076 -0.8213 -0.2604
vn -0.9894 -0.1136 0.0899
vn -0.9904 -0.0952 0.1003
vn -0.9742 -0.1530 0.1657
vn -0.9951 -0.0167 0.0978
vn -0.9982 -0.0482 0.0366
vn -0.9993 -0.0368 0.0030
vn -0.0403 -0.1361 0.9899
vn 0.0137 -0.0886 0.9960
vn -0.0297 -0.1121 0.9933
vn 0.7200 -0.6851 0.1109
vn 0.7397 0.6693 -0.0704
vn 0.7107 0.5061 -0.4887
vn 0.7405 0.6375 -0.2126
vn 0.1608 -0.6535 -0.7396
vn 0.0259 -0.8427 -0.5378
vn 0.0601 -0.8356 -0.5460
vn 0.1307 -0.4648 0.8757
vn 0.3196 -0.5285 0.7865
vn 0.4683 -0.4756 0.7446
vn 0.2782 -0.7887 0.5483
vn 0.0683 -0.7979 0.5989
vn 0.2398 -0.6261 0.7420
vn 0.7089 0.5663 0.4205
vn 0.8764 0.4805 -0.0319
vn 0.8133 0.5747 0.0909
vn -0.3695 0.7893 0.4903
vn -0.3005 0.7811 0.5474
vn -0.4501 0.8328 0.3222
vn 0.6224 0.6821 0.3839
vn 0.6769 0.6027 0.4226
vn 0.8070 0.5185 0.2828
vn 0.2637 -0.9478 -0.1795
vn 0.1679 -0.9834 -0.0690
vn 0.4164 -0.9041 -0.0955
vn 0.2382 -0.5864 0.7742
vn -0.0177 -0.9987 -0.0488
vn 0.2085 -0.9775 0.0308
vn 0.3863 -0.9188 0.0806
vn 0.6410 0.5921 0.4883
vn 0.4759 0.7171 0.5092
vn 0.8994 0.3007 -0.3172
vn 0.9239 0.0849 -0.3731
vn 0.7385 0.6644 -0.1153
vn 0.7704 -0.6367 -0.0324
vn 0.5594 -0.8182 0.1324
vn 0.6286 -0.7764 -0.0461
vn 0.4302 0.6054 0.6697
vn 0.5041 0.6277 0.5931
vn -0.6165 0.7869 0.0274
vn -0.8188 0.5737 0.0209
vn -0.9572 -0.1800 0.2266
vn -0.9297 -0.2365 0.2823
vn -0.5576 0.7634 0.3259
vn -0.5847 0.7044 0.4025
vn -0.8560 0.3964 0.3318
vn 0.8632 0.3815 0.3308
vn 0.8510 0.4854 0.2004
vn 0.7580 0.5688 0.3192
vn 0.8721 0.4443 0.2050
vn 0.8195 0.4218 0.3879
vn -0.2987 -0.3957 0.8684
vn -0.4707 -0.3699 0.8010
vn -0.5010 -0.3506 0.7912
vn -0.6305 0.4228 0.6509
vn -0.5296 0.5004 0.6849
vn -0.6203 0.4851 0.6164
vn -0.9704 -0.1968 -0.1402
vn -0.9623 -0.2374 -0.1326
vn -0.9247 -0.3493 0.1516
vn -0.9272 -0.3279 0.1814
vn -0.8726 -0.3821 0.3042
vn -0.9207 -0.3305 0.2074
vn 0.6455 -0.7607 0.0675
vn 0.6765 -0.7245 0.1322
vn 0.5840 -0.7416 0.3301
vn -0.9855 -0.0144 0.1690
vn -0.9534 -0.2254 0.2005
vn -0.9130 -0.2721 0.3041
vn -0.2441 0.6494 0.7202
vn 0.0955 0.8314 0.5474
vn -0.3732 0.6479 0.6640
vn -0.9043 -0.1689 0.3920
vn -0.7303 -0.1416 0.6683
vn -0.9666 -0.1946 0.1666
vn -0.4118 -0.9095 -0.0562
vn -0.7057 -0.7075 0.0370
vn -0.2766 -0.9560 0.0979
vn 0.1869 -0.9361 -0.2979
vn 0.3107 -0.9056 -0.2887
vn 0.1983 -0.9233 -0.3290
vn -0.2562 0.9579 0.1295
vn -0.0254 0.8839 0.4671
vn -0.2908 0.9286 0.2305
vn -0.2027 0.9736 0.1053
vn 0.1140 -0.9802 -0.1621
vn -0.0963 -0.9636 -0.2493
vn -0.0852 -0.9249 0.3706
vn -0.3416 -0.7248 0.5983
vn -0.4447 -0.7140 0.5409
vn -0.3278 -0.7732 0.5428
vn -0.0956 -0.6765 -0.7302
vn -0.3830 -0.6218 -0.6832
vn 0.2423 0.7865 -0.5681
vn 0.6437 -0.7434 -0.1817
vn 0.7528 -0.3083 0.5816
vn 0.7837 -0.6158 0.0808
vn 0.0845 -0.1403 0.9865
vn 0.3532 -0.1205 0.9277
vn 0.0473 0.1856 0.9815
vn 0.0944 -0.4822 0.8710
vn -0.3943 -0.8846 0.2490
vn -0.0974 -0.9951 0.0186
vn 0.3968 -0.2403 0.8859
vn 0.6753 -0.7106 0.1975
vn -0.6972 0.6521 0.2979
vn -0.8578 0.4853 0.1691
vn -0.2868 -0.8161 -0.5017
vn -0.2973 -0.8555 -0.4240
vn -0.5108 -0.7753 -0.3714
vn 0.6281 -0.5111 -0.5868
vn 0.6564 -0.0861 -0.7495
vn 0.5464 -0.6508 -0.5271
vn 0.4610 0.1211 0.8791
vn 0.5867 0.1219 0.8006
vn 0.7171 0.1172 0.6870
vn 0.8368 -0.2025 0.5087
vn 0.9130 -0.1616 0.3745
vn 0.9831 0.1826 0.0107
vn -0.2071 0.7354 0.6452
vn 0.0029 0.8405 0.5418
vn 0.0641 0.8584 0.5090
vn 0.3524 -0.0553 0.9342
vn 0.4958 -0.1003 0.8626
vn 0.5463 0.1838 0.8172
vn 0.5415 0.2003 0.8165
vn 0.4659 0.3206 0.8247
vn 0.3828 -0.0214 0.9236
vn 0.7296 -0.0719 0.6800
vn 0.5105 -0.0402 0.8590
vn 0.4513 0.1830 0.8734
vn 0.3680 0.1408 0.9191
vn -0.3889 0.9208 -0.0314
vn -0.7674 0.5742 -0.2852
vn -0.8363 0.5449 -0.0609
vn -0.2824 0.9188 0.2756
vn -0.9664 -0.2521 0.0494
vn -0.9602 -0.1648 0.2256
vn -0.9795 -0.0711 0.1885
vn 0.7531 -0.6420 0.1435
vn 0.2093 -0.9743 -0.0837
vn 0.2966 -0.9008 -0.3173
vn 0.5206 0.7567 0.3955
vn 0.5002 0.7595 0.4159
vn 0.5149 0.7319 0.4464
vn 0.3736 0.9273 -0.0213
vn 0.6528 0.7094 -0.2655
vn 0.4887 0.7698 0.4107
vn 0.4786 0.2833 -0.8311
vn 0.7634 0.3284 -0.5563
vn 0.2380 0.9706 -0.0350
vn 0.5377 -0.8125 -0.2254
vn 0.6964 -0.3662 -0.6172
vn 0.8429 0.3248 -0.4291
vn -0.9746 -0.1343 -0.1793
vn -0.7103 -0.2145 -0.6705
vn 0.3842 -0.2874 0.8774
vn 0.4154 -0.2601 0.8717
vn 0.4464 -0.0711 0.8920
vn 0.3971 0.5799 0.7114
vn 0.0991 0.6613 0.7435
vn 0.2468 0.4160 0.8752
vn 0.7735 0.1054 0.6250
vn 0.2165 -0.9345 0.2824
vn 0.2359 -0.7664 0.5974
vn -0.1783 -0.8787 0.4429
vn -0.4045 0.4881 0.7734
vn -0.2010 0.6477 0.7349
vn -0.7941 0.1682 0.5841
vn 0.2019 0.9584 0.2015
vn -0.2080 0.9777 0.0278
vn 0.2188 0.9461 0.2389
vn 0.3381 0.7669 0.5455
vn 0.4445 0.7904 0.4214
vn 0.3920 0.7741 0.4971
vn -0.5274 0.5124 0.6777
vn -0.6154 0.5413 0.5730
vn 0.9447 0.3261 -0.0359
vn 0.9502 0.1544 0.2708
vn 0.8881 0.4541 0.0708
vn 0.4976 0.7595 0.4189
vn 0.4845 -0.8137 0.3212
vn 0.7045 -0.6828 0.1935
vn -0.0196 0.2608 0.9652
vn 0.6181 0.4693 0.6306
vn 0.8456 -0.5337 0.0106
vn 0.7640 -0.6248 -0.1609
vn 0.8709 -0.4845 0.0820
vn 0.9894 -0.1349 -0.0530
vn 0.9891 0.0813 0.1229
vn 0.9528 0.0105 -0.3034
vn 0.9676 0.0941 -0.2343
vn 0.9233 0.1486 0.3542
vn 0.9778 -0.2013 0.0584
vn 0.9963 0.0552 -0.0659
vn 0.9417 -0.1936 0.2753
vn 0.1940 -0.9258 -0.3243
vn 0.2776 -0.9505 0.1394
vn 0.4015 -0.5957 0.6957
vn 0.5681 -0.8180 0.0907
vn -0.6591 -0.2081 0.7227
vn -0.0696 -0.7990 -0.5973
vn 0.2327 -0.8600 -0.4541
vn -0.9197 0.3217 0.2253
vn -0.6171 0.5363 0.5758
vn -0.5695 0.8054 0.1643
vn -0.2901 0.6623 0.6908
vn -0.7793 0.6166 -0.1118
vn -0.9774 0.1808 -0.1092
vn -0.5684 0.8210 0.0535
vn -0.6047 0.7964 -0.0076
vn -0.2808 0.9459 0.1624
vn -0.2804 -0.3750 0.8836
vn -0.5842 -0.4255 0.6911
vn 0.6939 -0.4202 0.5847
vn 0.6870 -0.4476 0.5725
vn -0.0433 0.9990 -0.0126
vn -0.2359 0.9525 0.1926
vn 0.1141 0.9740 0.1957
vn -0.1792 0.6012 0.7788
vn -0.0444 0.7618 0.6463
vn -0.2434 0.3568 0.9019
vn 0.0460 0.7251 0.6871
vn -0.1600 0.7929 0.5879
vn -0.0909 0.8849 0.4568
vn 0.4062 0.4462 0.7974
vn -0.1689 0.8393 0.5167
vn -0.0474 0.2110 0.9763
vn 0.4324 0.2556 0.8647
vn 0.4376 0.2214 0.8715
vn 0.4678 -0.2289 0.8537
vn 0.4955 -0.1959 0.8463
vn 0.5227 -0.1084 0.8456
vn -0.7594 0.2935 -0.5806
vn -0.8672 0.4749 -0.1498
vn -0.5092 0.8047 -0.3053
vn -0.9806 -0.1900 -0.0482
vn -0.9942 0.1004 0.0396
vn 0.7237 0.5479 -0.4196
vn 0.7013 0.4810 -0.5261
vn 0.6638 0.6219 -0.4155
vn 0.3415 0.1827 0.9219
vn 0.3174 0.1402 0.9379
vn 0.3687 -0.9121 -0.1794
vn 0.1145 -0.3321 0.9363
vn -0.2193 0.9756 -0.0113
vn -0.2919 0.9336 0.2077
vn -0.3032 0.9522 -0.0379
vn 0.6518 0.6502 -0.3904
vn 0.4472 0.8518 -0.2728
vn 0.5611 0.6946 -0.4503
vn 0.0615 0.8776 0.4755
vn 0.3468 0.9291 0.1287
vn 0.1052 0.9593 0.2621
vn 0.5731 0.8171 -0.0624
vn -0.1999 0.3263 0.9239
vn -0.0531 0.1480 0.9876
vn -0.9845 -0.0990 -0.1450
vn -0.9878 -0.1315 -0.0831
vn 0.2068 -0.9682 0.1406
vn 0.6052 -0.7922 0.0788
vn 0.8991 -0.3134 0.3056
vn 0.4497 0.5330 0.7167
vn 0.2091 -0.0028 0.9779
vn 0.0345 0.0313 0.9989
vn 0.1171 -0.0165 0.9930
vn -0.9991 -0.0278 -0.0329
vn -0.9701 0.0354 -0.2401
vn -0.6401 -0.0889 -0.7631
vn -0.7342 0.3684 0.5703
vn 0.7936 -0.0129 0.6083
vn 0.7722 0.1862 0.6075
vn 0.8852 0.2520 0.3912
vn -0.1267 -0.3479 0.9289
vn -0.0009 -0.2767 0.9610
vn -0.0024 -0.3339 0.9426
vn 0.1468 -0.6737 0.7243
vn 0.1204 -0.9927 -0.0004
vn -0.0622 -0.7019 0.7096
vn -0.6623 0.2951 0.6887
vn -0.8598 0.2283 0.4568
vn -0.4582 0.2079 0.8642
vn -0.1723 0.7648 0.6208
vn 0.0537 0.6600 0.7494
vn -0.8428 -0.5337 -0.0690
vn -0.9282 0.3669 0.0624
vn -0.9525 0.0974 -0.2887
vn -0.6602 0.4090 0.6300
vn -0.8860 0.3535 0.2999
vn -0.6459 0.7633 0.0135
vn -0.8426 0.5377 -0.0307
vn -0.4780 0.8317 0.2824
vn -0.3366 -0.6688 -0.6628
vn 0.7897 -0.2965 -0.5370
vn 0.8755 0.3918 0.2829
vn 0.8155 0.4237 0.3943
vn 0.8745 0.2920 -0.3872
vn 0.8587 -0.0150 -0.5123
vn 0.9235 0.3304 -0.1947
vn 0.8415 0.2664 -0.4701
vn 0.8049 -0.2227 0.5500
vn 0.8400 -0.2766 0.4667
vn 0.9281 0.3712 -0.0294
vn 0.7556 0.5305 -0.3841
vn 0.7753 0.3726 0.5100
vn 0.8846 0.1157 0.4519
vn 0.7785 0.4249 0.4619
vn 0.6833 0.6139 0.3953
vn -0.5760 -0.0533 0.8157
vn -0.0726 0.8900 0.4501
vn -0.5818 0.7639 0.2793
vn -0.8147 -0.2981 0.4975
vn -0.9128 -0.2852 -0.2924
vn -0.8297 -0.5418 -0.1344
vn -0.6607 0.0811 0.7463
vn -0.5530 0.2336 0.7998
vn -0.6224 0.0252 0.7823
vn 0.8968 0.4319 0.0959
vn 0.9462 0.2955 0.1320
vn 0.8609 0.2924 0.4163
vn 0.9019 -0.0429 0.4298
vn 0.8345 -0.2882 0.4696
vn 0.9054 0.0360 0.4230
vn 0.6809 -0.6897 0.2466
vn 0.3420 -0.9397 0.0087
vn 0.3440 -0.9175 0.1996
vn 0.9032 -0.3208 0.2853
vn 0.5712 -0.3714 -0.7320
vn 0.3957 -0.5079 -0.7651
vn 0.5964 -0.6392 0.4856
vn 0.6188 -0.7578 0.2069
vn 0.9184 -0.3943 0.0328
vn 0.6415 0.5581 -0.5263
vn 0.5772 -0.2677 0.7715
vn 0.4245 -0.2965 0.8555
vn 0.7091 -0.2710 0.6509
vn -0.4914 0.0716 0.8680
vn -0.5444 0.1625 0.8230
vn -0.4527 0.1858 0.8721
vn -0.5538 0.4754 0.6836
vn -0.3688 0.6311 0.6824
vn -0.5887 0.4677 0.6593
vn -0.6846 -0.0607 0.7264
vn -0.7874 -0.0358 0.6153
vn -0.6954 -0.0833 0.7138
vn -0.5576 -0.2911 -0.7774
vn -0.4288 -0.4696 -0.7717
vn -0.5605 -0.4850 -0.6712
vn -0.7908 0.6008 -0.1171
vn -0.7748 0.5508 0.3103
vn -0.2600 0.8334 0.4878
vn -0.3435 -0.8536 -0.3917
vn 0.0946 -0.9539 -0.2849
vn -0.4394 -0.8106 -0.3871
vn -0.9981 -0.0493 0.0365
vn -0.7219 -0.3078 -0.6198
vn -0.8583 -0.3553 -0.3703
vn -0.9167 -0.0634 -0.3946
vn -0.9660 -0.2574 -0.0218
vn -0.9861 -0.0889 -0.1402
vn -0.9973 0.0270 -0.0688
vn -0.8485 -0.3600 -0.3879
vn -0.7672 -0.5692 -0.2956
vn -0.7072 -0.6135 -0.3516
vn -0.9925 -0.0057 -0.1218
vn 0.1620 -0.9829 -0.0875
vn 0.7601 0.2766 0.5879
vn -0.4917 0.5818 0.6479
vn -0.9693 0.1612 0.1856
vn -0.6090 0.7672 0.2014
vn -0.3156 -0.5968 0.7377
vn -0.2215 -0.8882 0.4026
vn -0.5359 -0.8422 0.0602
vn -0.5887 -0.3790 0.7140
vn -0.6608 -0.4324 0.6135
vn -0.6748 -0.3867 0.6285
vn -0.5867 -0.3095 0.7483
vn 0.9416 0.2690 0.2025
vn -0.0390 -0.1119 0.9930
vn 0.4611 0.1331 0.8773
vn -0.0754 -0.6136 0.7860
vn -0.1343 0.5433 0.8287
vn -0.0044 0.8342 0.5514
vn 0.0479 0.7654 0.6418
vn 0.0316 -0.4016 0.9153
vn -0.1405 -0.3608 0.9220
vn 0.1988 0.8766 0.4383
vn 0.3723 0.3088 0.8752
vn 0.1806 0.6961 0.6949
vn 0.2497 0.3104 0.9172
vn -0.1343 0.8285 0.5436
vn -0.1041 0.9510 0.2910
vn -0.7045 0.0032 0.7097
vn 0.1147 -0.1348 0.9842
vn -0.5290 -0.0558 0.8468
vn -0.1620 0.0480 0.9856
vn -0.7262 -0.6831 0.0776
vn -0.9999 0.0159 -0.0036
vn -0.9890 0.0292 -0.1450
vn -0.8868 -0.3984 -0.2341
vn 0.7378 0.5404 0.4046
vn 0.7329 0.6349 0.2447
vn 0.5844 0.7798 0.2244
vn 0.6344 0.0440 0.7718
vn 0.5452 0.7448 0.3848
vn 0.4956 0.7360 0.4611
vn 0.4498 0.7576 0.4730
vn 0.4605 0.7575 0.4627
vn 0.6026 0.6520 0.4603
vn 0.1787 -0.7276 -0.6624
vn 0.4012 -0.8065 -0.4343
vn 0.4704 -0.8689 -0.1542
vn 0.1666 -0.8721 -0.4601
vn 0.0446 -0.8699 -0.4912
vn 0.6479 -0.2959 0.7019
vn 0.4020 0.6384 0.6564
vn 0.5164 0.6858 0.5129
vn 0.4943 0.8083 0.3197
vn 0.7344 -0.6647 -0.1371
vn 0.9442 -0.3180 0.0855
vn -0.7840 0.3915 0.4818
vn -0.9666 0.2559 0.0177
vn -0.8524 0.3930 0.3450
vn 0.1965 0.3192 0.9271
vn 0.1185 -0.3717 0.9208
vn 0.1346 -0.2058 0.9693
vn -0.2147 0.0743 0.9738
vn -0.0372 -0.1295 0.9909
vn -0.1028 -0.2909 0.9512
vn 0.8795 0.2696 0.3921
vn 0.8863 0.2012 0.4172
vn 0.6850 0.4324 0.5864
vn 0.9608 0.2773 0.0039
vn 0.8973 0.2049 -0.3909
vn -0.2879 -0.9128 -0.2898
vn -0.5851 -0.7781 -0.2285
vn -0.8416 0.5302 -0.1030
vn -0.7402 0.6610 0.1233
vn 0.6750 -0.5514 0.4902
vn 0.6377 -0.6045 0.4775
vn 0.3333 -0.9367 0.1069
vn 0.0400 -0.6593 0.7508
vn -0.9568 -0.0690 0.2823
vn 0.7059 -0.3739 0.6015
vn -0.0015 0.7497 0.6618
vn 0.5308 0.3744 0.7603
vn -0.9337 0.3443 0.0982
vn -0.6153 0.7579 0.2168
vn -0.9979 0.0051 -0.0648
vn -0.0867 0.9038 0.4192
vn -0.2652 0.9230 0.2788
vn -0.5670 0.6559 0.4983
vn -0.3240 0.7827 0.5315
vn -0.2003 0.8694 0.4517
vn 0.4111 0.2821 0.8668
vn 0.2073 0.7259 0.6558
vn 0.0072 -0.0321 0.9995
vn 0.4018 0.1925 0.8953
vn 0.4467 -0.0052 0.8947
vn 0.2936 -0.3426 0.8924
vn 0.4367 -0.5437 0.7167
vn 0.0966 -0.3867 0.9171
vn -0.0019 -0.7893 0.6140
vn 0.0053 -0.3312 0.9435
vn -0.0000 -0.6753 0.7376
vn -0.2372 0.9714 0.0091
vn 0.5043 -0.0042 0.8635
vn 0.5042 0.0647 0.8612
vn 0.3535 -0.0284 0.9350
vn 0.3678 0.0803 0.9264
vn 0.3862 0.0620 0.9203
vn -0.5629 -0.1641 0.8101
vn -0.6060 -0.2336 0.7604
vn 0.0945 -0.0020 0.9955
vn 0.5172 0.3944 0.7596
vn 0.7991 -0.2373 0.5524
vn -0.0314 0.8499 0.5261
vn -0.8926 -0.4228 -0.1566
vn -0.9870 -0.0528 0.1520
vn -0.7147 -0.1801 0.6759
vn -0.8279 -0.3500 0.4384
vn -0.2656 -0.4419 0.8568
vn -0.1891 -0.2439 0.9512
vn -0.2679 0.5788 0.7702
vn -0.2256 0.8422 0.4898
vn 0.5797 0.1771 0.7954
vn 0.5039 0.1396 0.8524
vn 0.4568 0.2474 0.8545
vn 0.3740 -0.0191 0.9272
vn 0.2795 -0.0164 0.9600
vn -0.0842 -0.3138 0.9457
vn 0.7619 -0.1276 0.6350
vn 0.8452 -0.2381 0.4785
vn 0.6983 -0.0189 0.7156
vn -0.5430 -0.2579 -0.7992
vn -0.8925 -0.3878 -0.2305
vn -0.7922 -0.3026 -0.5300
vn -0.4899 -0.3912 -0.7791
vn -0.8778 0.4789 -0.0082
vn -0.5948 -0.0654 0.8012
vn -0.9761 -0.1268 0.1765
vn -0.8699 -0.1265 0.4767
vn -0.9949 -0.0996 -0.0154
vn -0.9779 -0.2075 0.0260
vn -0.0658 -0.0356 0.9972
vn -0.0160 -0.0122 0.9998
vn 0.1209 0.0232 0.9924
vn 0.0921 0.0942 0.9913
vn 0.1166 0.0353 0.9926
vn 0.0301 -0.0762 0.9966
vn -0.7467 -0.4559 0.4844
vn -0.6767 -0.4154 0.6079
vn -0.7570 -0.3997 0.5168
vn -0.2538 0.8098 0.5289
vn -0.5131 0.0803 0.8546
vn -0.4906 -0.1101 0.8644
vn 0.9628 0.1836 0.1981
vn 0.9825 -0.1723 -0.0709
vn 0.6663 -0.2580 0.6996
vn 0.6668 -0.2804 0.6905
vn 0.6773 -0.3323 0.6564
vn 0.8084 -0.1580 -0.5670
vn 0.8197 -0.1273 -0.5584
vn -0.2863 0.7026 0.6514
vn 0.9240 0.3007 -0.2361
vn 0.9916 0.1179 -0.0534
vn 0.6588 -0.7367 0.1527
vn 0.6164 -0.6283 0.4746
vn 0.6903 -0.7082 0.1480
vn 0.9227 -0.3819 -0.0531
vn 0.9700 0.0464 0.2386
vn 0.9803 0.1952 -0.0299
vn 0.7057 0.1446 0.6936
vn 0.6845 0.2663 0.6787
vn 0.5709 0.4403 0.6929
vn 0.8608 0.3178 0.3976
vn 0.6054 -0.2084 0.7682
vn 0.9811 0.1396 0.1343
vn 0.5502 -0.4890 0.6769
vn -0.8520 -0.4558 -0.2575
vn -0.8679 -0.4918 0.0695
vn -0.9930 -0.1008 -0.0618
vn -0.2414 -0.9692 -0.0495
vn -0.4769 -0.2398 -0.8456
vn -0.5739 -0.1092 -0.8116
vn -0.7531 0.6529 0.0808
vn -0.9180 0.3929 0.0528
vn -0.4771 0.4224 0.7707
vn 0.0994 0.9703 0.2207
vn 0.2592 -0.7383 0.6226
vn 0.3019 -0.4495 0.8407
vn -0.0702 -0.8958 0.4389
vn 0.2682 -0.9592 -0.0895
vn 0.3978 -0.7687 0.5008
vn 0.5726 -0.8186 0.0454
vn -0.8706 0.1727 0.4606
vn -0.9513 -0.1768 -0.2527
vn -0.5535 0.8202 -0.1446
vn 0.0108 -0.6223 -0.7827
vn -0.1718 -0.0454 -0.9841
vn -0.4071 -0.4112 -0.8156
vn -0.4917 0.1163 -0.8629
vn -0.5439 0.5830 -0.6036
vn -0.7632 0.6246 -0.1658
vn -0.9817 0.0503 -0.1836
vn 0.5318 -0.4461 -0.7199
vn 0.5773 -0.3817 0.7218
vn 0.7079 -0.5092 0.4895
vn 0.7231 -0.4653 0.5106
vn 0.7400 -0.2687 0.6166
vn 0.5888 -0.2131 0.7797
vn 0.6074 -0.1259 0.7843
vn 0.9519 0.0439 0.3034
vn 0.9132 0.2443 0.3261
vn 0.9945 0.0498 -0.0927
vn 0.9804 -0.1229 0.1538
vn 0.7276 -0.4869 0.4832
vn 0.9246 0.3282 -0.1932
vn -0.0380 0.5269 0.8491
vn 0.6854 0.5863 0.4319
vn 0.7647 0.5878 0.2640
vn 0.4077 -0.9063 0.1112
vn 0.4025 -0.9129 0.0677
vn 0.4918 -0.7197 0.4900
vn 0.5207 -0.7026 0.4850
vn 0.4655 -0.0901 0.8805
vn 0.7963 0.4544 -0.3993
vn 0.9349 0.0224 0.3543
vn 0.5616 -0.3308 0.7584
vn 0.8496 -0.4999 0.1682
vn 0.8562 -0.5017 0.1233
vn 0.3278 -0.1474 0.9332
vn 0.5729 0.2569 0.7784
vn -0.8391 0.2127 0.5007
vn -0.9493 0.0072 -0.3143
vn 0.8718 -0.4655 0.1524
vn 0.9041 -0.4221 0.0664
vn -0.4259 -0.8716 -0.2427
vn -0.5533 -0.7707 -0.3161
vn 0.3740 -0.9088 -0.1848
vn 0.0793 -0.9929 -0.0888
vn 0.0506 -0.4017 0.9144
vn 0.5714 -0.3351 0.7491
vn 0.5852 -0.3366 0.7377
vn 0.6776 -0.3431 0.6505
vn -0.6302 -0.1367 0.7643
vn -0.6101 -0.0574 0.7903
vn -0.3998 -0.0399 0.9157
vn -0.3296 -0.1976 0.9232
vn -0.5763 -0.1279 0.8072
vn 0.1161 0.5250 0.8432
vn 0.3174 0.4147 0.8528
vn 0.3180 0.2733 0.9078
vn 0.2903 0.2203 0.9312
vn 0.1643 0.3148 0.9348
vn 0.3960 -0.9096 -0.1260
vn 0.5754 -0.8139 -0.0803
vn 0.7467 -0.6566 -0.1063
vn 0.2751 -0.3263 0.9043
vn 0.3754 -0.5342 0.7574
vn -0.9362 -0.3501 -0.0301
vn -0.8900 -0.1504 -0.4304
vn -0.7513 -0.1513 0.6424
vn 0.9634 -0.1071 -0.2458
vn 0.9270 -0.3315 -0.1753
vn 0.8445 -0.3894 0.3678
vn 0.6934 -0.4834 0.5344
vn 0.8256 -0.5453 0.1450
vn 0.8195 -0.4927 0.2928
vn 0.8242 -0.5036 0.2588
vn 0.9078 -0.4058 0.1062
vn -0.8776 -0.1030 0.4681
vn -0.3792 0.2287 0.8966
vn 0.5009 0.0110 0.8654
vn -0.8255 0.1219 0.5511
vn 0.9891 -0.0404 -0.1413
vn 0.5694 0.6722 0.4732
vn 0.5684 0.7748 0.2770
vn -0.3729 0.6318 0.6796
vn -0.5021 0.6376 0.5843
vn -0.4793 0.6106 0.6305
vn 0.4716 -0.6777 0.5642
vn 0.4003 0.7065 0.5837
vn 0.4585 0.7440 0.4860
vn -0.3245 -0.5983 0.7326
vn -0.1240 0.2253 0.9664
vn -0.8710 0.4912 0.0011
vn -0.3258 -0.1148 -0.9385
vn -0.7805 -0.1078 -0.6158
vn -0.7963 0.5999 0.0773
vn -0.8964 0.4241 0.1288
vn 0.9747 -0.1913 0.1156
vn -0.4580 0.3997 0.7940
vn -0.5415 0.2116 0.8136
vn -0.6187 -0.1503 0.7712
vn -0.5799 0.2237 0.7834
vn -0.6341 0.0669 0.7704
vn -0.5663 0.6398 0.5196
vn -0.6736 0.7365 -0.0627
vn -0.9004 0.1332 0.4143
vn -0.6393 -0.1686 0.7503
vn -0.1120 -0.2137 0.9705
vn 0.3531 -0.7953 0.4927
vn 0.0519 -0.9097 0.4119
vn 0.0845 0.0389 0.9957
vn 0.0025 -0.0692 0.9976
vn -0.2798 -0.5298 0.8007
vn 0.1705 0.4473 0.8780
vn -0.0323 -0.0658 0.9973
vn 0.2221 -0.6898 0.6891
vn -0.7056 -0.0545 -0.7065
vn -0.6573 -0.3301 -0.6775
vn -0.8049 0.0560 -0.5907
vn -0.8643 0.4798 -0.1509
vn -0.4942 -0.6970 0.5197
vn -0.5941 -0.2589 0.7616
vn -0.4489 -0.3328 0.8293
vn 0.1691 -0.9465 -0.2749
vn 0.0960 -0.9755 -0.1979
vn -0.0511 -0.9808 0.1883
vn 0.0813 0.4703 0.8788
vn -0.0495 0.4711 0.8807
vn 0.1199 0.0396 0.9920
vn -0.0605 0.0189 0.9980
vn 0.4524 0.4847 0.7486
vn 0.3931 0.7451 0.5388
vn 0.3205 0.0309 0.9467
vn 0.1766 -0.2843 0.9423
vn 0.5770 -0.1197 0.8079
vn -0.7131 -0.2783 0.6434
vn -0.3808 -0.2732 0.8834
vn -0.1308 -0.2172 0.9673
vn 0.6871 -0.2416 0.6852
vn 0.6846 -0.3042 0.6624
vn 0.6766 -0.2760 0.6827
vn 0.7075 -0.3022 0.6389
vn 0.6455 -0.5287 0.5511
vn 0.6521 -0.2880 0.7013
vn 0.7602 -0.5752 0.3019
vn 0.9426 0.3082 0.1283
vn 0.2815 0.3602 0.8894
vn 0.0577 0.6671 0.7427
vn -0.0862 0.3821 0.9201
vn 0.6527 -0.2503 0.7151
vn 0.8425 0.1996 0.5004
vn 0.8370 -0.5471 -0.0085
vn 0.7295 -0.6838 0.0130
vn 0.7703 -0.5926 -0.2354
vn 0.8153 0.4511 0.3630
vn 0.8427 0.4134 0.3450
vn 0.9015 0.3794 0.2081
vn 0.6274 0.7787 -0.0040
vn 0.9128 0.3034 0.2733
vn 0.6898 -0.3981 0.6047
vn 0.5191 0.7658 0.3795
vn 0.5393 0.6763 0.5017
vn 0.6270 -0.0567 0.7769
vn 0.7946 -0.1944 0.5752
vn 0.2387 -0.8922 -0.3834
vn -0.1426 -0.9892 0.0338
vn 0.0558 -0.9672 -0.2478
vn -0.7530 -0.2583 -0.6052
vn -0.9701 0.1001 0.2210
vn 0.9172 0.2728 -0.2903
vn 0.9626 0.2065 -0.1752
vn -0.9669 -0.2351 -0.0990
vn -0.5716 -0.7254 -0.3835
vn -0.3062 -0.9057 -0.2932
vn -0.9452 0.2924 -0.1455
vn -0.9273 0.2156 -0.3061
vn -0.2552 -0.6947 -0.6726
vn -0.0987 -0.7956 -0.5977
vn 0.0465 -0.4131 0.9095
vn -0.0207 -0.4127 0.9106
vn 0.0538 -0.4609 0.8858
vn 0.0986 -0.4823 0.8705
vn 0.7686 0.0156 -0.6395
vn 0.8147 0.4760 -0.3311
vn 0.9650 -0.0986 0.2429
vn 0.9755 0.1993 0.0928
vn 0.7408 0.3717 0.5596
vn 0.7147 -0.1010 0.6921
vn -0.7992 0.0101 0.6010
vn -0.6853 -0.1649 0.7093
vn -0.9917 0.0213 0.1265
vn 0.2407 0.9702 0.0264
vn -0.8732 -0.2523 0.4169
vn 0.5630 0.5745 0.5941
vn 0.5552 -0.0577 0.8297
vn 0.5863 0.1782 0.7903
vn -0.3798 -0.9165 -0.1255
vn -0.5764 -0.8137 -0.0759
vn -0.7422 -0.6549 0.1423
vn -0.6974 -0.7119 0.0828
vn 0.8651 -0.3920 0.3129
vn 0.9616 -0.1666 0.2179
vn 0.6728 0.5559 0.4882
vn 0.7971 0.5916 0.1208
vn 0.4248 -0.8706 0.2482
vn 0.7507 -0.5922 0.2928
vn 0.8015 -0.5593 0.2116
vn 0.2738 -0.9577 0.0888
vn 0.8519 -0.5130 0.1049
vn -0.5856 -0.3111 -0.7485
vn 0.8159 -0.5647 0.1244
vn 0.6494 -0.5049 0.5687
vn 0.6332 -0.7375 0.2346
vn 0.5592 -0.5621 0.6094
vn 0.1785 -0.6973 -0.6942
vn 0.7154 -0.6871 0.1267
vn 0.7883 -0.5924 0.1665
vn 0.3304 -0.9323 0.1472
vn 0.2945 -0.9462 0.1341
vn 0.2490 -0.9490 -0.1936
vn 0.2845 -0.9572 0.0525
vn -0.0319 -0.8497 0.5263
vn -0.2980 -0.9543 0.0224
vn -0.2436 -0.9699 0.0034
vn -0.0437 -0.9781 -0.2037
vn -0.1099 -0.9577 -0.2659
vn -0.3273 0.9260 0.1883
vn -0.3258 0.8884 0.3235
vn -0.5243 0.8071 0.2714
vn -0.4461 0.7248 0.5251
vn -0.8172 0.5549 -0.1558
vn -0.9564 -0.1043 0.2727
vn -0.8688 -0.4873 0.0877
vn 0.5541 0.7649 0.3284
vn 0.5191 0.7454 0.4182
vn 0.9898 0.0609 -0.1286
vn 0.9989 0.0190 0.0417
vn 0.8461 0.1892 0.4984
vn -0.8096 -0.0424 -0.5854
vn -0.9657 0.1131 -0.2338
vn -0.2832 -0.9211 -0.2672
vn -0.2588 -0.8908 -0.3734
vn -0.8079 -0.1398 -0.5724
vn -0.5992 -0.2790 -0.7504
vn -0.8705 -0.3873 0.3037
vn -0.8648 -0.3340 0.3750
vn -0.7882 -0.3056 0.5341
vn -0.8640 -0.2797 0.4187
vn -0.6336 -0.2670 0.7261
vn -0.8784 -0.2804 0.3870
vn -0.0716 -0.5912 0.8034
vn 0.3875 -0.8495 -0.3581
vn -0.3693 -0.5086 0.7778
vn 0.1552 -0.8075 0.5691
vn -0.3867 0.9218 0.0280
vn -0.8303 0.0265 0.5567
vn 0.5609 -0.2681 -0.7833
vn 0.5341 -0.2606 -0.8042
vn 0.6090 -0.3236 -0.7242
vn 0.6548 -0.3340 -0.6780
vn 0.8080 -0.0248 -0.5886
vn 0.2038 0.9790 0.0073
vn 0.4755 0.8473 -0.2366
vn 0.2900 -0.9566 0.0269
vn 0.8341 0.5516 -0.0035
vn 0.7896 -0.6113 0.0531
vn 0.1209 0.4053 0.9061
vn 0.4989 -0.4169 0.7598
vn 0.1904 -0.4163 0.8891
vn 0.9805 -0.1323 0.1450
vn -0.2491 -0.7794 0.5749
vn -0.1103 -0.6807 0.7243
vn -0.3090 0.9454 -0.1040
vn -0.2219 0.9721 -0.0756
vn -0.1582 0.9857 0.0581
vn 0.9595 -0.2556 0.1185
vn 0.8902 -0.1239 0.4384
vn 0.6339 0.0046 0.7734
vn 0.8222 0.4312 0.3714
vn -0.4682 -0.6811 0.5630
vn 0.7745 -0.5152 0.3671
vn 0.9758 -0.1569 -0.1523
vn -0.6758 0.7005 -0.2293
vn -0.7377 0.6136 -0.2815
vn -0.6306 0.7622 0.1464
vn -0.6947 0.6093 -0.3824
vn -0.8959 0.4192 0.1469
vn -0.4629 0.4942 0.7359
vn -0.4073 0.3962 0.8229
vn -0.9994 0.0057 0.0348
vn -0.9989 0.0106 0.0458
vn 0.0341 0.5713 0.8201
vn 0.0481 0.7392 0.6718
vn 0.3801 0.7957 0.4716
vn 0.7028 0.4232 0.5719
vn 0.6454 -0.7552 0.1145
vn 0.9934 -0.0406 -0.1070
vn -0.0545 0.4177 0.9069
vn 0.4070 0.5799 0.7057
vn -0.1507 0.5881 0.7947
vn -0.2585 0.5085 0.8213
vn 0.6988 -0.3642 0.6157
vn 0.7172 -0.3751 0.5873
vn -0.4049 -0.1931 0.8937
vn -0.4541 -0.1582 0.8768
vn -0.1537 0.0211 0.9879
vn 0.1060 0.0220 0.9941
vn -0.7743 -0.3315 -0.5391
vn -0.8645 -0.4771 -0.1580
vn -0.8908 -0.2583 -0.3740
vn 0.8881 -0.4235 -0.1784
vn 0.7810 -0.6204 -0.0712
vn 0.8415 -0.3994 0.3638
vn 0.5896 -0.7559 0.2846
vn 0.3713 -0.4554 0.8091
vn 0.4320 -0.7431 0.5110
vn -0.2632 -0.0960 0.9599
vn 0.3262 0.1417 0.9346
vn 0.6901 0.2233 0.6884
vn 0.5558 0.0073 0.8313
vn -0.9938 0.0355 -0.1049
vn -0.9613 -0.2756 0.0033
vn 0.4521 0.7040 -0.5477
vn 0.2750 0.9588 -0.0719
vn -0.6348 -0.1089 0.7650
vn 0.7963 0.5802 0.1711
vn -0.9504 -0.2822 -0.1311
vn -0.9125 -0.1048 -0.3955
vn -0.9684 -0.1935 0.1574
vn -0.9485 -0.3085 0.0718
vn 0.9162 0.1585 0.3681
vn 0.7300 -0.0739 0.6794
vn 0.7836 0.0101 0.6211
vn 0.7247 0.4506 0.5213
vn 0.9133 0.3704 0.1691
vn 0.7150 0.6931 -0.0921
vn 0.7096 0.3055 -0.6350
vn 0.4592 -0.8383 0.2940
vn 0.7711 -0.6321 0.0765
vn 0.1030 -0.1869 0.9770
vn 0.3175 -0.5173 0.7948
vn 0.6228 0.0241 0.7820
vn 0.6921 0.4120 0.5927
vn 0.4932 -0.1656 0.8540
vn 0.5177 -0.0756 0.8522
vn 0.3961 -0.0081 0.9182
vn 0.2431 0.1399 0.9599
vn 0.1635 -0.1431 0.9761
vn 0.3360 -0.0403 0.9410
vn 0.2990 0.2788 0.9126
vn -0.9125 0.3057 0.2718
vn -0.9923 -0.0938 0.0808
vn -0.9712 -0.2270 0.0729
vn 0.5858 -0.3351 0.7380
vn 0.2386 0.3361 0.9111
vn -0.7314 -0.2622 -0.6295
vn -0.8362 -0.3668 -0.4077
vn 0.8066 -0.2783 -0.5215
vn 0.8539 -0.0912 0.5123
vn 0.9598 -0.2807 0.0050
vn 0.0462 0.7982 0.6007
vn 0.2775 0.9598 -0.0420
vn -0.2269 0.9622 0.1509
vn -0.1385 -0.1108 0.9841
vn -0.1603 -0.1143 0.9804
vn -0.4604 0.5414 0.7035
vn -0.4554 0.8902 -0.0089
vn -0.7994 0.2419 -0.5499
vn 0.0694 -0.3268 0.9425
vn 0.6535 -0.5438 -0.5264
vn 0.9572 0.2782 -0.0802
vn 0.6855 -0.0560 -0.7259
vn 0.8485 -0.2412 0.4711
vn 0.9385 0.3233 0.1211
vn 0.8711 0.4554 0.1841
vn 0.4482 0.0357 0.8932
vn -0.9742 -0.2189 0.0543
vn -0.2536 0.8370 0.4849
vn -0.2309 0.5123 0.8272
vn -0.3787 0.4014 0.8339
vn -0.2116 0.7066 0.6752
vn -0.7927 0.1226 0.5972
vn -0.7394 -0.0011 0.6733
vn -0.7252 0.2179 0.6532
vn -0.7592 0.2615 0.5960
vn 0.2743 0.1222 0.9538
vn 0.6276 0.4136 0.6595
vn 0.5937 0.6054 0.5301
vn 0.7713 -0.4637 0.4361
vn 0.0583 -0.0142 0.9982
vn -0.0030 -0.4871 0.8734
vn 0.8463 -0.1271 0.5173
vn 0.9669 0.0680 0.2459
vn 0.9418 0.2789 0.1875
vn 0.9358 -0.3249 0.1367
vn -0.3982 -0.9131 -0.0878
vn -0.0161 -0.9816 -0.1903
vn -0.2257 -0.8379 0.4969
vn -0.1039 -0.9945 0.0157
vn 0.8617 0.1624 0.4807
vn 0.9232 0.3780 0.0690
vn 0.9572 0.0628 -0.2827
vn 0.8370 -0.3555 0.4159
vn 0.9405 -0.2161 -0.2623
vn -0.6030 -0.7412 -0.2951
vn 0.3728 -0.8505 0.3709
vn 0.9779 0.2087 -0.0125
vn 0.9582 0.1585 -0.2380
vn 0.9998 -0.0170 -0.0106
vn 0.9898 0.1055 -0.0954
vn 0.9327 0.1130 -0.3426
vn 0.1815 -0.6051 0.7751
vn -0.7954 0.3930 0.4614
vn 0.8739 -0.1240 0.4700
vn -0.6523 0.3729 0.6599
vn -0.5285 0.5443 0.6515
vn -0.4543 0.3841 0.8038
vn -0.4874 0.4675 0.7375
vn -0.5701 0.4900 0.6595
vn -0.5798 0.4395 0.6860
vn 0.9422 0.2976 0.1537
vn 0.7286 0.2288 0.6456
vn 0.6378 0.3462 0.6880
vn 0.6075 0.0632 0.7918
vn 0.7150 -0.1443 0.6840
vn 0.6637 -0.3028 0.6840
vn 0.9253 0.2691 0.2671
vn 0.9142 0.2061 0.3490
vn 0.8980 0.4326 0.0801
vn 0.4650 0.5989 0.6520
vn 0.5257 0.1469 0.8379
vn 0.3028 0.5573 0.7732
vn -0.9872 -0.1108 -0.1149
vn -0.9460 -0.2982 -0.1269
vn 0.0690 -0.2903 0.9544
vn 0.0338 -0.0825 0.9960
vn 0.6370 -0.7585 -0.1372
vn 0.6096 -0.7777 -0.1532
vn 0.7647 -0.6443 0.0130
vn 0.9271 -0.3563 0.1166
vn 0.8705 0.1324 0.4740
vn -0.9684 0.2494 0.0066
vn -0.9089 -0.1577 -0.3861
vn -0.6849 0.4556 0.5687
vn -0.5918 0.3697 0.7163
vn -0.5106 0.3696 0.7763
vn -0.3170 0.1499 0.9365
vn -0.6514 0.0701 0.7555
vn 0.6575 -0.3547 0.6648
vn 0.0105 0.8935 0.4489
vn -0.3178 0.9062 0.2788
vn -0.3856 0.6031 0.6983
vn -0.3283 -0.2394 0.9137
vn -0.7677 -0.2746 0.5790
vn -0.5620 0.4544 0.6911
vn -0.9529 -0.0180 -0.3027
vn -0.6731 0.1556 0.7230
vn -0.6588 0.4574 0.5973
vn -0.0713 0.3424 0.9369
vn 0.4527 -0.5541 0.6986
vn -0.2116 -0.0053 0.9773
vn 0.4324 -0.2771 0.8581
vn 0.4698 -0.4682 0.7484
vn 0.7343 -0.6782 0.0274
vn 0.5737 -0.8190 0.0095
vn 0.4044 -0.9129 -0.0551
vn 0.5303 -0.8451 0.0683
vn -0.0146 -0.6952 0.7186
vn 0.6485 -0.2763 0.7093
vn 0.4268 -0.1685 0.8885
vn 0.3336 -0.9366 -0.1073
vn -0.6287 -0.3707 -0.6836
vn -0.0268 -0.4339 -0.9006
vn -0.9100 -0.4087 -0.0694
vn -0.3696 0.6944 0.6174
vn -0.6804 0.3272 0.6558
vn -0.3857 0.6197 0.6835
vn 0.1287 0.6481 0.7506
vn -0.8094 -0.4545 0.3719
vn -0.3783 -0.9124 -0.1561
vn 0.0252 -0.9869 -0.1591
vn -0.7136 -0.6612 0.2315
vn -0.5422 0.1108 0.8329
vn 0.0357 0.6142 0.7884
vn 0.4534 0.5758 0.6804
vn 0.0005 0.9872 -0.1596
vn 0.3076 0.9053 0.2928
vn 0.3538 0.8084 0.4704
vn 0.0987 0.7943 0.5994
vn -0.1361 -0.3395 0.9307
vn -0.2432 -0.9515 0.1885
vn 0.8176 -0.4342 0.3781
vn -0.7864 0.0336 0.6168
vn 0.7720 0.1230 0.6236
vn 0.6702 -0.7170 0.1919
vn -0.9237 -0.3272 -0.1992
vn -0.7294 -0.6782 -0.0896
vn 0.9437 0.2541 -0.2118
vn 0.8782 0.2742 0.3918
vn -0.9885 -0.0431 -0.1450
vn -0.9163 0.2510 -0.3120
vn -0.9066 -0.0018 -0.4221
vn -0.9393 0.3065 -0.1544
vn 0.6755 0.1766 0.7159
vn 0.5236 0.1847 0.8317
vn -0.3043 0.8524 0.4253
vn 0.0778 0.9800 0.1829
vn 0.6868 0.7061 0.1727
vn -0.3584 0.0222 0.9333
vn -0.0670 0.3809 0.9222
vn -0.2204 0.3583 0.9072
vn -0.2072 0.7164 0.6662
vn -0.1587 0.4959 0.8538
vn -0.2560 0.9667 -0.0019
vn -0.3537 0.9275 0.1206
vn -0.9675 0.2408 0.0771
vn -0.1390 0.9850 0.1023
vn -0.3444 0.2922 0.8922
vn -0.6182 0.7841 -0.0560
vn -0.6934 0.3996 -0.5996
vn 0.9612 0.1424 0.2364
vn 0.9142 0.3538 0.1979
vn 0.7974 0.4838 0.3605
vn 0.5763 0.3289 0.7482
vn 0.8013 -0.2686 0.5346
vn 0.3147 -0.3198 0.8937
vn -0.2780 0.9539 -0.1130
vn 0.4423 0.4408 0.7810
vn 0.6840 0.2843 0.6718
vn 0.6481 -0.3018 0.6993
vn 0.6505 -0.3650 0.6661
vn -0.9804 -0.1778 0.0845
vn -0.9827 -0.1515 0.1069
vn -0.9820 -0.1831 0.0468
vn -0.5704 -0.4540 0.6845
vn -0.2425 -0.8125 0.5302
vn 0.6304 -0.3101 0.7116
vn 0.8968 -0.0511 0.4396
vn 0.9498 -0.0334 0.3109
vn 0.8381 -0.2968 0.4577
vn 0.9554 -0.2699 0.1198
vn 0.9556 0.0877 0.2813
vn 0.9880 -0.0755 0.1344
vn -0.8113 -0.5839 -0.0286
vn -0.0842 -0.9305 -0.3564
vn -0.7844 -0.6193 -0.0360
vn -0.0261 -0.1159 0.9929
vn 0.1791 -0.1806 0.9671
vn 0.2083 -0.9265 0.3135
vn -0.2698 -0.6092 0.7457
vn -0.3021 -0.6507 0.6967
vn 0.0046 -0.9991 -0.0424
vn 0.9012 0.2949 -0.3177
vn -0.1819 0.7559 0.6290
vn -0.2079 0.8436 0.4951
vn -0.6995 -0.1166 0.7051
vn 0.0423 0.5971 0.8011
vn -0.6856 0.0550 0.7259
vn -0.6553 -0.0243 0.7550
vn -0.7629 -0.0393 0.6453
vn 0.1672 -0.1923 0.9670
vn -0.5728 -0.0123 0.8196
vn 0.0232 -0.1806 0.9833
vn 0.6634 0.2584 0.7022
vn 0.8792 0.1984 0.4332
vn 0.7628 0.6301 0.1451
vn 0.0791 0.0030 0.9969
vn 0.1612 0.1097 0.9808
vn 0.1454 0.1155 0.9826
vn -0.1622 0.1041 0.9813
vn -0.5312 -0.2017 0.8229
vn 0.9122 0.2770 0.3018
vn 0.8653 0.2811 0.4151
vn 0.6854 0.4508 0.5718
vn 0.7061 0.2391 0.6665
vn 0.8063 0.5767 0.1314
vn 0.9307 0.2154 -0.2957
vn 0.9513 0.2180 -0.2179
vn 0.8856 0.3734 0.2761
vn -0.9664 -0.2248 -0.1244
vn -0.5666 0.3081 0.7642
vn -0.9849 -0.1353 0.1080
vn 0.2654 0.8300 0.4906
vn 0.8323 -0.1473 0.5344
vn 0.9474 0.3118 0.0727
vn 0.1067 0.0887 0.9903
vn 0.2292 -0.4841 0.8445
vn 0.3931 -0.8333 0.3886
vn 0.2772 -0.7818 0.5586
vn 0.3070 -0.5305 0.7901
vn 0.3135 -0.9373 0.1521
vn -0.1461 -0.9628 -0.2273
vn -0.2396 0.1176 0.9637
vn -0.9609 -0.2758 0.0229
vn -0.7399 -0.0998 0.6653
vn -0.0446 -0.0150 0.9989
vn -0.0990 -0.9897 0.1035
vn -0.8138 0.4243 -0.3971
vn -0.9812 -0.0084 -0.1926
vn -0.8883 0.2727 -0.3695
vn -0.7432 0.6378 -0.2022
vn -0.7475 0.6193 -0.2401
vn -0.9013 -0.3847 -0.1991
vn -0.8532 0.5216 -0.0021
vn -0.9564 0.2908 0.0272
vn -0.5010 0.8601 0.0962
vn -0.7049 0.6755 0.2162
vn -0.9301 -0.2542 -0.2652
vn -0.9046 -0.3946 -0.1610
vn -0.9804 -0.1902 0.0520
vn -0.9810 0.1940 -0.0096
vn 0.3980 0.3734 0.8379
vn 0.6295 0.4039 0.6638
vn 0.3908 0.5628 0.7284
vn -0.4708 -0.2855 -0.8348
vn -0.5223 -0.1354 -0.8420
vn -0.1488 -0.7107 -0.6876
vn -0.1950 -0.8842 -0.4245
vn -0.3548 -0.9158 0.1882
vn -0.5777 -0.8122 -0.0816
vn -0.3060 0.9066 0.2905
vn 0.1823 0.7214 0.6681
vn -0.4395 0.7481 0.4971
vn -0.4047 0.9143 -0.0166
vn -0.1813 0.9805 -0.0753
vn -0.9289 0.1360 -0.3445
vn -0.6868 -0.3140 -0.6555
vn 0.7231 -0.2899 0.6269
vn 0.3889 -0.1151 0.9141
vn 0.0728 0.2035 0.9764
vn -0.1371 0.9902 -0.0258
vn -0.1746 0.9742 -0.1431
vn -0.7640 0.1418 0.6295
vn 0.9561 -0.0102 0.2929
vn -0.1055 -0.6317 -0.7680
vn 0.2568 0.5328 0.8063
vn 0.2333 -0.2721 0.9336
vn -0.1926 0.3443 0.9189
vn -0.2771 -0.0609 0.9589
vn -0.2844 0.3842 0.8783
vn -0.2651 -0.0920 0.9598
vn 0.2190 -0.3681 0.9036
vn 0.5478 -0.3477 0.7609
vn 0.2858 -0.3889 0.8758
vn -0.9102 -0.2386 -0.3385
vn -0.5658 -0.2672 -0.7801
vn -0.6036 -0.0643 -0.7947
vn -0.7006 -0.3100 -0.6427
vn -0.6201 0.5181 0.5892
vn 0.6665 -0.2399 0.7058
vn 0.7206 -0.1886 0.6672
vn 0.6710 -0.3949 0.6276
vn 0.9917 0.0812 -0.1001
vn 0.3720 0.5688 0.7336
vn -0.0422 0.8617 0.5056
vn -0.1357 0.7652 0.6293
vn -0.8173 -0.5068 -0.2744
vn -0.8005 -0.4207 -0.4268
vn -0.9369 -0.3492 -0.0144
vn -0.9750 -0.1677 -0.1454
vn -0.9022 -0.3652 0.2296
vn -0.6598 -0.5611 -0.4999
vn -0.5731 -0.6346 -0.5185
vn -0.9341 -0.3351 -0.1232
vn -0.9202 -0.1996 -0.3366
vn 0.3996 0.1599 0.9026
vn 0.9229 -0.0315 0.3837
vn 0.9391 -0.3407 -0.0445
vn 0.5559 -0.8293 -0.0575
vn 0.1144 0.3138 0.9426
vn 0.0150 0.1697 0.9854
vn 0.3794 0.1041 0.9193
vn 0.0506 -0.0367 0.9980
vn -0.9836 -0.1789 0.0243
vn -0.0058 0.1275 0.9918
vn -0.7539 -0.5016 0.4244
vn -0.8946 -0.4400 -0.0782
vn 0.6632 -0.2523 0.7046
vn 0.6845 -0.0045 0.7290
vn 0.6965 -0.2523 0.6718
vn 0.6770 -0.2414 0.6953
vn -0.2941 -0.9055 0.3059
vn 0.3132 0.8076 0.4996
vn 0.7227 -0.1532 0.6740
vn -0.0786 -0.8849 0.4590
vn -0.1624 -0.8231 0.5441
vn -0.4232 0.5762 0.6992
vn -0.2996 -0.8452 -0.4426
vn 0.3245 -0.9457 -0.0192
vn 0.0124 -0.4996 0.8662
vn 0.1973 -0.9719 -0.1280
vn 0.2467 -0.6772 -0.6932
vn 0.4318 -0.7788 -0.4550
vn 0.5544 -0.7217 -0.4146
vn -0.9510 -0.2645 0.1601
vn 0.5612 -0.2668 0.7835
vn 0.8150 -0.1223 0.5664
vn 0.4458 -0.4891 0.7497
vn 0.8636 -0.2694 0.4261
vn 0.8644 -0.0623 0.4990
vn 0.5778 0.4125 0.7043
vn 0.7946 0.3487 0.4970
vn 0.0659 0.0652 0.9957
vn -0.9282 -0.0589 0.3673
vn 0.4288 -0.1780 0.8857
vn 0.1522 0.4207 0.8943
vn -0.0250 0.4430 0.8962
vn 0.3346 0.5960 0.7300
vn 0.0533 0.2698 0.9614
vn -0.1903 0.1089 0.9757
vn -0.0410 -0.0964 0.9945
vn -0.6573 0.0324 0.7530
vn -0.6077 -0.5092 -0.6095
vn -0.0133 -0.9940 -0.1088
vn -0.7219 -0.6855 -0.0942
vn 0.3865 0.1474 0.9104
vn -0.9032 -0.2169 -0.3703
vn -0.9820 -0.0692 -0.1757
vn 0.6690 -0.2694 0.6927
vn -0.8974 -0.3714 -0.2383
vn 0.7844 -0.6139 -0.0885
vn 0.7804 -0.4724 -0.4096
vn 0.5486 0.6812 0.4848
vn 0.6468 0.6881 0.3288
vn 0.6818 -0.4585 0.5701
vn -0.3593 -0.6185 0.6988
vn 0.6895 -0.5221 0.5021
vn 0.3597 -0.5522 0.7521
vn 0.2106 -0.7955 0.5682
vn 0.4494 -0.1428 -0.8818
vn 0.6992 -0.1018 -0.7076
vn 0.5693 0.1456 -0.8091
vn 0.4599 0.0577 -0.8861
vn 0.4460 0.2446 -0.8610
vn -0.9714 -0.2093 -0.1120
vn -0.9773 -0.1939 -0.0853
vn 0.9742 0.1920 -0.1188
vn 0.8756 0.4758 0.0830
vn -0.7636 0.5554 -0.3292
vn -0.4862 0.2772 0.8287
vn -0.7615 -0.0596 0.6455
vn -0.9991 -0.0358 -0.0241
vn -0.7876 -0.0244 0.6157
vn -0.7886 -0.0198 0.6146
vn -0.9998 0.0136 0.0160
vn -0.6859 0.7239 0.0743
vn 0.2912 0.1307 0.9477
vn -0.2554 -0.8670 -0.4279
vn -0.6767 0.7322 -0.0775
vn -0.8639 0.3991 -0.3073
vn -0.6951 0.6935 -0.1897
vn 0.6334 -0.7467 -0.2029
vn -0.8511 -0.5248 0.0162
vn -0.9554 0.1470 -0.2561
vn 0.8541 -0.5192 0.0311
vn 0.0321 0.5467 0.8367
vn 0.8314 0.0498 -0.5534
vn 0.8430 0.3012 -0.4457
vn 0.7421 -0.2871 0.6057
vn 0.5133 -0.2591 0.8182
vn -0.0889 0.8383 0.5379
vn -0.5014 0.8308 0.2416
vn 0.6459 -0.3020 0.7012
vn 0.9769 0.1397 0.1615
vn 0.5581 -0.8233 -0.1038
vn 0.4569 -0.8740 -0.1656
vn -0.3234 0.9406 -0.1030
vn 0.9406 -0.0369 0.3374
vn 0.8744 -0.1183 0.4706
vn 0.9217 0.3210 0.2176
vn 0.6198 0.4428 0.6479
vn -0.9572 -0.0556 -0.2839
vn -0.5270 0.8494 0.0266
vn 0.2408 -0.3771 0.8943
vn -0.3611 0.9308 0.0566
vn 0.3035 0.4782 0.8241
vn 0.5081 -0.4473 0.7360
vn 0.1591 -0.9476 -0.2770
vn 0.3470 0.5073 0.7888
vn 0.0375 0.0517 0.9980
vn 0.2482 0.4533 0.8561
vn -0.8995 0.3821 0.2119
vn -0.5857 -0.0220 0.8102
vn -0.0174 0.6871 0.7263
vn 0.0898 0.7682 0.6339
vn -0.2010 0.6817 0.7035
vn -0.8304 -0.0558 0.5544
vn -0.2442 0.2082 0.9471
vn -0.2222 0.0575 0.9733
vn 0.5198 0.8282 -0.2095
vn 0.1274 0.9827 -0.1345
vn 0.1316 0.9836 -0.1235
vn 0.7901 -0.5959 0.1435
vn -0.7946 -0.5566 -0.2426
vn -0.8605 -0.3059 -0.4073
vn 0.9583 -0.0127 -0.2855
vn 0.7350 0.2995 0.6083
vn -0.8762 -0.3914 0.2811
vn -0.8498 -0.3715 -0.3739
vn 0.4122 -0.8530 -0.3202
vn 0.2349 0.5102 0.8274
vn -0.9734 -0.2276 0.0251
vn -0.9872 -0.0822 0.1367
vn -0.6556 0.0027 0.7551
vn 0.6614 -0.2801 0.6958
vn 0.7020 -0.2803 0.6547
vn 0.6972 -0.2938 0.6539
vn 0.6180 0.0429 0.7850
vn 0.7757 0.0571 0.6285
vn 0.3364 0.7303 0.5946
vn 0.2352 -0.9711 0.0411
vn -0.2799 -0.8020 0.5276
vn 0.7591 0.4799 0.4399
vn -0.4463 -0.8888 -0.1041
vn 0.4899 0.7268 0.4813
vn 0.1169 -0.9931 0.0066
vn 0.0436 0.5920 0.8048
vn 0.4078 0.1360 0.9029
vn 0.9821 0.1707 0.0799
vn 0.9104 0.1681 -0.3781
vn 0.9809 0.0808 0.1767
vn 0.9862 -0.1632 0.0278
vn -0.3269 0.4156 0.8488
vn 0.2009 -0.8824 -0.4255
vn 0.8397 -0.4923 -0.2293
vn -0.0259 0.2952 0.9551
vn 0.7061 -0.4449 -0.5509
vn -0.5372 -0.3215 0.7798
vn -0.8834 -0.0683 -0.4635
vn 0.6774 0.5309 -0.5092
vn 0.5680 -0.8193 0.0780
vn 0.6047 0.4359 0.6666
vn 0.5275 0.5302 0.6638
vn -0.8652 -0.0012 0.5015
vn -0.9249 -0.0263 0.3794
vn -0.6132 -0.0389 0.7890
vn 0.4977 0.7548 0.4273
vn -0.6141 -0.5981 -0.5149
vn -0.3768 0.9061 0.1924
vn 0.8139 0.1747 0.5541
vn 0.7702 -0.4220 0.4782
vn 0.4728 -0.6802 0.5601
vn -0.8946 0.2597 0.3636
vn -0.3569 0.5365 0.7647
vn 0.7940 -0.5994 0.1014
vn -0.9589 -0.2831 -0.0186
vn 0.9312 -0.2109 0.2972
vn 0.2608 0.1339 0.9561
vn 0.1861 -0.4904 0.8514
vn -0.9234 -0.0696 0.3775
vn 0.5096 0.1188 0.8522
vn 0.2348 -0.9701 -0.0610
vn 0.9811 -0.0860 0.1733
vn 0.8130 0.5497 0.1919
vn -0.8823 -0.0817 -0.4636
vn 0.5802 -0.3907 0.7147
vn 0.6664 -0.4940 0.5585
vn 0.5167 0.7327 0.4429
vn 0.5743 0.7185 0.3924
vn 0.7560 0.5442 0.3638
vn 0.8014 0.5520 0.2304
vn 0.1963 -0.9752 -0.1026
vn 0.0131 -0.1071 0.9942
vn -0.4455 0.8245 0.3488
vn 0.8851 -0.4290 -0.1803
vn 0.6638 -0.7000 0.2636
vn -0.8030 -0.2169 0.5551
vn -0.7984 0.1840 0.5734
vn 0.3183 -0.8466 0.4266
vn -0.0092 -0.9956 0.0929
vn 0.1352 -0.9904 -0.0299
vn 0.3707 -0.7031 0.6068
vn 0.5560 -0.7637 0.3281
vn 0.8541 -0.2859 0.4345
vn -0.6918 0.3013 0.6562
vn -0.5019 0.1386 0.8538
vn -0.3073 0.9513 -0.0235
vn -0.1456 0.9889 0.0303
vn -0.6439 0.7204 0.2578
vn -0.2516 -0.6113 0.7504
vn -0.9896 0.1332 -0.0543
vn 0.7386 -0.5890 -0.3279
vn -0.4401 0.2621 0.8588
vn -0.9050 -0.1305 0.4048
vn 0.6639 -0.3000 -0.6850
vn 0.7717 -0.1759 0.6111
vn -0.3146 -0.9420 -0.1166
vn -0.3534 -0.9243 -0.1440
vn -0.3112 -0.9336 -0.1777
vn 0.8181 0.0782 0.5697
vn -0.7305 -0.2617 -0.6308
vn -0.5409 -0.3187 -0.7784
vn -0.4857 -0.1118 0.8670
vn -0.2986 -0.2870 0.9102
vn -0.7497 -0.6604 -0.0413
vn -0.0869 -0.9458 0.3130
vn 0.6810 -0.3239 0.6568
vn -0.2243 -0.9694 -0.0997
vn -0.2788 -0.7516 -0.5978
vn -0.1694 0.7021 0.6916
vn 0.6982 -0.2983 0.6507
vn 0.2164 -0.9062 0.3633
vn 0.7680 -0.6319 0.1042
vn -0.4965 -0.4682 0.7309
vn -0.6365 -0.2186 0.7397
vn 0.5887 0.7327 0.3414
vn 0.0476 0.2670 0.9625
vn 0.6051 -0.7958 -0.0211
vn -0.9048 0.2930 -0.3090
vn 0.6523 -0.0491 0.7564
vn -0.8951 -0.3642 -0.2571
vn -0.8303 -0.4875 0.2700
vn -0.8032 -0.5147 -0.2999
vn -0.4545 -0.8813 -0.1293
vn 0.6505 -0.4401 0.6190
vn 0.3833 0.8491 0.3635
vn 0.2976 -0.7053 0.6434
vn 0.5641 -0.8183 0.1102
vn -0.6086 0.6761 -0.4154
vn -0.9700 0.2391 -0.0442
vn -0.5217 0.5208 0.6757
vn -0.6014 0.4263 0.6757
vn -0.5176 0.4952 0.6978
vn -0.5903 -0.4885 0.6426
vn -0.9265 -0.3436 -0.1531
vn -0.0235 -0.9612 0.2750
vn -0.9573 0.1027 0.2704
vn -0.3702 0.3446 0.8627
vn -0.4207 -0.2823 0.8622
vn -0.2803 -0.2889 0.9154
vn 0.5368 -0.2909 0.7920
vn 0.4467 0.7425 0.4991
vn 0.4000 0.7537 0.5214
vn 0.8655 0.0503 0.4985
vn 0.4956 -0.6487 0.5775
vn -0.9754 -0.2205 -0.0030
vn -0.9593 0.2819 0.0150
vn 0.3763 0.9053 -0.1969
vn 0.6582 -0.4153 -0.6280
vn -0.2335 0.7625 0.6034
vn -0.2681 -0.9457 -0.1839
vn -0.9887 -0.1125 -0.0992
vn 0.2763 0.8317 0.4815
vn -0.9953 -0.0354 0.0897
vn 0.0164 -0.8117 0.5838
vn 0.5752 -0.8143 -0.0780
vn 0.4225 -0.7036 0.5714
vn -0.9551 -0.1381 -0.2620
vn 0.8217 0.0896 -0.5629
vn 0.4620 -0.8752 -0.1438
vn 0.7254 -0.2996 0.6197
vn -0.3767 -0.9251 -0.0470
vn 0.9097 -0.1936 0.3673
vn -0.9360 -0.2082 -0.2838
vn -0.1468 -0.8738 0.4635
vn -0.6620 0.7048 -0.2550
vn -0.8649 0.4968 0.0711
vn -0.9538 -0.3005 -0.0048
vn -0.2884 -0.9493 -0.1253
vn -0.5170 -0.8554 0.0310
vn -0.6438 -0.7611 -0.0792
vn 0.4367 -0.8436 0.3126
vn -0.4892 0.8637 0.1210
vn -0.4007 -0.1602 0.9021
vn -0.4298 0.3986 0.8101
vn -0.2484 -0.9616 -0.1165
vn -0.1473 -0.9800 -0.1336
vn -0.5198 -0.1354 0.8435
vn 0.9156 -0.3075 0.2593
vn 0.9337 0.0074 0.3581
vn 0.9793 -0.1549 0.1300
vn 0.8126 0.1873 0.5519
vn -0.0880 0.3490 0.9330
vn -0.1905 0.6794 0.7086
vn 0.8177 -0.5070 0.2726
vn 0.8447 -0.4940 0.2062
vn -0.8048 0.4760 -0.3545
vn 0.8181 -0.5750 -0.0062
vn 0.9474 -0.2759 -0.1622
vn -0.9770 -0.1542 -0.1471
vn -0.9744 -0.2241 -0.0188
vn 0.0943 0.7777 0.6215
vn 0.2393 -0.0180 0.9708
vn 0.3032 0.3964 0.8666
vn -0.4815 -0.8386 -0.2549
vn 0.6232 -0.6274 0.4669
vn -0.6356 -0.3299 -0.6980
vn -0.4986 -0.5200 -0.6936
vn -0.6256 -0.3884 0.6766
vn 0.9882 -0.0539 0.1431
vn -0.9227 0.0925 -0.3742
vn -0.2856 -0.9508 -0.1198
vn -0.1842 -0.9497 -0.2534
vn -0.6277 -0.6963 -0.3482
vn -0.1236 0.8969 0.4247
vn 0.6541 -0.4987 0.5687
vn -0.1037 0.9546 -0.2793
vn -0.6181 -0.2284 0.7521
vn 0.9625 0.0723 0.2615
vn -0.6383 0.5889 0.4958
vn 0.9643 0.2377 0.1166
vn -0.8652 -0.3457 -0.3633
vn -0.8920 -0.4169 0.1746
vn -0.9496 0.2857 0.1288
vn 0.6059 -0.5359 -0.5880
vt 0.410410 0.581470
vt 0.410520 0.588910
vt 0.408080 0.584770
vt 0.162890 0.540240
vt 0.163570 0.524110
vt 0.171670 0.528010
vt 0.184750 0.515770
vt 0.098040 0.633150
vt 0.113110 0.633600
vt 0.113940 0.644650
vt 0.153750 0.627450
vt 0.154870 0.617580
vt 0.167440 0.620310
vt 0.056850 0.538010
vt 0.059510 0.528140
vt 0.064780 0.530680
vt 0.078470 0.514150
vt 0.068050 0.522900
vt 0.069290 0.512420
vt 0.308650 0.576050
vt 0.302740 0.585720
vt 0.300210 0.576180
vt 0.051510 0.523470
vt 0.053630 0.515430
vt 0.060790 0.516750
vt 0.112430 0.480320
vt 0.102830 0.489550
vt 0.102220 0.482290
vt 0.209620 0.562510
vt 0.212400 0.557760
vt 0.217860 0.561790
vt 0.095690 0.492260
vt 0.093580 0.484840
vt 0.105950 0.449920
vt 0.107920 0.446440
vt 0.117350 0.453430
vt 0.259420 0.485580
vt 0.274110 0.473650
vt 0.282660 0.480270
vt 0.073390 0.489017
vt 0.069733 0.504467
vt 0.048704 0.504259
vt 0.061650 0.490850
vt 0.064900 0.485680
vt 0.053420 0.481470
vt 0.058050 0.475930
vt 0.061540 0.480680
vt 0.083970 0.505680
vt 0.079760 0.502060
vt 0.088950 0.497370
vt 0.215960 0.479680
vt 0.222490 0.464050
vt 0.227540 0.468480
vt 0.217460 0.611880
vt 0.204340 0.626890
vt 0.192510 0.621770
vt 0.217880 0.591490
vt 0.217300 0.598910
vt 0.210060 0.591330
vt 0.200480 0.549830
vt 0.097360 0.465120
vt 0.105650 0.467890
vt 0.097890 0.470120
vt 0.231250 0.594480
vt 0.241320 0.590590
vt 0.238350 0.597690
vt 0.081330 0.756250
vt 0.076120 0.754440
vt 0.079750 0.751190
vt 0.323050 0.626530
vt 0.317140 0.622550
vt 0.328250 0.623350
vt 0.341810 0.620140
vt 0.344160 0.628120
vt 0.329750 0.629320
vt 0.444820 0.566450
vt 0.438300 0.569360
vt 0.434960 0.561280
vt 0.211360 0.473170
vt 0.206470 0.479870
vt 0.206820 0.470730
vt 0.179040 0.486720
vt 0.190700 0.494740
vt 0.175340 0.495960
vt 0.097220 0.530980
vt 0.091410 0.516960
vt 0.104350 0.507640
vt 0.063280 0.609130
vt 0.049040 0.618220
vt 0.057910 0.600930
vt 0.111740 0.435420
vt 0.125750 0.433900
vt 0.122670 0.444660
vt 0.311970 0.557640
vt 0.307840 0.549600
vt 0.313050 0.543050
vt 0.410750 0.547400
vt 0.416220 0.547500
vt 0.415490 0.552370
vt 0.110850 0.398760
vt 0.120420 0.413210
vt 0.103670 0.409720
vt 0.105120 0.647280
vt 0.098410 0.649250
vt 0.093840 0.645250
vt 0.044040 0.593080
vt 0.039760 0.579640
vt 0.049520 0.579870
vt 0.120230 0.712750
vt 0.132710 0.709260
vt 0.123130 0.719420
vt 0.024760 0.681630
vt 0.028970 0.702380
vt 0.017350 0.684530
vt 0.410940 0.535160
vt 0.401690 0.527480
vt 0.413540 0.529810
vt 0.403720 0.429380
vt 0.413540 0.414030
vt 0.411260 0.436580
vt 0.314210 0.454660
vt 0.310150 0.467160
vt 0.304250 0.451930
vt 0.366880 0.494500
vt 0.389830 0.491770
vt 0.381040 0.497520
vt 0.225390 0.586200
vt 0.214500 0.583120
vt 0.225600 0.577660
vt 0.196600 0.573370
vt 0.397250 0.577370
vt 0.389370 0.571580
vt 0.402600 0.570030
vt 0.360780 0.548360
vt 0.365310 0.552170
vt 0.360010 0.558020
vt 0.207310 0.451800
vt 0.211310 0.457060
vt 0.207710 0.463800
vt 0.230900 0.473920
vt 0.241810 0.481980
vt 0.228110 0.488150
vt 0.232190 0.536660
vt 0.221740 0.522990
vt 0.236810 0.526700
vt 0.512080 0.546900
vt 0.504980 0.553970
vt 0.499450 0.544450
vt 0.133830 0.485440
vt 0.124540 0.486830
vt 0.134060 0.479770
vt 0.141630 0.517170
vt 0.132420 0.509830
vt 0.146070 0.511010
vt 0.486200 0.551690
vt 0.492750 0.562370
vt 0.488050 0.559920
vt 0.407760 0.520130
vt 0.395410 0.517680
vt 0.411160 0.508070
vt 0.068880 0.611610
vt 0.080420 0.604220
vt 0.077950 0.617570
vt 0.157210 0.599340
vt 0.160060 0.581810
vt 0.172160 0.584290
vt 0.096970 0.701180
vt 0.114080 0.708710
vt 0.101360 0.709580
vt 0.054490 0.660410
vt 0.068010 0.661660
vt 0.065150 0.672170
vt 0.113170 0.686290
vt 0.107860 0.681380
vt 0.118280 0.676010
vt 0.095230 0.686100
vt 0.105920 0.691890
vt 0.200930 0.457430
vt 0.195320 0.470280
vt 0.394460 0.614350
vt 0.385920 0.611240
vt 0.396860 0.605120
vt 0.356470 0.602960
vt 0.355950 0.614580
vt 0.345580 0.608240
vt 0.336730 0.560520
vt 0.320640 0.572120
vt 0.326550 0.559020
vt 0.186170 0.643140
vt 0.173340 0.641180
vt 0.182230 0.636430
vt 0.130750 0.693560
vt 0.134740 0.679100
vt 0.135300 0.689130
vt 0.024830 0.716190
vt 0.027670 0.709880
vt 0.033480 0.710640
vt 0.291520 0.607670
vt 0.283760 0.618020
vt 0.281900 0.601410
vt 0.316100 0.599650
vt 0.312090 0.603360
vt 0.311700 0.595480
vt 0.236440 0.573120
vt 0.238740 0.584100
vt 0.231000 0.580730
vt 0.283090 0.587680
vt 0.292240 0.590720
vt 0.286810 0.595410
vt 0.253200 0.568920
vt 0.252070 0.562470
vt 0.259750 0.554750
vt 0.248220 0.549780
vt 0.249310 0.542700
vt 0.463710 0.586790
vt 0.456120 0.589710
vt 0.451530 0.583300
vt 0.391860 0.598010
vt 0.394310 0.595830
vt 0.398890 0.602260
vt 0.341620 0.504540
vt 0.340330 0.493880
vt 0.348320 0.501290
vt 0.357350 0.426040
vt 0.360840 0.436310
vt 0.355180 0.436810
vt 0.426230 0.548010
vt 0.437320 0.517850
vt 0.444990 0.515540
vt 0.449120 0.518280
vt 0.058090 0.654740
vt 0.045620 0.659930
vt 0.056640 0.644090
vt 0.026900 0.665160
vt 0.014510 0.669270
vt 0.020000 0.656920
vt 0.256480 0.462300
vt 0.082650 0.415290
vt 0.073620 0.397460
vt 0.084980 0.395350
vt 0.348920 0.514540
vt 0.354670 0.555530
vt 0.345330 0.538180
vt 0.356010 0.544630
vt 0.070330 0.422680
vt 0.062560 0.424700
vt 0.061790 0.417220
vt 0.076090 0.428390
vt 0.079860 0.439170
vt 0.062630 0.429070
vt 0.407910 0.575490
vt 0.405540 0.597100
vt 0.406900 0.599010
vt 0.403140 0.605020
vt 0.275310 0.507180
vt 0.249940 0.510360
vt 0.269200 0.503450
vt 0.258680 0.548480
vt 0.265490 0.548230
vt 0.315920 0.583120
vt 0.334820 0.571900
vt 0.322690 0.575100
vt 0.340130 0.563770
vt 0.110260 0.522250
vt 0.101990 0.535470
vt 0.151540 0.581180
vt 0.141950 0.598870
vt 0.270580 0.466950
vt 0.271250 0.458550
vt 0.275820 0.467500
vt 0.289240 0.507320
vt 0.290090 0.510360
vt 0.280610 0.511030
vt 0.410540 0.611430
vt 0.419300 0.605730
vt 0.414950 0.618320
vt 0.397790 0.622790
vt 0.406510 0.613080
vt 0.408730 0.619290
vt 0.110890 0.460630
vt 0.103450 0.456550
vt 0.462640 0.520520
vt 0.471210 0.525450
vt 0.465100 0.530030
vt 0.415940 0.456230
vt 0.412650 0.464050
vt 0.392600 0.461760
vt 0.418330 0.476200
vt 0.433940 0.472530
vt 0.432080 0.479600
vt 0.424320 0.500660
vt 0.439130 0.499520
vt 0.432380 0.506700
vt 0.347410 0.626800
vt 0.163150 0.655180
vt 0.162180 0.665560
vt 0.157520 0.662890
vt 0.150980 0.482940
vt 0.154640 0.477660
vt 0.167970 0.494220
vt 0.144780 0.441740
vt 0.151840 0.429520
vt 0.153770 0.436790
vt 0.352910 0.569440
vt 0.350820 0.576150
vt 0.348610 0.566190
vt 0.368580 0.554270
vt 0.376370 0.562120
vt 0.364960 0.559110
vt 0.042500 0.675780
vt 0.037970 0.687650
vt 0.030150 0.685030
vt 0.061630 0.705890
vt 0.063650 0.697590
vt 0.067900 0.699850
vt 0.459000 0.534770
vt 0.464470 0.541980
vt 0.455610 0.543650
vt 0.439470 0.526260
vt 0.475560 0.552120
vt 0.477460 0.566720
vt 0.469350 0.558260
vt 0.052410 0.715640
vt 0.050730 0.711130
vt 0.054610 0.725990
vt 0.051780 0.729770
vt 0.047700 0.723130
vt 0.349140 0.588840
vt 0.350750 0.581100
vt 0.354070 0.587000
vt 0.326860 0.580360
vt 0.319910 0.583200
vt 0.222730 0.452860
vt 0.229820 0.460960
vt 0.247150 0.503790
vt 0.258180 0.499590
vt 0.234160 0.517340
vt 0.221310 0.516400
vt 0.237570 0.503930
vt 0.156080 0.633600
vt 0.151670 0.650680
vt 0.143690 0.642490
vt 0.145540 0.622430
vt 0.147790 0.630060
vt 0.122740 0.555590
vt 0.114270 0.552210
vt 0.120600 0.547500
vt 0.071010 0.568980
vt 0.073050 0.578280
vt 0.060500 0.577570
vt 0.383240 0.481380
vt 0.390290 0.472740
vt 0.392560 0.484390
vt 0.359030 0.474110
vt 0.357070 0.461740
vt 0.368110 0.466190
vt 0.181190 0.456940
vt 0.180410 0.447690
vt 0.192670 0.437000
vt 0.341270 0.462880
vt 0.349990 0.453630
vt 0.348880 0.466450
vt 0.064980 0.612460
vt 0.057080 0.622760
vt 0.050230 0.622710
vt 0.043360 0.647160
vt 0.042230 0.657710
vt 0.034590 0.649400
vt 0.501480 0.527530
vt 0.508610 0.538410
vt 0.499260 0.536400
vt 0.471550 0.502230
vt 0.472280 0.510080
vt 0.460740 0.507310
vt 0.225330 0.555660
vt 0.218630 0.544760
vt 0.235060 0.563550
vt 0.228590 0.570000
vt 0.085730 0.666310
vt 0.079020 0.666060
vt 0.069730 0.658260
vt 0.105150 0.676130
vt 0.104190 0.665690
vt 0.115400 0.669240
vt 0.212680 0.459250
vt 0.211140 0.465930
vt 0.228300 0.585600
vt 0.087790 0.688570
vt 0.088870 0.694670
vt 0.083760 0.693540
vt 0.070220 0.686680
vt 0.070290 0.692800
vt 0.060830 0.688990
vt 0.141120 0.423950
vt 0.091160 0.672140
vt 0.080930 0.673340
vt 0.075380 0.686240
vt 0.083110 0.687350
vt 0.301900 0.460280
vt 0.298380 0.456460
vt 0.285500 0.478420
vt 0.285360 0.472590
vt 0.293140 0.477200
vt 0.062620 0.729860
vt 0.067340 0.735280
vt 0.061720 0.736770
vt 0.385680 0.546220
vt 0.390410 0.549190
vt 0.383990 0.551170
vt 0.398430 0.557430
vt 0.406140 0.563270
vt 0.395970 0.565000
vt 0.049230 0.409020
vt 0.057350 0.418310
vt 0.039150 0.412980
vt 0.281380 0.512550
vt 0.292050 0.516570
vt 0.270650 0.522240
vt 0.271710 0.531990
vt 0.262790 0.528270
vt 0.270590 0.568120
vt 0.282120 0.578270
vt 0.271860 0.580180
vt 0.283480 0.564530
vt 0.275360 0.565390
vt 0.319890 0.440030
vt 0.325810 0.437360
vt 0.327140 0.447920
vt 0.316950 0.467720
vt 0.399930 0.450450
vt 0.382150 0.463830
vt 0.381520 0.455380
vt 0.074140 0.641940
vt 0.075880 0.648600
vt 0.068930 0.645680
vt 0.081280 0.630690
vt 0.091670 0.624390
vt 0.090950 0.636580
vt 0.090370 0.728550
vt 0.076450 0.727840
vt 0.088310 0.719030
vt 0.117800 0.719190
vt 0.109250 0.718530
vt 0.086600 0.737670
vt 0.058480 0.741660
vt 0.065130 0.741590
vt 0.065400 0.748170
vt 0.086910 0.516880
vt 0.085600 0.511550
vt 0.313220 0.518480
vt 0.309100 0.528440
vt 0.297640 0.525290
vt 0.333040 0.522210
vt 0.326420 0.515060
vt 0.341190 0.518540
vt 0.114850 0.696020
vt 0.126010 0.689110
vt 0.119830 0.690620
vt 0.125120 0.681640
vt 0.343540 0.486000
vt 0.337820 0.479050
vt 0.352650 0.482000
vt 0.319490 0.456890
vt 0.325090 0.449230
vt 0.326570 0.465500
vt 0.106780 0.587480
vt 0.118630 0.605560
vt 0.104530 0.603530
vt 0.071070 0.585740
vt 0.056670 0.590550
vt 0.155100 0.611740
vt 0.156630 0.603270
vt 0.161430 0.606570
vt 0.102780 0.617910
vt 0.447020 0.577020
vt 0.459990 0.575000
vt 0.414120 0.590680
vt 0.412430 0.581720
vt 0.430260 0.557900
vt 0.430940 0.568630
vt 0.418650 0.565330
vt 0.410090 0.567150
vt 0.319770 0.602760
vt 0.324650 0.613860
vt 0.316690 0.611710
vt 0.335500 0.588500
vt 0.339140 0.601100
vt 0.331540 0.598060
vt 0.175650 0.448490
vt 0.162190 0.475660
vt 0.147270 0.470430
vt 0.152690 0.466620
vt 0.478710 0.573530
vt 0.139850 0.500660
vt 0.143170 0.487440
vt 0.149800 0.490370
vt 0.035020 0.656260
vt 0.040300 0.660500
vt 0.028380 0.673020
vt 0.043120 0.666820
vt 0.023370 0.677900
vt 0.015420 0.678340
vt 0.012620 0.649890
vt 0.005610 0.656070
vt 0.007970 0.646000
vt 0.148580 0.504390
vt 0.145050 0.496460
vt 0.160590 0.508540
vt 0.171110 0.510150
vt 0.012140 0.636120
vt 0.023030 0.631730
vt 0.023900 0.638110
vt 0.038240 0.625150
vt 0.046840 0.632430
vt 0.036010 0.636490
vt 0.246080 0.538440
vt 0.242160 0.550280
vt 0.240180 0.532420
vt 0.260180 0.523450
vt 0.242650 0.520570
vt 0.266600 0.516050
vt 0.267200 0.538600
vt 0.255570 0.534280
vt 0.300610 0.534870
vt 0.306250 0.542270
vt 0.298710 0.543780
vt 0.310960 0.489020
vt 0.310210 0.481580
vt 0.317710 0.480400
vt 0.297760 0.465810
vt 0.297520 0.460880
vt 0.266730 0.605830
vt 0.258850 0.614950
vt 0.254260 0.606720
vt 0.261860 0.572120
vt 0.269120 0.571750
vt 0.458240 0.500450
vt 0.441620 0.504770
vt 0.245020 0.582980
vt 0.243690 0.571490
vt 0.251960 0.583040
vt 0.265090 0.596920
vt 0.252840 0.597260
vt 0.256800 0.591120
vt 0.042890 0.704970
vt 0.044440 0.718020
vt 0.036490 0.711790
vt 0.042170 0.725650
vt 0.356250 0.498460
vt 0.363360 0.507990
vt 0.372240 0.476010
vt 0.383400 0.471230
vt 0.141400 0.683320
vt 0.140400 0.675230
vt 0.145300 0.672220
vt 0.351370 0.536600
vt 0.390790 0.513100
vt 0.394550 0.504830
vt 0.401540 0.507220
vt 0.052000 0.552930
vt 0.047030 0.558360
vt 0.044720 0.547110
vt 0.061430 0.566920
vt 0.393620 0.551250
vt 0.388720 0.555280
vt 0.381440 0.557960
vt 0.090250 0.393190
vt 0.104910 0.393100
vt 0.101160 0.400220
vt 0.098030 0.385090
vt 0.104820 0.377750
vt 0.102510 0.388870
vt 0.029590 0.609940
vt 0.028540 0.602660
vt 0.034210 0.601740
vt 0.028180 0.626710
vt 0.031370 0.634880
vt 0.025370 0.586290
vt 0.033990 0.583210
vt 0.029680 0.589190
vt 0.036120 0.590920
vt 0.030260 0.595210
vt 0.116240 0.466470
vt 0.112940 0.468680
vt 0.108490 0.464370
vt 0.138100 0.475120
vt 0.199310 0.608940
vt 0.163970 0.613060
vt 0.159070 0.613500
vt 0.082330 0.716170
vt 0.072000 0.721760
vt 0.076450 0.712960
vt 0.074520 0.717660
vt 0.275770 0.584530
vt 0.282020 0.582690
vt 0.270260 0.589460
vt 0.264740 0.589350
vt 0.160330 0.631420
vt 0.171530 0.627600
vt 0.167120 0.636600
vt 0.158500 0.642140
vt 0.073830 0.387350
vt 0.032080 0.407370
vt 0.042680 0.399490
vt 0.057490 0.382050
vt 0.052320 0.372370
vt 0.062770 0.379120
vt 0.059780 0.402320
vt 0.056880 0.391340
vt 0.064720 0.391360
vt 0.383830 0.621830
vt 0.369060 0.621500
vt 0.376750 0.607900
vt 0.188350 0.452060
vt 0.195210 0.437160
vt 0.194320 0.447220
vt 0.197190 0.450240
vt 0.204350 0.445680
vt 0.202380 0.449250
vt 0.199770 0.442050
vt 0.129310 0.699770
vt 0.134080 0.696090
vt 0.120310 0.694780
vt 0.124150 0.694010
vt 0.122190 0.699720
vt 0.093360 0.734480
vt 0.122200 0.566450
vt 0.130950 0.555280
vt 0.135740 0.566800
vt 0.106930 0.561760
vt 0.093710 0.571930
vt 0.095810 0.563900
vt 0.089200 0.588280
vt 0.085720 0.594370
vt 0.085260 0.584400
vt 0.111910 0.569510
vt 0.105890 0.571230
vt 0.109860 0.564170
vt 0.073510 0.474730
vt 0.072490 0.480000
vt 0.066640 0.477310
vt 0.068400 0.464420
vt 0.061050 0.464730
vt 0.067490 0.459080
vt 0.493390 0.525060
vt 0.485850 0.521610
vt 0.443500 0.454730
vt 0.489070 0.511030
vt 0.434010 0.458160
vt 0.434290 0.446330
vt 0.439860 0.453520
vt 0.427700 0.448930
vt 0.424650 0.431340
vt 0.377810 0.451680
vt 0.380430 0.436960
vt 0.355630 0.445170
vt 0.366400 0.441660
vt 0.363640 0.446800
vt 0.344260 0.448830
vt 0.355210 0.582620
vt 0.387810 0.605280
vt 0.319180 0.495530
vt 0.311590 0.492160
vt 0.321960 0.487790
vt 0.309460 0.503310
vt 0.300460 0.502930
vt 0.303590 0.494790
vt 0.098860 0.548580
vt 0.085790 0.542840
vt 0.096090 0.539310
vt 0.112430 0.543580
vt 0.142090 0.665970
vt 0.110270 0.656060
vt 0.121320 0.656490
vt 0.117420 0.663940
vt 0.067660 0.442870
vt 0.043360 0.423890
vt 0.073770 0.441260
vt 0.094960 0.406830
vt 0.086060 0.408080
vt 0.079400 0.434300
vt 0.264020 0.581310
vt 0.257700 0.580200
vt 0.259930 0.576290
vt 0.254220 0.575130
vt 0.255450 0.580460
vt 0.428780 0.488440
vt 0.421680 0.494230
vt 0.416450 0.489990
vt 0.397850 0.496420
vt 0.292300 0.491500
vt 0.432920 0.429610
vt 0.511220 0.532060
vt 0.432640 0.417800
vt 0.439410 0.420360
vt 0.514110 0.544140
vt 0.134490 0.600170
vt 0.139020 0.602080
vt 0.122750 0.610200
vt 0.135030 0.595490
vt 0.132860 0.610060
vt 0.137220 0.619650
vt 0.126580 0.620750
vt 0.125970 0.629120
vt 0.137710 0.632540
vt 0.193520 0.464350
vt 0.186840 0.469110
vt 0.167260 0.471560
vt 0.181430 0.475870
vt 0.169700 0.481330
vt 0.078620 0.694180
vt 0.069180 0.703720
vt 0.071770 0.707650
vt 0.066130 0.710810
vt 0.342800 0.590790
vt 0.341270 0.585830
vt 0.056210 0.573380
vt 0.043330 0.565590
vt 0.043540 0.573510
vt 0.085180 0.432890
vt 0.086350 0.420440
vt 0.095780 0.428710
vt 0.108910 0.442020
vt 0.098440 0.435490
vt 0.102970 0.425560
vt 0.174320 0.613320
vt 0.190420 0.606030
vt 0.187160 0.616870
vt 0.189320 0.627760
vt 0.188410 0.635420
vt 0.467500 0.536160
vt 0.461460 0.525690
vt 0.230070 0.499000
vt 0.223610 0.508260
vt 0.197160 0.513570
vt 0.179290 0.502620
vt 0.186230 0.498070
vt 0.206440 0.513560
vt 0.214030 0.509300
vt 0.205130 0.530910
vt 0.215550 0.533540
vt 0.214530 0.539360
vt 0.336490 0.461710
vt 0.329410 0.456120
vt 0.339510 0.445280
vt 0.331750 0.477680
vt 0.334420 0.469610
vt 0.337410 0.472100
vt 0.048830 0.693100
vt 0.036590 0.697890
vt 0.066340 0.694410
vt 0.058820 0.694930
vt 0.327460 0.555940
vt 0.333470 0.549050
vt 0.317620 0.521790
vt 0.145340 0.405280
vt 0.150830 0.403930
vt 0.144080 0.413230
vt 0.141860 0.400700
vt 0.135830 0.407380
vt 0.133960 0.398170
vt 0.017080 0.645980
vt 0.289820 0.520400
vt 0.280330 0.531320
vt 0.282180 0.539720
vt 0.295520 0.535390
vt 0.287290 0.542310
vt 0.114000 0.522940
vt 0.116370 0.534390
vt 0.345900 0.560240
vt 0.349140 0.555390
vt 0.351770 0.561340
vt 0.025290 0.411600
vt 0.067480 0.535920
vt 0.061930 0.544290
vt 0.078380 0.549490
vt 0.070350 0.539460
vt 0.072350 0.669600
vt 0.065050 0.683810
vt 0.057510 0.688880
vt 0.051140 0.697200
vt 0.272760 0.548560
vt 0.282670 0.552670
vt 0.276860 0.557370
vt 0.285800 0.550260
vt 0.276490 0.546090
vt 0.075520 0.683430
vt 0.285760 0.572890
vt 0.288980 0.576610
vt 0.290350 0.582450
vt 0.086510 0.490100
vt 0.129750 0.490130
vt 0.119890 0.494580
vt 0.120740 0.479060
vt 0.128900 0.469700
vt 0.132680 0.464410
vt 0.373910 0.464330
vt 0.380680 0.459210
vt 0.381080 0.468600
vt 0.369180 0.472010
vt 0.387860 0.533930
vt 0.397090 0.540910
vt 0.390310 0.543760
vt 0.371360 0.527460
vt 0.370770 0.517530
vt 0.378710 0.524820
vt 0.074800 0.532290
vt 0.085700 0.535440
vt 0.092590 0.537850
vt 0.101580 0.462070
vt 0.092070 0.558240
vt 0.105740 0.556050
vt 0.191290 0.618240
vt 0.195640 0.608580
vt 0.179400 0.575110
vt 0.173590 0.558030
vt 0.192260 0.563410
vt 0.197010 0.634940
vt 0.193740 0.627980
vt 0.247060 0.566930
vt 0.374960 0.567460
vt 0.390960 0.562890
vt 0.362500 0.586040
vt 0.364810 0.591470
vt 0.361770 0.593540
vt 0.365870 0.584840
vt 0.362270 0.574380
vt 0.372470 0.581220
vt 0.368250 0.599880
vt 0.369660 0.591030
vt 0.375990 0.596940
vt 0.373830 0.585820
vt 0.385580 0.589180
vt 0.385190 0.581970
vt 0.389870 0.590710
vt 0.293350 0.467540
vt 0.287740 0.454370
vt 0.293770 0.457290
vt 0.488990 0.566270
vt 0.082460 0.479080
vt 0.084490 0.472520
vt 0.087250 0.466360
vt 0.081190 0.467200
vt 0.077480 0.461140
vt 0.327610 0.474110
vt 0.137950 0.465580
vt 0.152130 0.452510
vt 0.147240 0.492310
vt 0.152160 0.493010
vt 0.152640 0.495810
vt 0.161450 0.494760
vt 0.059730 0.552720
vt 0.055890 0.546820
vt 0.229730 0.592660
vt 0.218290 0.457610
vt 0.225450 0.588220
vt 0.214750 0.458320
vt 0.215200 0.461960
vt 0.228290 0.587660
vt 0.214660 0.464260
vt 0.214210 0.467460
vt 0.229170 0.589200
vt 0.217280 0.462170
vt 0.217790 0.467250
vt 0.213790 0.473800
vt 0.221630 0.589900
vt 0.417230 0.533210
vt 0.416210 0.541230
vt 0.412170 0.539230
vt 0.424250 0.531820
vt 0.431970 0.533720
vt 0.425510 0.538250
vt 0.175780 0.632650
vt 0.180500 0.625510
vt 0.389570 0.582220
vt 0.394910 0.584740
vt 0.392420 0.588300
vt 0.404910 0.580840
vt 0.405930 0.588980
vt 0.053440 0.706030
vt 0.055810 0.700440
vt 0.429550 0.591300
vt 0.429900 0.601310
vt 0.422750 0.591270
vt 0.426790 0.584410
vt 0.418460 0.582790
vt 0.273420 0.618740
vt 0.389880 0.560010
vt 0.408170 0.539900
vt 0.421960 0.596740
vt 0.428010 0.612570
vt 0.416820 0.590290
vt 0.296840 0.581200
vt 0.216570 0.498650
vt 0.212700 0.479290
vt 0.345660 0.622340
vt 0.342130 0.608520
vt 0.475360 0.529540
vt 0.475210 0.534410
vt 0.480270 0.514220
vt 0.475940 0.519030
vt 0.128270 0.553690
vt 0.141340 0.535890
vt 0.149250 0.518370
vt 0.151380 0.545430
vt 0.121980 0.526450
vt 0.118800 0.510210
vt 0.131080 0.544060
vt 0.129040 0.549050
vt 0.123690 0.543800
vt 0.366720 0.548490
vt 0.361610 0.541540
vt 0.367960 0.538720
vt 0.367560 0.530900
vt 0.355930 0.524400
vt 0.460190 0.550160
vt 0.462520 0.558050
vt 0.448880 0.554960
vt 0.429530 0.524080
vt 0.436460 0.530170
vt 0.072810 0.530380
vt 0.076800 0.523090
vt 0.080250 0.528110
vt 0.446750 0.564250
vt 0.445930 0.557010
vt 0.434630 0.546530
vt 0.439620 0.539640
vt 0.441250 0.546740
vt 0.426670 0.551880
vt 0.431570 0.550530
vt 0.439620 0.553860
vt 0.266330 0.512940
vt 0.255670 0.514270
vt 0.278090 0.515750
vt 0.041400 0.641090
vt 0.070930 0.639220
vt 0.074340 0.631970
vt 0.076430 0.637240
vt 0.337510 0.486360
vt 0.329470 0.495730
vt 0.331330 0.488900
vt 0.065940 0.638740
vt 0.061590 0.630150
vt 0.063690 0.621490
vt 0.063190 0.646630
vt 0.058860 0.635420
vt 0.218260 0.491630
vt 0.208560 0.491400
vt 0.210570 0.485390
vt 0.226380 0.478040
vt 0.225620 0.486210
vt 0.424070 0.614880
vt 0.054320 0.409090
vt 0.050690 0.393060
vt 0.072280 0.420860
vt 0.063670 0.414760
vt 0.066630 0.412020
vt 0.246570 0.514370
vt 0.241620 0.514790
vt 0.246550 0.508400
vt 0.074900 0.415760
vt 0.079040 0.424290
vt 0.080910 0.681820
vt 0.080520 0.677210
vt 0.415810 0.519030
vt 0.421760 0.510380
vt 0.100780 0.656480
vt 0.083910 0.643110
vt 0.088710 0.648950
vt 0.081760 0.647520
vt 0.106840 0.474470
vt 0.130920 0.475460
vt 0.115660 0.472940
vt 0.119650 0.469260
vt 0.091540 0.660240
vt 0.091670 0.653620
vt 0.096350 0.653970
vt 0.075450 0.652110
vt 0.081140 0.660550
vt 0.068570 0.653860
vt 0.376360 0.544010
vt 0.370870 0.541650
vt 0.384740 0.543090
vt 0.379490 0.535010
vt 0.113900 0.577920
vt 0.119490 0.590060
vt 0.112850 0.573290
vt 0.117790 0.567120
vt 0.120160 0.575020
vt 0.076500 0.382630
vt 0.086020 0.389150
vt 0.093320 0.386800
vt 0.144560 0.562830
vt 0.154500 0.556020
vt 0.144250 0.574410
vt 0.142770 0.554010
vt 0.207270 0.582730
vt 0.193860 0.590490
vt 0.204630 0.588470
vt 0.148130 0.610970
vt 0.253910 0.528830
vt 0.244760 0.528680
vt 0.332260 0.513680
vt 0.182220 0.583190
vt 0.183230 0.602450
vt 0.463070 0.568660
vt 0.465830 0.561960
vt 0.457960 0.562610
vt 0.059050 0.713140
vt 0.064210 0.717760
vt 0.056810 0.720670
vt 0.070020 0.715690
vt 0.358700 0.567140
vt 0.357550 0.571300
vt 0.138240 0.646330
vt 0.123650 0.649130
vt 0.129980 0.661360
vt 0.133380 0.663730
vt 0.132980 0.674070
vt 0.128990 0.678390
vt 0.129250 0.688660
vt 0.066490 0.469960
vt 0.057170 0.467860
vt 0.294520 0.616570
vt 0.310700 0.606150
vt 0.275200 0.488010
vt 0.288310 0.484020
vt 0.295960 0.489420
vt 0.032240 0.653840
vt 0.029620 0.651660
vt 0.197990 0.485450
vt 0.193550 0.478190
vt 0.121610 0.399950
vt 0.124430 0.427190
vt 0.132370 0.421090
vt 0.142150 0.446680
vt 0.131970 0.716790
vt 0.271550 0.597770
vt 0.273300 0.589340
vt 0.275390 0.595190
vt 0.146240 0.603550
vt 0.149870 0.600840
vt 0.377440 0.484750
vt 0.399100 0.487390
vt 0.416340 0.486400
vt 0.033950 0.721150
vt 0.112490 0.501860
vt 0.317410 0.575060
vt 0.300500 0.560920
vt 0.310380 0.567590
vt 0.278250 0.458990
vt 0.276970 0.455070
vt 0.282160 0.452000
vt 0.282900 0.457020
vt 0.359830 0.607590
vt 0.362820 0.616780
vt 0.167250 0.641910
vt 0.167170 0.649040
vt 0.439190 0.603580
vt 0.440600 0.599120
vt 0.448870 0.597890
vt 0.435510 0.600080
vt 0.441080 0.588560
vt 0.081020 0.496150
vt 0.434090 0.586880
vt 0.429150 0.580440
vt 0.431960 0.575250
vt 0.435110 0.580200
vt 0.156520 0.489800
vt 0.468060 0.580960
vt 0.475300 0.576390
vt 0.209420 0.444010
vt 0.213840 0.447090
vt 0.212580 0.450120
vt 0.208950 0.440630
vt 0.072260 0.664300
vt 0.497530 0.557330
vt 0.491340 0.545320
vt 0.480020 0.528470
vt 0.475590 0.523330
vt 0.307690 0.441300
vt 0.312350 0.448120
vt 0.317470 0.436020
vt 0.315640 0.432360
vt 0.325350 0.429950
vt 0.373600 0.458440
vt 0.362270 0.450740
vt 0.120210 0.616070
vt 0.106970 0.626210
vt 0.328880 0.609420
vt 0.330020 0.602340
vt 0.322620 0.598590
vt 0.306040 0.486450
vt 0.306530 0.481780
vt 0.299910 0.486390
vt 0.292960 0.485500
vt 0.428200 0.443710
vt 0.040073 0.527060
vt 0.036230 0.552510
vt 0.289460 0.504120
vt 0.285150 0.495370
vt 0.285870 0.501080
vt 0.270530 0.499690
vt 0.137170 0.493590
vt 0.138820 0.490120
vt 0.102530 0.685240
vt 0.086180 0.675290
vt 0.093360 0.677800
vt 0.089820 0.682310
vt 0.022910 0.645030
vt 0.034260 0.643630
vt 0.224050 0.599650
vt 0.224690 0.601610
vt 0.222940 0.601480
vt 0.226990 0.605110
vt 0.070550 0.729540
vt 0.081140 0.742660
vt 0.074140 0.736250
vt 0.102270 0.367750
vt 0.220820 0.566710
vt 0.210620 0.582940
vt 0.218300 0.555310
vt 0.155170 0.412800
vt 0.149310 0.423330
vt 0.317050 0.630760
vt 0.128030 0.673900
vt 0.124790 0.667480
vt 0.242420 0.602760
vt 0.245670 0.601460
vt 0.244150 0.590020
vt 0.079240 0.705510
vt 0.085730 0.710010
vt 0.077750 0.702390
vt 0.073690 0.698100
vt 0.100640 0.673060
vt 0.198380 0.445340
vt 0.188440 0.458430
vt 0.015280 0.631710
vt 0.014930 0.626720
vt 0.025130 0.624970
vt 0.020630 0.621230
vt 0.024630 0.618440
vt 0.028640 0.623000
vt 0.033760 0.617430
vt 0.011700 0.618650
vt 0.014460 0.613530
vt 0.091140 0.647780
vt 0.088170 0.643640
vt 0.085490 0.638650
vt 0.092950 0.711430
vt 0.086710 0.700260
vt 0.086030 0.707910
vt 0.318830 0.511240
vt 0.322600 0.519270
vt 0.324360 0.511090
vt 0.330460 0.500130
vt 0.180710 0.531510
vt 0.187720 0.526750
vt 0.114840 0.567840
vt 0.112760 0.558590
vt 0.372970 0.503150
vt 0.367710 0.512790
vt 0.245360 0.456980
vt 0.238520 0.451200
vt 0.250610 0.446740
vt 0.421370 0.571910
vt 0.426860 0.572700
vt 0.420300 0.578390
vt 0.451070 0.503860
vt 0.447650 0.501930
vt 0.452750 0.496870
vt 0.435230 0.490110
vt 0.261450 0.562960
vt 0.273000 0.554050
vt 0.263530 0.557230
vt 0.234300 0.493090
vt 0.248770 0.497420
vt 0.070930 0.738720
vt 0.076150 0.749620
vt 0.126780 0.498810
vt 0.142840 0.653440
vt 0.373660 0.438980
vt 0.376680 0.443010
vt 0.378220 0.430800
vt 0.369750 0.431470
vt 0.364400 0.606430
vt 0.288220 0.567580
vt 0.293260 0.571580
vt 0.094830 0.716050
vt 0.105590 0.718130
vt 0.097510 0.724770
vt 0.106910 0.727270
vt 0.348420 0.580020
vt 0.343630 0.583350
vt 0.343390 0.570590
vt 0.344270 0.578320
vt 0.341030 0.580950
vt 0.334380 0.586180
vt 0.300990 0.552300
vt 0.295470 0.550840
vt 0.291690 0.556270
vt 0.317970 0.550360
vt 0.320550 0.547330
vt 0.329210 0.546440
vt 0.323500 0.529610
vt 0.244420 0.505980
vt 0.241440 0.502720
vt 0.238230 0.498060
vt 0.075370 0.642170
vt 0.081130 0.642470
vt 0.350360 0.440340
vt 0.344570 0.443520
vt 0.200310 0.602200
vt 0.194110 0.598580
vt 0.198300 0.598820
vt 0.085990 0.448827
vt 0.226390 0.575850
vt 0.227500 0.565310
vt 0.079640 0.455280
vt 0.085140 0.458690
vt 0.090210 0.461620
vt 0.072700 0.461840
vt 0.073110 0.468140
vt 0.096600 0.421330
vt 0.125870 0.699820
vt 0.120020 0.703110
vt 0.124620 0.704200
vt 0.149580 0.673010
vt 0.147350 0.667120
vt 0.152850 0.668480
vt 0.269260 0.560280
vt 0.392330 0.449840
vt 0.095900 0.462840
vt 0.096300 0.459930
vt 0.095340 0.457290
vt 0.101700 0.459350
vt 0.066830 0.551210
vt 0.077520 0.552700
vt 0.081410 0.562580
vt 0.065550 0.557900
vt 0.340860 0.578280
vt 0.334640 0.583000
vt 0.326360 0.590310
vt 0.402660 0.547530
vt 0.401960 0.539580
vt 0.134270 0.457110
vt 0.158680 0.455990
vt 0.166310 0.447120
vt 0.168340 0.454300
vt 0.171100 0.458070
vt 0.447300 0.463750
vt 0.480240 0.503890
vt 0.083960 0.655700
vt 0.086670 0.653420
vt 0.086280 0.661370
vt 0.179020 0.620310
vt 0.068120 0.720060
vt 0.059880 0.723750
vt 0.413480 0.563770
vt 0.415070 0.570200
vt 0.287490 0.467460
vt 0.440350 0.581040
vt 0.302710 0.620010
vt 0.310110 0.615420
vt 0.338230 0.608390
vt 0.340400 0.613820
vt 0.332820 0.613750
vt 0.152590 0.409620
vt 0.055520 0.559620
vt 0.277660 0.591670
vt 0.082640 0.567680
vt 0.082280 0.578770
vt 0.086840 0.570660
vt 0.091130 0.576170
vt 0.095740 0.579360
vt 0.096610 0.583060
vt 0.300040 0.605470
vt 0.296420 0.593260
vt 0.121570 0.584020
vt 0.119760 0.578510
vt 0.185390 0.594930
vt 0.171350 0.595730
vt 0.166900 0.604330
vt 0.175750 0.601690
vt 0.358680 0.562970
vt 0.336450 0.540810
vt 0.326080 0.537490
vt 0.334770 0.530070
vt 0.393410 0.434900
vt 0.404450 0.440300
vt 0.434640 0.515290
vt 0.425690 0.519850
vt 0.354870 0.592450
vt 0.351700 0.599610
vt 0.344040 0.599480
vt 0.361340 0.598360
vt 0.282280 0.596090
vt 0.026210 0.608860
vt 0.257960 0.451630
vt 0.046780 0.606520
vt 0.042810 0.618330
vt 0.037080 0.611430
vt 0.121500 0.452550
vt 0.037970 0.604320
vt 0.185620 0.548360
vt 0.117670 0.459540
vt 0.117770 0.463650
vt 0.124220 0.458630
vt 0.130520 0.456210
vt 0.062110 0.383150
vt 0.045510 0.385520
vt 0.049170 0.373240
vt 0.051370 0.383540
vt 0.044960 0.397120
vt 0.050020 0.387560
vt 0.301950 0.512510
vt 0.314010 0.509870
vt 0.299930 0.519450
vt 0.297910 0.510970
vt 0.443320 0.542050
vt 0.450340 0.545810
vt 0.454950 0.530650
vt 0.446630 0.538010
vt 0.126050 0.393460
vt 0.430680 0.544070
vt 0.421030 0.544690
vt 0.467960 0.550750
vt 0.138630 0.485640
vt 0.141890 0.481640
vt 0.136000 0.488230
vt 0.102220 0.581000
vt 0.099150 0.575420
vt 0.106010 0.577270
vt 0.109600 0.576780
vt 0.133450 0.491250
vt 0.491570 0.528280
vt 0.487750 0.528660
vt 0.052420 0.472310
vt 0.053110 0.468830
vt 0.051810 0.462820
vt 0.262370 0.583640
vt 0.255770 0.586330
vt 0.258780 0.584190
vt 0.054500 0.629420
vt 0.045310 0.627800
vt 0.119690 0.562630
vt 0.506160 0.544770
vt 0.081190 0.697210
vt 0.339900 0.472500
vt 0.070960 0.695560
vt 0.442030 0.573160
vt 0.340580 0.436500
vt 0.346720 0.437450
vt 0.301350 0.614620
vt 0.295200 0.602200
vt 0.337300 0.440280
vt 0.328560 0.432230
vt 0.332690 0.431440
vt 0.330750 0.442460
vt 0.307570 0.591950
vt 0.312180 0.583490
vt 0.313140 0.440520
vt 0.317410 0.448440
vt 0.050260 0.719370
vt 0.058900 0.682770
vt 0.049210 0.680130
vt 0.051140 0.677410
vt 0.044950 0.690690
vt 0.047760 0.675250
vt 0.299560 0.436160
vt 0.299770 0.442930
vt 0.292820 0.444100
vt 0.305240 0.438610
vt 0.058360 0.686050
vt 0.092190 0.465980
vt 0.089700 0.468980
vt 0.415370 0.599110
vt 0.407280 0.606510
vt 0.410020 0.598950
vt 0.413760 0.594210
vt 0.418970 0.593920
vt 0.321350 0.539760
vt 0.234630 0.587890
vt 0.317780 0.570140
vt 0.312220 0.574570
vt 0.172910 0.540030
vt 0.161100 0.549390
vt 0.409190 0.483320
vt 0.408350 0.474270
vt 0.395830 0.468910
vt 0.095940 0.671080
vt 0.090270 0.665420
vt 0.154400 0.448220
vt 0.159910 0.446690
vt 0.161010 0.440180
vt 0.156380 0.436220
vt 0.158720 0.431990
vt 0.171400 0.439880
vt 0.166880 0.434440
vt 0.473760 0.500020
vt 0.446280 0.470090
vt 0.465140 0.497420
vt 0.452690 0.484320
vt 0.459260 0.490150
vt 0.439550 0.492530
vt 0.447970 0.497230
vt 0.454530 0.507910
vt 0.453620 0.513630
vt 0.453950 0.489040
vt 0.457650 0.491980
vt 0.178580 0.651800
vt 0.241900 0.560390
vt 0.233490 0.553460
vt 0.126360 0.536760
vt 0.250550 0.556390
vt 0.132140 0.521310
vt 0.126840 0.508820
vt 0.133220 0.528300
vt 0.133660 0.547420
vt 0.132880 0.538450
vt 0.136720 0.537850
vt 0.267070 0.584220
vt 0.270000 0.587040
vt 0.262900 0.585390
vt 0.386640 0.524350
vt 0.375780 0.516660
vt 0.379530 0.513700
vt 0.384890 0.502500
vt 0.088660 0.383650
vt 0.388570 0.598930
vt 0.380460 0.599000
vt 0.376830 0.587560
vt 0.383820 0.592760
vt 0.149850 0.661010
vt 0.385120 0.576750
vt 0.376280 0.577490
vt 0.378560 0.582910
vt 0.427550 0.416640
vt 0.358920 0.484810
vt 0.357950 0.481300
vt 0.401470 0.588600
vt 0.397160 0.588620
vt 0.398900 0.584720
vt 0.397670 0.591460
vt 0.452640 0.520880
vt 0.450990 0.528200
vt 0.446990 0.531210
vt 0.448220 0.523970
vt 0.454110 0.522870
vt 0.460130 0.529810
vt 0.089310 0.454650
vt 0.398660 0.479700
vt 0.407050 0.488610
vt 0.405970 0.498320
vt 0.088720 0.685100
vt 0.009680 0.668650
vt 0.008300 0.678230
vt 0.004820 0.671400
vt 0.013840 0.657010
vt 0.005840 0.666800
vt 0.298890 0.474600
vt 0.305760 0.473220
vt 0.306030 0.476790
vt 0.317620 0.475710
vt 0.309880 0.476810
vt 0.352710 0.436280
vt 0.286990 0.445300
vt 0.235320 0.455980
vt 0.232260 0.461140
vt 0.093090 0.642060
vt 0.375760 0.552820
vt 0.370810 0.550730
vt 0.084770 0.484340
vt 0.093110 0.476760
vt 0.460190 0.511880
vt 0.466180 0.516100
vt 0.454940 0.520180
vt 0.456760 0.514530
vt 0.222600 0.538040
vt 0.213950 0.520200
vt 0.330980 0.483040
vt 0.326810 0.480850
vt 0.322640 0.477140
vt 0.033387 0.575247
vt 0.035980 0.564660
vt 0.396300 0.548670
vt 0.395570 0.545750
vt 0.374980 0.509640
vt 0.247160 0.595090
vt 0.251700 0.591570
vt 0.364670 0.484670
vt 0.399470 0.614730
vt 0.205790 0.486320
vt 0.326460 0.533250
vt 0.318150 0.530210
vt 0.354370 0.490700
vt 0.053020 0.674290
vt 0.046600 0.670540
vt 0.048010 0.665980
vt 0.148560 0.508000
vt 0.152430 0.506170
vt 0.142890 0.528930
vt 0.103200 0.505080
vt 0.094100 0.501820
vt 0.100330 0.495260
vt 0.092710 0.509090
vt 0.038940 0.599610
vt 0.416930 0.556410
vt 0.404350 0.560010
vt 0.403670 0.553510
vt 0.414580 0.576560
vt 0.056890 0.457440
vt 0.099100 0.443300
vt 0.094470 0.448430
vt 0.301780 0.482740
vt 0.369690 0.446680
vt 0.371830 0.451290
vt 0.348380 0.448010
vt 0.355840 0.454220
vt 0.264950 0.452980
vt 0.270360 0.444300
vt 0.423140 0.438460
vt 0.419090 0.444030
vt 0.290260 0.529610
vt 0.162500 0.460050
vt 0.184420 0.461530
vt 0.179780 0.466980
vt 0.271590 0.539920
vt 0.276580 0.541400
vt 0.260340 0.538890
vt 0.265130 0.541310
vt 0.441640 0.460150
vt 0.270330 0.546430
vt 0.295990 0.500640
vt 0.288170 0.489700
vt 0.143880 0.585950
vt 0.132270 0.590890
vt 0.131940 0.572030
vt 0.138030 0.581340
vt 0.076390 0.668150
vt 0.048770 0.706410
vt 0.127080 0.578540
vt 0.120530 0.391610
vt 0.112070 0.390740
vt 0.321600 0.501740
vt 0.201560 0.495120
vt 0.195830 0.498760
vt 0.207330 0.504700
vt 0.208830 0.449390
vt 0.224230 0.591390
vt 0.214940 0.453800
vt 0.224050 0.592730
vt 0.214460 0.451460
vt 0.222000 0.591680
vt 0.269360 0.495000
vt 0.154500 0.421070
vt 0.158740 0.416820
vt 0.154270 0.431290
vt 0.156710 0.427560
vt 0.159190 0.420310
vt 0.091040 0.705520
vt 0.167400 0.631730
vt 0.396400 0.524900
vt 0.047500 0.650840
vt 0.421570 0.527940
vt 0.373630 0.534110
vt 0.377100 0.538840
vt 0.112370 0.650120
vt 0.354290 0.518230
vt 0.093750 0.650260
vt 0.102460 0.651860
vt 0.312070 0.497240
vt 0.303070 0.489030
vt 0.469260 0.545320
vt 0.474740 0.542780
vt 0.276820 0.535850
vt 0.499700 0.525120
vt 0.434750 0.441530
vt 0.430260 0.439500
vt 0.155140 0.568810
vt 0.265380 0.465640
vt 0.220990 0.592920
vt 0.219770 0.595710
vt 0.129780 0.654170
vt 0.138880 0.651740
vt 0.198480 0.530230
vt 0.148440 0.498720
vt 0.157340 0.501470
vt 0.151080 0.502850
vt 0.150420 0.498210
vt 0.133000 0.700810
vt 0.140490 0.696810
vt 0.139490 0.701140
vt 0.126600 0.706550
vt 0.134340 0.703660
vt 0.406960 0.449100
vt 0.416290 0.451650
vt 0.366810 0.572810
vt 0.364710 0.568430
vt 0.014780 0.621920
vt 0.315520 0.503170
vt 0.050660 0.640820
vt 0.441180 0.480910
vt 0.447060 0.487770
vt 0.440690 0.487970
vt 0.293280 0.452080
vt 0.298210 0.451430
vt 0.326930 0.542740
vt 0.296560 0.481410
vt 0.001950 0.666030
vt 0.023860 0.650800
vt 0.016450 0.651300
vt 0.127870 0.693690
vt 0.364480 0.432580
vt 0.301740 0.469190
vt 0.449600 0.571420
vt 0.254880 0.572340
vt 0.111820 0.729420
vt 0.107460 0.732530
vt 0.160340 0.464440
vt 0.155510 0.459460
vt 0.309060 0.431670
vt 0.125240 0.465010
vt 0.157980 0.575510
vt 0.286170 0.600210
vt 0.204760 0.438260
vt 0.204050 0.442890
vt 0.231460 0.589960
vt 0.161300 0.601610
vt 0.167030 0.599510
vt 0.330440 0.593840
vt 0.087390 0.712750
vt 0.373680 0.480830
vt 0.305230 0.466830
vt 0.092970 0.701460
vt 0.248230 0.588120
vt 0.352970 0.528150
vt 0.116050 0.692840
vt 0.471900 0.514820
vt 0.343360 0.529500
vt 0.386420 0.508710
vt 0.347320 0.521080
vt 0.301650 0.464020
vt 0.072320 0.407480
vt 0.098050 0.586300
vt 0.083090 0.599530
vt 0.077620 0.601120
vt 0.054010 0.382390
vt 0.053520 0.389730
vt 0.111250 0.573090
vt 0.253040 0.601180
vt 0.249210 0.602680
vt 0.250760 0.598460
vt 0.358130 0.622400
vt 0.280760 0.445770
vt 0.282730 0.437940
vt 0.318580 0.617690
vt 0.304860 0.604150
vt 0.085190 0.380970
vt 0.261750 0.455290
vt 0.481780 0.508330
vt 0.247830 0.516550
vt 0.259900 0.496220
vt 0.080760 0.524140
vt 0.087000 0.557750
vt 0.163890 0.566430
vt 0.168360 0.575170
vt 0.162690 0.557660
vt 0.291180 0.561330
vt 0.297440 0.565020
vt 0.101940 0.587230
vt 0.097090 0.377280
vt 0.094130 0.381530
vt 0.188480 0.622580
vt 0.490800 0.551270
vt 0.086050 0.618580
vt 0.482160 0.568910
vt 0.401170 0.597140
vt 0.292870 0.547530
vt 0.384150 0.560360
vt 0.398060 0.580450
vt 0.162090 0.422570
vt 0.163960 0.428550
vt 0.096900 0.454790
vt 0.195830 0.457520
vt 0.191890 0.457590
vt 0.098230 0.440140
vt 0.057690 0.730650
vt 0.106440 0.542140
vt 0.064370 0.467660
vt 0.266310 0.617110
vt 0.431100 0.610220
vt 0.125090 0.589130
vt 0.129170 0.595850
vt 0.069240 0.384030
vt 0.067350 0.382020
vt 0.066300 0.386530
vt 0.116910 0.622610
vt 0.211630 0.469530
vt 0.029150 0.640690
vt 0.401120 0.609530
vt 0.157350 0.409250
vt 0.155490 0.404050
vt 0.047820 0.394600
vt 0.042630 0.388840
vt 0.168430 0.465470
vt 0.254120 0.481540
vt 0.367710 0.588690
vt 0.255940 0.541130
vt 0.107830 0.689660
vt 0.433490 0.487170
vt 0.212970 0.529860
vt 0.199480 0.452210
vt 0.323460 0.630410
vt 0.077070 0.640210
vt 0.024570 0.580430
vt 0.202910 0.521520
vt 0.205310 0.537700
vt 0.141590 0.605900
vt 0.140880 0.618380
vt 0.141960 0.628670
vt 0.144300 0.617900
vt 0.209350 0.436780
vt 0.415380 0.498090
vt 0.332510 0.465300
vt 0.453700 0.566740
vt 0.453870 0.574580
vt 0.130780 0.492500
vt 0.251240 0.513180
vt 0.147760 0.400970
vt 0.135770 0.393510
vt 0.153960 0.390040
vt 0.445610 0.506710
vt 0.191840 0.431590
vt 0.183550 0.436440
vt 0.072410 0.562420
vt 0.087040 0.564660
vt 0.021270 0.699210
vt 0.015180 0.697010
vt 0.014180 0.687100
vt 0.295330 0.507770
vt 0.012350 0.676750
vt 0.206540 0.589280
vt 0.340310 0.475810
vt 0.346470 0.473330
vt 0.212960 0.605720
vt 0.176930 0.598760
vt 0.115460 0.369660
vt 0.121960 0.376980
vt 0.112250 0.382340
vt 0.293550 0.597010
vt 0.108640 0.495430
vt 0.114200 0.488290
vt 0.140540 0.526900
vt 0.138640 0.532380
vt 0.141590 0.488900
vt 0.144690 0.489880
vt 0.139060 0.545610
vt 0.471130 0.519990
vt 0.495940 0.521620
vt 0.437210 0.445420
vt 0.245230 0.556740
vt 0.136020 0.554010
vt 0.355580 0.576100
vt 0.359740 0.579540
vt 0.106180 0.546610
vt 0.100250 0.554050
vt 0.403090 0.584190
vt 0.077610 0.426810
vt 0.435700 0.594780
vt 0.109640 0.471290
vt 0.214460 0.546600
vt 0.086380 0.376220
vt 0.091900 0.380640
vt 0.091190 0.372140
vt 0.095130 0.374750
vt 0.420900 0.538250
vt 0.080600 0.638620
vt 0.084440 0.650150
vt 0.452640 0.593920
vt 0.026370 0.646020
vt 0.031520 0.647160
vt 0.072100 0.599930
vt 0.077580 0.592820
vt 0.079670 0.596920
vt 0.109110 0.552260
vt 0.109610 0.500970
vt 0.066310 0.646970
vt 0.035430 0.578610
vt 0.043310 0.663310
vt 0.058860 0.679510
vt 0.058130 0.671030
vt 0.400670 0.544000
vt 0.090060 0.607690
vt 0.095460 0.600420
vt 0.177260 0.441700
vt 0.442930 0.536710
vt 0.235400 0.462770
vt 0.229790 0.469940
vt 0.258050 0.586110
vt 0.222190 0.599040
vt 0.049250 0.683810
vt 0.480060 0.534240
vt 0.392960 0.426410
vt 0.223540 0.560440
vt 0.011280 0.683800
vt 0.049150 0.473330
vt 0.141830 0.689590
vt 0.146250 0.681450
vt 0.016780 0.584300
vt 0.192230 0.641510
vt 0.136320 0.672590
vt 0.354770 0.565400
vt 0.479180 0.550850
vt 0.186210 0.454220
vt 0.288340 0.439100
vt 0.116900 0.391000
vt 0.231240 0.445170
vt 0.231560 0.455810
vt 0.264540 0.472840
vt 0.127560 0.374790
vt 0.485240 0.545380
vt 0.478350 0.538280
vt 0.152990 0.400200
vt 0.040480 0.396120
vt 0.091030 0.453900
vt 0.042310 0.622840
vt 0.106510 0.386110
vt 0.108940 0.377610
vt 0.273020 0.512830
vt 0.167260 0.402230
vt 0.178800 0.425240
vt 0.202110 0.437330
vt 0.155340 0.650770
vt 0.097830 0.453840
vt 0.100330 0.453040
vt 0.161360 0.403750
vt 0.167040 0.396500
vt 0.317550 0.426000
vt 0.222240 0.594010
vt 0.221540 0.596150
vt 0.367410 0.425900
vt 0.375460 0.421820
vt 0.087780 0.437190
vt 0.090450 0.435020
vt 0.331950 0.579520
vt 0.277810 0.471650
vt 0.436570 0.581310
vt 0.026520 0.564940
vt 0.029510 0.558580
vt 0.083700 0.384440
vt 0.363660 0.621610
vt 0.336500 0.432200
vt 0.097180 0.370180
vt 0.099530 0.364540
vt 0.096850 0.362690
vt 0.100370 0.452860
vt 0.196120 0.434690
vt 0.016850 0.703310
vt 0.115820 0.563490
vt 0.140100 0.670450
vt 0.046670 0.638650
vt 0.420170 0.616800
vt 0.085910 0.366690
vt 0.080860 0.380910
vt 0.234700 0.500680
vt 0.057170 0.736150
s 1
f 1/1/1 2/2/2 3/3/3
f 4/4/4 5/5/5 6/6/6
f 5/5/5 7/7/7 6/6/6
f 8/8/8 9/9/9 10/10/10
f 11/11/11 12/12/12 13/13/13
f 14/14/14 15/15/15 16/16/16
f 17/17/17 18/18/18 19/19/19
f 20/20/20 21/21/21 22/22/22
f 23/23/23 24/24/24 25/25/25
f 26/26/26 27/27/27 28/28/28
f 29/29/29 30/30/30 31/31/31
f 27/27/27 32/32/32 33/33/33
f 34/34/34 35/35/35 36/36/36
f 37/37/37 38/38/38 39/39/39
f 40/40/40 41/41/41 42/42/42
f 43/43/43 44/44/44 40/40/40
f 24/24/24 42/42/42 41/41/41
f 45/45/45 46/46/46 47/47/47
f 48/48/48 49/49/49 50/50/50
f 51/51/51 52/52/52 53/53/53
f 54/54/54 55/55/55 56/56/56
f 57/57/57 58/58/58 59/59/59
f 25/25/25 24/24/24 41/41/41
f 60/60/60 30/30/30 29/29/29
f 61/61/61 62/62/62 63/63/63
f 64/64/64 65/65/65 66/66/66
f 67/67/67 68/68/67 69/69/67
f 70/70/68 71/71/69 72/72/70
f 73/73/71 74/74/72 75/75/73
f 76/76/74 77/77/75 78/78/76
f 79/79/77 80/80/78 81/81/79
f 82/82/80 83/83/81 84/84/82
f 85/85/83 86/86/84 87/87/85
f 88/88/86 89/89/87 90/90/88
f 91/91/89 92/92/90 93/93/91
f 94/94/92 95/95/93 96/96/94
f 97/97/95 98/98/96 99/99/97
f 100/100/98 101/101/99 102/102/100
f 103/103/101 104/104/102 105/105/103
f 106/106/104 107/107/105 108/108/106
f 109/109/107 110/110/108 111/111/109
f 112/112/110 113/113/111 114/114/112
f 115/115/113 116/116/114 117/117/115
f 118/118/116 119/119/117 120/120/118
f 121/121/119 122/122/120 123/123/121
f 124/124/122 125/125/123 126/126/124
f 127/127/125 128/128/126 129/129/127
f 130/130/128 60/60/60 29/29/29
f 131/131/129 132/132/130 133/133/131
f 134/134/132 135/135/133 136/136/134
f 137/137/135 138/138/136 139/139/137
f 140/140/138 141/141/139 142/142/140
f 143/143/141 144/144/142 145/145/143
f 146/146/144 147/147/145 148/148/146
f 149/149/147 150/150/148 151/151/149
f 152/152/150 153/153/151 154/154/152
f 155/155/153 156/156/154 157/157/155
f 158/158/156 159/159/157 160/160/158
f 161/161/159 162/162/160 163/163/161
f 164/164/162 165/165/163 166/166/164
f 167/167/165 168/168/166 169/169/167
f 170/170/168 171/171/169 172/172/170
f 173/173/171 174/174/172 175/175/173
f 176/176/174 177/177/175 167/167/165
f 178/178/176 137/137/135 179/179/177
f 180/180/178 181/181/179 182/182/180
f 183/183/181 184/184/182 185/185/183
f 186/186/184 187/187/185 188/188/186
f 189/189/187 190/190/188 191/191/189
f 192/192/190 193/193/191 194/194/192
f 195/195/193 196/196/194 197/197/195
f 198/198/196 199/199/197 200/200/198
f 201/201/199 202/202/200 203/203/201
f 204/204/202 205/205/203 206/206/204
f 207/207/205 208/208/206 209/209/207
f 210/210/208 211/211/209 212/212/210
f 212/212/210 213/213/211 214/214/212
f 215/215/213 216/216/214 217/217/215
f 218/218/216 219/219/217 220/220/218
f 221/221/219 222/222/220 223/223/221
f 224/224/222 225/225/223 226/226/224
f 98/98/96 227/227/225 99/99/97
f 228/228/226 229/229/227 230/230/228
f 231/231/229 232/232/230 233/233/231
f 234/234/232 235/235/233 236/236/234
f 140/140/138 237/237/235 141/141/139
f 238/238/236 239/239/237 240/240/238
f 241/241/239 221/221/219 223/223/221
f 242/242/240 243/243/241 244/244/242
f 245/245/243 246/246/244 247/247/245
f 248/248/246 249/249/247 250/250/248
f 133/133/131 251/251/249 131/131/129
f 252/252/250 253/253/251 254/254/252
f 255/255/253 256/256/254 257/257/255
f 258/258/256 259/259/257 212/212/210
f 260/260/258 201/201/199 203/203/201
f 261/261/259 262/262/260 263/263/261
f 264/264/262 265/265/263 87/87/85
f 266/266/264 165/165/163 267/267/265
f 268/268/266 269/269/267 270/270/268
f 271/271/269 272/272/270 273/273/271
f 274/274/272 275/275/273 276/276/274
f 277/277/275 278/278/276 279/279/277
f 36/36/36 280/280/278 281/281/279
f 282/282/280 283/283/281 284/284/282
f 285/285/283 286/286/284 287/287/285
f 288/288/286 289/289/287 290/290/288
f 291/291/289 292/292/290 293/293/291
f 184/184/182 294/294/292 185/185/183
f 295/295/293 296/296/294 297/297/295
f 298/298/296 299/299/297 300/300/298
f 301/301/299 302/302/300 303/303/301
f 304/304/302 305/305/303 306/306/304
f 307/307/305 308/308/306 309/309/307
f 310/310/308 311/311/309 312/312/310
f 313/313/311 314/314/312 315/315/313
f 316/316/314 317/317/315 318/318/316
f 319/319/317 228/228/226 230/230/228
f 320/320/318 321/321/319 322/322/320
f 313/313/311 323/323/321 324/324/322
f 325/325/323 326/326/324 327/327/325
f 328/328/326 329/329/327 330/330/328
f 262/262/260 331/331/329 332/332/330
f 52/52/52 333/333/331 334/334/332
f 256/256/254 335/335/333 336/336/334
f 337/337/335 338/338/336 339/339/337
f 340/340/338 341/341/339 342/342/340
f 343/343/341 11/11/11 344/344/342
f 345/345/343 346/346/344 347/347/345
f 348/348/346 349/349/347 350/350/348
f 351/351/349 352/352/350 353/353/351
f 354/354/352 355/355/353 356/356/354
f 357/357/355 358/358/356 359/359/357
f 360/360/358 361/361/359 362/362/360
f 363/363/361 364/364/362 365/365/363
f 366/366/364 367/367/365 368/368/366
f 369/369/367 370/370/368 371/371/369
f 372/372/370 373/373/371 374/374/372
f 375/375/373 376/376/374 377/377/375
f 204/204/202 206/206/204 378/378/376
f 379/379/377 380/380/378 381/381/379
f 382/382/380 383/383/381 384/384/382
f 139/139/137 385/385/383 386/386/384
f 387/387/385 127/127/125 129/129/127
f 388/388/386 389/389/387 390/390/388
f 391/391/389 392/392/390 393/393/391
f 394/394/392 302/302/300 301/301/299
f 379/379/377 395/395/393 396/396/394
f 392/392/390 397/397/395 398/398/396
f 399/399/397 400/400/398 123/123/121
f 401/401/399 402/402/400 403/403/401
f 404/404/402 405/405/403 406/406/404
f 407/407/405 408/408/406 409/409/407
f 410/410/408 411/411/409 412/412/410
f 413/413/411 414/414/412 415/415/413
f 416/416/414 272/272/270 417/417/415
f 418/418/416 419/419/417 420/420/418
f 421/421/419 422/422/420 423/423/421
f 424/424/422 422/422/420 425/425/423
f 36/36/36 281/281/279 34/34/34
f 426/426/424 427/427/425 428/428/426
f 429/429/427 122/122/120 121/121/119
f 430/430/428 431/431/429 432/432/430
f 433/433/431 434/434/432 435/435/433
f 436/436/434 437/437/435 438/438/436
f 439/439/437 440/440/438 441/441/439
f 109/109/107 442/442/440 443/443/441
f 439/439/437 444/444/442 440/440/438
f 445/445/443 446/446/444 447/447/445
f 448/448/446 17/17/17 449/449/447
f 450/450/448 451/451/449 452/452/450
f 453/453/451 454/454/452 455/455/453
f 167/167/165 456/456/454 168/168/166
f 457/457/455 458/458/456 459/459/457
f 460/460/458 461/461/459 462/462/460
f 463/463/461 464/464/462 465/465/463
f 466/466/464 467/467/465 468/468/466
f 349/349/347 469/469/467 470/470/468
f 471/471/469 472/472/470 473/473/471
f 468/468/466 467/467/465 474/474/472
f 475/475/473 476/476/474 217/217/215
f 477/477/475 2/2/2 478/478/476
f 479/479/477 480/480/478 481/481/479
f 251/251/249 133/133/131 482/482/480
f 483/483/481 484/484/482 485/485/483
f 486/486/484 487/487/485 488/488/486
f 489/489/487 358/358/356 357/357/355
f 490/490/488 491/491/489 492/492/490
f 322/322/320 321/321/319 493/493/491
f 476/476/474 215/215/213 217/217/215
f 154/154/152 153/153/151 494/494/492
f 495/495/493 298/298/296 496/496/494
f 497/497/495 498/498/496 499/499/497
f 500/500/498 310/310/308 499/499/497
f 501/501/499 502/502/500 235/235/233
f 503/503/501 504/504/502 505/505/503
f 506/506/504 494/494/492 507/507/505
f 5/5/5 508/508/506 509/509/507
f 510/510/508 511/511/509 512/512/510
f 513/513/511 514/514/512 515/515/513
f 516/516/514 517/517/515 518/518/516
f 519/519/517 520/520/518 521/521/519
f 522/522/520 523/523/521 419/419/417
f 524/524/522 525/525/523 526/526/524
f 527/527/525 528/528/526 529/529/527
f 399/399/397 530/530/528 531/531/529
f 532/532/530 533/533/531 534/534/532
f 423/423/421 535/535/533 536/536/534
f 372/372/370 374/374/372 537/537/535
f 538/538/536 229/229/227 228/228/226
f 539/539/537 540/540/538 541/541/539
f 542/542/540 543/543/541 544/544/542
f 545/545/543 546/546/544 547/547/545
f 548/548/546 547/547/545 546/546/544
f 549/549/547 124/124/122 550/550/548
f 551/551/549 552/552/550 351/351/349
f 553/553/551 554/554/552 555/555/553
f 244/244/242 243/243/241 556/556/554
f 557/557/555 558/558/556 559/559/557
f 560/560/558 561/561/559 562/562/560
f 348/348/346 350/350/348 563/563/561
f 564/564/562 565/565/563 409/409/407
f 566/566/564 308/308/306 307/307/305
f 567/567/565 568/568/566 569/569/567
f 570/570/568 571/571/569 572/572/570
f 568/568/566 100/100/98 569/569/567
f 573/573/571 574/574/572 575/575/573
f 576/576/574 513/513/511 577/577/575
f 578/578/576 579/579/577 580/580/578
f 579/579/577 581/581/579 582/582/580
f 583/583/581 584/584/582 585/585/583
f 586/586/584 491/491/489 299/299/297
f 54/54/54 56/56/56 587/587/585
f 473/473/471 588/588/586 589/589/587
f 590/590/588 440/440/438 591/591/589
f 592/592/590 590/590/588 593/593/591
f 594/594/592 595/595/593 207/207/205
f 596/596/594 542/542/540 597/597/595
f 598/598/596 13/13/13 599/599/597
f 598/598/596 600/600/598 601/601/599
f 239/239/237 602/602/600 240/240/238
f 413/413/411 603/603/601 604/604/602
f 605/605/603 606/606/604 607/607/605
f 608/608/606 609/609/607 610/610/608
f 611/611/609 612/612/610 613/613/611
f 614/614/612 615/615/613 616/616/614
f 617/617/615 618/618/616 619/619/617
f 620/620/618 616/616/614 615/615/613
f 621/621/619 192/192/190 622/622/620
f 623/623/621 624/624/622 625/625/623
f 626/626/624 444/444/442 439/439/437
f 627/627/625 628/628/626 629/629/627
f 630/630/628 631/631/629 632/632/630
f 633/633/631 634/634/632 635/635/633
f 636/636/634 637/637/635 638/638/636
f 639/639/637 640/640/638 641/641/639
f 642/642/640 643/643/641 644/644/642
f 645/645/643 646/646/644 647/648/645
f 286/286/284 285/285/283 648/649/646
f 649/650/647 650/651/648 651/652/649
f 119/119/117 652/653/650 120/120/118
f 432/432/430 653/654/651 654/655/652
f 655/656/653 656/657/654 657/658/655
f 360/360/358 658/659/656 361/361/359
f 655/656/653 226/226/224 225/225/223
f 659/660/657 330/330/328 329/329/327
f 182/182/180 181/181/179 660/661/658
f 661/662/659 662/663/660 663/664/661
f 664/665/662 665/666/663 666/667/664
f 667/668/665 668/669/666 669/670/667
f 346/346/344 670/671/668 347/347/345
f 554/554/552 671/672/669 555/555/553
f 672/673/670 673/674/671 674/675/672
f 675/676/673 676/677/674 677/678/675
f 567/567/565 678/679/676 679/680/677
f 248/248/246 680/681/678 249/249/247
f 681/682/679 682/683/680 683/684/681
f 684/685/682 685/686/683 540/540/538
f 686/687/684 687/688/685 688/689/686
f 125/125/123 689/690/687 558/558/556
f 690/691/688 666/667/664 665/666/663
f 256/256/254 336/336/334 257/257/255
f 691/692/689 692/694/690 693/695/691
f 694/697/692 695/698/693 696/699/694
f 694/697/692 697/700/695 267/267/265
f 698/701/696 699/702/697 700/703/698
f 701/704/699 699/702/697 702/705/700
f 703/706/701 179/179/177 704/707/702
f 705/708/703 706/709/704 707/710/705
f 392/392/390 398/398/396 708/711/706
f 709/712/707 710/713/708 711/714/709
f 331/331/329 262/262/260 261/261/259
f 712/715/710 486/486/484 713/716/711
f 563/563/561 714/717/712 715/718/713
f 108/108/106 107/107/105 716/719/714
f 717/720/715 718/721/716 719/722/717
f 720/723/718 721/724/719 722/725/720
f 723/726/721 724/727/722 725/728/723
f 726/729/724 727/730/725 191/191/189
f 728/731/726 317/317/315 316/316/314
f 282/282/280 284/284/282 729/732/727
f 730/733/728 731/734/729 142/142/140
f 732/735/730 733/736/731 734/737/732
f 338/338/336 735/738/733 736/739/734
f 737/740/735 738/741/736 739/742/737
f 740/743/738 741/744/739 742/745/740
f 743/746/741 744/747/742 745/748/743
f 746/749/744 545/545/543 747/750/745
f 748/751/746 749/752/747 393/393/391
f 750/753/748 751/754/749 186/186/184
f 451/451/449 450/450/448 752/755/750
f 753/756/751 754/757/752 755/758/753
f 756/759/754 757/760/755 758/761/756
f 510/510/508 759/762/757 505/505/503
f 418/418/416 760/763/758 761/764/759
f 762/765/760 763/766/761 764/767/762
f 264/264/262 765/768/763 766/769/764
f 767/770/765 751/754/749 768/771/766
f 769/772/767 304/304/302 306/306/304
f 603/603/601 676/677/674 770/773/768
f 771/774/769 772/775/770 14/14/14
f 773/776/771 772/775/770 774/777/772
f 548/548/546 327/327/325 326/326/324
f 172/172/170 775/778/773 776/779/774
f 777/780/775 778/781/776 746/749/744
f 779/782/777 780/783/778 781/784/779
f 762/765/760 782/785/780 783/786/781
f 379/379/377 396/396/394 380/380/378
f 784/787/782 776/779/774 775/778/773
f 595/595/593 785/788/783 786/789/784
f 595/595/593 787/790/785 207/207/205
f 33/33/33 32/32/32 788/791/786
f 150/150/148 789/792/787 790/793/788
f 150/150/148 791/794/789 151/151/149
f 586/586/584 792/795/790 793/796/791
f 431/431/429 794/797/792 795/798/793
f 794/797/792 796/799/794 797/800/795
f 798/801/796 799/802/797 800/803/798
f 801/804/799 802/805/800 803/806/801
f 774/777/772 771/774/769 804/807/802
f 668/669/666 805/808/803 806/809/804
f 807/810/805 62/62/62 61/61/61
f 667/668/665 773/776/771 668/669/666
f 808/811/806 809/812/807 630/630/628
f 810/813/808 724/727/722 811/814/809
f 812/815/810 813/816/811 814/817/812
f 815/818/813 727/730/725 816/819/814
f 210/210/208 540/540/538 817/820/815
f 517/517/515 143/143/141 518/518/516
f 132/132/130 818/821/816 819/822/817
f 820/823/818 821/824/819 822/825/820
f 823/826/821 824/827/822 825/828/823
f 826/829/824 827/830/825 828/831/826
f 829/832/827 828/831/826 827/830/825
f 830/833/828 831/834/829 832/835/830
f 833/836/831 834/837/832 835/838/833
f 156/156/154 836/839/834 157/157/155
f 837/840/835 639/639/637 838/841/836
f 839/842/837 840/843/838 841/844/839
f 429/429/427 463/463/461 842/845/840
f 527/527/525 529/529/527 663/664/661
f 492/492/490 843/846/841 844/847/842
f 845/848/843 846/849/844 847/850/845
f 508/508/506 848/851/846 509/509/507
f 849/852/847 560/560/558 850/853/848
f 333/333/331 52/52/52 851/855/849
f 852/857/850 853/858/851 854/860/852
f 855/861/853 856/863/854 857/864/855
f 79/79/77 857/864/855 858/865/856
f 859/866/857 57/57/57 128/128/126
f 860/867/858 861/868/859 862/869/860
f 863/870/861 864/871/862 865/872/863
f 191/191/189 866/873/864 867/874/865
f 191/191/189 867/874/865 726/729/724
f 868/875/866 869/876/867 870/877/868
f 871/878/869 3/3/3 872/879/870
f 749/752/747 778/781/776 777/780/775
f 313/313/311 873/880/871 874/881/872
f 875/882/873 876/883/874 877/884/875
f 878/885/876 877/884/875 879/886/877
f 200/200/198 199/199/197 880/887/878
f 564/564/562 410/410/408 881/888/879
f 882/889/880 861/868/859 97/97/95
f 275/275/273 883/890/881 884/891/882
f 879/886/877 877/884/875 885/892/883
f 22/22/22 21/21/21 886/893/884
f 208/208/206 207/207/205 787/790/785
f 887/894/885 731/734/729 736/739/734
f 80/80/78 79/79/77 888/895/886
f 889/896/887 890/897/888 185/185/183
f 487/487/485 486/486/484 712/715/710
f 891/898/889 892/899/890 284/284/282
f 893/900/891 646/646/644 894/901/892
f 345/345/343 347/347/345 895/902/893
f 896/903/894 897/904/895 898/905/896
f 899/906/897 765/768/763 900/907/898
f 901/908/899 902/909/900 903/910/901
f 904/911/902 905/912/903 906/913/904
f 907/914/905 905/912/903 908/915/906
f 909/916/907 910/917/908 911/918/909
f 912/919/910 913/920/911 864/871/862
f 914/921/912 16/16/16 18/18/18
f 18/18/18 915/922/913 914/921/912
f 86/86/84 85/85/83 916/923/914
f 917/924/915 78/78/76 918/925/916
f 919/926/917 920/927/918 921/928/919
f 922/929/920 479/479/477 481/481/479
f 479/479/477 923/930/921 924/931/922
f 925/932/923 521/521/519 926/933/924
f 418/418/416 927/934/925 760/763/758
f 928/935/926 515/515/513 514/514/512
f 929/936/927 930/937/928 931/938/929
f 932/939/930 743/746/741 461/461/459
f 933/940/931 661/662/659 934/941/932
f 935/942/933 936/943/934 930/937/928
f 436/436/434 937/944/935 163/163/161
f 231/231/229 233/233/231 938/945/936
f 938/945/936 233/233/231 939/946/937
f 940/947/938 941/948/939 942/949/940
f 943/950/941 944/951/942 51/51/51
f 945/952/943 275/275/273 884/891/882
f 946/953/944 947/954/945 608/608/606
f 948/955/946 949/956/947 950/957/948
f 926/933/924 521/521/519 520/520/518
f 951/958/949 952/959/950 953/960/951
f 948/955/946 954/961/952 238/238/236
f 717/720/715 955/962/953 718/721/716
f 397/397/395 956/963/954 398/398/396
f 784/787/782 775/778/773 957/964/955
f 863/870/861 912/919/910 864/871/862
f 958/965/956 160/160/158 959/966/957
f 384/384/382 383/383/381 960/967/958
f 961/968/959 962/969/960 963/970/961
f 740/743/738 742/745/740 658/659/656
f 964/971/962 63/63/63 62/62/62
f 965/972/963 966/973/964 967/974/965
f 968/975/966 969/976/967 970/977/968
f 971/978/969 972/979/970 973/980/971
f 974/981/972 904/911/902 975/982/973
f 976/983/974 977/984/975 798/801/796
f 978/985/976 979/986/977 467/467/465
f 980/987/978 981/988/979 982/989/980
f 602/602/600 983/990/981 984/991/982
f 568/568/566 567/567/565 985/992/983
f 986/993/984 987/994/985 988/995/986
f 989/996/987 896/903/894 898/905/896
f 130/130/128 31/31/31 990/997/988
f 991/998/989 130/130/128 992/999/990
f 1/1/1 3/3/3 871/878/869
f 343/343/341 12/12/12 11/11/11
f 471/471/469 993/1000/991 472/472/470
f 523/523/521 420/420/418 419/419/417
f 994/1001/992 516/516/514 995/1002/993
f 801/804/799 908/915/906 802/805/800
f 455/455/453 996/1003/994 241/241/239
f 997/1004/995 130/130/128 991/998/989
f 998/1005/996 724/727/722 723/726/721
f 999/1006/997 1000/1007/998 493/493/491
f 911/918/909 910/917/908 1001/1008/999
f 1002/1009/1000 1003/1010/1001 1004/1011/1002
f 592/592/590 1005/1012/1003 711/714/709
f 1006/1013/1004 824/827/822 1007/1014/1005
f 820/823/818 824/827/822 823/826/821
f 701/704/699 1008/1015/1006 1009/1016/1007
f 674/675/672 673/674/671 1010/1017/1008
f 1011/1018/1009 1012/1019/1010 1013/1020/1011
f 193/193/191 1014/1021/1012 1013/1020/1011
f 1015/1022/1013 46/46/46 1016/1023/1014
f 1017/1024/1015 199/199/197 198/198/196
f 485/485/483 1018/1025/1016 483/483/481
f 37/37/37 39/39/39 1019/1026/1017
f 1020/1027/1018 1021/1028/1019 690/691/688
f 234/234/232 236/236/234 1022/1029/1020
f 367/367/365 497/497/495 368/368/366
f 1023/1030/1021 1022/1029/1020 236/236/234
f 510/510/508 512/512/510 759/762/757
f 40/40/40 44/44/44 640/640/638
f 82/82/80 1024/1031/1022 83/83/81
f 706/709/704 1025/1032/1023 82/82/80
f 1026/1033/1024 757/760/755 101/101/99
f 1027/1034/1025 1028/1035/1026 1029/1036/1027
f 553/553/551 194/194/192 193/193/191
f 1030/1037/1028 111/111/109 110/110/108
f 200/200/198 880/887/878 532/532/530
f 1031/1038/1029 1032/1039/1030 1033/1040/1031
f 1034/1041/1032 472/472/470 993/1000/991
f 165/165/163 1035/1042/1033 267/267/265
f 1036/1043/1034 353/353/351 1037/1044/1035
f 1038/1045/1036 288/288/286 290/290/288
f 548/548/546 1039/1046/1037 547/547/545
f 765/768/763 264/264/262 1040/1047/1038
f 1041/1048/1039 332/332/330 260/260/258
f 20/20/20 1042/1049/1040 1043/1050/1041
f 270/270/268 1044/1051/1042 402/402/400
f 1045/1052/1043 1046/1053/1044 1047/1054/1045
f 1048/1055/1046 1049/1056/1047 184/184/182
f 601/601/599 1050/1057/1048 1051/1058/1049
f 190/190/188 866/873/864 191/191/189
f 477/477/475 252/252/250 2/2/2
f 218/218/216 832/835/830 219/219/217
f 1052/1059/1050 1053/1060/1051 1054/1061/1052
f 1055/1062/1053 876/883/874 875/882/873
f 1053/1060/1051 1056/1063/1054 1054/1061/1052
f 41/41/41 40/40/40 1057/1064/1055
f 640/640/638 639/639/637 837/840/835
f 1053/1060/1051 1058/1065/1056 1056/1063/1054
f 1059/1066/1057 1060/1067/1058 1061/1068/1059
f 298/298/296 300/300/298 1062/1069/1060
f 509/509/507 848/851/846 733/736/731
f 1063/1070/1061 999/1006/997 1064/1071/1062
f 1065/1072/1063 1066/1073/1064 1067/1074/1065
f 1068/1075/1066 1066/1073/1064 1065/1072/1063
f 775/778/773 172/172/170 171/171/169
f 381/381/379 1069/1076/1067 171/171/169
f 127/127/125 859/866/857 128/128/126
f 385/385/383 852/857/850 854/860/852
f 148/148/146 1070/1077/1068 1071/1078/1069
f 646/646/644 1072/1079/1070 1073/1080/1071
f 1074/1081/1072 1075/1082/1073 123/123/121
f 1076/1083/1074 1077/1084/1075 1078/1085/1076
f 653/654/651 432/432/430 1079/1086/1077
f 355/355/353 1080/1087/1078 356/356/354
f 1081/1088/1079 698/701/696 700/703/698
f 437/437/435 1082/1089/1080 8/8/8
f 1083/1090/1081 483/483/481 1084/1091/1082
f 1085/1092/1083 260/260/258 332/332/330
f 527/527/525 1086/1093/1084 1087/1094/1085
f 1088/1095/1086 1021/1028/1019 1089/1096/1087
f 412/412/410 132/132/130 819/822/817
f 819/822/817 410/410/408 412/412/410
f 651/652/649 1090/1097/1088 649/650/647
f 691/693/689 370/370/368 369/369/367
f 14/14/14 1091/1098/1089 15/15/15
f 255/255/253 257/257/255 1092/1100/1090
f 1093/1101/1091 1094/1102/1092 1095/1103/1093
f 150/150/148 149/149/147 789/792/787
f 507/507/505 1096/1104/1094 1097/1105/1095
f 1098/1106/1096 176/176/174 382/382/380
f 1099/1107/1097 1100/1108/1098 1101/1109/1099
f 759/762/757 512/512/510 1102/1110/1100
f 928/935/926 1103/1111/1101 515/515/513
f 655/656/653 225/225/223 656/657/654
f 1104/1112/1102 1105/1113/1103 1106/1114/1104
f 1105/1113/1103 1107/1115/1105 1106/1114/1104
f 440/440/438 1108/1116/1106 591/591/589
f 1109/1117/1107 1110/1118/1108 440/440/438
f 570/570/568 1111/1119/1109 571/571/569
f 31/31/31 1112/1120/1110 1113/1121/1111
f 376/376/374 375/375/373 1114/1122/1112
f 755/758/753 1115/1123/1113 1116/1124/1114
f 113/113/111 312/312/310 747/750/745
f 545/545/543 197/197/195 747/750/745
f 1117/1125/1115 71/71/69 70/70/68
f 175/175/173 459/459/457 173/173/171
f 1118/1126/1116 1119/1127/1117 1010/1017/1008
f 1120/1128/1118 65/65/65 1121/1129/1119
f 1122/1130/1120 204/204/202 539/539/537
f 592/592/590 1123/1131/1121 1124/1132/1122
f 1125/1133/1123 710/713/708 1126/1134/1124
f 382/382/380 1127/1135/1125 383/383/381
f 176/176/174 1127/1135/1125 382/382/380
f 1128/1136/1126 617/617/615 616/616/614
f 1129/1137/1127 703/706/701 704/707/702
f 511/511/509 1130/1138/1128 1131/1139/1129
f 1132/1140/1130 1133/1141/1131 1134/1142/1132
f 1135/1143/1133 573/573/571 1136/1144/1134
f 1137/1145/1135 1138/1146/1136 1134/1142/1132
f 1139/1147/1137 1140/1148/1138 105/105/103
f 438/438/436 1141/1149/1139 436/436/434
f 167/167/165 169/169/167 1142/1150/1140
f 1143/1151/1141 1144/1152/1142 1123/1131/1121
f 388/388/386 176/176/174 389/389/387
f 176/176/174 1101/1109/1099 1100/1108/1098
f 752/755/750 1145/1153/1143 1146/1154/1144
f 996/1003/994 1147/1155/1145 1148/1156/1146
f 7/7/7 733/736/731 732/735/730
f 1149/1157/1147 7/7/7 1150/1158/1148
f 636/636/634 638/638/636 1151/1159/1149
f 1152/1160/1150 346/346/344 345/345/343
f 550/550/548 124/124/122 1153/1161/1151
f 908/915/906 1154/1162/1152 802/805/800
f 1155/1163/1153 1156/1164/1154 1157/1165/1155
f 1158/1166/1156 481/481/479 1159/1167/1157
f 1160/1168/1158 1159/1167/1157 1059/1066/1057
f 1161/1169/1159 1162/1170/1160 1163/1171/1161
f 292/292/290 687/688/685 1164/1172/1162
f 536/536/534 535/535/533 1165/1173/1163
f 1166/1174/1164 1167/1175/1165 779/782/777
f 142/142/140 141/141/139 1168/1176/1166
f 1169/1177/1167 336/336/334 335/335/333
f 1170/1178/1168 1171/1179/1169 447/447/445
f 900/907/898 1040/1047/1038 1172/1180/1170
f 765/768/763 1040/1047/1038 900/907/898
f 850/853/848 562/562/560 14/14/14
f 342/342/340 341/341/339 1173/1181/1171
f 701/704/699 702/705/700 1008/1015/1006
f 1174/1182/1172 654/655/652 1175/1183/1173
f 1176/1184/1174 1174/1182/1172 1177/1185/1175
f 1049/1056/1047 1048/1055/1046 1178/1186/1176
f 822/825/820 821/824/819 826/829/824
f 424/424/422 781/784/779 780/783/778
f 786/789/784 1179/1187/1177 1180/1188/1178
f 1181/1189/1179 1182/1190/1180 1183/1191/1181
f 1184/1192/1182 1183/1191/1181 443/443/441
f 1185/1193/1183 328/328/326 1186/1194/1184
f 1187/1195/1185 306/306/304 305/305/303
f 1186/1194/1184 1188/1196/1186 1185/1193/1183
f 1189/1197/1187 713/716/711 1190/1198/1188
f 526/526/524 764/767/762 763/766/761
f 526/526/524 525/525/523 1191/1199/1189
f 1191/1199/1189 1192/1200/1190 526/526/524
f 1193/1201/1191 1192/1200/1190 1191/1199/1189
f 188/188/186 94/94/92 1194/1202/1192
f 750/753/748 1195/1203/1193 1196/1204/1194
f 454/454/452 453/453/451 1197/1205/1195
f 1196/1204/1194 751/754/749 750/753/748
f 47/47/47 46/46/46 641/641/639
f 1091/1098/1089 42/42/42 23/23/23
f 1198/1206/1196 337/337/335 339/339/337
f 1199/1207/1197 1200/1208/1198 1169/1177/1167
f 963/970/961 1201/1209/1199 1202/1210/1200
f 930/937/928 1141/1149/1139 931/938/929
f 1203/1211/1201 655/656/653 1204/1212/1202
f 58/58/58 1205/1213/1203 59/59/59
f 1206/1214/1204 992/999/990 1207/1215/1205
f 1208/1216/1206 675/676/673 677/678/675
f 1209/1217/1207 1112/1120/1110 378/378/376
f 31/31/31 1210/1218/1208 1112/1120/1110
f 841/844/839 1211/1219/1209 1212/1220/1210
f 839/842/837 841/844/839 1213/1221/1211
f 1214/1222/1212 1215/1223/1213 642/642/640
f 639/639/637 641/641/639 1015/1022/1013
f 1027/1034/1025 1216/1224/1214 102/102/100
f 678/679/676 1216/1224/1214 718/721/716
f 624/624/622 1217/1225/1215 625/625/623
f 1218/1226/1216 1219/1227/1217 443/443/441
f 1220/1228/1218 1221/1229/1219 1222/1230/1220
f 1223/1231/1221 421/421/419 1165/1173/1163
f 424/424/422 425/425/423 781/784/779
f 15/15/15 18/18/18 16/16/16
f 654/655/652 1224/1232/1222 432/432/430
f 1224/1232/1222 430/430/428 432/432/430
f 807/810/805 1225/1233/1223 1226/1234/1224
f 1227/1235/1225 1228/1236/1226 1226/1234/1224
f 773/776/771 1229/1237/1227 772/775/770
f 1230/1238/1228 1231/1239/1229 1232/1240/1230
f 1233/1241/1231 1190/1198/1188 1234/1242/1232
f 331/331/329 1190/1198/1188 1235/1243/1233
f 850/853/848 560/560/558 562/562/560
f 772/775/770 1229/1237/1227 849/852/847
f 1236/1244/1234 882/889/880 97/97/95
f 116/116/114 115/115/113 1237/1245/1235
f 1238/1246/1236 1029/1036/1027 844/847/842
f 1238/1246/1236 92/92/90 1029/1036/1027
f 101/101/99 1028/1035/1026 1027/1034/1025
f 1027/1034/1025 102/102/100 101/101/99
f 1239/1247/1237 1240/1248/1238 1241/1249/1239
f 1242/1250/1240 489/489/487 357/357/355
f 286/286/284 648/649/646 289/289/287
f 372/372/370 1243/1252/1241 373/373/371
f 434/434/432 1201/1209/1199 963/970/961
f 1244/1253/1242 1245/1254/1243 1246/1255/1244
f 946/953/944 950/957/948 949/956/947
f 414/414/412 946/953/944 247/247/245
f 599/599/597 13/13/13 1247/1256/1245
f 723/726/721 725/728/723 1247/1256/1245
f 1108/1116/1106 404/404/402 591/591/589
f 1248/1257/1246 1249/1258/1247 1004/1011/1002
f 481/481/479 1250/1259/1248 922/929/920
f 1251/1260/1249 482/482/480 481/481/479
f 1044/1051/1042 1047/1054/1045 1252/1261/1250
f 1252/1261/1250 1047/1054/1045 833/836/831
f 217/217/215 216/216/214 1253/1262/1251
f 475/475/473 217/217/215 1253/1262/1251
f 1254/1263/1252 71/71/69 1117/1125/1115
f 485/485/483 1255/1264/1253 1018/1025/1016
f 442/442/440 1184/1192/1182 443/443/441
f 72/72/70 73/73/71 75/75/73
f 72/72/70 71/71/69 484/484/482
f 1084/1091/1082 1256/1265/1254 1083/1090/1081
f 1257/1266/1255 72/72/70 1258/1267/1256
f 755/758/753 1259/1268/1257 1115/1123/1113
f 1260/1269/1258 560/560/558 849/852/847
f 1032/1039/1030 594/594/592 1261/1270/1259
f 681/682/679 535/535/533 423/423/421
f 1262/1271/1260 1263/1272/1261 348/348/346
f 1264/1273/1262 632/632/630 631/631/629
f 1265/1274/1263 1263/1272/1261 1264/1273/1262
f 1266/1275/1264 1267/1276/1265 635/635/633
f 21/21/21 1268/1277/1266 1269/1278/1267
f 208/208/206 886/893/884 21/21/21
f 1270/1279/1268 978/985/976 1271/1280/1269
f 629/629/627 986/993/984 988/995/986
f 1272/1281/1270 997/1004/995 991/998/989
f 164/164/162 166/166/164 1273/1282/1271
f 588/588/586 1274/1283/1272 1275/1284/1273
f 1273/1282/1271 997/1004/995 1272/1281/1270
f 308/308/306 1276/1285/1274 309/309/307
f 136/136/134 242/242/240 244/244/242
f 768/771/766 1277/1286/1275 243/243/241
f 1277/1286/1275 1278/1287/1276 1279/1288/1277
f 1280/1289/1278 118/118/116 1281/1290/1279
f 1282/1291/1280 293/293/291 538/538/536
f 958/965/956 959/966/957 1283/1292/1281
f 1284/1293/1282 1285/1294/1283 1286/1295/1284
f 1048/1055/1046 1287/1296/1285 1178/1186/1176
f 1032/1039/1030 1261/1270/1259 1033/1040/1031
f 1261/1270/1259 1288/1297/1286 1033/1040/1031
f 573/573/571 1135/1143/1133 1134/1142/1132
f 1289/1298/1287 1134/1142/1132 1138/1146/1136
f 1155/1163/1153 1290/1299/1288 237/237/235
f 458/458/456 173/173/171 459/459/457
f 456/456/454 623/623/621 625/625/623
f 89/89/87 1291/1300/1289 90/90/88
f 1292/1301/1290 1293/1302/1291 1291/1300/1289
f 1042/1049/1040 1191/1199/1189 1043/1050/1041
f 1191/1199/1189 1042/1049/1040 1193/1201/1191
f 1238/1246/1236 844/847/842 843/846/841
f 36/36/36 35/35/35 1294/1303/1292
f 1291/1300/1289 1293/1302/1291 1295/1304/1293
f 90/90/88 1291/1300/1289 106/106/104
f 1/1/1 871/878/869 251/251/249
f 879/886/877 1160/1168/1158 878/885/876
f 814/817/812 813/816/811 1296/1305/1294
f 1296/1305/1294 60/60/60 814/817/812
f 1297/1306/1295 1298/1307/1296 280/280/278
f 1299/1308/1297 1300/1309/1298 793/796/791
f 609/609/607 605/605/603 1301/1310/1299
f 1302/1311/1300 1303/1312/1301 1304/1313/1302
f 342/342/340 344/344/342 340/340/338
f 702/705/700 342/342/340 1008/1015/1006
f 946/953/944 1305/1314/1303 947/954/945
f 1304/1313/1302 1306/1315/1304 1302/1311/1300
f 1307/1316/1305 1308/1317/1306 1309/1318/1307
f 1310/1319/1308 665/666/663 664/665/662
f 921/928/919 1311/1320/1309 1312/1321/1310
f 1313/1322/1311 318/318/316 1314/1323/1312
f 1026/1033/1024 1315/1324/1313 757/760/755
f 921/928/919 1312/1321/1310 911/918/909
f 924/931/922 923/930/921 921/928/919
f 923/930/921 919/926/917 921/928/919
f 1316/1325/1314 227/227/225 1317/1326/1315
f 1318/1327/1316 910/917/908 909/916/907
f 322/322/320 493/493/491 1000/1007/998
f 495/495/493 1319/1328/1317 1320/1329/1318
f 1096/1104/1094 1321/1330/1319 1097/1105/1095
f 1322/1331/1320 1323/1332/1321 1324/1333/1322
f 1325/1334/1323 467/467/465 466/466/464
f 1096/1104/1094 1326/1335/1324 1321/1330/1319
f 153/153/151 1172/1180/1170 494/494/492
f 645/645/643 1327/1336/1325 646/646/644
f 1328/1337/1326 1072/1079/1070 646/646/644
f 46/46/46 1329/1338/1327 1330/1339/1328
f 541/541/539 540/540/538 685/686/683
f 597/597/595 542/542/540 544/544/542
f 644/644/642 643/643/641 1331/1340/1329
f 46/46/46 1330/1339/1328 1016/1023/1014
f 1332/1341/1330 682/683/680 681/682/679
f 1333/1342/1331 685/686/683 1334/1343/1332
f 364/364/362 1335/1344/1333 1336/1345/1334
f 937/944/935 436/436/434 936/943/934
f 1337/1346/1335 1152/1160/1150 345/345/343
f 1337/1346/1335 345/345/343 628/628/626
f 691/693/689 693/696/691 370/370/368
f 370/370/368 1338/1347/1336 371/371/369
f 1339/1348/1337 1125/1133/1123 1126/1134/1124
f 1339/1348/1337 1143/1151/1141 1123/1131/1121
f 1340/1349/1338 360/360/358 362/362/360
f 744/747/742 740/743/738 745/748/743
f 1341/1350/1339 315/315/313 314/314/312
f 1339/1348/1337 1126/1134/1124 1341/1350/1339
f 1305/1314/1303 413/413/411 604/604/602
f 1060/1067/1058 1342/1351/1340 1061/1068/1059
f 480/480/478 78/78/76 77/77/75
f 742/745/740 1343/1352/1341 1204/1212/1202
f 1204/1212/1202 1343/1352/1341 1344/1353/1342
f 1345/1354/1343 198/198/196 1268/1277/1266
f 1269/1278/1267 1268/1277/1266 1346/1355/1344
f 1347/1356/1345 1348/1357/1346 1349/1358/1347
f 428/428/426 427/427/425 1350/1359/1348
f 21/21/21 1351/1360/1349 1268/1277/1266
f 21/21/21 1352/1361/1350 1351/1360/1349
f 1075/1082/1073 1074/1081/1072 1353/1362/1351
f 1354/1363/1352 426/426/424 464/464/462
f 324/324/322 1355/1364/1353 546/546/544
f 546/546/544 327/327/325 548/548/546
f 1356/1365/1354 1357/1366/1355 1358/1367/1356
f 1359/1368/1357 311/311/309 1360/1369/1358
f 1361/1370/1359 1362/1371/1360 1363/1372/1361
f 1361/1370/1359 1364/1373/1362 1362/1371/1360
f 1356/1365/1354 1365/1374/1363 1357/1366/1355
f 393/393/391 776/779/774 391/391/389
f 63/63/63 1366/1375/1364 61/61/61
f 840/843/838 839/842/837 1367/1376/1365
f 618/618/616 1068/1075/1066 1065/1072/1063
f 19/19/19 25/25/25 41/41/41
f 1368/1377/1366 1369/1378/1367 1370/1379/1368
f 1371/1380/1369 1372/1381/1370 1368/1377/1366
f 525/525/523 96/96/94 95/95/93
f 451/451/449 1373/1382/1371 1195/1203/1193
f 64/64/64 1374/1383/1372 65/65/65
f 856/863/854 851/855/849 857/864/855
f 188/188/186 1375/1384/1373 94/94/92
f 1375/1384/1373 1376/1385/1374 1043/1050/1041
f 4/4/4 1377/1386/1375 1378/1387/1376
f 989/996/987 898/905/896 987/994/985
f 1379/1388/1377 1380/1389/1378 288/288/286
f 1381/1390/1379 286/286/284 1380/1389/1378
f 1382/1391/1380 1383/1392/1381 968/975/966
f 968/975/966 1246/1255/1244 1245/1254/1243
f 773/776/771 774/777/772 668/669/666
f 668/669/666 774/777/772 804/807/802
f 1239/1247/1237 1384/1393/1382 1385/1394/1383
f 1386/1395/1384 1387/1396/1385 1388/1397/1386
f 1241/1249/1239 1240/1248/1238 1389/1398/1387
f 1390/1399/1388 1386/1395/1384 1388/1397/1386
f 1391/1400/1389 1392/1402/1390 1393/1404/1391
f 1394/1405/1392 1395/1406/1393 292/292/290
f 1161/1169/1159 537/537/535 1396/1407/1394
f 1397/1408/1395 230/230/228 229/229/227
f 1398/1409/1396 1399/1410/1397 1163/1171/1161
f 1161/1169/1159 1163/1171/1161 537/537/535
f 337/337/335 145/145/143 338/338/336
f 952/959/950 951/958/949 520/520/518
f 190/190/188 1400/1411/1398 1051/1058/1049
f 1050/1057/1048 190/190/188 1051/1058/1049
f 1401/1412/1399 377/377/375 1402/1413/1400
f 376/376/374 1402/1413/1400 377/377/375
f 903/910/901 766/769/764 1403/1414/1401
f 347/347/345 670/671/668 766/769/764
f 211/211/209 1404/1415/1402 212/212/210
f 1401/1412/1399 1402/1413/1400 517/517/515
f 1119/1127/1117 1118/1126/1116 175/175/173
f 384/384/382 960/967/958 674/675/672
f 1405/1416/1403 899/906/897 1406/1417/1404
f 1403/1414/1401 766/769/764 899/906/897
f 1403/1414/1401 899/906/897 1407/1418/1405
f 1408/1419/1406 1409/1420/1407 1410/1421/1408
f 1411/1422/1409 423/423/421 1412/1423/1410
f 1411/1422/1409 1412/1423/1410 1413/1424/1411
f 276/276/274 279/279/277 278/278/276
f 1414/1425/1412 1415/1426/1413 1416/1427/1414
f 126/126/124 125/125/123 1417/1428/1415
f 137/137/135 139/139/137 179/179/177
f 81/81/79 80/80/78 1025/1032/1023
f 567/567/565 1418/1429/1416 985/992/983
f 1178/1186/1176 613/613/611 612/612/610
f 828/831/826 613/613/611 826/829/824
f 1419/1430/1417 182/182/180 660/661/658
f 1420/1431/1418 660/661/658 613/613/611
f 710/713/708 592/592/590 711/714/709
f 1123/1131/1121 592/592/590 710/713/708
f 1421/1432/1419 1422/1433/1420 828/831/826
f 1420/1431/1418 1419/1430/1417 660/661/658
f 1423/1434/1421 295/295/293 297/297/295
f 1221/1229/1219 1423/1434/1421 1222/1230/1220
f 1424/1435/1422 1425/1436/1423 818/821/816
f 1426/1437/1424 831/834/829 830/833/828
f 252/252/250 1371/1380/1369 1370/1379/1368
f 1371/1380/1369 1368/1377/1366 1370/1379/1368
f 119/119/117 1427/1438/1425 652/653/650
f 1428/1439/1426 460/460/458 462/462/460
f 1429/1440/1427 356/356/354 797/800/795
f 1430/1441/1428 1431/1442/1429 1432/1443/1430
f 832/835/830 1433/1444/1431 219/219/217
f 230/230/228 1397/1408/1395 1434/1445/1432
f 1435/1446/1433 1436/1447/1434 1437/1448/1435
f 1437/1448/1435 1438/1449/1436 1435/1446/1433
f 1439/1450/1437 1313/1322/1311 1438/1449/1436
f 1440/1451/1438 1213/1221/1211 1212/1220/1210
f 299/299/297 298/298/296 586/586/584
f 1320/1329/1318 298/298/296 495/495/493
f 1441/1452/1439 1379/1388/1377 1442/1453/1440
f 1443/1454/1441 1442/1453/1440 688/689/686
f 709/712/707 711/714/709 313/313/311
f 1002/1009/1000 323/323/321 313/313/311
f 388/388/386 398/398/396 1444/1455/1442
f 1445/1456/1443 1446/1457/1444 1447/1458/1445
f 1448/1459/1446 1449/1460/1447 504/504/502
f 1450/1461/1448 1451/1462/1449 1452/1463/1450
f 1453/1464/1451 1454/1465/1452 122/122/120
f 655/656/653 1203/1211/1201 1455/1466/1453
f 250/250/248 676/677/674 415/415/413
f 250/250/248 677/678/675 676/677/674
f 1046/1053/1044 1456/1467/1454 834/837/832
f 943/950/941 140/140/138 944/951/942
f 334/334/332 1457/1468/1455 1458/1469/1456
f 438/438/436 1459/1470/1457 1141/1149/1139
f 438/438/436 103/103/101 1459/1470/1457
f 1460/1471/1458 566/566/564 307/307/305
f 1460/1471/1458 1461/1472/1459 974/981/972
f 1214/1222/1212 642/642/640 644/644/642
f 1462/1473/1460 837/840/835 1463/1474/1461
f 1463/1474/1461 33/33/33 1462/1473/1460
f 1464/1475/1462 1465/1476/1463 282/282/280
f 282/282/280 1466/1477/1464 1467/1478/1465
f 1468/1479/1466 144/144/142 1402/1413/1400
f 1469/1480/1467 144/144/142 738/741/736
f 932/939/930 1470/1481/1468 743/746/741
f 842/845/840 1471/1482/1469 1472/1483/1470
f 716/719/714 107/107/105 1473/1484/1471
f 561/561/559 1474/1485/1472 1091/1099/1089
f 715/718/713 716/719/714 1473/1484/1471
f 1260/1269/1258 561/561/559 560/560/558
f 755/758/753 1116/1124/1114 394/394/392
f 101/101/99 757/760/755 1028/1035/1026
f 564/564/562 1475/1486/1473 410/410/408
f 1476/1487/1474 408/408/406 800/803/798
f 1477/1488/1475 802/805/800 1154/1162/1152
f 1415/1426/1413 1477/1488/1475 1416/1427/1414
f 65/65/65 1478/1489/1476 1121/1129/1119
f 543/543/541 1479/1490/1477 1333/1342/1331
f 124/124/122 1480/1491/1478 1036/1043/1034
f 124/124/122 1036/1043/1034 125/125/123
f 946/953/944 608/608/606 950/957/948
f 608/608/606 610/610/608 239/239/237
f 277/277/275 1481/1492/1479 278/278/276
f 181/181/179 180/180/178 611/611/609
f 180/180/178 277/277/275 611/611/609
f 1315/1324/1313 758/761/756 757/760/755
f 1024/1031/1022 1482/1493/1480 941/948/939
f 941/948/939 1482/1493/1480 942/949/940
f 1279/1288/1277 1278/1287/1276 1483/1494/1481
f 1484/1495/1482 1373/1382/1371 451/451/449
f 1170/1178/1168 447/447/445 446/446/444
f 1110/1118/1108 1108/1116/1106 440/440/438
f 1373/1382/1371 1484/1495/1482 1197/1205/1195
f 1146/1154/1144 1197/1205/1195 752/755/750
f 1485/1496/1483 222/222/220 460/460/458
f 222/222/220 934/941/932 932/939/930
f 1485/1496/1483 1428/1439/1426 124/124/122
f 1485/1496/1483 460/460/458 1428/1439/1426
f 762/765/760 764/767/762 782/785/780
f 782/785/780 1192/1200/1190 1193/1201/1191
f 1357/1366/1355 1360/1369/1358 1358/1367/1356
f 1486/1497/1484 1487/1498/1485 1488/1499/1486
f 897/904/895 1489/1500/1487 1490/1501/1488
f 154/154/152 897/904/895 1491/1502/1489
f 186/186/184 751/754/749 767/770/765
f 1187/1195/1185 263/263/261 767/770/765
f 1492/1503/1490 1493/1504/1491 1494/1505/1492
f 48/48/48 1493/1504/1491 1495/1506/1493
f 575/575/573 582/582/580 581/581/579
f 106/106/104 1291/1300/1289 1496/1507/1494
f 1497/1508/1495 922/929/920 1250/1259/1248
f 1498/1509/1496 1499/1510/1497 99/99/97
f 251/251/249 1500/1511/1498 478/478/476
f 1251/1260/1249 251/251/249 482/482/480
f 644/644/642 1331/1340/1329 1501/1512/1499
f 249/249/247 1502/1513/1500 1503/1514/1501
f 632/632/630 1264/1273/1262 808/811/806
f 630/630/628 632/632/630 808/811/806
f 1385/1394/1383 1384/1393/1382 1387/1396/1385
f 1384/1393/1382 301/301/299 303/303/301
f 403/403/401 1252/1261/1250 833/836/831
f 1504/1515/1502 1450/1461/1448 1452/1463/1450
f 1505/1516/1503 1174/1182/1172 1175/1183/1173
f 1506/1517/1504 356/356/354 1080/1087/1078
f 470/470/468 350/350/348 349/349/347
f 108/108/106 470/470/468 106/106/104
f 93/93/91 92/92/90 1300/1309/1298
f 1294/1303/1292 35/35/35 720/723/718
f 1507/1518/1505 655/656/653 361/361/359
f 1508/1519/1506 655/656/653 1080/1087/1078
f 929/936/927 433/433/431 435/435/433
f 938/945/936 939/946/937 935/942/933
f 812/815/810 130/130/128 997/1004/995
f 997/1004/995 1273/1282/1271 812/815/810
f 1509/1520/1507 1510/1521/1508 1045/1052/1043
f 1281/1290/1279 1511/1522/1509 1512/1523/1510
f 285/285/283 287/287/285 430/430/428
f 143/143/141 517/517/515 1402/1413/1400
f 143/143/141 1402/1413/1400 144/144/142
f 129/129/127 1113/1121/1111 1112/1120/1110
f 1209/1217/1207 129/129/127 1112/1120/1110
f 1513/1524/1511 761/764/759 760/763/758
f 417/417/415 1307/1316/1305 1309/1318/1307
f 492/492/490 705/708/703 490/490/488
f 1242/1250/1240 1514/1525/1512 1241/1249/1239
f 1129/1137/1127 704/707/702 1515/1526/1513
f 1516/1527/1514 706/709/704 705/708/703
f 783/786/781 1517/1528/1515 1518/1529/1516
f 1519/1530/1517 1520/1531/1518 259/259/257
f 649/650/647 647/647/645 650/651/648
f 1521/1532/1519 1243/1251/1241 1391/1401/1389
f 259/259/257 1520/1531/1518 1522/1533/1520
f 779/782/777 1167/1175/1165 259/259/257
f 428/428/426 1350/1359/1348 741/744/739
f 741/744/739 465/465/463 464/464/462
f 1093/1101/1091 690/691/688 1523/1534/1521
f 39/39/39 1524/1535/1522 1019/1026/1017
f 697/700/695 1525/1536/1523 267/267/265
f 1526/1537/1524 1527/1538/1525 1528/1539/1526
f 775/778/773 171/171/169 1069/1076/1067
f 1529/1540/1527 957/964/955 775/778/773
f 724/727/722 1206/1214/1204 1207/1215/1205
f 998/1005/996 1206/1214/1204 724/727/722
f 545/545/543 1530/1541/1528 546/546/544
f 749/752/747 1530/1541/1528 778/781/776
f 1132/1140/1130 511/511/509 1131/1139/1129
f 576/576/574 577/577/575 511/511/509
f 1526/1537/1524 1531/1542/1529 1527/1538/1525
f 627/627/625 1527/1538/1525 982/989/980
f 1315/1324/1313 1026/1033/1024 1532/1543/1530
f 568/568/566 1533/1544/1531 100/100/98
f 1148/1156/1146 1147/1155/1145 1534/1545/1532
f 1307/1316/1305 664/665/662 1308/1317/1306
f 822/825/820 1285/1294/1283 1284/1293/1282
f 820/823/818 822/825/820 330/330/328
f 1024/1031/1022 1535/1546/1533 83/83/81
f 732/735/730 1536/1547/1534 1537/1548/1535
f 791/794/789 966/973/964 965/972/963
f 28/28/28 1463/1474/1461 964/971/962
f 228/228/226 319/319/317 912/919/910
f 1283/1292/1281 293/293/291 1282/1291/1280
f 1538/1549/1536 1067/1074/1065 1539/1551/1537
f 1540/1552/1538 1541/1554/1539 859/866/857
f 1542/1555/1540 1093/1101/1091 1095/1103/1093
f 1542/1555/1540 1524/1535/1522 1093/1101/1091
f 1543/1556/1541 1115/1123/1113 1544/1557/1542
f 1388/1397/1386 1387/1396/1385 1545/1558/1543
f 1546/1559/1544 1543/1556/1541 1547/1560/1545
f 167/167/165 1142/1150/1140 1548/1561/1546
f 389/389/387 176/176/174 167/167/165
f 422/422/420 421/421/419 425/425/423
f 421/421/419 1223/1231/1221 425/425/423
f 598/598/596 1549/1562/1547 600/600/598
f 599/599/597 867/874/865 866/873/864
f 398/398/396 388/388/386 390/390/388
f 799/802/797 798/801/796 1550/1563/1548
f 1414/1425/1412 1416/1427/1414 557/557/555
f 944/951/942 140/140/138 142/142/140
f 731/734/729 887/894/885 142/142/140
f 1537/1548/1535 1536/1547/1534 1535/1546/1533
f 1537/1548/1535 1535/1546/1533 887/894/885
f 232/232/230 367/367/365 1551/1564/1549
f 500/500/498 1488/1499/1486 1487/1498/1485
f 117/117/115 1552/1565/1550 860/867/858
f 117/117/115 860/867/858 115/115/113
f 1287/1296/1285 826/829/824 1178/1186/1176
f 613/613/611 1178/1186/1176 826/829/824
f 975/982/973 1553/1566/1551 1554/1567/1552
f 907/914/905 906/913/904 905/912/903
f 779/782/777 781/784/779 1166/1174/1164
f 10/10/10 701/704/699 1009/1016/1007
f 673/674/671 672/673/670 1555/1568/1553
f 241/241/239 223/223/221 550/550/548
f 908/915/906 1556/1569/1554 1154/1162/1152
f 970/977/968 969/976/967 1557/1570/1555
f 672/673/670 1558/1571/1556 103/103/101
f 1380/1389/1378 286/286/284 288/288/286
f 288/288/286 286/286/284 289/289/287
f 1153/1161/1151 124/124/122 126/126/124
f 126/126/124 1417/1428/1415 1153/1161/1151
f 1213/1221/1211 1226/1234/1224 1225/1233/1223
f 61/61/61 1366/1375/1364 1213/1221/1211
f 666/667/664 662/663/660 1559/1572/1557
f 527/527/525 1560/1573/1558 1086/1093/1084
f 639/639/637 1015/1022/1013 1215/1223/1213
f 838/841/836 639/639/637 1215/1223/1213
f 189/189/187 1400/1411/1398 190/190/188
f 299/299/297 707/710/705 300/300/298
f 705/708/703 707/710/705 490/490/488
f 728/731/726 320/320/318 1561/1574/1559
f 892/899/890 1562/1575/1560 728/731/726
f 1518/1529/1516 1517/1528/1515 1563/1576/1561
f 1513/1524/1511 762/765/760 761/764/759
f 691/692/689 1564/1578/1562 1565/1579/1563
f 120/120/118 652/653/650 1511/1522/1509
f 988/995/986 987/994/985 1566/1580/1564
f 987/994/985 898/905/896 1378/1387/1376
f 976/983/974 1554/1567/1552 977/984/975
f 407/407/405 1460/1471/1458 974/981/972
f 1236/1244/1234 97/97/95 1499/1510/1497
f 1499/1510/1497 97/97/95 99/99/97
f 1509/1520/1507 269/269/267 268/268/266
f 141/141/139 237/237/235 1567/1581/1565
f 1541/1554/1539 57/57/57 859/866/857
f 57/57/57 1568/1582/1566 1569/1583/1567
f 1118/1126/1116 1010/1017/1008 1011/1018/1009
f 1570/1584/1568 1571/1585/1569 1010/1017/1008
f 1052/1059/1050 876/883/874 1055/1062/1053
f 879/886/877 885/892/883 478/478/476
f 879/886/877 478/478/476 1500/1511/1498
f 1149/1157/1147 1572/1586/1570 1296/1305/1294
f 1149/1157/1147 1296/1305/1294 813/816/811
f 845/848/843 847/850/845 1573/1587/1571
f 508/508/506 1574/1588/1572 848/851/846
f 1575/1589/1573 506/506/504 1573/1587/1571
f 1575/1589/1573 1573/1587/1571 1576/1590/1574
f 562/562/560 1091/1098/1089 14/14/14
f 42/42/42 24/24/24 23/23/23
f 622/622/620 1577/1591/1575 621/621/619
f 1578/1592/1576 1577/1591/1575 622/622/620
f 1578/1592/1576 1579/1593/1577 1577/1591/1575
f 109/109/107 1580/1594/1578 1581/1595/1579
f 1577/1591/1575 1579/1593/1577 1581/1595/1579
f 1350/1359/1348 1348/1357/1346 1347/1356/1345
f 741/744/739 1350/1359/1348 742/745/740
f 1582/1596/1580 1512/1523/1510 1583/1597/1581
f 651/652/649 650/651/648 1583/1597/1581
f 824/827/822 1584/1598/1582 825/828/823
f 1006/1013/1004 1585/1599/1583 824/827/822
f 864/871/862 1316/1325/1314 865/872/863
f 864/871/862 920/927/918 1316/1325/1314
f 913/920/911 920/927/918 864/871/862
f 920/927/918 1311/1320/1309 921/928/919
f 1132/1140/1130 1131/1139/1129 1586/1600/1584
f 1145/1153/1143 1587/1601/1585 1534/1545/1532
f 661/662/659 1559/1572/1557 662/663/660
f 723/726/721 1247/1256/1245 13/13/13
f 1275/1284/1273 723/726/721 588/588/586
f 366/366/364 1103/1111/1101 928/935/926
f 1551/1564/1549 1588/1602/1586 232/232/230
f 946/953/944 413/413/411 1305/1314/1303
f 414/414/412 413/413/411 946/953/944
f 158/158/156 117/117/115 116/116/114
f 117/117/115 958/965/956 1283/1292/1281
f 338/338/336 736/739/734 731/734/729
f 339/339/337 338/338/336 731/734/729
f 799/802/797 1550/1563/1548 116/116/114
f 158/158/156 116/116/114 1550/1563/1548
f 1589/1603/1587 1590/1604/1588 1591/1605/1589
f 1395/1406/1393 1394/1405/1392 1590/1604/1588
f 834/837/832 1363/1372/1361 1592/1606/1590
f 1593/1607/1591 1592/1606/1590 1363/1372/1361
f 674/675/672 960/967/958 672/673/670
f 960/967/958 1558/1571/1556 672/673/670
f 103/103/101 8/8/8 10/10/10
f 672/673/670 103/103/101 1555/1568/1553
f 1307/1316/1305 1310/1319/1308 664/665/662
f 417/417/415 1310/1319/1308 1307/1316/1305
f 1195/1203/1193 1373/1382/1371 1594/1608/1592
f 1278/1287/1276 1277/1286/1275 1594/1608/1592
f 1089/1096/1087 1595/1609/1593 1504/1515/1502
f 1595/1609/1593 1450/1461/1448 1504/1515/1502
f 868/875/866 1424/1435/1422 131/131/129
f 1425/1436/1423 1424/1435/1422 831/834/829
f 504/504/502 1449/1460/1447 1596/1610/1594
f 443/443/441 1219/1227/1217 109/109/107
f 1219/1227/1217 1580/1594/1578 109/109/107
f 567/567/565 984/991/982 1418/1429/1416
f 679/680/677 240/240/238 567/567/565
f 1597/1611/1595 1448/1459/1446 1598/1612/1596
f 1448/1459/1446 504/504/502 503/503/501
f 459/459/457 1014/1021/1012 457/457/455
f 1217/1225/1215 624/624/622 1599/1613/1597
f 501/501/499 235/235/233 234/234/232
f 310/310/308 312/312/310 499/499/497
f 1505/1516/1503 656/657/654 1174/1182/1172
f 656/657/654 1600/1614/1598 1174/1182/1172
f 573/573/571 575/575/573 1293/1302/1291
f 1136/1144/1134 573/573/571 1293/1302/1291
f 403/403/401 833/836/831 1450/1461/1448
f 1450/1461/1448 530/530/528 1601/1615/1599
f 80/80/78 888/895/886 942/949/940
f 944/951/942 942/949/940 51/51/51
f 999/1006/997 1063/1070/1061 476/476/474
f 1342/1351/1340 76/76/74 1602/1616/1600
f 683/684/681 682/683/680 1603/1617/1601
f 1603/1617/1601 1165/1173/1163 535/535/533
f 613/613/611 660/661/658 181/181/179
f 613/613/611 181/181/179 611/611/609
f 44/44/44 47/47/47 641/641/639
f 1184/1192/1182 626/626/624 1183/1191/1181
f 111/111/109 1604/1618/1602 1184/1192/1182
f 1184/1192/1182 1605/1619/1603 626/626/624
f 1338/1347/1336 148/148/146 371/371/369
f 369/369/367 371/371/369 1327/1336/1325
f 45/45/45 47/47/47 44/44/44
f 492/492/490 1606/1620/1604 705/708/703
f 492/492/490 844/847/842 1607/1621/1605
f 1076/1083/1074 1608/1622/1606 1077/1084/1075
f 1297/1306/1295 1609/1623/1607 1298/1307/1296
f 1298/1307/1296 1609/1623/1607 967/974/965
f 59/59/59 128/128/126 57/57/57
f 990/997/988 31/31/31 1113/1121/1111
f 988/995/986 1610/1624/1608 266/266/264
f 1527/1538/1525 988/995/986 1528/1539/1526
f 1438/1449/1436 1313/1322/1311 1435/1446/1433
f 1435/1446/1433 1313/1322/1311 1314/1323/1312
f 1442/1453/1440 1379/1388/1377 1038/1045/1036
f 1379/1388/1377 288/288/286 1038/1045/1036
f 1172/1180/1170 1406/1417/1404 900/907/898
f 899/906/897 900/907/898 1406/1417/1404
f 1611/1625/1609 198/198/196 200/200/198
f 1346/1355/1344 1268/1277/1266 198/198/196
f 620/620/618 1612/1626/1610 1613/1627/1611
f 617/617/615 1128/1136/1126 618/618/616
f 459/459/457 1013/1020/1011 1014/1021/1012
f 1118/1126/1116 459/459/457 175/175/173
f 856/862/854 1614/1628/1612 851/854/849
f 1209/1217/1207 378/378/376 206/206/204
f 757/760/755 755/758/753 394/394/392
f 755/758/753 757/760/755 756/759/754
f 1615/1629/1613 1616/1630/1614 1274/1283/1272
f 1274/1283/1272 1616/1630/1614 1275/1284/1273
f 542/542/540 532/532/530 543/543/541
f 596/596/594 1031/1038/1029 542/542/540
f 1235/1243/1233 1617/1631/1615 1085/1092/1083
f 486/486/484 1617/1631/1615 1235/1243/1233
f 1618/1632/1616 592/592/590 1124/1132/1122
f 1124/1132/1122 1548/1561/1546 1142/1150/1140
f 592/592/590 1618/1632/1616 590/590/588
f 441/441/439 1181/1189/1179 1183/1191/1181
f 1619/1633/1617 1036/1043/1034 1480/1491/1478
f 1480/1491/1478 1429/1440/1427 1619/1633/1617
f 344/344/342 11/11/11 598/598/596
f 11/11/11 13/13/13 598/598/596
f 123/123/121 400/400/398 1593/1607/1591
f 1074/1081/1072 123/123/121 1362/1371/1360
f 122/122/120 1620/1634/1618 123/123/121
f 122/122/120 1454/1465/1452 1451/1462/1449
f 389/389/387 1143/1151/1141 390/390/388
f 389/389/387 167/167/165 1621/1635/1619
f 245/245/243 248/248/246 246/246/244
f 948/955/946 238/238/236 955/962/953
f 1283/1292/1281 959/966/957 293/293/291
f 291/291/289 293/293/291 959/966/957
f 1478/1489/1476 1122/1130/1120 1622/1636/1620
f 1622/1636/1620 541/541/539 1479/1490/1477
f 905/912/903 1623/1637/1621 908/915/906
f 1556/1569/1554 908/915/906 1623/1637/1621
f 167/167/165 177/177/175 456/456/454
f 177/177/175 1624/1638/1622 456/456/454
f 1072/1079/1070 891/898/889 1073/1080/1071
f 1625/1639/1623 1465/1476/1463 374/374/372
f 1626/1640/1624 1279/1288/1277 455/455/453
f 1279/1288/1277 1626/1640/1624 1277/1286/1275
f 1416/1427/1414 1153/1161/1151 1417/1428/1415
f 1416/1427/1414 1627/1641/1625 557/557/555
f 1626/1640/1624 1628/1642/1626 1623/1637/1621
f 1556/1569/1554 1623/1637/1621 1628/1642/1626
f 557/557/555 1627/1641/1625 558/558/556
f 1417/1428/1415 125/125/123 558/558/556
f 1601/1615/1599 530/530/528 1629/1643/1627
f 122/122/120 1451/1462/1449 1620/1634/1618
f 353/353/351 1441/1452/1439 1037/1044/1035
f 352/352/350 1441/1452/1439 353/353/351
f 239/239/237 950/957/948 608/608/606
f 238/238/236 1630/1644/1628 239/239/237
f 1036/1043/1034 351/351/349 353/353/351
f 1619/1633/1617 351/351/349 1036/1043/1034
f 1318/1327/1316 320/320/318 322/322/320
f 1318/1327/1316 322/322/320 910/917/908
f 634/634/632 1631/1645/1629 1632/1646/1630
f 1633/1647/1631 162/162/160 161/161/159
f 606/606/604 605/605/603 1634/1648/1632
f 1635/1649/1633 1634/1648/1632 605/605/603
f 978/985/976 980/987/978 982/989/980
f 1324/1333/1322 1325/1334/1323 466/466/464
f 711/714/709 1002/1009/1000 313/313/311
f 711/714/709 1003/1010/1001 1002/1009/1000
f 1636/1650/1634 1324/1333/1322 1323/1332/1321
f 1325/1334/1323 1324/1333/1322 1636/1650/1634
f 534/534/532 1637/1651/1635 532/532/530
f 1638/1652/1636 1478/1489/1476 1639/1653/1637
f 962/969/960 1557/1570/1555 969/976/967
f 105/105/103 1557/1570/1555 1139/1147/1137
f 184/184/182 1640/1654/1638 294/294/292
f 184/184/182 1049/1056/1047 1640/1654/1638
f 1183/1191/1181 626/626/624 439/439/437
f 441/441/439 1183/1191/1181 439/439/437
f 1641/1655/1639 1642/1656/1640 1456/1467/1454
f 1626/1640/1624 243/243/241 1277/1286/1275
f 1626/1640/1624 1623/1637/1621 243/243/241
f 331/331/329 1235/1243/1233 332/332/330
f 332/332/330 1235/1243/1233 1085/1092/1083
f 781/784/779 1223/1231/1221 1166/1174/1164
f 1643/1657/1641 485/485/483 484/484/482
f 485/485/483 1643/1657/1641 1255/1264/1253
f 1345/1354/1343 1268/1277/1266 1018/1025/1016
f 202/202/200 1644/1658/1642 203/203/201
f 984/991/982 1645/1659/1643 1418/1429/1416
f 1453/1464/1451 122/122/120 429/429/427
f 842/845/840 1472/1483/1470 429/429/427
f 237/237/235 1290/1299/1288 1646/1660/1644
f 237/237/235 1646/1660/1644 1567/1581/1565
f 1075/1082/1073 121/121/119 123/123/121
f 426/426/424 1354/1363/1352 1075/1082/1073
f 647/647/645 1243/1251/1241 1521/1532/1519
f 373/373/371 1647/1661/1645 893/900/891
f 951/958/949 953/960/951 256/256/254
f 926/933/924 520/520/518 1648/1662/1646
f 336/336/334 1542/1555/1540 1095/1103/1093
f 1649/1663/1647 37/37/37 1019/1026/1017
f 1135/1143/1133 1136/1144/1134 513/513/511
f 1291/1300/1289 89/89/87 1292/1301/1290
f 1650/1664/1648 448/448/446 86/86/84
f 86/86/84 448/448/446 1492/1503/1490
f 1651/1665/1649 1231/1239/1229 1230/1238/1228
f 1651/1665/1649 773/776/771 667/668/665
f 1566/1580/1564 1652/1666/1650 1653/1667/1651
f 1566/1580/1564 987/994/985 1654/1668/1652
f 423/423/421 422/422/420 594/594/592
f 423/423/421 594/594/592 1412/1423/1410
f 1179/1187/1177 1655/1669/1653 1656/1670/1654
f 1655/1669/1653 424/424/422 780/783/778
f 890/897/888 1286/1295/1284 185/185/183
f 1285/1294/1283 185/185/183 1286/1295/1284
f 1656/1670/1654 1042/1049/1040 20/20/20
f 1656/1670/1654 1655/1669/1653 1042/1049/1040
f 1657/1671/1655 466/466/464 468/468/466
f 1324/1333/1322 466/466/464 1657/1671/1655
f 496/496/494 298/298/296 1062/1069/1060
f 847/850/845 846/849/844 848/851/846
f 1111/1119/1109 570/570/568 1658/1672/1656
f 985/992/983 1418/1429/1416 1659/1673/1657
f 407/407/405 976/983/974 800/803/798
f 44/44/44 42/42/42 45/45/45
f 815/818/813 816/819/814 55/55/55
f 56/56/56 810/813/808 587/587/585
f 867/874/865 1660/1674/1658 726/729/724
f 652/653/650 691/692/689 1565/1579/1563
f 652/653/650 692/694/690 691/692/689
f 1408/1419/1406 902/909/900 901/908/899
f 345/345/343 895/902/893 628/628/626
f 1070/1077/1068 1661/1675/1659 1071/1078/1069
f 1072/1079/1070 892/899/890 891/898/889
f 1167/1175/1165 1223/1231/1221 1165/1173/1163
f 1165/1173/1163 210/210/208 212/212/210
f 851/854/849 1614/1628/1612 64/64/64
f 1494/1505/1492 1493/1504/1491 50/50/50
f 50/50/50 32/32/32 1494/1505/1492
f 48/48/48 50/50/50 1493/1504/1491
f 334/334/332 53/53/53 52/52/52
f 53/53/53 334/334/332 1458/1469/1456
f 162/162/160 474/474/472 1662/1676/1660
f 474/474/472 1082/1089/1080 437/437/435
f 1040/1047/1038 790/793/788 789/792/787
f 86/86/84 1492/1503/1490 87/87/85
f 836/839/834 1663/1677/1661 320/320/318
f 653/654/651 1175/1183/1173 654/655/652
f 1506/1517/1504 1505/1516/1503 1175/1183/1173
f 1126/1134/1124 710/713/708 709/712/707
f 1341/1350/1339 1126/1134/1124 315/315/313
f 222/222/220 933/940/931 934/941/932
f 221/221/219 1148/1156/1146 222/222/220
f 1664/1678/1662 220/220/218 219/219/217
f 1664/1678/1662 219/219/217 1433/1444/1431
f 782/785/780 764/767/762 1665/1679/1663
f 1665/1679/1663 764/767/762 526/526/524
f 819/822/817 818/821/816 1666/1680/1664
f 565/565/563 566/566/564 409/409/407
f 868/875/866 1667/1681/1665 869/876/867
f 871/878/869 131/131/129 251/251/249
f 1546/1559/1544 1547/1560/1545 1668/1682/1666
f 1390/1399/1388 1388/1397/1386 1669/1683/1667
f 1228/1236/1226 1227/1235/1225 1670/1684/1668
f 1671/1685/1669 179/179/177 703/706/701
f 1672/1686/1670 1671/1685/1669 703/706/701
f 1672/1686/1670 616/616/614 617/617/615
f 1672/1686/1670 703/706/701 1129/1137/1127
f 1672/1686/1670 1129/1137/1127 616/616/614
f 1129/1137/1127 614/614/612 616/616/614
f 1294/1303/1292 720/723/718 93/93/91
f 91/91/89 93/93/91 720/723/718
f 680/681/678 248/248/246 717/720/715
f 35/35/35 1673/1687/1671 720/723/718
f 1674/1688/1672 326/326/324 325/325/323
f 35/35/35 1502/1513/1500 1673/1687/1671
f 1502/1513/1500 35/35/35 34/34/34
f 667/668/665 669/670/667 1675/1689/1673
f 1675/1689/1673 265/265/263 264/264/262
f 642/642/640 1676/1690/1674 643/643/641
f 1215/1223/1213 1015/1022/1013 642/642/640
f 1587/1601/1585 1145/1153/1143 1308/1317/1306
f 752/755/750 450/450/448 1145/1153/1143
f 1049/1056/1047 1178/1186/1176 612/612/610
f 1336/1345/1334 1335/1344/1333 514/514/512
f 233/233/231 514/514/512 939/946/937
f 200/200/198 532/532/530 1031/1038/1029
f 1031/1038/1029 532/532/530 542/542/540
f 532/532/530 1677/1691/1675 533/533/531
f 1381/1390/1379 287/287/285 286/286/284
f 796/799/794 794/797/792 431/431/429
f 884/891/882 883/890/881 1678/1692/1676
f 696/699/694 467/467/465 694/697/692
f 1679/1693/1677 1680/1694/1678 467/467/465
f 1681/1695/1679 1682/1696/1680 983/990/981
f 602/602/600 239/239/237 1683/1697/1681
f 696/699/694 474/474/472 467/467/465
f 474/474/472 1081/1088/1079 1684/1698/1682
f 81/81/79 1685/1699/1683 79/79/77
f 79/79/77 1685/1699/1683 857/864/855
f 511/511/509 577/577/575 512/512/510
f 577/577/575 1686/1700/1684 512/512/510
f 588/588/586 723/726/721 13/13/13
f 12/12/12 588/588/586 13/13/13
f 275/275/273 274/274/272 1369/1378/1367
f 1687/1701/1685 278/278/276 1481/1492/1479
f 1544/1557/1542 1115/1123/1113 1688/1702/1686
f 1115/1123/1113 1689/1703/1687 1688/1702/1686
f 1690/1704/1688 1691/1705/1689 1302/1311/1300
f 1391/1400/1389 372/372/370 1392/1402/1390
f 1391/1400/1389 1243/1252/1241 372/372/370
f 705/708/703 1606/1620/1604 1692/1706/1690
f 1692/1706/1690 1516/1527/1514 705/708/703
f 1200/1208/1198 1693/1707/1691 37/37/37
f 37/37/37 1693/1707/1691 38/38/38
f 374/374/372 1465/1476/1463 1464/1475/1462
f 537/537/535 374/374/372 1396/1407/1394
f 374/374/372 1467/1478/1465 1396/1407/1394
f 1397/1408/1395 1467/1478/1465 1466/1477/1464
f 826/829/824 821/824/819 827/830/825
f 1694/1708/1692 829/832/827 827/830/825
f 523/523/521 516/516/514 994/1001/992
f 258/258/256 1695/1709/1693 259/259/257
f 1098/1106/1096 177/177/175 176/176/174
f 177/177/175 1696/1710/1694 1624/1638/1622
f 897/904/895 1490/1501/1488 5/5/5
f 897/904/895 5/5/5 4/4/4
f 289/289/287 1521/1532/1519 1391/1401/1389
f 1589/1603/1587 1391/1401/1389 1393/1403/1391
f 1697/1711/1695 290/290/288 1589/1603/1587
f 1038/1045/1036 290/290/288 686/687/684
f 822/825/820 183/183/181 1285/1294/1283
f 1285/1294/1283 183/183/181 185/185/183
f 1150/1158/1148 7/7/7 732/735/730
f 1469/1480/1467 738/741/736 1698/1712/1696
f 9/9/9 701/704/699 10/10/10
f 700/703/698 1684/1698/1682 1081/1088/1079
f 1063/1070/1061 215/215/213 476/476/474
f 1637/1651/1635 534/534/532 1638/1652/1636
f 521/521/519 418/418/416 519/519/517
f 521/521/519 927/934/925 418/418/416
f 1699/1713/1697 137/137/135 178/178/176
f 1672/1686/1670 617/617/615 1671/1685/1669
f 1700/1714/1698 72/72/70 75/75/73
f 964/971/962 1463/1474/1461 63/63/63
f 840/843/838 1367/1376/1365 838/841/836
f 1461/1472/1459 1460/1471/1458 307/307/305
f 904/911/902 135/135/133 134/134/132
f 208/208/206 787/790/785 886/893/884
f 787/790/785 1180/1188/1178 886/893/884
f 693/696/691 146/146/144 370/370/368
f 1701/1715/1699 1202/1210/1200 1201/1209/1199
f 929/936/927 931/938/929 433/433/431
f 1473/1484/1471 579/579/577 1702/1716/1700
f 673/674/671 1570/1584/1568 1010/1017/1008
f 1555/1568/1553 1009/1016/1007 673/674/671
f 590/590/588 591/591/589 593/593/591
f 1248/1257/1246 591/591/589 1249/1258/1247
f 1572/1586/1570 1703/1717/1701 737/740/735
f 60/60/60 1704/1718/1702 30/30/30
f 696/699/694 695/698/693 698/701/696
f 698/701/696 1705/1719/1703 1706/1720/1704
f 1706/1720/1704 343/343/341 1707/1721/1705
f 1705/1719/1703 1708/1722/1706 1706/1720/1704
f 1572/1586/1570 732/735/730 1703/1717/1701
f 735/738/733 732/735/730 1537/1548/1535
f 343/343/341 993/1000/991 471/471/469
f 1034/1041/1032 993/1000/991 1708/1722/1706
f 1612/1626/1610 1709/1723/1707 618/618/616
f 1498/1509/1496 1497/1508/1495 1250/1259/1248
f 482/482/480 412/412/410 411/411/409
f 383/383/381 968/975/966 960/967/958
f 1382/1391/1380 968/975/966 383/383/381
f 82/82/80 1025/1032/1023 1024/1031/1022
f 1025/1032/1023 1482/1493/1480 1024/1031/1022
f 451/451/449 525/525/523 452/452/450
f 96/96/94 525/525/523 451/451/449
f 1710/1724/1708 1443/1454/1441 688/689/686
f 160/160/158 1710/1724/1708 959/966/957
f 741/744/739 1711/1725/1709 465/465/463
f 1711/1725/1709 741/744/739 740/743/738
f 959/966/957 1710/1724/1708 291/291/289
f 291/291/289 687/688/685 292/292/290
f 766/769/764 765/768/763 899/906/897
f 766/769/764 1675/1689/1673 264/264/262
f 1001/1008/999 1712/1726/1710 918/925/916
f 1713/1727/1711 1712/1726/1710 999/1006/997
f 1712/1726/1710 917/924/915 918/925/916
f 1602/1616/1600 917/924/915 1712/1726/1710
f 772/775/770 850/853/848 14/14/14
f 991/998/989 992/999/990 1206/1214/1204
f 1272/1281/1270 991/998/989 1206/1214/1204
f 73/73/71 889/896/887 74/74/72
f 1172/1180/1170 1714/1728/1712 494/494/492
f 1172/1180/1170 1040/1047/1038 1714/1728/1712
f 1080/1087/1078 655/656/653 657/658/655
f 1080/1087/1078 1505/1516/1503 1506/1517/1504
f 637/637/635 631/631/629 638/638/636
f 1265/1274/1263 1266/1275/1264 1263/1272/1261
f 1715/1729/1713 256/256/254 255/255/253
f 951/958/949 256/256/254 1715/1729/1713
f 753/756/751 1716/1730/1714 754/757/752
f 756/759/754 1717/1731/1715 1718/1732/1716
f 1699/1713/1697 178/178/176 1671/1685/1669
f 1671/1685/1669 178/178/176 179/179/177
f 452/452/450 525/525/523 524/524/522
f 763/766/761 762/765/760 1513/1524/1511
f 1188/1196/1186 1187/1195/1185 305/305/303
f 1234/1242/1232 261/261/259 1233/1241/1231
f 384/384/382 674/675/672 1119/1127/1117
f 674/675/672 1010/1017/1008 1119/1127/1117
f 317/317/315 1561/1574/1559 909/916/907
f 728/731/726 1561/1574/1559 317/317/315
f 944/951/942 940/947/938 942/949/940
f 940/947/938 944/951/942 142/142/140
f 1425/1436/1423 1584/1598/1582 818/821/816
f 308/308/306 1585/1599/1583 1276/1285/1274
f 1224/1232/1222 1281/1290/1279 430/430/428
f 1281/1290/1279 1512/1523/1510 1582/1596/1580
f 538/538/536 1719/1733/1717 229/229/227
f 229/229/227 1719/1733/1717 1396/1407/1394
f 1201/1209/1199 433/433/431 1701/1715/1699
f 1201/1209/1199 434/434/432 433/433/431
f 878/885/876 1061/1068/1059 1058/1065/1056
f 875/882/873 877/884/875 878/885/876
f 1059/1066/1057 1159/1167/1157 1060/1067/1058
f 1060/1067/1058 480/480/478 77/77/75
f 1720/1734/1718 358/358/356 1721/1735/1719
f 358/358/356 1720/1734/1718 359/359/357
f 1231/1239/1229 1722/1736/1720 1232/1240/1230
f 1722/1736/1720 563/563/561 1232/1240/1230
f 1610/1624/1608 1566/1580/1564 1653/1667/1651
f 988/995/986 1566/1580/1564 1610/1624/1608
f 1260/1269/1258 715/718/713 561/561/559
f 1232/1240/1230 1260/1269/1258 849/852/847
f 166/166/164 812/815/810 1273/1282/1271
f 165/165/163 1653/1667/1651 166/166/164
f 1262/1271/1260 348/348/346 1231/1239/1229
f 1231/1239/1229 1651/1665/1649 1723/1737/1721
f 339/339/337 1200/1208/1198 1199/1207/1197
f 730/733/728 142/142/140 1168/1176/1166
f 1277/1286/1275 751/754/749 1196/1204/1194
f 768/771/766 751/754/749 1277/1286/1275
f 1492/1503/1490 448/448/446 1495/1506/1493
f 1492/1503/1490 1495/1506/1493 1493/1504/1491
f 590/590/588 1618/1632/1616 441/441/439
f 440/440/438 590/590/588 441/441/439
f 114/114/112 113/113/111 1724/1738/1722
f 1724/1738/1722 1725/1739/1723 1726/1740/1724
f 1310/1319/1308 1727/1741/1725 665/666/663
f 272/272/270 1310/1319/1308 417/417/415
f 1076/1083/1074 1364/1373/1362 1608/1622/1606
f 1608/1622/1606 1364/1373/1362 1361/1370/1359
f 1724/1738/1722 1726/1740/1724 114/114/112
f 1728/1742/1726 1446/1457/1444 1445/1456/1443
f 1650/1664/1648 915/922/913 448/448/446
f 448/448/446 915/922/913 17/17/17
f 1728/1742/1726 1445/1456/1443 235/235/233
f 235/235/233 1445/1456/1443 236/236/234
f 1205/1213/1203 1207/1215/1205 1729/1743/1727
f 724/727/722 1207/1215/1205 811/814/809
f 1333/1342/1331 1479/1490/1477 541/541/539
f 541/541/539 685/686/683 1333/1342/1331
f 1730/1744/1728 1731/1745/1729 462/462/460
f 362/362/360 355/355/353 354/354/352
f 58/58/58 1107/1115/1105 1732/1746/1730
f 58/58/58 1732/1746/1730 1205/1213/1203
f 1730/1744/1728 1340/1349/1338 1731/1745/1729
f 743/746/741 745/748/743 461/461/459
f 554/554/552 553/553/551 193/193/191
f 1012/1019/1010 193/193/191 1013/1020/1011
f 1686/1700/1684 1102/1110/1100 512/512/510
f 1023/1030/1021 368/368/366 1022/1029/1020
f 1047/1054/1045 1046/1053/1044 834/837/832
f 1047/1054/1045 834/837/832 833/836/831
f 1275/1284/1273 1733/1747/1731 998/1005/996
f 834/837/832 1456/1467/1454 1363/1372/1361
f 1734/1748/1732 1735/1749/1733 1736/1750/1734
f 1611/1625/1609 1737/1751/1735 1346/1355/1344
f 1611/1625/1609 1346/1355/1344 198/198/196
f 170/170/168 231/231/229 171/171/169
f 171/171/169 231/231/229 938/945/936
f 788/791/786 40/40/40 1462/1473/1460
f 33/33/33 788/791/786 1462/1473/1460
f 26/26/26 28/28/28 964/971/962
f 50/50/50 788/791/786 32/32/32
f 1492/1503/1490 1494/1505/1492 1738/1752/1736
f 1739/1753/1737 27/27/27 26/26/26
f 1616/1630/1614 1733/1747/1731 1275/1284/1273
f 523/523/521 214/214/212 516/516/514
f 516/516/514 214/214/212 213/213/211
f 600/600/598 1549/1562/1547 866/873/864
f 600/600/598 866/873/864 190/190/188
f 1740/1754/1738 154/154/152 1491/1502/1489
f 1410/1421/1408 1409/1420/1407 1741/1755/1739
f 801/804/799 803/806/801 977/984/975
f 1554/1567/1552 1553/1566/1551 977/984/975
f 695/698/693 1705/1719/1703 698/701/696
f 1034/1041/1032 267/267/265 1035/1042/1033
f 495/495/493 1742/1756/1740 1319/1328/1317
f 507/507/505 1742/1756/1740 1743/1757/1741
f 1414/1425/1412 159/159/157 1550/1563/1548
f 1550/1563/1548 159/159/157 158/158/156
f 702/705/700 1707/1721/1705 342/342/340
f 699/702/697 1707/1721/1705 702/705/700
f 491/491/489 490/490/488 299/299/297
f 490/490/488 707/710/705 299/299/297
f 779/782/777 1522/1533/1520 783/786/781
f 1463/1474/1461 28/28/28 33/33/33
f 546/546/544 1355/1364/1353 327/327/325
f 1004/1011/1002 325/325/323 327/327/325
f 1744/1758/1742 1410/1421/1408 896/903/894
f 1741/1755/1739 896/903/894 1410/1421/1408
f 250/250/248 249/249/247 677/678/675
f 249/249/247 1503/1514/1501 1208/1216/1206
f 1030/1037/1028 110/110/108 1579/1593/1577
f 58/58/58 1106/1114/1104 1107/1115/1105
f 1569/1583/1567 58/58/58 57/57/57
f 1216/1224/1214 1027/1034/1025 722/725/720
f 719/722/717 722/725/720 721/724/719
f 446/446/444 406/406/404 405/405/403
f 446/446/444 405/405/403 1170/1178/1168
f 894/901/892 283/283/281 1745/1759/1743
f 1745/1759/1743 283/283/281 282/282/280
f 779/782/777 783/786/781 780/783/778
f 369/369/367 1327/1336/1325 645/645/643
f 1746/1760/1744 645/645/643 647/648/645
f 645/645/643 1746/1760/1744 369/369/367
f 1090/1097/1088 1564/1578/1562 649/650/647
f 1189/1197/1187 1188/1196/1186 1186/1194/1184
f 1233/1241/1231 1187/1195/1185 1188/1196/1186
f 1090/1097/1088 1565/1579/1563 1564/1578/1562
f 1511/1522/1509 1090/1097/1088 1512/1523/1510
f 747/750/745 197/197/195 113/113/111
f 196/196/194 113/113/111 197/197/195
f 835/838/833 531/531/529 833/836/831
f 835/838/833 1593/1607/1591 400/400/398
f 1450/1461/1448 833/836/831 530/530/528
f 833/836/831 531/531/529 530/530/528
f 211/211/209 210/210/208 817/820/815
f 211/211/209 1401/1412/1399 1747/1762/1745
f 1664/1678/1662 1430/1441/1428 872/879/870
f 1432/1443/1430 872/879/870 1430/1441/1428
f 539/539/537 204/204/202 540/540/538
f 1401/1412/1399 540/540/538 377/377/375
f 996/1003/994 1148/1156/1146 221/221/219
f 241/241/239 996/1003/994 221/221/219
f 676/677/674 603/603/601 415/415/413
f 603/603/601 413/413/411 415/415/413
f 16/16/16 914/921/912 771/774/769
f 448/448/446 449/449/447 1495/1506/1493
f 628/628/626 1748/1763/1746 629/629/627
f 1744/1758/1742 1408/1419/1406 1410/1421/1408
f 659/660/657 329/329/327 1749/1764/1747
f 1749/1764/1747 824/827/822 1750/1765/1748
f 667/668/665 1675/1689/1673 1751/1766/1749
f 1752/1767/1750 1651/1665/1649 667/668/665
f 1033/1040/1031 200/200/198 1031/1038/1029
f 200/200/198 1033/1040/1031 1288/1297/1286
f 871/878/869 1432/1443/1430 1667/1681/1665
f 871/878/869 872/879/870 1753/1768/1751
f 1754/1769/1752 948/955/946 955/962/953
f 717/720/715 1754/1769/1752 955/962/953
f 825/828/823 829/832/827 1694/1708/1692
f 1425/1436/1423 831/834/829 1426/1437/1424
f 66/66/66 65/65/65 1120/1128/1118
f 916/923/914 85/85/83 805/808/803
f 805/808/803 668/669/666 804/807/802
f 1058/1065/1056 1755/1770/1753 875/882/873
f 875/882/873 878/885/876 1058/1065/1056
f 915/922/913 1650/1664/1648 914/921/912
f 805/808/803 804/807/802 916/923/914
f 117/117/115 158/158/156 958/965/956
f 158/158/156 160/160/158 958/965/956
f 584/584/582 62/62/62 585/585/583
f 964/971/962 62/62/62 1756/1771/1754
f 337/337/335 520/520/518 145/145/143
f 995/1002/993 520/520/518 994/1001/992
f 956/963/954 784/787/782 957/964/955
f 1099/1107/1097 1101/1109/1099 956/963/954
f 520/520/518 518/518/516 145/145/143
f 145/145/143 518/518/516 143/143/141
f 957/964/955 1099/1107/1097 956/963/954
f 1529/1540/1527 396/396/394 957/964/955
f 1757/1772/1755 376/376/374 1114/1122/1112
f 30/30/30 1704/1718/1702 1757/1772/1755
f 130/130/128 29/29/29 31/31/31
f 30/30/30 1757/1772/1755 1114/1122/1112
f 1634/1648/1632 1303/1312/1301 606/606/604
f 188/188/186 1194/1202/1192 1195/1203/1193
f 96/96/94 451/451/449 1195/1203/1193
f 30/30/30 1114/1122/1112 31/31/31
f 375/375/373 31/31/31 1114/1122/1112
f 772/775/770 849/852/847 850/853/848
f 1257/1266/1255 890/897/888 889/896/887
f 1256/1265/1254 1257/1266/1255 1258/1267/1256
f 462/462/460 362/362/360 354/354/352
f 1428/1439/1426 462/462/460 1429/1440/1427
f 1084/1091/1082 1085/1092/1083 488/488/486
f 488/488/486 487/487/485 1084/1091/1082
f 890/897/888 487/487/485 1286/1295/1284
f 1256/1265/1254 1084/1091/1082 487/487/485
f 328/328/326 712/715/710 713/716/711
f 328/328/326 330/330/328 1286/1295/1284
f 912/919/910 1283/1292/1281 1282/1291/1280
f 1552/1565/1550 117/117/115 1283/1292/1281
f 487/487/485 712/715/710 1286/1295/1284
f 328/328/326 1286/1295/1284 712/715/710
f 1205/1213/1203 811/814/809 1207/1215/1205
f 1732/1746/1730 587/587/585 1205/1213/1203
f 830/833/828 832/835/830 218/218/216
f 1422/1433/1420 1419/1430/1417 1420/1431/1418
f 1335/1344/1333 939/946/937 514/514/512
f 935/942/933 939/946/937 936/943/934
f 51/51/51 857/864/855 52/52/52
f 52/52/52 857/864/855 851/855/849
f 1645/1659/1643 1758/1773/1756 1759/1774/1757
f 1759/1774/1757 1760/1775/1758 1761/1776/1759
f 865/872/863 1316/1325/1314 1317/1326/1315
f 860/867/858 1762/1777/1760 861/868/859
f 5/5/5 1490/1501/1488 508/508/506
f 508/508/506 1575/1589/1573 1574/1588/1572
f 1101/1109/1099 176/176/174 1444/1455/1442
f 1101/1109/1099 1444/1455/1442 956/963/954
f 1016/1023/1014 643/643/641 1676/1690/1674
f 643/643/641 1016/1023/1014 1331/1340/1329
f 552/552/550 287/287/285 1381/1390/1379
f 552/552/550 352/352/350 351/351/349
f 931/938/929 1701/1715/1699 433/433/431
f 931/938/929 1141/1149/1139 1763/1778/1761
f 105/105/103 1140/1148/1138 1141/1149/1139
f 1763/1778/1761 1141/1149/1139 961/968/959
f 15/15/15 1091/1098/1089 23/23/23
f 144/144/142 1468/1479/1466 738/741/736
f 739/742/737 738/741/736 1468/1479/1466
f 1094/1102/1092 1093/1101/1091 1523/1534/1521
f 1092/1100/1090 1523/1534/1521 1727/1741/1725
f 1402/1413/1400 376/376/374 1468/1479/1466
f 739/742/737 1468/1479/1466 376/376/374
f 257/257/255 1094/1102/1092 1092/1100/1090
f 1092/1100/1090 1094/1102/1092 1523/1534/1521
f 389/389/387 1621/1635/1619 1143/1151/1141
f 1143/1151/1141 1548/1561/1546 1144/1152/1142
f 1383/1392/1381 1246/1255/1244 968/975/966
f 973/980/971 972/979/970 379/379/377
f 163/163/161 1662/1676/1660 436/436/434
f 162/162/160 1662/1676/1660 163/163/161
f 745/748/743 740/743/738 360/360/358
f 740/743/738 658/659/656 360/360/358
f 134/134/132 905/912/903 904/911/902
f 905/912/903 244/244/242 556/556/554
f 1392/1402/1390 372/372/370 537/537/535
f 1399/1410/1397 537/537/535 1163/1171/1161
f 434/434/432 1764/1779/1762 1245/1254/1243
f 1245/1254/1243 1764/1779/1762 962/969/960
f 281/281/279 280/280/278 1228/1236/1226
f 807/810/805 585/585/583 62/62/62
f 1733/1747/1731 1273/1282/1271 1272/1281/1270
f 998/1005/996 1272/1281/1270 1206/1214/1204
f 1054/1061/1052 1253/1262/1251 1765/1780/1763
f 1275/1284/1273 998/1005/996 723/726/721
f 1733/1747/1731 1272/1281/1270 998/1005/996
f 1023/1030/1021 1766/1781/1764 1767/1782/1765
f 759/762/757 1102/1110/1100 1597/1611/1595
f 759/762/757 503/503/501 505/505/503
f 759/762/757 1597/1611/1595 1598/1612/1596
f 1526/1537/1524 1680/1694/1678 1679/1693/1677
f 1270/1279/1268 1531/1542/1529 1526/1537/1524
f 469/469/467 1768/1783/1766 470/470/468
f 635/635/633 634/634/632 1769/1784/1767
f 1632/1646/1630 1633/1647/1631 1770/1785/1768
f 1769/1784/1767 1770/1785/1768 1768/1783/1766
f 414/414/412 250/250/248 415/415/413
f 246/246/244 248/248/246 250/250/248
f 271/271/269 1727/1741/1725 272/272/270
f 1310/1319/1308 272/272/270 1727/1741/1725
f 1752/1767/1750 667/668/665 1771/1786/1769
f 1152/1160/1150 809/812/807 346/346/344
f 888/895/886 51/51/51 942/949/940
f 51/51/51 858/865/856 857/864/855
f 1040/1047/1038 1772/1787/1770 790/793/788
f 1738/1752/1736 790/793/788 1772/1787/1770
f 171/171/169 938/945/936 381/381/379
f 435/435/433 971/978/969 973/980/971
f 72/72/70 484/484/482 1258/1267/1256
f 1258/1267/1256 1083/1090/1081 1256/1265/1254
f 1773/1788/1771 938/945/936 935/942/933
f 1773/1788/1771 973/980/971 938/945/936
f 1738/1752/1736 27/27/27 1739/1753/1737
f 1738/1752/1736 1739/1753/1737 790/793/788
f 1443/1454/1441 1710/1724/1708 160/160/158
f 558/558/556 1443/1454/1441 559/559/557
f 767/770/765 306/306/304 1187/1195/1185
f 767/770/765 769/772/767 306/306/304
f 1320/1329/1318 586/586/584 298/298/296
f 965/972/963 151/151/149 791/794/789
f 1276/1285/1274 1585/1599/1583 1006/1013/1004
f 768/771/766 769/772/767 767/770/765
f 1345/1354/1343 1017/1024/1015 198/198/196
f 1174/1182/1172 1600/1614/1598 1177/1185/1175
f 963/970/961 1202/1210/1200 961/968/959
f 1763/1778/1761 961/968/959 1202/1210/1200
f 456/456/454 625/625/623 1218/1226/1216
f 1218/1226/1216 625/625/623 1219/1227/1217
f 1593/1607/1591 1363/1372/1361 1362/1371/1360
f 1362/1371/1360 123/123/121 1593/1607/1591
f 107/107/105 581/581/579 579/579/577
f 579/579/577 1473/1484/1471 1774/1789/1772
f 232/232/230 1588/1602/1586 233/233/231
f 233/233/231 1588/1602/1586 514/514/512
f 301/301/299 1029/1036/1027 1028/1035/1026
f 1029/1036/1027 301/301/299 844/847/842
f 749/752/747 777/780/775 393/393/391
f 393/393/391 1365/1374/1363 1356/1365/1354
f 1775/1790/1773 367/367/365 232/232/230
f 367/367/365 498/498/496 497/497/495
f 1472/1483/1470 1453/1464/1451 429/429/427
f 1472/1483/1470 663/664/661 529/529/527
f 311/311/309 747/750/745 312/312/310
f 311/311/309 1359/1368/1357 747/750/745
f 285/285/283 650/651/648 648/649/646
f 648/649/646 1521/1532/1519 289/289/287
f 463/463/461 429/429/427 121/121/119
f 1354/1363/1352 121/121/119 1075/1082/1073
f 387/387/385 853/859/851 127/127/125
f 856/862/854 387/387/385 1614/1628/1612
f 1217/1225/1215 1219/1227/1217 625/625/623
f 1580/1594/1578 1219/1227/1217 621/621/619
f 39/39/39 1020/1027/1018 1524/1535/1522
f 401/401/399 403/403/401 1020/1027/1018
f 1089/1096/1087 403/403/401 1595/1609/1593
f 1595/1609/1593 403/403/401 1450/1461/1448
f 252/252/250 254/254/252 220/220/218
f 1687/1701/1685 180/180/178 182/182/180
f 252/252/250 1664/1678/1662 872/879/870
f 1664/1678/1662 252/252/250 220/220/218
f 1675/1689/1673 669/670/667 265/265/263
f 85/85/83 806/809/804 805/808/803
f 610/610/608 609/609/607 1301/1310/1299
f 1682/1696/1680 1681/1695/1679 1683/1697/1681
f 694/697/692 267/267/265 695/698/693
f 1034/1041/1032 695/698/693 267/267/265
f 1682/1696/1680 1683/1697/1681 1301/1310/1299
f 1776/1791/1774 1486/1497/1484 1777/1792/1775
f 1486/1497/1484 170/170/168 1777/1792/1775
f 785/788/783 422/422/420 424/424/422
f 1179/1187/1177 786/789/784 785/788/783
f 1655/1669/1653 1179/1187/1177 424/424/422
f 1179/1187/1177 785/788/783 424/424/422
f 776/779/774 1776/1791/1774 1777/1792/1775
f 393/393/391 1356/1365/1354 776/779/774
f 797/800/795 796/799/794 551/551/549
f 1429/1440/1427 797/800/795 551/551/549
f 934/941/932 661/662/659 663/664/661
f 1472/1483/1470 1471/1482/1469 663/664/661
f 409/409/407 1460/1471/1458 407/407/405
f 409/409/407 566/566/564 1460/1471/1458
f 1423/1434/1421 297/297/295 1222/1230/1220
f 297/297/295 296/296/294 1222/1230/1220
f 748/751/746 314/314/312 749/752/747
f 874/881/872 314/314/312 313/313/311
f 749/752/747 314/314/312 874/881/872
f 749/752/747 874/881/872 1530/1541/1528
f 1473/1484/1471 1474/1485/1472 715/718/713
f 22/22/22 886/893/884 1180/1188/1178
f 20/20/20 22/22/22 1656/1670/1654
f 1660/1674/1658 810/813/808 56/56/56
f 724/727/722 810/813/808 725/728/723
f 470/470/468 1768/1783/1766 90/90/88
f 90/90/88 106/106/104 470/470/468
f 1263/1272/1261 1769/1784/1767 469/469/467
f 1769/1784/1767 1768/1783/1766 469/469/467
f 1132/1140/1130 576/576/574 511/511/509
f 1135/1143/1133 1132/1140/1130 1134/1142/1132
f 160/160/158 559/559/557 1443/1454/1441
f 159/159/157 559/559/557 160/160/158
f 800/803/798 799/802/797 1476/1487/1474
f 1778/1793/1776 1237/1245/1235 882/889/880
f 468/468/466 474/474/472 1779/1794/1777
f 1631/1645/1629 1780/1795/1778 1632/1646/1630
f 383/383/381 1127/1135/1125 1382/1391/1380
f 176/176/174 1100/1108/1098 1127/1135/1125
f 898/905/896 4/4/4 1378/1387/1376
f 898/905/896 897/904/895 4/4/4
f 1173/1181/1171 1423/1434/1421 671/672/669
f 1571/1585/1569 1011/1018/1009 1010/1017/1008
f 1213/1221/1211 1440/1451/1438 1226/1234/1224
f 438/438/436 8/8/8 103/103/101
f 437/437/435 8/8/8 438/438/436
f 678/679/676 102/102/100 1216/1224/1214
f 569/569/567 100/100/98 102/102/100
f 915/922/913 18/18/18 17/17/17
f 19/19/19 18/18/18 25/25/25
f 328/328/326 713/716/711 1186/1194/1184
f 1189/1197/1187 1186/1194/1184 713/716/711
f 127/127/125 852/856/850 1539/1550/1537
f 852/856/850 127/127/125 853/859/851
f 358/358/356 489/489/487 1781/1796/1779
f 489/489/487 1389/1398/1387 1781/1796/1779
f 627/627/625 1337/1346/1335 628/628/626
f 981/988/979 980/987/978 1151/1159/1149
f 1721/1735/1719 358/358/356 1781/1796/1779
f 183/183/181 1048/1055/1046 184/184/182
f 1048/1055/1046 183/183/181 1287/1296/1285
f 1553/1566/1551 801/804/799 977/984/975
f 907/914/905 908/915/906 801/804/799
f 952/959/950 520/520/518 337/337/335
f 952/959/950 337/337/335 1198/1206/1196
f 883/890/881 877/884/875 876/883/874
f 877/884/875 1372/1381/1370 885/892/883
f 1767/1782/1765 1766/1781/1764 1686/1700/1684
f 368/368/366 1103/1111/1101 366/366/364
f 756/759/754 1716/1730/1714 753/756/751
f 756/759/754 753/756/751 755/758/753
f 952/959/950 1198/1206/1196 953/960/951
f 1199/1207/1197 1169/1177/1167 335/335/333
f 1717/1731/1715 756/759/754 758/761/756
f 1315/1324/1313 1717/1731/1715 758/761/756
f 1311/1320/1309 920/927/918 1782/1797/1780
f 1436/1447/1434 1435/1446/1433 1314/1323/1312
f 1181/1189/1179 169/169/167 1182/1190/1180
f 1182/1190/1180 169/169/167 168/168/166
f 168/168/166 443/443/441 1182/1190/1180
f 1182/1190/1180 443/443/441 1183/1191/1181
f 1783/1798/1781 237/237/235 140/140/138
f 1784/1799/1782 1783/1798/1781 140/140/138
f 1289/1298/1287 573/573/571 1134/1142/1132
f 1463/1474/1461 1367/1376/1365 63/63/63
f 1366/1375/1364 63/63/63 1367/1376/1365
f 860/867/858 1552/1565/1550 863/870/861
f 1762/1777/1760 860/867/858 863/870/861
f 640/640/638 44/44/44 641/641/639
f 1768/1783/1766 88/88/86 90/90/88
f 161/161/159 88/88/86 1633/1647/1631
f 114/114/112 501/501/499 112/112/110
f 112/112/110 501/501/499 499/499/497
f 761/764/759 419/419/417 418/418/416
f 1517/1528/1515 419/419/417 1563/1576/1561
f 597/597/595 544/544/542 1785/1800/1783
f 682/683/680 1332/1341/1330 1334/1343/1332
f 1412/1423/1410 597/597/595 1413/1424/1411
f 597/597/595 1785/1800/1783 1413/1424/1411
f 1412/1423/1410 596/596/594 597/597/595
f 1031/1038/1029 596/596/594 1032/1039/1030
f 1499/1510/1497 1498/1509/1496 410/410/408
f 1475/1486/1473 1499/1510/1497 410/410/408
f 1034/1041/1032 1035/1042/1033 472/472/470
f 1615/1629/1613 164/164/162 1273/1282/1271
f 1106/1114/1104 58/58/58 1786/1801/1784
f 1104/1112/1102 1106/1114/1104 1786/1801/1784
f 777/780/775 746/749/744 1787/1802/1785
f 1359/1368/1357 1360/1369/1358 1787/1802/1785
f 746/749/744 747/750/745 1359/1368/1357
f 1787/1802/1785 746/749/744 1359/1368/1357
f 664/665/662 666/667/664 1559/1572/1557
f 1587/1601/1585 1308/1317/1306 664/665/662
f 1786/1801/1784 58/58/58 1569/1583/1567
f 1095/1103/1093 257/257/255 336/336/334
f 257/257/255 1095/1103/1093 1094/1102/1092
f 1060/1067/1058 77/77/75 1342/1351/1340
f 1342/1351/1340 77/77/75 76/76/74
f 284/284/282 892/899/890 728/731/726
f 728/731/726 316/316/314 1439/1450/1437
f 78/78/76 479/479/477 924/931/922
f 480/480/478 479/479/477 78/78/76
f 1004/1011/1002 327/327/325 1355/1364/1353
f 1002/1009/1000 1004/1011/1002 323/323/321
f 1005/1012/1003 1003/1010/1001 711/714/709
f 1248/1257/1246 1004/1011/1002 1003/1010/1001
f 15/15/15 25/25/25 18/18/18
f 341/341/339 295/295/293 1423/1434/1421
f 341/341/339 1423/1434/1421 1173/1181/1171
f 118/118/116 120/120/118 1281/1290/1279
f 1281/1290/1279 120/120/118 1511/1522/1509
f 601/601/599 600/600/598 1050/1057/1048
f 190/190/188 1050/1057/1048 600/600/598
f 654/655/652 1280/1289/1278 1224/1232/1222
f 1224/1232/1222 1280/1289/1278 1281/1290/1279
f 318/318/316 1312/1321/1310 1311/1320/1309
f 318/318/316 911/918/909 1312/1321/1310
f 1749/1764/1747 305/305/303 304/304/302
f 1749/1764/1747 1007/1014/1005 824/827/822
f 1437/1448/1435 1436/1447/1434 319/319/317
f 319/319/317 1782/1797/1780 920/927/918
f 1316/1325/1314 922/929/920 227/227/225
f 1497/1508/1495 227/227/225 922/929/920
f 192/192/190 1014/1021/1012 193/193/191
f 457/457/455 1014/1021/1012 1599/1613/1597
f 1299/1308/1297 1294/1303/1292 1300/1309/1298
f 1300/1309/1298 1294/1303/1292 93/93/91
f 1041/1048/1039 260/260/258 1376/1385/1374
f 1351/1360/1349 1352/1361/1350 260/260/258
f 371/371/369 148/148/146 1328/1337/1326
f 148/148/146 1788/1803/1786 1328/1337/1326
f 454/454/452 1147/1155/1145 996/1003/994
f 454/454/452 996/1003/994 455/455/453
f 187/187/185 1375/1384/1373 188/188/186
f 1041/1048/1039 1376/1385/1374 1375/1384/1373
f 1375/1384/1373 1043/1050/1041 94/94/92
f 1191/1199/1189 94/94/92 1043/1050/1041
f 1512/1523/1510 651/652/649 1583/1597/1581
f 1512/1523/1510 1090/1097/1088 651/652/649
f 1386/1395/1384 1389/1398/1387 1240/1248/1238
f 1240/1248/1238 1239/1247/1237 1385/1394/1383
f 1176/1184/1174 654/655/652 1174/1182/1172
f 654/655/652 1176/1184/1174 1789/1804/1787
f 1711/1725/1709 842/845/840 465/465/463
f 463/463/461 465/465/463 842/845/840
f 1790/1805/1788 377/377/375 1210/1218/1208
f 31/31/31 1790/1805/1788 1210/1218/1208
f 1518/1529/1516 1563/1576/1561 762/765/760
f 783/786/781 1518/1529/1516 762/765/760
f 1500/1511/1498 1160/1168/1158 879/886/877
f 1158/1166/1156 1251/1260/1249 481/481/479
f 290/290/288 289/289/287 1589/1603/1587
f 1589/1603/1587 289/289/287 1391/1401/1389
f 587/587/585 810/813/808 811/814/809
f 587/587/585 811/814/809 1205/1213/1203
f 1113/1121/1111 59/59/59 1729/1743/1727
f 59/59/59 1205/1213/1203 1729/1743/1727
f 1381/1390/1379 1380/1389/1378 1441/1452/1439
f 1441/1452/1439 1380/1389/1378 1379/1388/1377
f 129/129/127 128/128/126 1113/1121/1111
f 1113/1121/1111 128/128/126 59/59/59
f 114/114/112 502/502/500 501/501/499
f 114/114/112 1791/1806/1789 502/502/500
f 229/229/227 1396/1407/1394 1397/1408/1395
f 1396/1407/1394 1467/1478/1465 1397/1408/1395
f 947/954/945 1302/1311/1300 1306/1315/1304
f 609/609/607 1635/1649/1633 605/605/603
f 1028/1035/1026 394/394/392 301/301/299
f 394/394/392 1028/1035/1026 757/760/755
f 499/499/497 234/234/232 1022/1029/1020
f 499/499/497 501/501/499 234/234/232
f 202/202/200 201/201/199 483/483/481
f 483/483/481 1085/1092/1083 1084/1091/1082
f 1085/1092/1083 483/483/481 201/201/199
f 260/260/258 1085/1092/1083 201/201/199
f 1329/1338/1327 1792/1807/1790 1330/1339/1328
f 1440/1451/1438 1212/1220/1210 1211/1219/1209
f 406/406/404 1674/1688/1672 404/404/402
f 1422/1433/1420 830/833/828 218/218/216
f 1426/1437/1424 830/833/828 1422/1433/1420
f 1311/1320/1309 1782/1797/1780 1314/1323/1312
f 318/318/316 1311/1320/1309 1314/1323/1312
f 841/844/839 1212/1220/1210 1213/1221/1211
f 1016/1023/1014 1330/1339/1328 1331/1340/1329
f 402/402/400 1252/1261/1250 403/403/401
f 1044/1051/1042 1252/1261/1250 402/402/400
f 553/553/551 1793/1808/1791 194/194/192
f 1794/1809/1792 1793/1808/1791 553/553/551
f 115/115/113 860/867/858 862/869/860
f 882/889/880 1237/1245/1235 115/115/113
f 578/578/576 1702/1716/1700 579/579/577
f 1795/1810/1793 1702/1716/1700 578/578/576
f 247/247/245 946/953/944 949/956/947
f 1692/1706/1690 1606/1620/1604 1514/1525/1512
f 1607/1621/1605 1384/1393/1382 1239/1247/1237
f 154/154/152 494/494/492 506/506/504
f 154/154/152 1489/1500/1487 897/904/895
f 1589/1603/1587 1393/1403/1391 1590/1604/1588
f 1395/1406/1393 1590/1604/1588 1398/1409/1396
f 1393/1404/1391 1399/1410/1397 1398/1409/1396
f 1590/1604/1588 1393/1403/1391 1398/1409/1396
f 1269/1278/1267 1346/1355/1344 1737/1751/1735
f 1269/1278/1267 1737/1751/1735 208/208/206
f 666/667/664 1560/1573/1558 527/527/525
f 1021/1028/1019 666/667/664 690/691/688
f 948/955/946 247/247/245 949/956/947
f 619/619/617 1699/1713/1697 617/617/615
f 617/617/615 1699/1713/1697 1671/1685/1669
f 461/461/459 745/748/743 1730/1744/1728
f 462/462/460 461/461/459 1730/1744/1728
f 210/210/208 684/685/682 540/540/538
f 1603/1617/1601 210/210/208 1165/1173/1163
f 1040/1047/1038 789/792/787 1714/1728/1712
f 1326/1335/1324 789/792/787 149/149/147
f 191/191/189 727/730/725 189/189/187
f 815/818/813 1796/1811/1794 727/730/725
f 295/295/293 1400/1411/1398 296/296/294
f 671/672/669 1797/1812/1795 1011/1018/1009
f 1173/1181/1171 671/672/669 1011/1018/1009
f 242/242/240 136/136/134 1276/1285/1274
f 242/242/240 1276/1285/1274 769/772/767
f 769/772/767 1798/1813/1796 304/304/302
f 1276/1285/1274 1798/1813/1796 769/772/767
f 1742/1756/1740 495/495/493 1743/1757/1741
f 495/495/493 496/496/494 1743/1757/1741
f 819/822/817 881/888/879 410/410/408
f 881/888/879 819/822/817 1666/1680/1664
f 1427/1438/1425 692/694/690 652/653/650
f 1744/1758/1742 896/903/894 989/996/987
f 629/629/627 1748/1763/1746 989/996/987
f 1669/1683/1667 1546/1559/1544 1668/1682/1666
f 1539/1550/1537 1540/1552/1538 859/866/857
f 1539/1550/1537 859/866/857 127/127/125
f 778/781/776 1530/1541/1528 545/545/543
f 778/781/776 545/545/543 746/749/744
f 1181/1189/1179 1142/1150/1140 169/169/167
f 1618/1632/1616 1181/1189/1179 441/441/439
f 624/624/622 458/458/456 457/457/455
f 457/457/455 1599/1613/1597 624/624/622
f 729/732/727 1439/1450/1437 1438/1449/1436
f 282/282/280 729/732/727 1466/1477/1464
f 729/732/727 1438/1449/1436 1466/1477/1464
f 1434/1445/1432 1397/1408/1395 1466/1477/1464
f 292/292/290 1395/1406/1393 1162/1170/1160
f 293/293/291 292/292/290 538/538/536
f 49/49/49 1057/1064/1055 50/50/50
f 292/292/290 1162/1170/1160 538/538/536
f 538/538/536 1162/1170/1160 1719/1733/1717
f 1500/1511/1498 1251/1260/1249 1158/1166/1156
f 1251/1260/1249 1500/1511/1498 251/251/249
f 1093/1101/1091 1524/1535/1522 690/691/688
f 1210/1218/1208 377/377/375 204/204/202
f 204/204/202 377/377/375 540/540/538
f 1179/1187/1177 1656/1670/1654 1180/1188/1178
f 22/22/22 1180/1188/1178 1656/1670/1654
f 114/114/112 1726/1740/1724 1791/1806/1789
f 737/740/735 1703/1717/1701 1469/1480/1467
f 338/338/336 1469/1480/1467 735/738/733
f 1703/1717/1701 732/735/730 735/738/733
f 1703/1717/1701 735/738/733 1469/1480/1467
f 1371/1380/1369 885/892/883 1372/1381/1370
f 1371/1380/1369 252/252/250 477/477/475
f 1799/1814/1797 320/320/318 728/731/726
f 1799/1814/1797 836/839/834 320/320/318
f 357/357/355 359/359/357 1800/1815/1798
f 1242/1250/1240 357/357/355 1516/1527/1514
f 893/900/891 647/648/645 646/646/644
f 647/648/645 893/900/891 1647/1661/1645
f 373/373/371 893/900/891 894/901/892
f 374/374/372 373/373/371 1625/1639/1623
f 1064/1071/1062 999/1006/997 493/493/491
f 1515/1526/1513 1516/1527/1514 357/357/355
f 1515/1526/1513 704/707/702 1516/1527/1514
f 1456/1467/1454 1642/1656/1640 1801/1816/1799
f 1801/1816/1799 1363/1372/1361 1456/1467/1454
f 704/707/702 1025/1032/1023 706/709/704
f 1516/1527/1514 704/707/702 706/709/704
f 1429/1440/1427 354/354/352 356/356/354
f 462/462/460 354/354/352 1429/1440/1427
f 1216/1224/1214 719/722/717 718/721/716
f 1216/1224/1214 722/725/720 719/722/717
f 124/124/122 1428/1439/1426 1480/1491/1478
f 1428/1439/1426 1429/1440/1427 1480/1491/1478
f 101/101/99 100/100/98 1026/1033/1024
f 1802/1817/1800 1026/1033/1024 100/100/98
f 482/482/480 411/411/409 1250/1259/1248
f 482/482/480 1250/1259/1248 481/481/479
f 940/947/938 887/894/885 1535/1546/1533
f 887/894/885 940/947/938 142/142/140
f 735/738/733 1537/1548/1535 736/739/734
f 887/894/885 736/739/734 1537/1548/1535
f 1129/1137/1127 1515/1526/1513 1800/1815/1798
f 1515/1526/1513 357/357/355 1800/1815/1798
f 1803/1818/1801 1804/1819/1802 333/333/331
f 771/774/769 14/14/14 16/16/16
f 1697/1711/1695 1589/1603/1587 1591/1605/1589
f 687/688/685 686/687/684 1164/1172/1162
f 1693/1707/1691 1805/1820/1803 38/38/38
f 1567/1581/1565 1509/1520/1507 268/268/266
f 1646/1660/1644 1509/1520/1507 1567/1581/1565
f 499/499/497 1022/1029/1020 497/497/495
f 497/497/495 1022/1029/1020 368/368/366
f 1802/1817/1800 1532/1543/1530 1026/1033/1024
f 1736/1750/1734 1735/1749/1733 1802/1817/1800
f 200/200/198 1288/1297/1286 1611/1625/1609
f 209/209/207 1737/1751/1735 1611/1625/1609
f 1806/1821/1804 1315/1324/1313 1532/1543/1530
f 1735/1749/1733 1532/1543/1530 1802/1817/1800
f 594/594/592 207/207/205 1261/1270/1259
f 1261/1270/1259 207/207/205 1288/1297/1286
f 1806/1821/1804 1532/1543/1530 1735/1749/1733
f 1190/1198/1188 486/486/484 1235/1243/1233
f 486/486/484 1190/1198/1188 713/716/711
f 1069/1076/1067 381/381/379 380/380/378
f 380/380/378 396/396/394 1529/1540/1527
f 1788/1803/1786 1807/1822/1805 1808/1823/1806
f 1808/1823/1806 1807/1822/1805 1562/1575/1560
f 155/155/153 157/157/155 1799/1814/1797
f 157/157/155 836/839/834 1799/1814/1797
f 1741/1755/1739 1409/1420/1407 1403/1414/1401
f 903/910/901 1403/1414/1401 901/908/899
f 1740/1754/1738 152/152/150 154/154/152
f 1405/1416/1403 153/153/151 152/152/150
f 1740/1754/1738 1405/1416/1403 152/152/150
f 1741/1755/1739 1403/1414/1401 1407/1418/1405
f 1447/1458/1445 1596/1610/1594 1449/1460/1447
f 148/148/146 1071/1078/1069 1788/1803/1786
f 1071/1078/1069 1807/1822/1805 1788/1803/1786
f 1208/1216/1206 677/678/675 249/249/247
f 1499/1510/1497 1475/1486/1473 1236/1244/1234
f 799/802/797 1778/1793/1776 1476/1487/1474
f 363/363/361 161/161/159 937/944/935
f 161/161/159 163/163/161 937/944/935
f 363/363/361 937/944/935 364/364/362
f 364/364/362 937/944/935 936/943/934
f 1191/1199/1189 95/95/93 94/94/92
f 1191/1199/1189 525/525/523 95/95/93
f 584/584/582 583/583/581 967/974/965
f 584/584/582 967/974/965 966/973/964
f 107/107/105 106/106/104 581/581/579
f 106/106/104 1496/1507/1494 581/581/579
f 151/151/149 965/972/963 586/586/584
f 586/586/584 965/972/963 792/795/790
f 733/736/731 848/851/846 84/84/82
f 733/736/731 84/84/82 734/737/732
f 507/507/505 1097/1105/1095 1742/1756/1740
f 1097/1105/1095 1319/1328/1317 1742/1756/1740
f 1454/1465/1452 1452/1463/1450 1451/1462/1449
f 527/527/525 1087/1094/1085 528/528/526
f 637/637/635 1323/1332/1321 631/631/629
f 1636/1650/1634 1323/1332/1321 637/637/635
f 1097/1105/1095 1321/1330/1319 1319/1328/1317
f 1319/1328/1317 149/149/147 151/151/149
f 1571/1585/1569 1173/1181/1171 1011/1018/1009
f 1008/1015/1006 342/342/340 1173/1181/1171
f 153/153/151 1406/1417/1404 1172/1180/1170
f 1405/1416/1403 1406/1417/1404 153/153/151
f 580/580/578 579/579/577 582/582/580
f 1716/1730/1714 1718/1732/1716 1809/1824/1807
f 1718/1732/1716 1716/1730/1714 756/759/754
f 1500/1511/1498 1158/1166/1156 1160/1168/1158
f 1160/1168/1158 1158/1166/1156 1159/1167/1157
f 1245/1254/1243 962/969/960 969/976/967
f 968/975/966 1245/1254/1243 969/976/967
f 1623/1637/1621 556/556/554 243/243/241
f 556/556/554 1623/1637/1621 905/912/903
f 243/243/241 242/242/240 768/771/766
f 242/242/240 769/772/767 768/771/766
f 1246/1255/1244 1383/1392/1381 379/379/377
f 1383/1392/1381 395/395/393 379/379/377
f 48/48/48 17/17/17 41/41/41
f 48/48/48 41/41/41 49/49/49
f 1305/1314/1303 1810/1825/1808 1691/1705/1689
f 1690/1704/1688 1305/1314/1303 1691/1705/1689
f 170/170/168 172/172/170 1777/1792/1775
f 776/779/774 1777/1792/1775 172/172/170
f 956/963/954 1444/1455/1442 398/398/396
f 388/388/386 1444/1455/1442 176/176/174
f 1227/1235/1225 1811/1826/1809 1670/1684/1668
f 311/311/309 310/310/308 1360/1369/1358
f 1487/1498/1485 310/310/308 500/500/498
f 41/41/41 1057/1064/1055 49/49/49
f 1045/1052/1043 1047/1054/1045 1044/1051/1042
f 1509/1520/1507 1045/1052/1043 269/269/267
f 1374/1383/1372 206/206/204 205/205/203
f 1614/1628/1612 1209/1217/1207 206/206/204
f 1292/1301/1290 1136/1144/1134 1293/1302/1291
f 1292/1301/1290 1812/1827/1810 1136/1144/1134
f 1350/1359/1348 1347/1356/1345 742/745/740
f 742/745/740 1347/1356/1345 1343/1352/1341
f 364/364/362 1336/1345/1334 365/365/363
f 89/89/87 1812/1827/1810 1292/1301/1290
f 1204/1212/1202 655/656/653 1507/1518/1505
f 742/745/740 1204/1212/1202 658/659/656
f 571/571/569 1813/1828/1811 572/572/570
f 1813/1828/1811 1533/1544/1531 572/572/570
f 1430/1441/1428 1433/1444/1431 1431/1442/1429
f 1664/1678/1662 1433/1444/1431 1430/1441/1428
f 870/877/868 1432/1443/1430 1431/1442/1429
f 1431/1442/1429 1433/1444/1431 870/877/868
f 1814/1829/1812 1734/1748/1732 1736/1750/1734
f 1813/1828/1811 1736/1750/1734 1533/1544/1531
f 1704/1718/1702 739/742/737 1757/1772/1755
f 1757/1772/1755 739/742/737 376/376/374
f 258/258/256 214/214/212 1695/1709/1693
f 214/214/212 258/258/256 212/212/210
f 1695/1709/1693 214/214/212 523/523/521
f 522/522/520 1519/1530/1517 523/523/521
f 679/680/677 678/679/676 718/721/716
f 955/962/953 238/238/236 718/721/716
f 924/931/922 921/928/919 911/918/909
f 78/78/76 924/931/922 918/925/916
f 1557/1570/1555 105/105/103 104/104/102
f 1557/1570/1555 104/104/102 970/977/968
f 685/686/683 682/683/680 1334/1343/1332
f 685/686/683 684/685/682 682/683/680
f 1546/1559/1544 302/302/300 1543/1556/1541
f 394/394/392 1116/1124/1114 302/302/300
f 1368/1377/1366 275/275/273 1369/1378/1367
f 1368/1377/1366 883/890/881 275/275/273
f 932/939/930 934/941/932 1470/1481/1468
f 934/941/932 663/664/661 1470/1481/1468
f 302/302/300 1116/1124/1114 1543/1556/1541
f 1116/1124/1114 1115/1123/1113 1543/1556/1541
f 842/845/840 743/746/741 1471/1482/1469
f 744/747/742 743/746/741 842/845/840
f 796/799/794 431/431/429 287/287/285
f 430/430/428 287/287/285 431/431/429
f 255/255/253 925/932/923 926/933/924
f 521/521/519 1815/1830/1813 927/934/925
f 255/255/253 1092/1100/1090 273/273/271
f 1815/1830/1813 255/255/253 273/273/271
f 1544/1557/1542 1688/1702/1686 1816/1831/1814
f 925/932/923 255/255/253 1815/1830/1813
f 521/521/519 925/932/923 1815/1830/1813
f 895/902/893 347/347/345 903/910/901
f 903/910/901 347/347/345 766/769/764
f 1336/1345/1334 1812/1827/1810 365/365/363
f 513/513/511 1336/1345/1334 514/514/512
f 381/381/379 973/980/971 379/379/377
f 973/980/971 381/381/379 938/945/936
f 1539/1551/1537 852/857/850 385/385/383
f 1538/1549/1536 1539/1551/1537 138/138/136
f 173/173/171 1624/1638/1622 1696/1710/1694
f 1696/1710/1694 174/174/172 173/173/171
f 456/456/454 1624/1638/1622 623/623/621
f 173/173/171 458/458/456 1624/1638/1622
f 990/997/988 1113/1121/1111 1729/1743/1727
f 1729/1743/1727 1207/1215/1205 992/999/990
f 177/177/175 1098/1106/1096 1696/1710/1694
f 1696/1710/1694 1098/1106/1096 174/174/172
f 817/820/815 540/540/538 1401/1412/1399
f 817/820/815 1401/1412/1399 211/211/209
f 1001/1008/999 918/925/916 911/918/909
f 918/925/916 924/931/922 911/918/909
f 384/384/382 1119/1127/1117 175/175/173
f 384/384/382 175/175/173 382/382/380
f 1706/1720/1704 1708/1722/1706 343/343/341
f 343/343/341 1708/1722/1706 993/1000/991
f 285/285/283 1582/1596/1580 1583/1597/1581
f 285/285/283 1583/1597/1581 650/651/648
f 1441/1452/1439 1442/1453/1440 1037/1044/1035
f 689/690/687 1037/1044/1035 1442/1453/1440
f 686/687/684 688/689/686 1038/1045/1036
f 1442/1453/1440 1038/1045/1036 688/689/686
f 876/883/874 1678/1692/1676 883/890/881
f 1052/1059/1050 1678/1692/1676 876/883/874
f 1257/1266/1255 73/73/71 72/72/70
f 73/73/71 1257/1266/1255 889/896/887
f 1386/1395/1384 1390/1399/1388 1389/1398/1387
f 1781/1796/1779 1389/1398/1387 1817/1832/1815
f 132/132/130 131/131/129 1424/1435/1422
f 1424/1435/1422 818/821/816 132/132/130
f 489/489/487 1242/1250/1240 1241/1249/1239
f 489/489/487 1241/1249/1239 1389/1398/1387
f 280/280/278 585/585/583 807/810/805
f 585/585/583 280/280/278 1298/1307/1296
f 1278/1287/1276 1594/1608/1592 1373/1382/1371
f 1278/1287/1276 1373/1382/1371 1483/1494/1481
f 586/586/584 793/796/791 843/846/841
f 843/846/841 793/796/791 1300/1309/1298
f 620/620/618 1818/1833/1816 1612/1626/1610
f 615/615/613 1818/1833/1816 620/620/618
f 1674/1688/1672 325/325/323 1249/1258/1247
f 1249/1258/1247 325/325/323 1004/1011/1002
f 1416/1427/1414 1417/1428/1415 1627/1641/1625
f 1627/1641/1625 1417/1428/1415 558/558/556
f 399/399/397 1629/1643/1627 530/530/528
f 1620/1634/1618 399/399/397 123/123/121
f 1378/1387/1376 1377/1386/1375 813/816/811
f 1652/1666/1650 813/816/811 1653/1667/1651
f 1305/1314/1303 604/604/602 1810/1825/1808
f 1810/1825/1808 604/604/602 603/603/601
f 1653/1667/1651 813/816/811 812/815/810
f 1653/1667/1651 812/815/810 166/166/164
f 1024/1031/1022 941/948/939 1535/1546/1533
f 940/947/938 1535/1546/1533 941/948/939
f 798/801/796 1414/1425/1412 1550/1563/1548
f 977/984/975 803/806/801 798/801/796
f 1025/1032/1023 80/80/78 1482/1493/1480
f 1482/1493/1480 80/80/78 942/949/940
f 1573/1587/1571 847/850/845 1576/1590/1574
f 1574/1588/1572 847/850/845 848/851/846
f 1762/1777/1760 1317/1326/1315 861/868/859
f 97/97/95 861/868/859 98/98/96
f 1051/1058/1049 1400/1411/1398 295/295/293
f 1819/1834/1817 1051/1058/1049 295/295/293
f 7/7/7 509/509/507 733/736/731
f 5/5/5 509/509/507 7/7/7
f 1716/1730/1714 1809/1824/1807 754/757/752
f 1259/1268/1257 1689/1703/1687 1115/1123/1113
f 861/868/859 1317/1326/1315 98/98/96
f 98/98/96 1317/1326/1315 227/227/225
f 754/757/752 1809/1824/1807 1689/1703/1687
f 317/317/315 909/916/907 318/318/316
f 318/318/316 909/916/907 911/918/909
f 1820/1835/1818 1821/1836/1819 1670/1684/1668
f 34/34/34 281/281/279 1821/1836/1819
f 609/609/607 947/954/945 1635/1649/1633
f 608/608/606 947/954/945 609/609/607
f 21/21/21 1269/1278/1267 208/208/206
f 209/209/207 208/208/206 1737/1751/1735
f 1821/1836/1819 281/281/279 1670/1684/1668
f 281/281/279 1228/1236/1226 1670/1684/1668
f 602/602/600 984/991/982 240/240/238
f 567/567/565 240/240/238 984/991/982
f 794/797/792 797/800/795 356/356/354
f 1506/1517/1504 1079/1086/1077 356/356/354
f 728/731/726 1439/1450/1437 284/284/282
f 284/284/282 1439/1450/1437 729/732/727
f 356/356/354 1079/1086/1077 794/797/792
f 795/798/793 794/797/792 1079/1086/1077
f 1517/1528/1515 522/522/520 419/419/417
f 1520/1531/1518 1517/1528/1515 783/786/781
f 1524/1535/1522 1020/1027/1018 690/691/688
f 1783/1798/1781 1155/1163/1153 237/237/235
f 1155/1163/1153 1783/1798/1781 1457/1468/1455
f 1072/1079/1070 1788/1803/1786 892/899/890
f 1072/1079/1070 1328/1337/1326 1788/1803/1786
f 1816/1831/1814 1822/1837/1820 1823/1838/1821
f 1689/1703/1687 1823/1838/1821 1822/1837/1820
f 595/595/593 786/789/784 787/790/785
f 1180/1188/1178 787/790/785 786/789/784
f 335/335/333 256/256/254 953/960/951
f 335/335/333 953/960/951 1198/1206/1196
f 1506/1517/1504 1175/1183/1173 653/654/651
f 653/654/651 1079/1086/1077 1506/1517/1504
f 1077/1084/1075 1824/1839/1822 1078/1085/1076
f 1446/1457/1444 1728/1742/1726 1791/1806/1789
f 1133/1141/1131 1137/1145/1135 1134/1142/1132
f 194/194/192 622/622/620 192/192/190
f 194/194/192 1578/1592/1576 622/622/620
f 866/873/864 1549/1562/1547 599/599/597
f 598/598/596 599/599/597 1549/1562/1547
f 985/992/983 1659/1673/1657 570/570/568
f 572/572/570 985/992/983 570/570/568
f 1693/1707/1691 141/141/139 1805/1820/1803
f 141/141/139 1693/1707/1691 1200/1208/1198
f 385/385/383 854/860/852 386/386/384
f 857/864/855 1685/1699/1683 855/861/853
f 1281/1290/1279 1582/1596/1580 430/430/428
f 430/430/428 1582/1596/1580 285/285/283
f 1403/1414/1401 1409/1420/1407 901/908/899
f 1408/1419/1406 901/908/899 1409/1420/1407
f 216/216/214 1765/1780/1763 1253/1262/1251
f 319/319/317 230/230/228 1437/1448/1435
f 1437/1448/1435 230/230/228 1434/1445/1432
f 704/707/702 179/179/177 1025/1032/1023
f 179/179/177 81/81/79 1025/1032/1023
f 1540/1552/1538 1825/1840/1823 1541/1554/1539
f 1825/1840/1823 1569/1583/1567 1568/1582/1566
f 139/139/137 1685/1699/1683 81/81/79
f 179/179/177 139/139/137 81/81/79
f 1826/1841/1824 1786/1801/1784 1569/1583/1567
f 1825/1840/1823 1826/1841/1824 1569/1583/1567
f 619/619/617 618/618/616 1065/1072/1063
f 137/137/135 1538/1549/1536 138/138/136
f 1632/1646/1630 1770/1785/1768 634/634/632
f 634/634/632 1770/1785/1768 1769/1784/1767
f 407/407/405 974/981/972 976/983/974
f 1600/1614/1598 1827/1842/1825 1177/1185/1175
f 1828/1843/1826 1176/1184/1174 1177/1185/1175
f 1425/1436/1423 825/828/823 1584/1598/1582
f 825/828/823 1425/1436/1423 1426/1437/1424
f 1316/1325/1314 923/930/921 922/929/920
f 479/479/477 922/929/920 923/930/921
f 261/261/259 263/263/261 1187/1195/1185
f 1233/1241/1231 261/261/259 1187/1195/1185
f 1502/1513/1500 1829/1844/1827 1673/1687/1671
f 1502/1513/1500 249/249/247 1829/1844/1827
f 719/722/717 721/724/719 1830/1845/1828
f 1673/1687/1671 1829/1844/1827 1830/1845/1828
f 1190/1198/1188 331/331/329 1831/1846/1829
f 331/331/329 261/261/259 1831/1846/1829
f 39/39/39 401/401/399 1020/1027/1018
f 38/38/38 1832/1847/1830 39/39/39
f 39/39/39 1832/1847/1830 401/401/399
f 1832/1847/1830 402/402/400 401/401/399
f 791/794/789 964/971/962 966/973/964
f 966/973/964 964/971/962 1756/1771/1754
f 1325/1334/1323 978/985/976 467/467/465
f 980/987/978 978/985/976 1325/1334/1323
f 269/269/267 1044/1051/1042 270/270/268
f 269/269/267 1045/1052/1043 1044/1051/1042
f 947/954/945 1306/1315/1304 1635/1649/1633
f 1635/1649/1633 1306/1315/1304 1634/1648/1632
f 1747/1762/1745 1401/1412/1399 517/517/515
f 517/517/515 516/516/514 213/213/211
f 517/517/515 213/213/211 1747/1762/1745
f 213/213/211 212/212/210 1404/1415/1402
f 1795/1810/1793 578/578/576 580/580/578
f 580/580/578 582/582/580 574/574/572
f 1795/1810/1793 580/580/578 574/574/572
f 574/574/572 573/573/571 1289/1298/1287
f 1795/1810/1793 574/574/572 1289/1298/1287
f 1795/1810/1793 1289/1298/1287 1138/1146/1136
f 1795/1810/1793 1138/1146/1136 1137/1145/1135
f 392/392/390 391/391/389 397/397/395
f 391/391/389 776/779/774 784/787/782
f 1533/1544/1531 1802/1817/1800 100/100/98
f 1736/1750/1734 1802/1817/1800 1533/1544/1531
f 91/91/89 722/725/720 92/92/90
f 720/723/718 722/725/720 91/91/89
f 1746/1760/1744 1564/1577/1562 369/369/367
f 691/693/689 369/369/367 1564/1577/1562
f 341/341/339 340/340/338 601/601/599
f 1819/1834/1817 601/601/599 1051/1058/1049
f 344/344/342 598/598/596 340/340/338
f 340/340/338 598/598/596 601/601/599
f 1000/1007/998 999/1006/997 1001/1008/999
f 999/1006/997 1712/1726/1710 1001/1008/999
f 71/71/69 1254/1263/1252 1255/1264/1253
f 1345/1354/1343 1254/1263/1252 1017/1024/1015
f 854/860/852 853/858/851 856/863/854
f 856/862/854 853/859/851 387/387/385
f 1684/1698/1682 701/704/699 9/9/9
f 474/474/472 1684/1698/1682 1082/1089/1080
f 1089/1096/1087 1504/1515/1502 1088/1095/1086
f 1086/1093/1084 1560/1573/1558 1088/1095/1086
f 1117/1125/1115 70/70/68 1700/1714/1698
f 1700/1714/1698 70/70/68 72/72/70
f 1130/1138/1128 511/511/509 510/510/508
f 1086/1093/1084 1088/1095/1086 1504/1515/1502
f 1086/1093/1084 1504/1515/1502 1087/1094/1085
f 1371/1380/1369 477/477/475 885/892/883
f 477/477/475 478/478/476 885/892/883
f 666/667/664 527/527/525 662/663/660
f 663/664/661 662/663/660 527/527/525
f 550/550/548 223/223/221 549/549/547
f 223/223/221 222/222/220 1485/1496/1483
f 649/650/647 1746/1761/1744 647/647/645
f 1746/1761/1744 649/650/647 1564/1578/1562
f 930/937/928 436/436/434 1141/1149/1139
f 436/436/434 930/937/928 936/943/934
f 1053/1060/1051 1052/1059/1050 1055/1062/1053
f 1058/1065/1056 1053/1060/1051 1755/1770/1753
f 1680/1694/1678 694/697/692 467/467/465
f 697/700/695 694/697/692 1680/1694/1678
f 1526/1537/1524 697/700/695 1680/1694/1678
f 1526/1537/1524 1525/1536/1523 697/700/695
f 1342/1351/1340 1602/1616/1600 475/475/473
f 1061/1068/1059 1342/1351/1340 475/475/473
f 1155/1163/1153 1157/1165/1155 1290/1299/1288
f 1552/1565/1550 912/919/910 863/870/861
f 1552/1565/1550 1283/1292/1281 912/919/910
f 1058/1065/1056 1061/1068/1059 1833/1848/1831
f 1061/1068/1059 475/475/473 1253/1262/1251
f 523/523/521 994/1001/992 420/420/418
f 520/520/518 519/519/517 994/1001/992
f 27/27/27 33/33/33 28/28/28
f 987/994/985 1378/1387/1376 1654/1668/1652
f 1654/1668/1652 1378/1387/1376 813/816/811
f 873/880/871 1530/1541/1528 874/881/872
f 1530/1541/1528 324/324/322 546/546/544
f 1634/1648/1632 1304/1313/1302 1303/1312/1301
f 1634/1648/1632 1306/1315/1304 1304/1313/1302
f 1755/1770/1753 1055/1062/1053 875/882/873
f 1805/1820/1803 268/268/266 38/38/38
f 268/268/266 1832/1847/1830 38/38/38
f 1266/1275/1264 635/635/633 1263/1272/1261
f 635/635/633 1769/1784/1767 1263/1272/1261
f 375/375/373 1790/1805/1788 31/31/31
f 1790/1805/1788 375/375/373 377/377/375
f 1631/1645/1629 634/634/632 633/633/631
f 1267/1276/1265 633/633/631 635/635/633
f 1267/1276/1265 1631/1645/1629 633/633/631
f 1322/1331/1320 1324/1333/1322 1657/1671/1655
f 948/955/946 950/957/948 954/961/952
f 950/957/948 239/239/237 1630/1644/1628
f 619/619/617 1065/1072/1063 1538/1549/1536
f 1065/1072/1063 1067/1074/1065 1538/1549/1536
f 1709/1723/1707 1068/1075/1066 618/618/616
f 1276/1285/1274 1006/1013/1004 1798/1813/1796
f 304/304/302 1798/1813/1796 1006/1013/1004
f 180/180/178 1481/1492/1479 277/277/275
f 180/180/178 1687/1701/1685 1481/1492/1479
f 575/575/573 574/574/572 582/582/580
f 976/983/974 798/801/796 800/803/798
f 407/407/405 800/803/798 408/408/406
f 641/641/639 46/46/46 1015/1022/1013
f 1171/1179/1169 1170/1178/1168 1109/1117/1107
f 544/544/542 543/543/541 1333/1342/1331
f 544/544/542 1333/1342/1331 1785/1800/1783
f 1422/1433/1420 1420/1431/1418 828/831/826
f 828/831/826 1420/1431/1418 613/613/611
f 1122/1130/1120 539/539/537 1622/1636/1620
f 539/539/537 541/541/539 1622/1636/1620
f 1341/1350/1339 708/711/706 1339/1348/1337
f 1339/1348/1337 390/390/388 1143/1151/1141
f 708/711/706 398/398/396 390/390/388
f 708/711/706 390/390/388 1339/1348/1337
f 1103/1111/1101 577/577/575 515/515/513
f 513/513/511 515/515/513 577/577/575
f 15/15/15 23/23/23 25/25/25
f 1759/1774/1757 1659/1673/1657 1418/1429/1416
f 1418/1429/1416 1645/1659/1643 1759/1774/1757
f 1463/1474/1461 837/840/835 838/841/836
f 1463/1474/1461 838/841/836 1367/1376/1365
f 1330/1339/1328 1792/1807/1790 1331/1340/1329
f 838/841/836 1215/1223/1213 840/843/838
f 840/843/838 1215/1223/1213 841/844/839
f 1107/1115/1105 55/55/55 54/54/54
f 262/262/260 186/186/184 263/263/261
f 263/263/261 186/186/184 767/770/765
f 1218/1226/1216 443/443/441 168/168/166
f 1218/1226/1216 168/168/166 456/456/454
f 1366/1375/1364 1367/1376/1365 839/842/837
f 1366/1375/1364 839/842/837 1213/1221/1211
f 1279/1288/1277 453/453/451 455/455/453
f 453/453/451 1279/1288/1277 1483/1494/1481
f 821/824/819 1694/1708/1692 827/830/825
f 821/824/819 820/823/818 823/826/821
f 1373/1382/1371 1197/1205/1195 1483/1494/1481
f 453/453/451 1483/1494/1481 1197/1205/1195
f 194/194/192 1793/1808/1791 1578/1592/1576
f 1323/1332/1321 1265/1274/1263 631/631/629
f 631/631/629 1265/1274/1263 1264/1273/1262
f 1019/1026/1017 1524/1535/1522 1542/1555/1540
f 1649/1663/1647 1019/1026/1017 1542/1555/1540
f 1711/1725/1709 744/747/742 842/845/840
f 744/747/742 1711/1725/1709 740/743/738
f 1834/1849/1832 1835/1850/1833 1474/1485/1472
f 17/17/17 19/19/19 41/41/41
f 1495/1506/1493 449/449/447 48/48/48
f 452/452/450 1513/1524/1511 760/763/758
f 763/766/761 1513/1524/1511 452/452/450
f 1150/1158/1148 732/735/730 1572/1586/1570
f 1149/1157/1147 1150/1158/1148 1572/1586/1570
f 1659/1673/1657 1658/1672/1656 570/570/568
f 1759/1774/1757 1761/1776/1759 1659/1673/1657
f 1124/1132/1122 1142/1150/1140 1618/1632/1616
f 1618/1632/1616 1142/1150/1140 1181/1189/1179
f 1165/1173/1163 212/212/210 1167/1175/1165
f 1167/1175/1165 212/212/210 259/259/257
f 393/393/391 777/780/775 1365/1374/1363
f 1365/1374/1363 777/780/775 1787/1802/1785
f 1365/1374/1363 1787/1802/1785 1357/1366/1355
f 1787/1802/1785 1360/1369/1358 1357/1366/1355
f 1395/1406/1393 1398/1409/1396 1163/1171/1161
f 1162/1170/1160 1395/1406/1393 1163/1171/1161
f 1767/1782/1765 1686/1700/1684 1103/1111/1101
f 1103/1111/1101 1686/1700/1684 577/577/575
f 1666/1680/1664 566/566/564 565/565/563
f 566/566/564 1666/1680/1664 308/308/306
f 1411/1422/1409 681/682/679 423/423/421
f 1411/1422/1409 1332/1341/1330 681/682/679
f 416/416/414 273/273/271 272/272/270
f 1815/1830/1813 273/273/271 927/934/925
f 878/885/876 1059/1066/1057 1061/1068/1059
f 1160/1168/1158 1059/1066/1057 878/885/876
f 304/304/302 1006/1013/1004 1007/1014/1005
f 1749/1764/1747 304/304/302 1007/1014/1005
f 706/709/704 82/82/80 707/710/705
f 707/710/705 82/82/80 84/84/82
f 1607/1621/1605 844/847/842 1384/1393/1382
f 301/301/299 1384/1393/1382 844/847/842
f 895/902/893 903/910/901 902/909/900
f 628/628/626 895/902/893 902/909/900
f 1462/1473/1460 40/40/40 837/840/835
f 40/40/40 640/640/638 837/840/835
f 1354/1363/1352 464/464/462 463/463/461
f 1354/1363/1352 463/463/461 121/121/119
f 83/83/81 734/737/732 84/84/82
f 732/735/730 734/737/732 1536/1547/1534
f 88/88/86 363/363/361 89/89/87
f 161/161/159 363/363/361 88/88/86
f 1076/1083/1074 1078/1085/1076 426/426/424
f 1353/1362/1351 426/426/424 1075/1082/1073
f 1750/1765/1748 820/823/818 330/330/328
f 820/823/818 1750/1765/1748 824/827/822
f 741/744/739 464/464/462 428/428/426
f 464/464/462 426/426/424 428/428/426
f 446/446/444 445/445/443 406/406/404
f 1165/1173/1163 421/421/419 536/536/534
f 423/423/421 536/536/534 421/421/419
f 586/586/584 843/846/841 491/491/489
f 843/846/841 492/492/490 491/491/489
f 1003/1010/1001 1005/1012/1003 1248/1257/1246
f 591/591/589 1248/1257/1246 593/593/591
f 494/494/492 1096/1104/1094 507/507/505
f 494/494/492 1326/1335/1324 1096/1104/1094
f 1597/1611/1595 236/236/234 1448/1459/1446
f 236/236/234 1445/1456/1443 1448/1459/1446
f 251/251/249 478/478/476 1/1/1
f 1/1/1 478/478/476 2/2/2
f 418/418/416 420/420/418 519/519/517
f 420/420/418 994/1001/992 519/519/517
f 1461/1472/1459 904/911/902 974/981/972
f 904/911/902 1461/1472/1459 307/307/305
f 186/186/184 188/188/186 750/753/748
f 188/188/186 1195/1203/1193 750/753/748
f 1388/1397/1386 1545/1558/1543 1546/1559/1544
f 1669/1683/1667 1388/1397/1386 1546/1559/1544
f 146/146/144 1338/1347/1336 370/370/368
f 146/146/144 148/148/146 1338/1347/1336
f 1710/1724/1708 687/688/685 291/291/289
f 1710/1724/1708 688/689/686 687/688/685
f 1394/1405/1392 292/292/290 1164/1172/1162
f 1164/1172/1162 1697/1711/1695 1591/1605/1589
f 707/710/705 84/84/82 300/300/298
f 848/851/846 300/300/298 84/84/82
f 145/145/143 144/144/142 338/338/336
f 1469/1480/1467 338/338/336 144/144/142
f 792/795/790 965/972/963 967/974/965
f 792/795/790 967/974/965 1609/1623/1607
f 1298/1307/1296 967/974/965 583/583/581
f 583/583/581 585/585/583 1298/1307/1296
f 983/990/981 1836/1851/1834 984/991/982
f 1640/1654/1638 1049/1056/1047 1837/1852/1835
f 1837/1852/1835 1049/1056/1047 612/612/610
f 1027/1034/1025 1029/1036/1027 92/92/90
f 1027/1034/1025 92/92/90 722/725/720
f 174/174/172 382/382/380 175/175/173
f 1098/1106/1096 382/382/380 174/174/172
f 615/615/613 614/614/612 359/359/357
f 772/775/770 771/774/769 774/777/772
f 614/614/612 1800/1815/1798 359/359/357
f 1129/1137/1127 1800/1815/1798 614/614/612
f 268/268/266 270/270/268 1832/1847/1830
f 270/270/268 402/402/400 1832/1847/1830
f 1393/1404/1391 1392/1402/1390 1399/1410/1397
f 1392/1402/1390 537/537/535 1399/1410/1397
f 343/343/341 471/471/469 12/12/12
f 473/473/471 589/589/587 471/471/469
f 1478/1489/1476 1622/1636/1620 1479/1490/1477
f 1478/1489/1476 1479/1490/1477 1639/1653/1637
f 50/50/50 1057/1064/1055 788/791/786
f 124/124/122 549/549/547 1485/1496/1483
f 223/223/221 1485/1496/1483 549/549/547
f 737/740/735 1469/1480/1467 1698/1712/1696
f 737/740/735 1698/1712/1696 738/741/736
f 1624/1638/1622 458/458/456 623/623/621
f 624/624/622 623/623/621 458/458/456
f 1572/1586/1570 737/740/735 1704/1718/1702
f 1704/1718/1702 737/740/735 739/742/737
f 1067/1074/1065 1066/1073/1064 1540/1553/1538
f 1067/1074/1065 1540/1553/1538 1539/1551/1537
f 1000/1007/998 1001/1008/999 910/917/908
f 910/917/908 322/322/320 1000/1007/998
f 971/978/969 1244/1253/1242 972/979/970
f 434/434/432 1245/1254/1243 1244/1253/1242
f 752/755/750 1197/1205/1195 1484/1495/1482
f 752/755/750 1484/1495/1482 451/451/449
f 834/837/832 1592/1606/1590 835/838/833
f 835/838/833 1592/1606/1590 1593/1607/1591
f 434/434/432 1244/1253/1242 971/978/969
f 434/434/432 971/978/969 435/435/433
f 99/99/97 1497/1508/1495 1498/1509/1496
f 1497/1508/1495 99/99/97 227/227/225
f 1005/1012/1003 592/592/590 593/593/591
f 1005/1012/1003 593/593/591 1248/1257/1246
f 1313/1322/1311 316/316/314 318/318/316
f 1439/1450/1437 316/316/314 1313/1322/1311
f 948/955/946 245/245/243 247/247/245
f 1754/1769/1752 245/245/243 948/955/946
f 791/794/789 26/26/26 964/971/962
f 1739/1753/1737 26/26/26 791/794/789
f 1448/1459/1446 503/503/501 1598/1612/1596
f 759/762/757 1598/1612/1596 503/503/501
f 1258/1267/1256 484/484/482 1083/1090/1081
f 484/484/482 483/483/481 1083/1090/1081
f 40/40/40 788/791/786 1057/1064/1055
f 61/61/61 1213/1221/1211 1225/1233/1223
f 807/810/805 61/61/61 1225/1233/1223
f 1792/1807/1790 46/46/46 45/45/45
f 46/46/46 1792/1807/1790 1329/1338/1327
f 165/165/163 164/164/162 1035/1042/1033
f 1035/1042/1033 164/164/162 472/472/470
f 700/703/698 699/702/697 701/704/699
f 1684/1698/1682 700/703/698 701/704/699
f 867/874/865 599/599/597 1247/1256/1245
f 1247/1256/1245 725/728/723 867/874/865
f 112/112/110 499/499/497 312/312/310
f 112/112/110 312/312/310 113/113/111
f 1210/1218/1208 378/378/376 1112/1120/1110
f 378/378/376 1210/1218/1208 204/204/202
f 596/596/594 1412/1423/1410 1032/1039/1030
f 1032/1039/1030 1412/1423/1410 594/594/592
f 1188/1196/1186 1189/1197/1187 1233/1241/1231
f 1233/1241/1231 1189/1197/1187 1190/1198/1188
f 475/475/473 1713/1727/1711 476/476/474
f 1713/1727/1711 999/1006/997 476/476/474
f 561/561/559 1091/1099/1089 562/562/560
f 254/254/252 1687/1701/1685 182/182/180
f 1687/1701/1685 1369/1378/1367 278/278/276
f 220/220/218 182/182/180 218/218/216
f 254/254/252 182/182/180 220/220/218
f 1018/1025/1016 202/202/200 483/483/481
f 202/202/200 1018/1025/1016 1644/1658/1642
f 1644/1658/1642 1268/1277/1266 1351/1360/1349
f 1644/1658/1642 1018/1025/1016 1268/1277/1266
f 1132/1140/1130 1586/1600/1584 1133/1141/1131
f 1133/1141/1131 1586/1600/1584 1137/1145/1135
f 1209/1217/1207 1614/1628/1612 387/387/385
f 1209/1217/1207 387/387/385 129/129/127
f 1614/1628/1612 206/206/204 1374/1383/1372
f 1614/1628/1612 1374/1383/1372 64/64/64
f 1488/1499/1486 1775/1790/1773 232/232/230
f 170/170/168 232/232/230 231/231/229
f 273/273/271 1092/1100/1090 271/271/269
f 1727/1741/1725 271/271/269 1092/1100/1090
f 813/816/811 1377/1386/1375 1149/1157/1147
f 4/4/4 6/6/6 1377/1386/1375
f 1170/1178/1168 1110/1118/1108 1109/1117/1107
f 1110/1118/1108 1170/1178/1168 405/405/403
f 1145/1153/1143 1534/1545/1532 1147/1155/1145
f 1147/1155/1145 1146/1154/1144 1145/1153/1143
f 224/224/222 1600/1614/1598 225/225/223
f 656/657/654 225/225/223 1600/1614/1598
f 404/404/402 1674/1688/1672 1249/1258/1247
f 404/404/402 1249/1258/1247 591/591/589
f 1100/1108/1098 1382/1391/1380 1127/1135/1125
f 1383/1392/1381 1382/1391/1380 395/395/393
f 404/404/402 1108/1116/1106 405/405/403
f 1110/1118/1108 405/405/403 1108/1116/1106
f 1100/1108/1098 1099/1107/1097 395/395/393
f 1100/1108/1098 395/395/393 1382/1391/1380
f 1556/1569/1554 241/241/239 550/550/548
f 241/241/239 1556/1569/1554 1628/1642/1626
f 717/720/715 719/722/717 1830/1845/1828
f 1830/1845/1828 1829/1844/1827 717/720/715
f 241/241/239 1628/1642/1626 455/455/453
f 1628/1642/1626 1626/1640/1624 455/455/453
f 103/103/101 105/105/103 1459/1470/1457
f 105/105/103 1141/1149/1139 1459/1470/1457
f 763/766/761 452/452/450 524/524/522
f 526/526/524 763/766/761 524/524/522
f 516/516/514 518/518/516 995/1002/993
f 520/520/518 995/1002/993 518/518/516
f 133/133/131 412/412/410 482/482/480
f 412/412/410 133/133/131 132/132/130
f 1705/1719/1703 1034/1041/1032 1708/1722/1706
f 695/698/693 1034/1041/1032 1705/1719/1703
f 793/796/791 792/795/790 1609/1623/1607
f 793/796/791 1609/1623/1607 1299/1308/1297
f 252/252/250 872/879/870 2/2/2
f 2/2/2 872/879/870 3/3/3
f 845/848/843 1573/1587/1571 507/507/505
f 506/506/504 507/507/505 1573/1587/1571
f 931/938/929 1763/1778/1761 1701/1715/1699
f 1701/1715/1699 1763/1778/1761 1202/1210/1200
f 845/848/843 507/507/505 1743/1757/1741
f 496/496/494 845/848/843 1743/1757/1741
f 442/442/440 111/111/109 1184/1192/1182
f 442/442/440 109/109/107 111/111/109
f 313/313/311 315/315/313 709/712/707
f 315/315/313 1126/1134/1124 709/712/707
f 1229/1237/1227 1232/1240/1230 849/852/847
f 1230/1238/1228 1232/1240/1230 1229/1237/1227
f 773/776/771 1230/1238/1228 1229/1237/1227
f 1651/1665/1649 1230/1238/1228 773/776/771
f 148/148/146 147/147/145 1070/1077/1068
f 650/651/648 1521/1532/1519 648/649/646
f 1521/1532/1519 650/651/648 647/647/645
f 1308/1317/1306 1145/1153/1143 450/450/448
f 1308/1317/1306 450/450/448 1309/1318/1307
f 1835/1850/1833 1091/1099/1089 1474/1485/1472
f 1520/1531/1518 783/786/781 1522/1533/1520
f 595/595/593 422/422/420 785/788/783
f 594/594/592 422/422/420 595/595/593
f 553/553/551 555/555/553 1794/1809/1792
f 1220/1228/1218 555/555/553 1221/1229/1219
f 487/487/485 890/897/888 1256/1265/1254
f 1257/1266/1255 1256/1265/1254 890/897/888
f 1604/1618/1602 1605/1619/1603 1184/1192/1182
f 1408/1419/1406 1744/1758/1742 1748/1763/1746
f 1748/1763/1746 1744/1758/1742 989/996/987
f 1541/1554/1539 1568/1582/1566 57/57/57
f 1541/1554/1539 1825/1840/1823 1568/1582/1566
f 1838/1853/1836 1343/1352/1341 1347/1356/1345
f 858/865/856 51/51/51 888/895/886
f 858/865/856 888/895/886 79/79/77
f 571/571/569 1814/1829/1812 1813/1828/1811
f 1814/1829/1812 1736/1750/1734 1813/1828/1811
f 1070/1077/1068 156/156/154 1661/1675/1659
f 1762/1777/1760 863/870/861 865/872/863
f 865/872/863 1317/1326/1315 1762/1777/1760
f 1107/1115/1105 54/54/54 1732/1746/1730
f 1732/1746/1730 54/54/54 587/587/585
f 883/890/881 1372/1381/1370 877/884/875
f 1368/1377/1366 1372/1381/1370 883/890/881
f 1125/1133/1123 1339/1348/1337 1123/1131/1121
f 1125/1133/1123 1123/1131/1121 710/713/708
f 20/20/20 1043/1050/1041 1376/1385/1374
f 1376/1385/1374 260/260/258 1352/1361/1350
f 871/878/869 1667/1681/1665 131/131/129
f 131/131/129 1667/1681/1665 868/875/866
f 745/748/743 360/360/358 1340/1349/1338
f 745/748/743 1340/1349/1338 1730/1744/1728
f 1602/1616/1600 1713/1727/1711 475/475/473
f 1713/1727/1711 1602/1616/1600 1712/1726/1710
f 1690/1704/1688 947/954/945 1305/1314/1303
f 947/954/945 1690/1704/1688 1302/1311/1300
f 238/238/236 679/680/677 718/721/716
f 238/238/236 240/240/238 679/680/677
f 754/757/752 1259/1268/1257 755/758/753
f 1259/1268/1257 754/757/752 1689/1703/1687
f 904/911/902 906/913/904 975/982/973
f 975/982/973 906/913/904 1553/1566/1551
f 1681/1695/1679 983/990/981 602/602/600
f 602/602/600 1683/1697/1681 1681/1695/1679
f 916/923/914 804/807/802 914/921/912
f 771/774/769 914/921/912 804/807/802
f 906/913/904 907/914/905 1553/1566/1551
f 907/914/905 801/804/799 1553/1566/1551
f 916/923/914 914/921/912 1650/1664/1648
f 86/86/84 916/923/914 1650/1664/1648
f 871/878/869 1753/1768/1751 1432/1443/1430
f 1432/1443/1430 1753/1768/1751 872/879/870
f 1432/1443/1430 869/876/867 1667/1681/1665
f 870/877/868 869/876/867 1432/1443/1430
f 696/699/694 698/701/696 1081/1088/1079
f 474/474/472 696/699/694 1081/1088/1079
f 690/691/688 665/666/663 1523/1534/1521
f 1523/1534/1521 665/666/663 1727/1741/1725
f 159/159/157 557/557/555 559/559/557
f 1414/1425/1412 557/557/555 159/159/157
f 532/532/530 880/887/878 1677/1691/1675
f 1008/1015/1006 1173/1181/1171 1571/1585/1569
f 1009/1016/1007 1008/1015/1006 1571/1585/1569
f 1472/1483/1470 529/529/527 1453/1464/1451
f 1453/1464/1451 529/529/527 528/528/526
f 1009/1016/1007 1570/1584/1568 673/674/671
f 1009/1016/1007 1571/1585/1569 1570/1584/1568
f 1087/1094/1085 1454/1465/1452 528/528/526
f 1453/1464/1451 528/528/526 1454/1465/1452
f 341/341/339 601/601/599 1819/1834/1817
f 341/341/339 1819/1834/1817 295/295/293
f 350/350/348 470/470/468 108/108/106
f 714/717/712 108/108/106 715/718/713
f 579/579/577 1774/1789/1772 107/107/105
f 1473/1484/1471 107/107/105 1774/1789/1772
f 1364/1373/1362 1074/1081/1072 1362/1371/1360
f 1076/1083/1074 1074/1081/1072 1364/1373/1362
f 659/660/657 1749/1764/1747 1750/1765/1748
f 1750/1765/1748 330/330/328 659/660/657
f 1255/1264/1253 1345/1354/1343 1018/1025/1016
f 1254/1263/1252 1345/1354/1343 1255/1264/1253
f 71/71/69 1643/1657/1641 484/484/482
f 71/71/69 1255/1264/1253 1643/1657/1641
f 1166/1174/1164 1223/1231/1221 1167/1175/1165
f 425/425/423 1223/1231/1221 781/784/779
f 449/449/447 17/17/17 48/48/48
f 655/656/653 1455/1466/1453 226/226/224
f 1455/1466/1453 224/224/222 226/226/224
f 1556/1569/1554 550/550/548 1154/1162/1152
f 1154/1162/1152 550/550/548 1153/1161/1151
f 1154/1162/1152 1153/1161/1151 1477/1488/1475
f 1477/1488/1475 1153/1161/1151 1416/1427/1414
f 494/494/492 1714/1728/1712 1326/1335/1324
f 1714/1728/1712 789/792/787 1326/1335/1324
f 1486/1497/1484 1488/1499/1486 170/170/168
f 232/232/230 170/170/168 1488/1499/1486
f 1662/1676/1660 474/474/472 437/437/435
f 1662/1676/1660 437/437/435 436/436/434
f 1326/1335/1324 149/149/147 1321/1330/1319
f 1319/1328/1317 1321/1330/1319 149/149/147
f 1156/1164/1154 1155/1163/1153 1457/1468/1455
f 1619/1633/1617 551/551/549 351/351/349
f 551/551/549 1619/1633/1617 1429/1440/1427
f 796/799/794 287/287/285 552/552/550
f 551/551/549 796/799/794 552/552/550
f 1389/1398/1387 1390/1399/1388 1817/1832/1815
f 1562/1575/1560 1807/1822/1805 1799/1814/1797
f 1562/1575/1560 1799/1814/1797 728/731/726
f 1291/1300/1289 1295/1304/1293 1496/1507/1494
f 581/581/579 1496/1507/1494 575/575/573
f 1749/1764/1747 329/329/327 305/305/303
f 1185/1193/1183 329/329/327 328/328/326
f 1295/1304/1293 1293/1302/1291 575/575/573
f 1496/1507/1494 1295/1304/1293 575/575/573
f 1143/1151/1141 1621/1635/1619 1548/1561/1546
f 167/167/165 1548/1561/1546 1621/1635/1619
f 246/246/244 414/414/412 247/247/245
f 414/414/412 246/246/244 250/250/248
f 138/138/136 1539/1551/1537 385/385/383
f 138/138/136 385/385/383 139/139/137
f 1448/1459/1446 1445/1456/1443 1449/1460/1447
f 1445/1456/1443 1447/1458/1445 1449/1460/1447
f 961/968/959 1140/1148/1138 962/969/960
f 1141/1149/1139 1140/1148/1138 961/968/959
f 628/628/626 902/909/900 1408/1419/1406
f 1408/1419/1406 1748/1763/1746 628/628/626
f 1760/1775/1758 1839/1854/1837 1761/1776/1759
f 1111/1119/1109 1658/1672/1656 1839/1854/1837
f 935/942/933 929/936/927 435/435/433
f 930/937/928 929/936/927 935/942/933
f 1840/1855/1838 1111/1119/1109 1839/1854/1837
f 1760/1775/1758 1841/1856/1839 1839/1854/1837
f 374/374/372 1464/1475/1462 1467/1478/1465
f 1464/1475/1462 282/282/280 1467/1478/1465
f 1841/1856/1839 1840/1855/1838 1839/1854/1837
f 1169/1177/1167 1200/1208/1198 37/37/37
f 1169/1177/1167 37/37/37 1649/1663/1647
f 1503/1514/1501 1502/1513/1500 34/34/34
f 34/34/34 1208/1216/1206 1503/1514/1501
f 336/336/334 1649/1663/1647 1542/1555/1540
f 1169/1177/1167 1649/1663/1647 336/336/334
f 34/34/34 1842/1857/1840 1208/1216/1206
f 34/34/34 1821/1836/1819 1842/1857/1840
f 1438/1449/1436 1434/1445/1432 1466/1477/1464
f 1437/1448/1435 1434/1445/1432 1438/1449/1436
f 435/435/433 973/980/971 1773/1788/1771
f 935/942/933 435/435/433 1773/1788/1771
f 1673/1687/1671 1830/1845/1828 721/724/719
f 720/723/718 1673/1687/1671 721/724/719
f 130/130/128 990/997/988 992/999/990
f 990/997/988 1729/1743/1727 992/999/990
f 1764/1779/1762 434/434/432 963/970/961
f 1764/1779/1762 963/970/961 962/969/960
f 1834/1849/1832 1474/1485/1472 1473/1484/1471
f 1834/1849/1832 1473/1484/1471 1702/1716/1700
f 1834/1849/1832 1702/1716/1700 1795/1810/1793
f 386/386/384 854/860/852 855/861/853
f 855/861/853 854/860/852 856/863/854
f 139/139/137 386/386/384 1685/1699/1683
f 386/386/384 855/861/853 1685/1699/1683
f 1833/1848/1831 1061/1068/1059 1253/1262/1251
f 1054/1061/1052 1056/1063/1054 1253/1262/1251
f 1601/1615/1599 1629/1643/1627 1620/1634/1618
f 1620/1634/1618 1629/1643/1627 399/399/397
f 555/555/553 1220/1228/1218 1794/1809/1792
f 150/150/148 1739/1753/1737 791/794/789
f 615/615/613 359/359/357 1843/1858/1841
f 1844/1859/1842 196/196/194 195/195/193
f 1414/1425/1412 803/806/801 1415/1426/1413
f 798/801/796 803/806/801 1414/1425/1412
f 1724/1738/1722 113/113/111 196/196/194
f 1844/1859/1842 1724/1738/1722 196/196/194
f 1725/1739/1723 1724/1738/1722 1844/1859/1842
f 334/334/332 1804/1819/1802 1457/1468/1455
f 334/334/332 333/333/331 1804/1819/1802
f 1337/1346/1335 627/627/625 981/988/979
f 981/988/979 627/627/625 982/989/980
f 535/535/533 683/684/681 1603/1617/1601
f 681/682/679 683/684/681 535/535/533
f 981/988/979 1845/1860/1843 1337/1346/1335
f 1845/1860/1843 1152/1160/1150 1337/1346/1335
f 563/563/561 715/718/713 1260/1269/1258
f 1260/1269/1258 1232/1240/1230 563/563/561
f 526/526/524 1192/1200/1190 1665/1679/1663
f 782/785/780 1665/1679/1663 1192/1200/1190
f 1561/1574/1559 320/320/318 1318/1327/1316
f 1561/1574/1559 1318/1327/1316 909/916/907
f 1436/1447/1434 1314/1323/1312 1782/1797/1780
f 1782/1797/1780 319/319/317 1436/1447/1434
f 760/763/758 1309/1318/1307 452/452/450
f 1309/1318/1307 450/450/448 452/452/450
f 1526/1537/1524 1528/1539/1526 1525/1536/1523
f 1528/1539/1526 988/995/986 1525/1536/1523
f 222/222/220 932/939/930 460/460/458
f 460/460/458 932/939/930 461/461/459
f 1796/1811/1794 189/189/187 727/730/725
f 760/763/758 417/417/415 1309/1318/1307
f 927/934/925 417/417/415 760/763/758
f 1381/1390/1379 1441/1452/1439 352/352/350
f 352/352/350 552/552/550 1381/1390/1379
f 1752/1767/1750 1771/1786/1769 809/812/807
f 808/811/806 1752/1767/1750 809/812/807
f 480/480/478 1060/1067/1058 1159/1167/1157
f 1723/1737/1721 1651/1665/1649 808/811/806
f 1752/1767/1750 808/811/806 1651/1665/1649
f 253/253/251 1369/1378/1367 254/254/252
f 254/254/252 1369/1378/1367 1687/1701/1685
f 480/480/478 1159/1167/1157 481/481/479
f 1118/1126/1116 1013/1020/1011 459/459/457
f 1011/1018/1009 1013/1020/1011 1118/1126/1116
f 1491/1502/1489 1741/1755/1739 1740/1754/1738
f 1741/1755/1739 1407/1418/1405 1740/1754/1738
f 1491/1502/1489 897/904/895 896/903/894
f 1741/1755/1739 1491/1502/1489 896/903/894
f 1529/1540/1527 775/778/773 1069/1076/1067
f 1069/1076/1067 380/380/378 1529/1540/1527
f 1658/1672/1656 1761/1776/1759 1839/1854/1837
f 1761/1776/1759 1658/1672/1656 1659/1673/1657
f 974/981/972 975/982/973 1554/1567/1552
f 974/981/972 1554/1567/1552 976/983/974
f 87/87/85 1492/1503/1490 1772/1787/1770
f 1772/1787/1770 1492/1503/1490 1738/1752/1736
f 1231/1239/1229 348/348/346 1722/1736/1720
f 1722/1736/1720 348/348/346 563/563/561
f 954/961/952 1630/1644/1628 238/238/236
f 950/957/948 1630/1644/1628 954/961/952
f 790/793/788 1739/1753/1737 150/150/148
f 1121/1129/1119 1478/1489/1476 1638/1652/1636
f 1827/1842/1825 1828/1843/1826 1177/1185/1175
f 373/373/371 894/901/892 1625/1639/1623
f 894/901/892 1745/1759/1743 1625/1639/1623
f 253/253/251 1370/1379/1368 1369/1378/1367
f 1370/1379/1368 253/253/251 252/252/250
f 1384/1393/1382 303/303/301 1387/1396/1385
f 1387/1396/1385 303/303/301 302/302/300
f 319/319/317 920/927/918 913/920/911
f 319/319/317 913/920/911 912/919/910
f 904/911/902 307/307/305 135/135/133
f 135/135/133 307/307/305 309/309/307
f 1045/1052/1043 1641/1655/1639 1046/1053/1044
f 1046/1053/1044 1641/1655/1639 1456/1467/1454
f 309/309/307 1276/1285/1274 136/136/134
f 135/135/133 309/309/307 136/136/134
f 605/605/603 607/607/605 1301/1310/1299
f 1301/1310/1299 607/607/605 1682/1696/1680
f 1319/1328/1317 151/151/149 1320/1329/1318
f 1320/1329/1318 151/151/149 586/586/584
f 1504/1515/1502 1452/1463/1450 1087/1094/1085
f 1087/1094/1085 1452/1463/1450 1454/1465/1452
f 554/554/552 193/193/191 1797/1812/1795
f 554/554/552 1846/1861/1844 671/672/669
f 366/366/364 1551/1564/1549 367/367/365
f 1551/1564/1549 366/366/364 1588/1602/1586
f 1601/1615/1599 1620/1634/1618 1451/1462/1449
f 1601/1615/1599 1451/1462/1449 1450/1461/1448
f 1280/1289/1278 1789/1804/1787 118/118/116
f 1789/1804/1787 1280/1289/1278 654/655/652
f 366/366/364 1847/1862/1845 1588/1602/1586
f 514/514/512 1588/1602/1586 1847/1862/1845
f 51/51/51 53/53/53 943/950/941
f 53/53/53 1458/1469/1456 1784/1799/1782
f 366/366/364 928/935/926 1847/1862/1845
f 1847/1862/1845 928/935/926 514/514/512
f 943/950/941 53/53/53 1784/1799/1782
f 943/950/941 1784/1799/1782 140/140/138
f 87/87/85 1772/1787/1770 1040/1047/1038
f 264/264/262 87/87/85 1040/1047/1038
f 1457/1468/1455 1783/1798/1781 1458/1469/1456
f 1784/1799/1782 1458/1469/1456 1783/1798/1781
f 779/782/777 259/259/257 1522/1533/1520
f 867/874/865 725/728/723 1660/1674/1658
f 725/728/723 810/813/808 1660/1674/1658
f 1015/1022/1013 1676/1690/1674 642/642/640
f 1016/1023/1014 1676/1690/1674 1015/1022/1013
f 308/308/306 818/821/816 1585/1599/1583
f 1666/1680/1664 818/821/816 308/308/306
f 824/827/822 1585/1599/1583 1584/1598/1582
f 818/821/816 1584/1598/1582 1585/1599/1583
f 275/275/273 1848/1863/1846 276/276/274
f 278/278/276 1369/1378/1367 274/274/272
f 278/278/276 274/274/272 276/276/274
f 1812/1827/1810 513/513/511 1136/1144/1134
f 1336/1345/1334 513/513/511 1812/1827/1810
f 1755/1770/1753 1053/1060/1051 1055/1062/1053
f 42/42/42 44/44/44 43/43/43
f 42/42/42 43/43/43 40/40/40
f 899/906/897 1405/1416/1403 1407/1418/1405
f 1740/1754/1738 1407/1418/1405 1405/1416/1403
f 1848/1863/1846 275/275/273 945/952/943
f 1262/1271/1260 1231/1239/1229 1723/1737/1721
f 808/811/806 1264/1273/1262 1723/1737/1721
f 678/679/676 567/567/565 569/569/567
f 569/569/567 102/102/100 678/679/676
f 1262/1271/1260 1723/1737/1721 1264/1273/1262
f 1264/1273/1262 1263/1272/1261 1262/1271/1260
f 1758/1773/1756 1760/1775/1758 1759/1774/1757
f 1758/1773/1756 1849/1864/1847 1760/1775/1758
f 1849/1864/1847 1758/1773/1756 1850/1865/1848
f 419/419/417 761/764/759 1563/1576/1561
f 762/765/760 1563/1576/1561 761/764/759
f 1377/1386/1375 6/6/6 1149/1157/1147
f 1149/1157/1147 6/6/6 7/7/7
f 1296/1305/1294 1572/1586/1570 60/60/60
f 60/60/60 1572/1586/1570 1704/1718/1702
f 1631/1645/1629 1657/1671/1655 1780/1795/1778
f 1322/1331/1320 1657/1671/1655 1631/1645/1629
f 1633/1647/1631 1632/1646/1630 162/162/160
f 1779/1794/1777 474/474/472 162/162/160
f 1062/1069/1060 300/300/298 848/851/846
f 1062/1069/1060 848/851/846 846/849/844
f 1632/1646/1630 1780/1795/1778 1779/1794/1777
f 1632/1646/1630 1779/1794/1777 162/162/160
f 496/496/494 846/849/844 845/848/843
f 496/496/494 1062/1069/1060 846/849/844
f 1657/1671/1655 468/468/466 1780/1795/1778
f 1780/1795/1778 468/468/466 1779/1794/1777
f 1547/1560/1545 1543/1556/1541 1544/1557/1542
f 346/346/344 1751/1766/1749 670/671/668
f 667/668/665 1751/1766/1749 1771/1786/1769
f 979/986/977 1679/1693/1677 467/467/465
f 1270/1279/1268 979/986/977 978/985/976
f 346/346/344 809/812/807 1771/1786/1769
f 346/346/344 1771/1786/1769 1751/1766/1749
f 1270/1279/1268 1679/1693/1677 979/986/977
f 1679/1693/1677 1270/1279/1268 1526/1537/1524
f 1270/1279/1268 1271/1280/1269 1531/1542/1529
f 1271/1280/1269 1527/1538/1525 1531/1542/1529
f 1376/1385/1374 1352/1361/1350 20/20/20
f 21/21/21 20/20/20 1352/1361/1350
f 1360/1369/1358 1487/1498/1485 1486/1497/1484
f 1360/1369/1358 310/310/308 1487/1498/1485
f 362/362/360 462/462/460 1731/1745/1729
f 1340/1349/1338 362/362/360 1731/1745/1729
f 1655/1669/1653 1193/1201/1191 1042/1049/1040
f 780/783/778 1193/1201/1191 1655/1669/1653
f 1776/1791/1774 1358/1367/1356 1486/1497/1484
f 1358/1367/1356 1360/1369/1358 1486/1497/1484
f 822/825/820 826/829/824 1287/1296/1285
f 822/825/820 1287/1296/1285 183/183/181
f 1567/1581/1565 268/268/266 1805/1820/1803
f 141/141/139 1567/1581/1565 1805/1820/1803
f 799/802/797 1237/1245/1235 1778/1793/1776
f 1237/1245/1235 799/802/797 116/116/114
f 1021/1028/1019 1560/1573/1558 666/667/664
f 1088/1095/1086 1560/1573/1558 1021/1028/1019
f 686/687/684 290/290/288 1697/1711/1695
f 686/687/684 1697/1711/1695 1164/1172/1162
f 1089/1096/1087 1020/1027/1018 403/403/401
f 1020/1027/1018 1089/1096/1087 1021/1028/1019
f 1297/1306/1295 1299/1308/1297 1609/1623/1607
f 36/36/36 1297/1306/1295 280/280/278
f 1335/1344/1333 364/364/362 936/943/934
f 1335/1344/1333 936/943/934 939/946/937
f 1299/1308/1297 36/36/36 1294/1303/1292
f 36/36/36 1299/1308/1297 1297/1306/1295
f 265/265/263 85/85/83 87/87/85
f 265/265/263 806/809/804 85/85/83
f 825/828/823 1426/1437/1424 1421/1432/1419
f 1422/1433/1420 1421/1432/1419 1426/1437/1424
f 825/828/823 1421/1432/1419 829/832/827
f 829/832/827 1421/1432/1419 828/831/826
f 1039/1046/1037 195/195/193 197/197/195
f 730/733/728 1168/1176/1166 1851/1866/1849
f 731/734/729 730/733/728 1851/1866/1849
f 715/718/713 108/108/106 716/719/714
f 545/545/543 547/547/545 197/197/195
f 1039/1046/1037 197/197/195 547/547/545
f 1419/1430/1417 1422/1433/1420 218/218/216
f 1419/1430/1417 218/218/216 182/182/180
f 431/431/429 795/798/793 432/432/430
f 1079/1086/1077 432/432/430 795/798/793
f 576/576/574 1135/1143/1133 513/513/511
f 1135/1143/1133 576/576/574 1132/1140/1130
f 1322/1331/1320 1267/1276/1265 1266/1275/1264
f 1631/1645/1629 1267/1276/1265 1322/1331/1320
f 561/561/559 715/718/713 1474/1485/1472
f 1151/1159/1149 638/638/636 1845/1860/1843
f 981/988/979 1151/1159/1149 1845/1860/1843
f 1845/1860/1843 638/638/636 1152/1160/1150
f 630/630/628 809/812/807 1152/1160/1150
f 1788/1803/1786 1808/1823/1806 892/899/890
f 892/899/890 1808/1823/1806 1562/1575/1560
f 966/973/964 1756/1771/1754 584/584/582
f 584/584/582 1756/1771/1754 62/62/62
f 1128/1136/1126 620/620/618 1613/1627/1611
f 620/620/618 1128/1136/1126 616/616/614
f 1128/1136/1126 1613/1627/1611 618/618/616
f 1612/1626/1610 618/618/616 1613/1627/1611
f 1440/1451/1438 1227/1235/1225 1226/1234/1224
f 689/690/687 1442/1453/1440 1443/1454/1441
f 558/558/556 689/690/687 1443/1454/1441
f 894/901/892 646/646/644 1073/1080/1071
f 894/901/892 1073/1080/1071 283/283/281
f 1036/1043/1034 1037/1044/1035 125/125/123
f 689/690/687 125/125/123 1037/1044/1035
f 397/397/395 784/787/782 956/963/954
f 397/397/395 391/391/389 784/787/782
f 1476/1487/1474 1236/1244/1234 1475/1486/1473
f 1475/1486/1473 408/408/406 1476/1487/1474
f 472/472/470 164/164/162 1615/1629/1613
f 473/473/471 472/472/470 1615/1629/1613
f 1476/1487/1474 1778/1793/1776 1236/1244/1234
f 1778/1793/1776 882/889/880 1236/1244/1234
f 473/473/471 1615/1629/1613 1274/1283/1272
f 473/473/471 1274/1283/1272 588/588/586
f 1341/1350/1339 314/314/312 748/751/746
f 393/393/391 392/392/390 748/751/746
f 392/392/390 708/711/706 1341/1350/1339
f 1341/1350/1339 748/751/746 392/392/390
f 1168/1176/1166 1200/1208/1198 1851/1866/1849
f 141/141/139 1200/1208/1198 1168/1176/1166
f 339/339/337 1851/1866/1849 1200/1208/1198
f 339/339/337 731/734/729 1851/1866/1849
f 1707/1721/1705 343/343/341 344/344/342
f 344/344/342 342/342/340 1707/1721/1705
f 363/363/361 365/365/363 89/89/87
f 89/89/87 365/365/363 1812/1827/1810
f 835/838/833 400/400/398 531/531/529
f 399/399/397 531/531/529 400/400/398
f 968/975/966 970/977/968 960/967/958
f 960/967/958 970/977/968 104/104/102
f 1525/1536/1523 988/995/986 266/266/264
f 267/267/265 1525/1536/1523 266/266/264
f 882/889/880 862/869/860 861/868/859
f 115/115/113 862/869/860 882/889/880
f 1394/1405/1392 1164/1172/1162 1591/1605/1589
f 1394/1405/1392 1591/1605/1589 1590/1604/1588
f 960/967/958 104/104/102 1558/1571/1556
f 103/103/101 1558/1571/1556 104/104/102
f 1511/1522/1509 1565/1579/1563 1090/1097/1088
f 1511/1522/1509 652/653/650 1565/1579/1563
f 814/817/812 60/60/60 130/130/128
f 812/815/810 814/817/812 130/130/128
f 410/410/408 1498/1509/1496 411/411/409
f 411/411/409 1498/1509/1496 1250/1259/1248
f 1073/1080/1071 891/898/889 283/283/281
f 891/898/889 284/284/282 283/283/281
f 500/500/498 499/499/497 498/498/496
f 498/498/496 367/367/365 1775/1790/1773
f 1695/1709/1693 523/523/521 1519/1530/1517
f 1519/1530/1517 259/259/257 1695/1709/1693
f 500/500/498 1775/1790/1773 1488/1499/1486
f 500/500/498 498/498/496 1775/1790/1773
f 396/396/394 1099/1107/1097 957/964/955
f 395/395/393 1099/1107/1097 396/396/394
f 1195/1203/1193 1594/1608/1592 1196/1204/1194
f 1277/1286/1275 1196/1204/1194 1594/1608/1592
f 1139/1147/1137 962/969/960 1140/1148/1138
f 962/969/960 1139/1147/1137 1557/1570/1555
f 1770/1785/1768 1633/1647/1631 1768/1783/1766
f 1768/1783/1766 1633/1647/1631 88/88/86
f 1188/1196/1186 305/305/303 1185/1193/1183
f 1185/1193/1183 305/305/303 329/329/327
f 972/979/970 1246/1255/1244 379/379/377
f 1244/1253/1242 1246/1255/1244 972/979/970
f 1475/1486/1473 564/564/562 408/408/406
f 564/564/562 409/409/407 408/408/406
f 1271/1280/1269 982/989/980 1527/1538/1525
f 978/985/976 982/989/980 1271/1280/1269
f 1240/1248/1238 1385/1394/1383 1386/1395/1384
f 1385/1394/1383 1387/1396/1385 1386/1395/1384
f 1625/1639/1623 1745/1759/1743 1465/1476/1463
f 1745/1759/1743 282/282/280 1465/1476/1463
f 905/912/903 134/134/132 244/244/242
f 134/134/132 136/136/134 244/244/242
f 1514/1525/1512 1607/1621/1605 1239/1247/1237
f 1239/1247/1237 1241/1249/1239 1514/1525/1512
f 636/636/634 1151/1159/1149 980/987/978
f 980/987/978 1325/1334/1323 1636/1650/1634
f 1162/1170/1160 1161/1169/1159 1719/1733/1717
f 1719/1733/1717 1161/1169/1159 1396/1407/1394
f 492/492/490 1607/1621/1605 1606/1620/1604
f 1514/1525/1512 1606/1620/1604 1607/1621/1605
f 103/103/101 10/10/10 1555/1568/1553
f 10/10/10 1009/1016/1007 1555/1568/1553
f 783/786/781 782/785/780 780/783/778
f 780/783/778 782/785/780 1193/1201/1191
f 621/621/619 1219/1227/1217 1217/1225/1215
f 192/192/190 621/621/619 1217/1225/1215
f 1577/1591/1575 1581/1595/1579 1580/1594/1578
f 1580/1594/1578 621/621/619 1577/1591/1575
f 1603/1617/1601 682/683/680 684/685/682
f 210/210/208 1603/1617/1601 684/685/682
f 1215/1223/1213 1214/1222/1212 841/844/839
f 841/844/839 1214/1222/1212 644/644/642
f 248/248/246 245/245/243 1754/1769/1752
f 717/720/715 248/248/246 1754/1769/1752
f 538/538/536 228/228/226 1282/1291/1280
f 912/919/910 1282/1291/1280 228/228/226
f 926/933/924 1715/1729/1713 255/255/253
f 1648/1662/1646 1715/1729/1713 926/933/924
f 1581/1595/1579 1579/1593/1577 110/110/108
f 110/110/108 109/109/107 1581/1595/1579
f 532/532/530 1637/1651/1635 543/543/541
f 1637/1651/1635 1638/1652/1636 1639/1653/1637
f 543/543/541 1639/1653/1637 1479/1490/1477
f 1637/1651/1635 1639/1653/1637 543/543/541
f 823/826/821 825/828/823 1694/1708/1692
f 821/824/819 823/826/821 1694/1708/1692
f 1333/1342/1331 1334/1343/1332 1785/1800/1783
f 1413/1424/1411 1785/1800/1783 1334/1343/1332
f 1148/1156/1146 1534/1545/1532 661/662/659
f 1534/1545/1532 1559/1572/1557 661/662/659
f 444/444/442 1109/1117/1107 440/440/438
f 522/522/520 1520/1531/1518 1519/1530/1517
f 1520/1531/1518 522/522/520 1517/1528/1515
f 1615/1629/1613 1273/1282/1271 1616/1630/1614
f 1616/1630/1614 1273/1282/1271 1733/1747/1731
f 1587/1601/1585 664/665/662 1559/1572/1557
f 1534/1545/1532 1587/1601/1585 1559/1572/1557
f 568/568/566 985/992/983 572/572/570
f 572/572/570 1533/1544/1531 568/568/566
f 803/806/801 802/805/800 1415/1426/1413
f 1477/1488/1475 1415/1426/1413 802/805/800
f 1085/1092/1083 1617/1631/1615 488/488/486
f 486/486/484 488/488/486 1617/1631/1615
f 27/27/27 1494/1505/1492 32/32/32
f 27/27/27 1738/1752/1736 1494/1505/1492
f 1791/1806/1789 1728/1742/1726 502/502/500
f 502/502/500 1728/1742/1726 235/235/233
f 417/417/415 927/934/925 416/416/414
f 927/934/925 273/273/271 416/416/414
f 843/846/841 1300/1309/1298 1238/1246/1236
f 1238/1246/1236 1300/1309/1298 92/92/90
f 1071/1078/1069 155/155/153 1807/1822/1805
f 155/155/153 1799/1814/1797 1807/1822/1805
f 1852/1867/1850 326/326/324 1674/1688/1672
f 406/406/404 1852/1867/1850 1674/1688/1672
f 1661/1675/1659 156/156/154 155/155/153
f 1071/1078/1069 1661/1675/1659 155/155/153
f 1683/1697/1681 610/610/608 1301/1310/1299
f 239/239/237 610/610/608 1683/1697/1681
f 699/702/697 1706/1720/1704 1707/1721/1705
f 698/701/696 1706/1720/1704 699/702/697
f 192/192/190 1217/1225/1215 1599/1613/1597
f 1014/1021/1012 192/192/190 1599/1613/1597
f 636/636/634 1636/1650/1634 637/637/635
f 636/636/634 980/987/978 1636/1650/1634
f 1023/1030/1021 236/236/234 1597/1611/1595
f 1023/1030/1021 1597/1611/1595 1766/1781/1764
f 1102/1110/1100 1766/1781/1764 1597/1611/1595
f 1686/1700/1684 1766/1781/1764 1102/1110/1100
f 355/355/353 1508/1519/1506 1080/1087/1078
f 362/362/360 1508/1519/1506 355/355/353
f 362/362/360 361/361/359 1508/1519/1506
f 655/656/653 1508/1519/1506 361/361/359
f 1575/1589/1573 1576/1590/1574 1574/1588/1572
f 1574/1588/1572 1576/1590/1574 847/850/845
f 209/209/207 1288/1297/1286 207/207/205
f 1611/1625/1609 1288/1297/1286 209/209/207
f 658/659/656 1507/1518/1505 361/361/359
f 1204/1212/1202 1507/1518/1505 658/659/656
f 1489/1500/1487 154/154/152 506/506/504
f 506/506/504 1490/1501/1488 1489/1500/1487
f 1490/1501/1488 1575/1589/1573 508/508/506
f 506/506/504 1575/1589/1573 1490/1501/1488
f 260/260/258 203/203/201 1351/1360/1349
f 203/203/201 1644/1658/1642 1351/1360/1349
f 1347/1356/1345 1349/1358/1347 1838/1853/1836
f 426/426/424 1078/1085/1076 427/427/425
f 454/454/452 1197/1205/1195 1146/1154/1144
f 1147/1155/1145 454/454/452 1146/1154/1144
f 74/74/72 889/896/887 294/294/292
f 889/896/887 185/185/183 294/294/292
f 1203/1211/1201 1204/1212/1202 1344/1353/1342
f 1203/1211/1201 1344/1353/1342 1455/1466/1453
f 330/330/328 822/825/820 1284/1293/1282
f 330/330/328 1284/1293/1282 1286/1295/1284
f 1688/1702/1686 1822/1837/1820 1816/1831/1814
f 1688/1702/1686 1689/1703/1687 1822/1837/1820
f 630/630/628 1152/1160/1150 638/638/636
f 638/638/636 631/631/629 630/630/628
f 1082/1089/1080 1684/1698/1682 9/9/9
f 1082/1089/1080 9/9/9 8/8/8
f 1602/1616/1600 76/76/74 917/924/915
f 917/924/915 76/76/74 78/78/76
f 831/834/829 870/877/868 832/835/830
f 832/835/830 870/877/868 1433/1444/1431
f 1076/1083/1074 426/426/424 1353/1362/1351
f 1074/1081/1072 1076/1083/1074 1353/1362/1351
f 555/555/553 671/672/669 1221/1229/1219
f 1423/1434/1421 1221/1229/1219 671/672/669
f 1846/1861/1844 554/554/552 1797/1812/1795
f 1846/1861/1844 1797/1812/1795 671/672/669
f 1012/1019/1010 1797/1812/1795 193/193/191
f 1797/1812/1795 1012/1019/1010 1011/1018/1009
f 1356/1365/1354 1776/1791/1774 776/779/774
f 1776/1791/1774 1356/1365/1354 1358/1367/1356
f 1148/1156/1146 661/662/659 933/940/931
f 1148/1156/1146 933/940/931 222/222/220
f 1692/1706/1690 1242/1250/1240 1516/1527/1514
f 1242/1250/1240 1692/1706/1690 1514/1525/1512
f 1190/1198/1188 1831/1846/1829 1234/1242/1232
f 1234/1242/1232 1831/1846/1829 261/261/259
f 65/65/65 1122/1130/1120 1478/1489/1476
f 65/65/65 1374/1383/1372 205/205/203
f 1375/1384/1373 187/187/185 1041/1048/1039
f 1041/1048/1039 262/262/260 332/332/330
f 262/262/260 187/187/185 186/186/184
f 187/187/185 262/262/260 1041/1048/1039
f 717/720/715 1829/1844/1827 680/681/678
f 249/249/247 680/681/678 1829/1844/1827
f 427/427/425 1078/1085/1076 1348/1357/1346
f 427/427/425 1348/1357/1346 1350/1359/1348
f 1058/1065/1056 1833/1848/1831 1056/1063/1054
f 1056/1063/1054 1833/1848/1831 1253/1262/1251
f 1023/1030/1021 1767/1782/1765 368/368/366
f 1103/1111/1101 368/368/366 1767/1782/1765
f 1243/1252/1241 1647/1661/1645 373/373/371
f 647/648/645 1647/1661/1645 1243/1252/1241
f 1228/1236/1226 807/810/805 1226/1234/1224
f 280/280/278 807/810/805 1228/1236/1226
f 1263/1272/1261 349/349/347 348/348/346
f 1263/1272/1261 469/469/467 349/349/347
f 350/350/348 714/717/712 563/563/561
f 714/717/712 350/350/348 108/108/106
f 1530/1541/1528 873/880/871 324/324/322
f 313/313/311 324/324/322 873/880/871
f 324/324/322 323/323/321 1355/1364/1353
f 323/323/321 1004/1011/1002 1355/1364/1353
f 265/265/263 669/670/667 806/809/804
f 668/669/666 806/809/804 669/670/667
f 1194/1202/1192 96/96/94 1195/1203/1193
f 94/94/92 96/96/94 1194/1202/1192
f 1527/1538/1525 627/627/625 629/629/627
f 1527/1538/1525 629/629/627 988/995/986
f 986/993/984 989/996/987 987/994/985
f 629/629/627 989/996/987 986/993/984
f 984/991/982 1836/1851/1834 1645/1659/1643
f 1836/1851/1834 983/990/981 1850/1865/1848
f 1144/1152/1142 1124/1132/1122 1123/1131/1121
f 1124/1132/1122 1144/1152/1142 1548/1561/1546
f 1836/1851/1834 1850/1865/1848 1645/1659/1643
f 1850/1865/1848 1758/1773/1756 1645/1659/1643
f 321/321/319 1663/1677/1661 493/493/491
f 1663/1677/1661 321/321/319 320/320/318
f 1323/1332/1321 1322/1331/1320 1266/1275/1264
f 1323/1332/1321 1266/1275/1264 1265/1274/1263
f 734/737/732 83/83/81 1536/1547/1534
f 83/83/81 1535/1546/1533 1536/1547/1534
f 565/565/563 564/564/562 881/888/879
f 1666/1680/1664 565/565/563 881/888/879
f 919/926/917 1316/1325/1314 920/927/918
f 1316/1325/1314 919/926/917 923/930/921
f 137/137/135 619/619/617 1538/1549/1536
f 1699/1713/1697 619/619/617 137/137/135
f 1080/1087/1078 657/658/655 1505/1516/1503
f 1505/1516/1503 657/658/655 656/657/654
f 371/371/369 1328/1337/1326 1327/1336/1325
f 1327/1336/1325 1328/1337/1326 646/646/644
f 1198/1206/1196 339/339/337 1199/1207/1197
f 1199/1207/1197 335/335/333 1198/1206/1196
f 1387/1396/1385 302/302/300 1545/1558/1543
f 1546/1559/1544 1545/1558/1543 302/302/300
f 831/834/829 868/875/866 870/877/868
f 868/875/866 831/834/829 1424/1435/1422
f 471/471/469 589/589/587 12/12/12
f 12/12/12 589/589/587 588/588/586
f 211/211/209 1747/1762/1745 1404/1415/1402
f 213/213/211 1404/1415/1402 1747/1762/1745
f 1122/1130/1120 205/205/203 204/204/202
f 65/65/65 205/205/203 1122/1130/1120
f 1648/1662/1646 951/958/949 1715/1729/1713
f 951/958/949 1648/1662/1646 520/520/518
f 1332/1341/1330 1413/1424/1411 1334/1343/1332
f 1411/1422/1409 1413/1424/1411 1332/1341/1330
f 726/729/724 816/819/814 727/730/725
f 55/55/55 816/819/814 56/56/56
f 1660/1674/1658 56/56/56 726/729/724
f 816/819/814 726/729/724 56/56/56
f 1471/1482/1469 1470/1481/1468 663/664/661
f 1470/1481/1468 1471/1482/1469 743/746/741
f 266/266/264 1610/1624/1608 165/165/163
f 1610/1624/1608 1653/1667/1651 165/165/163
f 1751/1766/1749 1675/1689/1673 670/671/668
f 670/671/668 1675/1689/1673 766/769/764
f 1566/1580/1564 1654/1668/1652 1652/1666/1650
f 1654/1668/1652 813/816/811 1652/1666/1650
