# Blender 3.4.1
# www.blender.org
o rock_04_Mesh.002
v -0.357285 -0.025824 0.502569
v -0.348225 -0.061642 0.567333
v -0.333269 -0.009282 0.564439
v -0.165775 -0.217961 0.616572
v -0.237893 -0.261548 0.564088
v -0.216864 -0.306968 0.511746
v -0.373365 0.544811 0.082923
v -0.401359 0.522557 0.107266
v -0.379535 0.500553 0.138483
v -0.327379 0.501090 0.142478
v -0.292511 0.505017 0.134041
v -0.345443 0.525654 0.108823
v -0.332255 0.456118 0.115239
v -0.313536 0.464101 0.112329
v -0.303043 0.493809 0.141266
v -0.276217 0.434244 0.134877
v -0.298075 0.443602 0.129910
v -0.301202 0.443798 0.157240
v -0.318431 0.444612 0.129377
v -0.283888 0.476256 0.113664
v -0.298075 0.443602 0.129910
v -0.296804 0.459995 0.099428
v -0.318359 0.419841 0.115001
v -0.270511 0.465423 0.093929
v -0.242502 0.458961 0.061430
v -0.215626 0.473593 0.068646
v -0.289181 0.452663 0.087347
v -0.276210 0.439777 0.070200
v -0.263910 0.058513 0.290720
v -0.299827 0.098814 0.282000
v -0.314008 0.008721 0.291561
v -0.197287 0.452326 0.042327
v -0.207842 0.432684 0.005377
v -0.144952 0.438472 0.030732
v -0.349862 0.429756 0.018017
v -0.393708 0.420044 0.036421
v -0.369740 0.413959 0.049680
v -0.313963 0.554121 -0.039241
v -0.246458 0.578282 -0.050070
v -0.269227 0.543252 -0.013158
v -0.347089 0.524455 -0.043871
v -0.335321 0.539831 -0.039975
v -0.338513 0.514748 -0.026843
v -0.365576 0.489955 0.006239
v -0.388077 0.443856 0.010901
v -0.369341 0.436005 0.014473
v -0.363015 0.450974 -0.030048
v -0.159135 0.195818 0.086412
v -0.125871 0.156507 0.093209
v -0.118601 0.196948 0.078516
v -0.028042 0.167539 0.003026
v -0.047419 0.173026 0.040400
v -0.032173 0.127151 0.035283
v -0.383880 0.558661 -0.075086
v -0.348908 0.560956 -0.071522
v -0.366564 0.552879 -0.059462
v -0.341417 0.511119 -0.061998
v -0.354721 0.524688 -0.045812
v -0.350055 0.546865 -0.052696
v -0.329011 0.507029 -0.063688
v -0.341417 0.511119 -0.061998
v -0.346996 0.500247 -0.062571
v -0.347089 0.524455 -0.043871
v -0.341417 0.511119 -0.061998
v -0.347089 0.524455 -0.043871
v -0.354721 0.524688 -0.045812
v -0.346996 0.500247 -0.062571
v -0.237112 0.559078 -0.084522
v -0.248394 0.584786 -0.075332
v -0.243994 0.570981 -0.107937
v -0.340664 0.506145 -0.078497
v -0.247493 0.544340 -0.079152
v -0.253624 0.584768 -0.132703
v -0.271993 0.551588 -0.122051
v -0.277540 0.527553 -0.095014
v -0.368079 0.511058 -0.100453
v -0.383662 0.533224 -0.120770
v -0.395996 0.507938 -0.094402
v -0.294363 0.597083 -0.156591
v -0.332071 0.596412 -0.159916
v -0.312082 0.551357 -0.154622
v -0.364668 0.564140 -0.146376
v -0.356246 0.533744 -0.134634
v -0.340943 0.550313 -0.151904
v -0.131677 -0.194453 0.133076
v -0.130774 -0.177479 0.170841
v -0.084134 -0.202158 0.122661
v -0.230503 -0.105773 0.135659
v -0.248917 -0.117479 0.117346
v -0.213317 -0.120076 0.075588
v -0.179998 -0.223520 0.084025
v -0.240392 -0.184678 0.098395
v -0.190951 -0.190631 0.136948
v -0.465946 -0.363499 -0.008887
v -0.429855 -0.403144 -0.037777
v -0.489867 -0.419863 0.023397
v -0.046815 -0.196490 0.066753
v -0.001756 -0.192606 0.056457
v -0.020637 -0.162919 0.041009
v -0.283469 -0.641100 0.012651
v -0.202871 -0.612625 0.083978
v -0.280045 -0.629510 0.038337
v 0.209730 -0.258142 -0.029251
v 0.175261 -0.217429 -0.038355
v 0.177212 -0.256270 -0.025182
v -0.427352 -0.543714 -0.028585
v -0.413129 -0.530525 -0.040529
v -0.402212 -0.544299 -0.043269
v -0.411062 -0.555631 -0.034944
v -0.387696 -0.536119 -0.058955
v -0.392166 -0.626932 -0.048653
v -0.358549 -0.491770 -0.078652
v -0.399056 -0.468024 -0.087940
v -0.413172 -0.488789 -0.083575
v -0.409694 -0.514830 -0.046056
v -0.387469 -0.505541 -0.061310
v -0.416446 -0.527535 -0.063656
v -0.285161 -0.704909 0.006546
v -0.317213 -0.708050 0.003707
v -0.310054 -0.724074 -0.012715
v 0.085153 -0.476188 -0.010353
v 0.036029 -0.465138 0.005480
v 0.060697 -0.506139 -0.014852
v -0.093384 0.002340 0.071245
v -0.085854 -0.009831 0.065561
v -0.078255 0.009115 0.045800
v -0.225954 -0.056941 0.689385
v -0.198672 -0.124174 0.676059
v -0.222970 -0.031232 0.665959
v -0.337582 0.027108 0.462534
v -0.323630 0.027302 0.537238
v -0.313735 0.056314 0.524332
v 0.014836 -0.462955 -0.014799
v 0.012722 -0.500607 -0.015750
v -0.145992 -0.015852 0.408669
v -0.141297 -0.069927 0.427857
v -0.128398 -0.021505 0.381527
v -0.206829 -0.003578 0.363226
v -0.253420 0.042106 0.383591
v -0.187542 0.034386 0.401877
v -0.137892 -0.007846 0.372267
v -0.152527 -0.013431 0.349347
v -0.161138 0.018534 0.381157
v -0.173719 -0.122942 0.053459
v -0.130113 -0.077493 0.104378
v -0.202507 -0.110171 0.095482
v -0.159871 -0.132852 0.039375
v -0.142412 -0.149514 0.046894
v -0.137011 -0.124912 0.047311
v -0.495652 0.163254 0.230619
v -0.532550 0.084183 0.210668
v -0.483196 0.097290 0.247931
v 0.268045 -0.097094 -0.017533
v 0.343334 -0.103537 0.005321
v 0.324139 -0.105590 0.021636
v 0.549947 0.068568 -0.050388
v 0.529784 0.071943 -0.009650
v 0.528021 0.026126 -0.026110
v -0.330492 0.395640 0.199905
v -0.289175 0.365022 0.180885
v -0.284807 0.414793 0.160069
v -0.178323 0.323536 0.048970
v -0.177493 0.346739 0.086032
v -0.180540 0.306909 0.105967
v 0.352332 0.051674 0.094485
v 0.291868 0.079619 0.097535
v 0.293119 0.017943 0.085028
v 0.367163 0.070003 0.100054
v 0.406010 0.077439 0.080008
v 0.352993 0.104202 0.112253
v -0.522050 0.048692 0.215906
v -0.473309 -0.240414 0.289979
v -0.424536 -0.181171 0.355781
v -0.482411 -0.199036 0.178336
v 0.546151 0.079874 0.044360
v 0.538282 0.050759 0.062421
v 0.519377 0.043321 0.008999
v 0.356182 0.176735 0.063549
v 0.318479 0.197442 -0.005703
v 0.310096 0.163750 0.063412
v 0.549859 0.182343 -0.056402
v 0.503249 0.195420 -0.061802
v 0.518057 0.229152 -0.045427
v 0.116284 -0.262738 -0.025917
v 0.068981 -0.347206 0.146095
v 0.089798 -0.366548 0.101751
v 0.084607 -0.331794 0.071331
v -0.572335 -0.457083 0.176797
v -0.520235 -0.385509 0.196772
v -0.568281 -0.420916 0.133622
v -0.488224 -0.549761 0.086743
v -0.523973 -0.514042 0.126023
v -0.532137 -0.545894 0.086548
v -0.513664 -0.263277 0.162134
v -0.137394 -0.106767 0.059283
v -0.018700 0.048484 0.065887
v -0.034221 0.046880 0.027390
v -0.007326 0.005628 0.063888
v -0.267453 0.666894 -0.112809
v -0.222782 0.654817 -0.084639
v -0.198282 0.696300 -0.111436
v -0.565547 0.387647 0.200177
v -0.546738 0.399489 0.177710
v -0.568609 0.371159 0.190696
v -0.043236 -0.036257 0.069764
v -0.068571 -0.022889 0.068473
v -0.075419 -0.054767 0.081281
v -0.113019 -0.008597 0.106568
v -0.104978 -0.031473 0.092789
v -0.517635 0.241797 0.221487
v -0.537015 0.313212 0.223431
v -0.565167 0.176868 0.194811
v -0.516897 0.403392 0.157023
v -0.532044 0.411723 0.185437
v -0.496853 0.425769 0.183893
v -0.302591 0.323199 0.228310
v -0.263399 0.326131 0.175845
v -0.313456 0.358450 0.202251
v -0.345793 0.374213 0.226668
v -0.383582 0.352808 0.243932
v -0.351400 0.338044 0.242275
v 0.085624 -0.424082 0.135644
v 0.102401 -0.493254 0.184285
v 0.112859 -0.466979 0.128793
v -0.051422 -0.542702 0.211666
v -0.103762 -0.569135 0.175727
v -0.056157 -0.604310 0.124891
v -0.176831 -0.067069 0.149381
v -0.141042 -0.065823 0.133450
v -0.158020 -0.049720 0.192082
v -0.225518 -0.009368 0.293015
v -0.229509 0.015514 0.287778
v -0.234645 -0.020684 0.298107
v 0.492309 -0.045587 -0.026605
v 0.454207 -0.081356 0.009135
v 0.447498 -0.066788 -0.015767
v 0.035062 -0.510095 0.070710
v 0.065027 -0.475266 0.054368
v 0.066623 -0.509804 0.098677
v 0.023085 -0.541783 0.210556
v -0.016525 -0.565398 0.184467
v 0.014996 -0.592087 0.142521
v 0.040270 -0.569134 -0.001119
v -0.002834 -0.560537 -0.015863
v 0.009317 -0.607717 -0.011244
v -0.027373 -0.623845 0.082475
v 0.017472 -0.571121 0.087898
v 0.012768 -0.604986 0.110284
v 0.044171 0.171134 -0.023404
v 0.008087 0.182198 -0.005758
v -0.000625 0.164541 0.001760
v -0.432332 -0.346339 -0.036688
v -0.435835 -0.343555 -0.065324
v -0.425226 -0.374855 -0.043892
v -0.146686 0.612335 -0.065810
v -0.134154 0.581595 -0.088489
v -0.163715 0.623555 -0.103609
v -0.363567 -0.162504 0.672483
v -0.387753 -0.205022 0.614720
v -0.295496 -0.207148 0.621360
v -0.240816 -0.018166 0.724501
v -0.133675 -0.029996 0.178392
v -0.119120 -0.038667 0.115936
v -0.154406 0.116459 0.155033
v -0.144416 0.085456 0.192163
v -0.127749 0.071814 0.161806
v -0.298941 0.565937 0.048554
v -0.280972 0.527751 0.091908
v -0.127458 0.463216 0.030314
v -0.149940 0.496357 0.033223
v -0.154605 0.463022 0.047870
v -0.231798 -0.152339 0.143825
v -0.238847 -0.038934 0.256803
v -0.220873 -0.018985 0.268602
v -0.225623 -0.043374 0.281069
v 0.005041 0.037698 0.075025
v 0.230702 0.170329 -0.019812
v 0.248909 0.194414 -0.084869
v 0.204579 0.168141 -0.038138
v -0.447372 -0.128305 0.084420
v -0.421021 -0.103212 0.103647
v -0.468007 -0.101967 0.092463
v 0.293022 -0.105301 0.022709
v -0.057625 -0.080427 0.069716
v -0.092988 -0.088999 0.065055
v -0.058267 -0.101105 0.056274
v 0.326900 -0.137980 -0.045090
v 0.267366 -0.132731 -0.035664
v 0.316029 -0.162935 -0.043452
v -0.197899 0.379285 0.052621
v -0.184203 0.355746 0.045522
v -0.235648 0.344243 0.032391
v -0.094892 0.262642 0.030846
v -0.147880 0.334230 -0.006582
v -0.175082 0.349497 -0.003831
v -0.261417 0.231030 0.250677
v -0.288642 0.252488 0.248564
v -0.293763 0.200963 0.247807
v -0.366201 0.269350 0.242939
v -0.312997 0.279872 0.246238
v -0.398539 0.330026 0.251637
v -0.287616 -0.305982 0.500582
v -0.464535 -0.264909 0.368010
v -0.448441 -0.203924 0.505474
v -0.440874 -0.184071 0.458303
v -0.427940 -0.224322 0.488399
v -0.342279 -0.254199 0.561314
v -0.083990 0.034278 0.030873
v -0.085046 0.057599 0.024463
v -0.095801 0.038090 0.036771
v -0.355494 -0.640929 -0.020480
v -0.373398 -0.636412 -0.023887
v 0.353027 -0.055908 0.073765
v 0.271209 -0.045887 0.075892
v 0.293337 -0.083265 0.050833
v 0.483069 -0.058302 -0.005330
v 0.466216 -0.082016 0.037223
v -0.106249 0.519131 0.004376
v -0.099321 0.474521 0.005052
v -0.099426 0.470882 -0.006763
v -0.187128 0.407807 -0.007884
v -0.131352 0.415090 -0.001379
v -0.312953 -0.048531 0.320377
v -0.377422 -0.005632 0.320778
v -0.336341 0.003402 0.344544
v -0.416232 -0.128594 0.488307
v -0.427116 -0.127401 0.436207
v -0.441042 -0.178657 0.491996
v -0.154931 -0.607844 0.114510
v -0.119647 -0.639740 0.067161
v 0.421490 0.209537 0.020411
v 0.349948 0.211742 -0.016337
v 0.491518 0.143722 0.134699
v 0.427012 0.111608 0.098978
v 0.503216 0.097084 0.121824
v -0.309773 -0.643561 0.017363
v -0.310715 -0.665549 0.022989
v -0.423525 -0.357955 0.422866
v -0.495365 -0.391451 0.374723
v -0.451411 -0.409626 0.350596
v -0.458397 -0.547222 0.110380
v -0.426725 -0.529636 0.149664
v -0.488377 -0.512030 0.160372
v -0.573364 0.236417 0.194908
v 0.055403 -0.603316 -0.011624
v 0.031226 -0.614340 -0.006706
v -0.107139 -0.667549 -0.075968
v -0.354924 0.653785 -0.052771
v -0.287263 0.639389 -0.048860
v -0.322572 0.673465 -0.085137
v -0.352651 0.669602 -0.085045
v -0.365659 0.628774 -0.078580
v 0.257546 0.188884 -0.058809
v 0.284917 0.214112 -0.083436
v -0.199140 0.328014 0.014687
v -0.226284 0.352740 0.005796
v -0.330715 0.420650 0.066484
v -0.296547 0.681224 -0.097881
v -0.278372 0.676416 -0.118155
v -0.309876 0.700198 -0.114538
v -0.356119 0.677804 -0.115202
v -0.364627 0.695769 -0.122917
v -0.390136 0.644447 -0.109147
v -0.434222 0.525697 0.055566
v -0.397298 0.534252 0.043186
v -0.416131 0.547542 0.023909
v -0.499865 -0.205420 0.011262
v -0.526752 -0.219744 -0.007605
v -0.493720 -0.212123 -0.003385
v -0.500338 -0.183394 0.014678
v -0.512652 -0.155302 0.016013
v -0.529476 -0.203574 -0.002088
v -0.103635 0.444775 0.005199
v -0.327721 0.437468 0.016686
v -0.304014 0.466852 -0.013291
v -0.337781 0.444064 -0.016506
v -0.231650 0.547895 -0.009774
v -0.220888 0.518424 -0.001914
v -0.407289 -0.602541 0.027425
v -0.383516 -0.614231 0.021687
v -0.370090 -0.608774 0.037543
v -0.361421 -0.592305 0.070898
v -0.401809 -0.578585 0.065371
v -0.387765 -0.053589 0.315560
v -0.405304 -0.080874 0.337801
v -0.403720 -0.040578 0.329508
v -0.371015 0.013281 0.281503
v -0.397840 0.044440 0.274135
v -0.399142 -0.019518 0.274765
v -0.385425 0.403845 0.127976
v -0.359614 0.416908 0.124165
v -0.368920 0.396099 0.108191
v -0.423514 -0.143561 0.321305
v -0.399377 -0.091730 0.317513
v -0.432482 -0.125728 0.278452
v -0.445592 -0.185281 0.300625
v -0.466278 -0.134779 0.182889
v -0.340796 -0.638614 -0.008321
v -0.281258 -0.049399 0.757192
v -0.276912 -0.078929 0.751430
v -0.275959 0.025411 0.708048
v -0.260776 0.013800 0.723792
v -0.230163 0.081610 0.642499
v -0.296687 -0.023796 0.750737
v -0.376342 -0.151215 0.669758
v -0.385377 -0.187176 0.629716
v -0.420056 0.395155 0.130107
v -0.377444 0.426055 0.140514
v -0.370081 0.479854 0.036153
v -0.330222 0.487514 0.059729
v -0.343538 0.476187 0.066699
v -0.367730 0.013879 0.336169
v -0.350580 0.008707 0.443017
v -0.405907 0.551825 -0.063848
v -0.404019 0.504912 -0.004239
v -0.436459 0.510993 -0.003270
v -0.419047 0.448879 0.095470
v -0.387483 0.473097 0.062613
v -0.368651 0.478165 0.086527
v -0.536947 -0.373531 0.116384
v -0.517576 -0.351405 0.050038
v -0.559314 -0.404939 0.080047
v -0.516866 -0.275020 0.134115
v -0.483596 -0.293327 0.108837
v -0.505298 -0.298174 0.154844
v 0.209941 -0.216658 -0.035117
v 0.211407 -0.181967 -0.025335
v 0.133244 -0.099667 -0.035855
v 0.072030 -0.093052 0.009275
v 0.090467 -0.102085 -0.033543
v -0.494005 -0.355173 0.266201
v -0.512316 -0.408552 0.295472
v -0.511133 -0.339771 0.300400
v -0.497837 -0.423599 0.311623
v -0.347453 0.445574 0.112527
v -0.343463 0.442690 0.095528
v -0.335380 0.417097 0.110876
v -0.306202 0.469483 0.026997
v -0.321226 0.460145 0.032696
v -0.140512 0.017303 0.206078
v -0.229135 0.159146 0.260898
v -0.307874 0.168290 0.251673
v -0.244976 0.111612 0.276132
v -0.152283 -0.419663 0.375441
v -0.222993 -0.397500 0.404574
v -0.143649 -0.467763 0.313291
v -0.062222 -0.207918 0.326537
v -0.038499 -0.290479 0.336046
v -0.044088 -0.246364 0.310507
v -0.021970 -0.406194 0.333230
v 0.010560 -0.454658 0.303221
v 0.003660 -0.395260 0.295653
v -0.030323 -0.357665 0.350939
v -0.038460 -0.380625 0.349063
v -0.270683 0.255343 0.238201
v -0.228377 0.229427 0.208528
v -0.181237 0.215206 0.185991
v -0.177824 0.169252 0.203247
v -0.168978 0.163888 0.155873
v -0.536120 -0.386219 0.046728
v -0.493769 -0.368829 0.012436
v -0.579220 -0.471125 0.157044
v -0.592066 -0.462030 0.128947
v -0.587114 -0.491842 0.119449
v 0.087554 -0.261745 0.005474
v 0.086860 -0.298581 0.043087
v 0.108579 -0.316928 0.018720
v 0.097656 -0.227446 -0.022236
v 0.115046 -0.218892 -0.030951
v 0.098672 -0.191090 -0.000465
v -0.398423 -0.152677 0.585676
v -0.419876 -0.161875 0.542861
v -0.447891 -0.233242 0.555283
v -0.426117 -0.209028 0.589503
v -0.418237 -0.232511 0.583894
v -0.402622 -0.200471 0.606505
v 0.011543 -0.219555 0.059694
v 0.007348 -0.212504 0.080946
v -0.058854 -0.217053 0.095828
v 0.192963 -0.122904 -0.035780
v 0.154246 -0.116428 -0.046144
v 0.161613 -0.147595 -0.058079
v 0.090685 -0.150559 -0.026189
v 0.039079 -0.132894 0.000021
v 0.078046 -0.148784 0.005284
v -0.411879 -0.186327 0.396617
v -0.417685 -0.204179 0.449418
v -0.430973 -0.092337 0.361006
v -0.173118 0.259296 0.104776
v -0.172338 0.227246 0.136483
v -0.161029 0.220706 0.073757
v -0.089751 -0.643285 -0.034393
v -0.071357 -0.630427 -0.017776
v -0.083819 -0.648843 -0.007064
v -0.040980 -0.610547 0.023252
v -0.017355 -0.576547 0.045327
v -0.041180 -0.636588 0.052650
v -0.398065 -0.441267 -0.053605
v -0.398233 -0.441692 -0.082150
v -0.389790 -0.452126 -0.067738
v -0.472379 -0.452000 0.011147
v -0.419962 -0.436602 -0.039665
v -0.413467 -0.487711 -0.042994
v 0.461972 -0.049463 0.070579
v 0.450386 -0.084462 0.050274
v 0.473830 -0.069216 0.053722
v 0.549780 0.067497 0.116138
v 0.527547 0.029868 0.081314
v 0.168126 0.132231 0.066588
v 0.203393 0.144999 0.026735
v 0.178061 0.149172 -0.010735
v 0.146953 0.046694 0.075267
v 0.212277 0.015132 0.079469
v 0.324724 0.134196 0.108349
v 0.366442 0.162051 0.096720
v 0.223022 0.124483 0.078007
v 0.188944 0.126593 0.087474
v -0.500125 0.295120 0.225783
v -0.470790 0.410278 0.225633
v -0.441036 0.386664 0.238587
v -0.406019 0.401895 0.208751
v -0.507331 -0.310924 0.070927
v -0.519309 -0.342540 0.113273
v -0.273507 -0.357994 0.446863
v -0.377864 -0.475670 0.289141
v -0.425264 -0.489342 0.228445
v -0.386913 -0.525768 0.199756
v 0.127590 -0.359501 0.012980
v 0.132172 -0.383374 -0.007593
v 0.145622 -0.371407 -0.014071
v 0.109087 -0.422841 0.099968
v -0.356593 0.399696 0.089278
v -0.354064 0.410553 0.065031
v -0.372825 0.403051 0.066414
v -0.344260 0.432740 0.077799
v -0.339979 0.409804 0.085318
v 0.179202 -0.297258 -0.021577
v 0.213607 -0.299869 -0.027300
v -0.416198 0.449268 0.189373
v -0.447769 0.433952 0.201760
v -0.340300 0.464628 0.130084
v -0.198430 -0.005536 0.273441
v -0.163389 0.001207 0.248684
v -0.159751 0.021147 0.264091
v -0.221660 -0.027034 0.236284
v -0.186558 -0.007429 0.252102
v 0.008173 -0.062427 0.013973
v 0.004415 -0.080799 0.011874
v 0.036765 -0.094791 -0.008444
v 0.092439 -0.120255 -0.043486
v 0.068395 -0.129798 -0.035309
v 0.122555 -0.150945 -0.055569
v 0.064350 -0.075929 0.029160
v 0.108899 0.004910 0.065531
v 0.025564 -0.031178 0.060000
v 0.090141 -0.061303 0.037744
v -0.472369 -0.335513 -0.013553
v -0.459467 -0.308521 -0.018701
v -0.491728 -0.331898 -0.038064
v -0.442852 -0.310689 -0.030691
v -0.381167 -0.045592 0.296099
v -0.359610 -0.016925 0.287797
v -0.383160 -0.020935 0.280385
v -0.340319 -0.045684 0.312576
v -0.310732 -0.026857 0.294597
v 0.563394 0.197473 -0.080112
v 0.566204 0.182154 -0.084339
v 0.559478 0.163148 -0.035471
v 0.560164 0.115913 -0.067314
v 0.575791 0.201209 -0.041277
v 0.579555 0.223801 -0.018678
v 0.579251 0.195871 -0.015562
v 0.510542 0.222155 -0.006976
v 0.501181 0.228276 -0.043892
v 0.482405 0.227238 -0.040151
v 0.550548 0.109149 0.144180
v 0.551825 0.147277 0.161253
v 0.562262 0.218242 0.008729
v 0.535320 0.233960 -0.038412
v 0.526115 0.216047 0.024234
v -0.371012 0.567013 -0.120893
v -0.346022 0.641790 -0.140010
v -0.309811 0.638883 -0.136062
v -0.347180 0.614114 -0.129110
v 0.010560 -0.170502 0.041102
v 0.021329 -0.192252 0.037336
v -0.292694 0.604180 -0.099866
v -0.337472 0.595012 -0.112973
v -0.314442 0.618744 -0.130511
v -0.247346 0.633299 -0.105977
v -0.224501 0.643420 -0.116211
v -0.189463 0.618976 -0.110423
v -0.151431 -0.260474 0.565321
v -0.147705 -0.229789 0.588780
v -0.172750 -0.361666 0.447806
v -0.125561 -0.331055 0.489693
v -0.231683 -0.358890 0.452130
v -0.405447 0.565521 -0.123286
v -0.375893 0.562016 -0.103712
v -0.090606 -0.144591 0.379967
v -0.112669 -0.187051 0.448663
v -0.088457 -0.194271 0.398292
v -0.153322 -0.132733 0.538074
v -0.156396 -0.096090 0.499529
v -0.172109 -0.063101 0.547702
v -0.134126 -0.254495 0.539859
v -0.108440 -0.313092 0.506064
v -0.095570 -0.309142 0.486055
v -0.129844 -0.242007 0.527008
v -0.103137 -0.261805 0.471335
v -0.303456 0.050478 0.612362
v -0.295718 0.086975 0.534944
v -0.313620 0.079053 0.475140
v -0.266180 0.065217 0.429375
v -0.302430 0.067854 0.409403
v -0.286284 0.081552 0.459325
v -0.210863 0.100657 0.503912
v -0.221325 0.065319 0.437655
v -0.255537 0.080909 0.466141
v -0.232474 0.020935 0.695901
v -0.211990 -0.010322 0.643813
v -0.222927 0.064604 0.656370
v -0.203182 -0.093386 0.273405
v -0.234938 -0.093149 0.249332
v -0.230088 -0.057699 0.269019
v -0.115665 -0.118631 0.241954
v -0.076947 -0.149737 0.194787
v -0.130054 -0.145480 0.214898
v 0.089923 0.117499 0.081079
v 0.086947 0.135427 0.034426
v 0.056313 0.113149 0.050809
v 0.249338 0.101005 0.099499
v 0.128298 0.114602 0.090712
v 0.119146 0.081049 0.073566
v 0.001302 0.123120 0.007547
v 0.031287 0.102528 0.066644
v 0.020071 0.120282 0.012426
v -0.007744 0.105741 0.051754
v -0.056232 -0.117330 0.214743
v -0.029749 -0.219768 0.273934
v 0.000629 -0.256194 0.214381
v -0.008624 -0.221812 0.195469
v -0.116151 -0.040248 0.340273
v -0.101136 -0.063296 0.294915
v -0.134298 -0.046432 0.321071
v -0.076736 -0.190462 0.362822
v -0.073522 -0.148706 0.325818
v -0.089308 -0.127551 0.362609
v -0.409461 -0.622173 -0.000418
v -0.384846 -0.623078 0.007151
v -0.456298 -0.585472 0.024323
v -0.438783 -0.563505 -0.001429
v -0.433203 -0.578024 -0.002124
v -0.347169 -0.034063 0.662260
v -0.372304 -0.090476 0.655161
v -0.375510 -0.106462 0.673076
v -0.333927 -0.045877 0.709934
v -0.303273 -0.014128 0.728314
v -0.308367 0.008920 0.693701
v -0.244572 0.488307 0.115022
v -0.188297 0.519687 0.085085
v -0.202211 0.480798 0.072032
v -0.186463 0.508727 0.062565
v -0.357455 0.006783 0.405075
v -0.332931 0.029263 0.380799
v -0.363195 0.019514 0.350460
v -0.323963 0.062210 0.469195
v -0.338649 0.025535 0.424750
v -0.282885 0.565184 -0.144857
v -0.232391 0.614053 -0.097267
v -0.206391 0.588699 -0.113290
v -0.234000 0.584850 -0.115851
v 0.028149 -0.521851 -0.027724
v 0.054771 -0.516274 -0.030730
v 0.091090 -0.485342 -0.017842
v -0.245648 0.597340 -0.136619
v -0.279163 0.592787 -0.152382
v 0.561291 0.173489 0.141780
v 0.590376 0.160947 0.122415
v 0.589705 0.183861 0.092347
v 0.537927 0.099540 -0.028727
v 0.579639 0.186672 0.010997
v 0.559170 0.163361 -0.015108
v -0.306172 -0.080240 0.760923
v -0.327203 -0.082440 0.751834
v -0.584746 0.361870 0.211921
v -0.520398 0.402674 0.233742
v -0.528081 0.419064 0.211734
v -0.572412 0.368373 0.231282
v -0.317461 0.435127 0.183494
v -0.352162 0.404489 0.207708
v -0.331793 0.440913 0.187211
v -0.396732 0.453779 0.187343
v -0.467711 0.478551 0.109237
v -0.429940 0.507828 0.080614
v -0.460720 0.523444 0.046409
v -0.426062 0.454184 0.127210
v -0.434248 0.470524 0.115882
v -0.449164 0.443073 0.121748
v -0.459488 0.462062 0.118146
v -0.057730 0.020710 0.034507
v -0.011782 -0.020444 0.050437
v -0.035704 0.031635 0.027771
v -0.052240 0.067664 0.014721
v -0.073942 0.088536 0.029360
v -0.056167 0.048302 0.018982
v -0.106157 0.050274 0.051642
v -0.113058 0.066445 0.073547
v -0.111451 0.034649 0.100152
v -0.096877 0.014100 0.076995
v -0.530287 -0.436897 0.228946
v -0.554043 -0.457181 0.218487
v -0.322135 0.497750 -0.055177
v -0.372816 0.488676 -0.061539
v -0.366063 0.471154 -0.049154
v -0.257427 0.515276 -0.056570
v -0.502847 -0.354890 0.022207
v -0.501551 -0.329609 0.018697
v -0.140169 0.369769 -0.024017
v -0.173939 0.395424 -0.021513
v -0.166882 0.363811 -0.015386
v -0.223501 0.378718 0.005199
v -0.193005 0.376553 -0.014740
v -0.222139 0.398952 -0.002526
v -0.119212 0.071097 0.104131
v 0.088792 -0.479283 0.067079
v 0.120777 -0.413679 0.008201
v 0.126426 -0.399659 0.022534
v 0.134258 -0.426980 0.047780
v -0.019028 0.189005 -0.007076
v 0.546855 0.179785 0.133119
v 0.566949 0.203702 0.058396
v 0.517121 0.202693 0.055881
v 0.450429 0.199932 0.056512
v 0.457608 0.175663 0.114172
v 0.511697 0.215114 -0.086788
v 0.401539 0.222623 -0.036888
v 0.407835 0.231064 -0.061001
v 0.375560 0.222820 -0.056739
v -0.250402 -0.156265 0.116724
v -0.259480 -0.135598 0.114514
v -0.246346 -0.125736 0.168998
v -0.106751 -0.122250 0.051609
v -0.050656 -0.150043 0.027539
v -0.089871 -0.155233 0.056574
v -0.053095 -0.179745 0.056042
v -0.119342 -0.153042 0.054105
v -0.103341 -0.177413 0.065704
v -0.450262 0.431671 0.098907
v -0.415457 0.443614 0.114659
v -0.162467 0.536404 0.077215
v -0.125539 0.531446 -0.048121
v -0.121251 0.587565 -0.041036
v -0.113635 0.548410 -0.019656
v -0.244136 0.530599 0.093942
v -0.161610 0.563245 0.066601
v -0.213045 0.574158 0.036151
v -0.123235 0.584646 0.003964
v -0.132820 0.571736 0.034450
v -0.108065 0.540566 0.001071
v -0.299669 0.580945 -0.076055
v -0.346330 0.572681 -0.096599
v 0.031794 -0.225624 0.047946
v 0.020624 -0.203662 0.117342
v 0.011907 -0.201880 0.103176
v -0.005416 -0.172447 0.135895
v -0.458385 -0.090488 0.124804
v -0.483899 -0.079240 0.161627
v -0.136702 0.612374 -0.026725
v -0.161317 0.629963 -0.053838
v -0.147534 0.592867 0.021212
v -0.175482 0.621479 -0.085078
v -0.345144 -0.024681 0.635765
v -0.327930 -0.021231 0.614908
v -0.348503 -0.080235 0.617512
v -0.327737 0.015746 0.627759
v -0.140619 -0.237589 0.065685
v -0.117323 -0.237891 0.062647
v -0.131296 -0.231421 0.045597
v -0.080211 -0.230917 0.082162
v -0.127163 -0.220236 0.100053
v -0.082732 -0.213783 0.102730
v 0.012576 0.141421 -0.002790
v 0.048600 0.117636 0.018728
v -0.237488 0.377911 0.015738
v -0.245194 0.352784 0.020692
v -0.317781 0.438557 0.089192
v -0.316753 0.413346 0.101472
v 0.357689 -0.144996 -0.044727
v 0.398727 -0.122536 -0.023514
v 0.430499 -0.097396 -0.035584
v 0.410373 -0.097346 0.016330
v 0.396446 -0.097013 -0.049552
v -0.180990 0.379494 0.060323
v -0.241417 0.390904 0.070084
v -0.211570 0.409468 0.118781
v -0.199812 0.390086 0.062598
v -0.227659 -0.131565 0.201493
v -0.257095 -0.111732 0.221658
v -0.217986 -0.127995 0.226093
v -0.186594 0.335529 0.138718
v -0.228992 0.394066 0.127953
v -0.236223 0.355354 0.148245
v -0.192720 0.403978 0.113946
v -0.252945 -0.114402 0.148913
v -0.284533 -0.106183 0.194289
v -0.264803 -0.117857 0.202026
v -0.266258 -0.097182 0.179013
v -0.385761 0.611206 -0.077767
v -0.394507 0.598133 -0.053765
v -0.370366 0.636405 -0.056382
v -0.376948 0.627570 -0.098262
v -0.264098 -0.074171 0.194960
v -0.268852 -0.089900 0.184207
v -0.195644 -0.049814 0.202360
v -0.397933 0.629434 -0.100777
v -0.408963 0.607191 -0.072194
v 0.487743 -0.042953 0.016226
v 0.488215 -0.051785 0.052168
v 0.477235 -0.069639 0.035828
v 0.009001 -0.157656 0.034985
v -0.006049 -0.128937 0.006775
v -0.004509 -0.056805 0.019009
v -0.022167 -0.093393 0.035022
v 0.173851 -0.190842 -0.041985
v 0.188901 -0.169147 -0.036483
v 0.158466 -0.171765 -0.053563
v 0.109762 -0.182929 -0.019782
v 0.121596 -0.200273 -0.026010
v 0.136104 -0.173028 -0.047169
v -0.357408 -0.628192 0.001613
v -0.359760 -0.625013 0.049238
v -0.382946 -0.645453 0.051537
v -0.348029 -0.646967 0.046189
v -0.188559 0.279867 0.155523
v -0.224572 0.296011 0.162112
v -0.234831 0.194623 0.252269
v -0.193498 0.231418 0.188818
v -0.496312 -0.546659 0.037714
v -0.496326 -0.558366 0.052447
v -0.581805 -0.508749 0.092273
v -0.561826 -0.488115 0.065881
v -0.528805 -0.518076 0.052414
v 0.359305 -0.024122 0.081773
v 0.398326 -0.077506 0.068361
v 0.427409 0.037309 0.084316
v 0.440328 0.058854 0.090694
v 0.052261 -0.204525 -0.001692
v 0.071718 -0.247150 0.011582
v 0.032911 -0.243918 0.013148
v 0.055309 -0.239488 0.051697
v -0.101723 0.528497 -0.012228
v -0.109148 0.509651 -0.040436
v -0.068421 -0.363469 0.443647
v -0.048597 -0.386405 0.397066
v -0.060251 -0.344081 0.409010
v -0.083306 -0.298157 0.434638
v -0.581071 -0.452977 0.103539
v -0.555344 -0.402645 0.061469
v -0.506077 -0.322502 0.127890
v -0.506624 -0.381939 0.230213
v -0.204162 -0.074013 0.309294
v -0.221542 -0.011341 0.345922
v -0.259337 0.018648 0.364851
v -0.531639 -0.395071 0.338050
v -0.488405 -0.335682 0.378643
v -0.496582 -0.309771 0.328996
v -0.029526 -0.545242 -0.005457
v -0.052055 -0.602835 0.002035
v -0.029080 -0.578658 -0.029893
v -0.049056 -0.621995 -0.032550
v 0.020182 -0.481388 0.011046
v 0.005731 -0.503353 0.010137
v -0.386143 -0.150313 0.640215
v -0.391310 -0.179956 0.621068
v -0.071148 -0.663190 0.039637
v -0.127732 -0.693936 -0.009978
v -0.081931 -0.676739 0.012451
v 0.050516 -0.529630 0.106248
v 0.046577 -0.565921 0.119130
v 0.052669 -0.569021 0.172472
v 0.044235 -0.585872 0.145789
v 0.069306 -0.520610 0.136017
v 0.071052 -0.548322 0.165316
v 0.104910 -0.484328 0.137289
v 0.106728 -0.469543 0.107150
v 0.121174 -0.383304 0.049022
v 0.112004 -0.442550 0.091131
v 0.131372 -0.430153 0.062745
v -0.104557 0.087520 0.044400
v -0.128921 0.101503 0.074690
v -0.136348 0.093238 0.134810
v 0.180223 -0.326108 -0.024285
v 0.163678 -0.338667 0.008198
v 0.185862 -0.355733 -0.031904
v 0.153655 -0.271482 -0.023155
v 0.131027 -0.281096 -0.018298
v 0.132460 -0.314008 0.002001
v -0.296308 0.399747 0.082399
v -0.295841 0.393586 0.054237
v -0.296516 0.410083 0.041834
v -0.275629 0.393239 0.091625
v -0.232570 0.398588 0.095522
v -0.429685 0.230371 0.237759
v -0.467837 0.270274 0.231163
v -0.349360 0.027954 0.284463
v -0.358568 0.110145 0.266647
v -0.336195 0.459757 0.171063
v -0.318774 0.450408 0.158631
v -0.329351 0.622306 -0.171194
v -0.370203 0.603676 -0.158917
v -0.375571 0.603647 -0.134811
v 0.124385 0.147794 -0.017252
v 0.119646 0.165300 -0.036709
v 0.095468 0.186158 -0.042158
v 0.060283 0.155489 -0.024419
v 0.368921 0.145654 0.106059
v 0.337917 0.128775 0.111915
v 0.224842 0.116022 0.096232
v 0.155886 0.119387 0.092078
v -0.381012 0.555439 0.068926
v -0.382313 0.585804 0.030586
v -0.395419 0.567399 0.001453
v -0.391713 0.556437 0.033813
v -0.079679 -0.134369 0.047840
v -0.043718 -0.125235 0.048122
v -0.029920 -0.132842 0.016412
v -0.367947 0.579082 0.043704
v -0.322069 0.605639 -0.005623
v -0.369153 0.611096 0.001300
v -0.053669 -0.077111 0.083300
v -0.009055 -0.057526 0.055052
v -0.012296 -0.074012 0.048816
v 0.005920 -0.059113 0.038558
v -0.018266 -0.035761 0.057867
v 0.008908 -0.047210 0.050267
v 0.001502 -0.021164 0.059245
v 0.042801 -0.065799 0.045245
v -0.252573 -0.098388 0.238321
v -0.277920 -0.087388 0.230439
v -0.272129 -0.064184 0.229498
v -0.523800 -0.226359 -0.022102
v -0.538560 -0.261480 -0.035186
v -0.521062 -0.256746 -0.032758
v 0.527849 -0.006867 -0.049182
v -0.174124 -0.004620 0.496366
v -0.160617 -0.052642 0.483573
v -0.170333 0.013631 0.454750
v -0.219477 0.052755 0.611782
v -0.198831 -0.013343 0.581706
v -0.193830 0.062577 0.522550
v -0.241600 0.113196 0.525573
v -0.277574 0.097860 0.484626
v -0.265050 0.122387 0.532560
v -0.257957 0.077836 0.642192
v -0.260226 0.123516 0.557387
v -0.281215 0.070617 0.646241
v -0.220363 0.106777 0.561956
v -0.199420 0.081218 0.527471
v -0.202867 0.099542 0.513979
v -0.229305 0.122327 0.545426
v -0.233718 0.116015 0.572810
v -0.244351 -0.425419 0.369652
v -0.303786 -0.458354 0.328883
v -0.250180 -0.483535 0.292996
v -0.349596 -0.528219 0.211695
v -0.518181 -0.220388 0.037081
v -0.483160 -0.236069 0.006356
v -0.501623 -0.261886 0.032116
v -0.500186 -0.292991 0.045308
v -0.479985 -0.298075 -0.003975
v -0.203196 0.579516 -0.035685
v -0.500799 -0.273789 -0.029402
v -0.530368 -0.284936 -0.028135
v -0.473591 -0.259757 0.009374
v -0.248795 -0.692299 -0.009464
v -0.260284 -0.661226 -0.012684
v -0.089647 -0.657552 0.048505
v -0.144974 -0.661669 0.025717
v 0.140084 -0.389390 -0.024021
v 0.129971 -0.403778 -0.012804
v 0.112047 -0.422216 -0.023759
v 0.102580 -0.513416 0.166914
v -0.032514 -0.425944 0.355805
v 0.005248 -0.469076 0.304627
v -0.342684 0.494312 0.000755
v -0.305091 0.506430 0.051105
v -0.276746 0.515551 0.023091
v -0.255616 0.484816 0.051773
v -0.391560 0.546623 -0.055283
v -0.390524 0.439206 0.151861
v -0.390094 0.456598 0.124579
v -0.369177 0.445920 0.150865
v -0.357530 0.464117 0.102912
v -0.018127 0.082309 0.052592
v -0.170705 0.194278 0.137957
v -0.333998 0.507690 -0.112947
v -0.321960 0.523389 -0.139268
v -0.297835 0.518212 -0.100712
v -0.312022 0.515204 -0.124407
v -0.032703 0.085499 0.040310
v -0.110145 0.136044 0.029572
v -0.172919 0.318422 0.029938
v -0.155140 0.259220 0.030572
v -0.166562 0.286561 0.042033
v -0.183996 0.165640 0.223863
v -0.185687 0.202838 0.202680
v -0.208334 0.162908 0.251087
v -0.180877 0.129389 0.270219
v -0.385781 -0.417640 0.351074
v -0.422150 -0.424603 0.330789
v -0.464128 -0.442667 0.299127
v 0.385749 0.097482 0.092357
v 0.448510 0.145691 0.121280
v 0.035854 -0.321003 0.189718
v 0.030887 -0.282163 0.152880
v 0.010858 -0.286071 0.216474
v 0.047802 -0.366921 0.191038
v 0.002874 -0.352578 0.274085
v 0.035005 -0.413420 0.238899
v 0.172979 0.188078 -0.087569
v 0.185087 0.182106 -0.065691
v 0.053165 -0.448245 -0.000249
v 0.098442 -0.444346 -0.012036
v 0.080517 -0.444286 0.013109
v 0.095294 -0.448814 0.032904
v 0.142625 0.195825 -0.054298
v 0.164373 0.172216 -0.071616
v -0.254356 -0.048449 0.320280
v -0.279687 0.005441 0.358632
v -0.228439 -0.041335 0.314521
v -0.488891 -0.153266 0.047803
v -0.442747 -0.125068 0.051393
v -0.475496 -0.130495 0.028871
v -0.468577 -0.120495 0.149412
v -0.485389 -0.150020 0.081723
v -0.480430 -0.143613 0.144569
v 0.421690 0.231811 -0.057561
v 0.426105 0.223175 -0.069989
v 0.409427 0.227120 -0.078408
v 0.484317 0.194331 -0.062722
v -0.490529 -0.168776 0.037523
v -0.496848 -0.165221 0.087339
v -0.501139 -0.261949 0.097595
v -0.517272 -0.239612 0.060789
v -0.492468 -0.260289 0.071609
v -0.511658 -0.226377 0.090265
v -0.504783 -0.188702 0.083108
v -0.515694 -0.196082 0.050986
v -0.364995 -0.018875 0.309047
v -0.396098 -0.017756 0.324393
v -0.383807 -0.028200 0.314353
v -0.352808 -0.003600 0.288273
v -0.452225 0.375360 0.248050
v -0.542663 -0.477230 0.045164
v -0.402679 0.472476 0.148426
v -0.405104 0.506355 0.122270
v -0.414174 0.470154 0.129201
v -0.442275 0.419559 0.138041
v -0.473801 0.433849 0.180177
v -0.429896 0.443241 0.171055
v -0.413921 0.452289 0.139783
v -0.394336 0.429494 0.146488
v -0.380630 0.478300 0.149519
v -0.127418 0.019934 0.151278
v -0.145900 -0.015836 0.210271
v -0.162644 -0.021844 0.219679
v -0.139761 0.397863 -0.019074
v -0.178260 0.541165 0.086826
v -0.396634 -0.417605 -0.056288
v -0.403614 -0.381104 -0.086736
v -0.421967 -0.416110 -0.083694
v -0.120859 -0.694482 -0.023817
v 0.353843 -0.097611 -0.013859
v 0.306304 -0.110759 -0.035140
v 0.363124 -0.116514 -0.029358
v 0.335683 -0.121967 -0.038837
v 0.258412 -0.116113 -0.029843
v 0.193567 -0.145798 -0.043499
v -0.178686 -0.152532 0.207296
v -0.152934 -0.115354 0.248994
v -0.188056 -0.159228 0.177154
v -0.451241 0.556776 0.010429
v -0.224240 -0.059843 0.207635
v -0.226856 -0.082812 0.172980
v -0.213367 -0.066631 0.181235
v -0.000028 0.096818 0.070130
v -0.027579 0.059251 0.054382
v -0.039002 0.061546 0.026565
v -0.186527 -0.087300 0.119303
v -0.080701 -0.074651 0.077036
v -0.114885 -0.060641 0.090886
v -0.096381 -0.036172 0.079296
v -0.134130 -0.122900 0.448786
v -0.138625 -0.165171 0.513856
v -0.124695 -0.184744 0.479385
v -0.139110 -0.233514 0.561548
v -0.137260 -0.210772 0.534309
v -0.213115 -0.723913 -0.036991
v -0.182651 -0.716384 -0.038620
v -0.218012 -0.708289 -0.024439
v -0.185622 -0.695102 -0.023927
v -0.210830 -0.685864 -0.024189
v -0.453350 0.047679 0.261261
v -0.415151 -0.038285 0.262368
v -0.492919 -0.027635 0.207978
v -0.459992 -0.077052 0.187483
v -0.468592 0.008027 0.249177
v -0.428353 -0.477496 -0.079235
v -0.437438 -0.453982 -0.078925
v -0.412178 -0.435092 -0.080018
v -0.408684 0.159850 0.248838
v -0.434120 0.111072 0.255237
v 0.106815 -0.423156 0.002508
v -0.127036 -0.207442 0.047824
v -0.107558 -0.226220 0.054706
v 0.251710 0.119623 0.088048
v 0.267498 0.146929 0.068015
v 0.243809 0.134264 0.053227
v 0.265580 0.166177 0.034170
v 0.276569 0.195758 -0.017808
v 0.261529 0.190296 -0.030542
v -0.170371 0.033963 0.439294
v -0.175854 0.050492 0.470686
v -0.167827 0.252886 0.056835
v -0.426543 -0.096564 0.273208
v -0.426796 -0.076034 0.259936
v -0.436932 -0.051638 0.242639
v -0.364884 -0.093968 0.566955
v -0.336856 -0.040985 0.597153
v -0.359816 -0.099456 0.606201
v -0.385696 -0.142385 0.615265
v -0.008976 -0.525135 0.016267
v 0.045604 -0.479378 0.030206
v 0.012576 -0.531444 0.047351
v -0.023807 -0.554466 0.014757
v -0.330086 0.009633 0.599271
v -0.219382 -0.053203 0.307867
v -0.190269 -0.039933 0.315405
v -0.132359 -0.106496 0.274908
v -0.189131 -0.117196 0.264701
v -0.180775 -0.089097 0.300935
v -0.449582 -0.535932 -0.007213
v -0.439526 -0.543109 -0.016970
v -0.165920 -0.070725 0.312244
v -0.147318 -0.051763 0.312634
v -0.133086 -0.093641 0.293807
v -0.520060 -0.426833 0.276918
v -0.465709 -0.539173 0.011664
v -0.492362 -0.485505 0.021347
v -0.441931 -0.498491 -0.020377
v -0.466147 -0.503547 0.007650
v -0.011652 -0.201020 0.109194
v -0.055615 -0.206368 0.114530
v -0.004963 -0.208742 0.088843
v -0.438785 -0.521310 -0.018274
v -0.427385 -0.555457 -0.019577
v -0.214862 -0.138895 0.711430
v -0.178880 -0.195189 0.641555
v -0.190860 -0.156261 0.669967
v -0.263618 -0.158723 0.687631
v -0.273254 -0.114188 0.729313
v -0.306361 -0.144379 0.702247
v -0.285353 0.632628 -0.106624
v -0.243009 0.596612 -0.088825
v -0.317374 -0.130407 0.722094
v -0.342426 -0.115841 0.731448
v -0.358032 -0.094538 0.722898
v -0.146832 0.008001 0.404909
v -0.246269 0.040224 0.410702
v -0.571310 0.324475 0.190118
v -0.576409 0.284511 0.168965
v -0.586956 0.277346 0.190233
v -0.584272 0.229364 0.177132
v -0.577063 0.200394 0.160088
v -0.563314 0.139011 0.195602
v -0.404008 -0.023033 0.372664
v -0.396408 -0.005038 0.348235
v -0.419622 -0.063401 0.365662
v -0.376875 -0.016714 0.436391
v -0.583812 0.249822 0.167179
v -0.404594 -0.070130 0.417673
v -0.376016 -0.075143 0.503288
v -0.394343 -0.067610 0.456671
v -0.471289 -0.275485 -0.015284
v -0.476713 -0.247855 -0.008695
v -0.493784 -0.289029 -0.035415
v -0.467487 -0.293874 -0.040963
v -0.452417 -0.344833 -0.023741
v -0.441233 -0.371011 -0.029107
v -0.344364 0.230075 0.241483
v 0.592066 0.148699 0.120548
v 0.561705 0.144601 0.037034
v 0.582362 0.162040 0.077825
v -0.063725 -0.393327 0.412136
v -0.056070 -0.445523 0.345827
v -0.045766 -0.407750 0.383219
v -0.046391 -0.431295 0.361399
v -0.048369 -0.531266 -0.030662
v -0.025006 -0.525161 -0.002622
v 0.041243 -0.554889 -0.030980
v 0.012557 -0.535303 -0.048595
v -0.152305 -0.561995 0.179966
v -0.219578 -0.562361 0.182972
v -0.234550 -0.586819 0.128085
v -0.118629 -0.508542 0.259849
v -0.164162 -0.533829 0.221334
v -0.284227 -0.555689 0.175057
v -0.345974 -0.560579 0.146394
v -0.268916 -0.608447 0.076480
v -0.339137 -0.627331 0.037164
v 0.513212 -0.013299 -0.016586
v 0.509933 -0.006557 0.037779
v 0.503550 -0.023963 0.045667
v 0.515560 0.005842 0.023472
v -0.405796 0.473508 0.050201
v -0.433373 0.463468 0.086777
v -0.255414 0.501973 -0.021537
v -0.238018 0.517718 -0.029305
v -0.214105 0.529874 -0.030355
v 0.128274 -0.114155 -0.051381
v 0.063784 -0.107483 -0.024654
v -0.307484 0.652865 -0.140276
v -0.263643 0.662810 -0.122614
v -0.277681 0.648394 -0.112988
v -0.258104 -0.705463 -0.001124
v 0.038630 -0.180390 0.023217
v 0.065340 -0.168536 0.013272
v 0.038722 -0.140554 0.018419
v 0.112971 -0.358944 0.039955
v 0.126113 -0.383069 0.030718
v -0.434119 0.483807 0.098641
v -0.412556 0.518809 0.066631
v 0.008318 -0.520262 -0.029356
v -0.029557 -0.507483 -0.025346
v 0.045604 -0.226519 -0.002140
v 0.036939 -0.199117 0.014957
v 0.024706 -0.221763 0.014221
v 0.277373 0.124691 0.103015
v -0.523304 -0.290348 0.182105
v -0.507407 -0.330458 0.260822
v -0.511943 -0.315948 0.282269
v -0.517914 -0.311786 0.249323
v -0.499800 -0.359578 0.232116
v -0.512595 -0.349669 0.164800
v -0.493656 -0.339594 0.229314
v -0.517653 -0.306076 0.189670
v -0.502568 -0.336880 0.186318
v -0.156105 0.111534 0.207080
v -0.475756 -0.321032 0.411576
v -0.434097 -0.241406 0.523860
v -0.423737 -0.242828 0.506091
v -0.413948 -0.266786 0.507551
v -0.419623 -0.217763 0.425356
v -0.420559 -0.250254 0.470875
v -0.416245 -0.259308 0.488625
v -0.080103 -0.091269 0.247735
v -0.108011 -0.100551 0.279058
v -0.114864 0.443444 0.022339
v -0.188325 0.049402 0.427689
v 0.535423 0.169159 0.152259
v 0.488628 0.167336 0.136130
v 0.057961 0.003533 0.068468
v 0.109907 -0.165401 -0.036891
v 0.080559 -0.161530 0.010810
v -0.437316 -0.108479 0.058873
v -0.377627 0.546511 -0.132262
v -0.361574 0.521241 -0.122967
v -0.568721 0.338539 0.228552
v -0.459656 0.318002 0.243851
v -0.558468 0.331674 0.168275
v -0.586476 0.345459 0.218269
v -0.484333 0.407709 0.145444
v -0.454629 -0.512864 -0.007738
v -0.410204 -0.501218 -0.043986
v -0.086941 -0.086508 0.329614
v -0.090728 -0.071456 0.298137
v -0.102093 -0.058270 0.331427
v -0.114879 -0.081190 0.383586
v 0.198831 -0.104019 -0.023461
v 0.165804 -0.090995 -0.019780
v 0.209919 -0.100489 0.020432
v 0.181742 -0.085812 0.002479
v 0.107406 -0.282577 -0.010081
v 0.090047 -0.243923 -0.016450
v -0.221424 -0.024233 0.327646
v -0.507474 -0.235069 0.136931
v -0.492859 -0.173748 0.129819
v -0.414901 -0.124497 0.348473
v -0.431458 -0.144656 0.362844
v -0.442540 -0.123260 0.372272
v -0.390290 -0.629595 -0.005768
v -0.527062 0.387509 0.242015
v -0.521657 0.365913 0.246954
v -0.466524 0.362604 0.251649
v -0.344685 0.480076 0.148335
v -0.285733 0.612356 -0.158899
v -0.264059 0.621663 -0.156343
v -0.032680 -0.340800 0.353756
v -0.017626 -0.349873 0.318517
v -0.089647 -0.263393 0.422655
v -0.049878 -0.304805 0.375012
v -0.059370 -0.268064 0.368731
v -0.107848 -0.230807 0.446803
v -0.373488 -0.636329 -0.020588
v -0.334747 0.460527 0.048370
v -0.342725 0.431399 0.040003
v -0.345483 0.451103 0.072744
v -0.318292 0.517411 -0.005004
v -0.321021 0.546094 -0.021264
v -0.289468 0.536473 -0.002917
v 0.512601 0.008069 0.092195
v 0.540530 0.067768 0.120876
v 0.509731 0.043665 0.107876
v 0.524100 0.036849 0.097885
v 0.482464 0.059622 0.110440
v 0.500398 0.022904 0.100279
v -0.222341 0.533718 0.035069
v -0.245178 0.492701 0.010741
v -0.398181 -0.389773 -0.060965
v -0.301438 0.467370 0.007559
v -0.325850 -0.691672 0.019951
v -0.304193 -0.682081 0.016656
v -0.369030 -0.657994 0.044779
v 0.072038 0.147744 -0.008038
v 0.031390 0.138122 -0.004535
v 0.387188 -0.099221 0.013946
v -0.312600 -0.605820 0.063262
v -0.343014 -0.604459 0.056037
v -0.366904 0.457661 0.121475
v -0.316522 0.471884 -0.033941
v -0.351356 0.456633 -0.043564
v 0.078127 -0.556036 0.185220
v 0.079890 -0.542613 0.214208
v -0.287482 0.505567 -0.065643
v -0.301932 0.509876 -0.080561
v -0.043133 0.073451 0.028183
v 0.591248 0.192891 0.058023
v 0.573986 0.213089 0.027993
v 0.580116 0.201600 0.008724
v -0.410902 0.354585 0.247551
v -0.035043 -0.623850 -0.015799
v -0.059415 -0.613970 -0.000842
v 0.033532 -0.242379 0.119848
v 0.045938 -0.239933 0.082007
v -0.386286 0.384680 0.092419
v 0.425618 0.227542 -0.090889
v -0.046563 -0.373563 0.372345
v -0.399769 0.397229 0.068198
v 0.488649 0.198452 -0.081373
v -0.063978 -0.224166 0.066767
v -0.079958 -0.191735 0.068878
v -0.015572 -0.300487 0.297332
v 0.001842 -0.313331 0.248030
v 0.032671 -0.352955 0.221019
v -0.048860 -0.121120 0.233756
v -0.064234 -0.104990 0.283798
v -0.054863 -0.142103 0.279914
v -0.023308 -0.149730 0.200706
v 0.135283 -0.030125 0.055485
v 0.142077 -0.094145 -0.022188
v 0.122607 -0.088918 0.014990
v -0.061802 -0.171652 0.302763
v -0.078898 -0.111922 0.331740
v -0.221708 -0.530075 0.230805
v -0.153861 0.070215 0.242932
v -0.179777 0.060157 0.276788
v -0.160389 0.040019 0.273200
v -0.159801 0.092196 0.267165
v -0.253939 0.622451 -0.090975
v -0.069204 -0.088932 0.259811
v -0.269028 0.586767 -0.077196
v -0.258344 0.604867 -0.089840
v -0.274951 0.382263 0.040874
v -0.259310 0.361929 0.027711
v -0.270592 0.385660 0.019225
v -0.241065 0.366420 0.053024
v -0.389835 0.463029 -0.036202
v 0.260664 -0.152475 -0.032544
v 0.227403 -0.146445 -0.035723
v 0.052894 -0.273726 0.095821
v -0.201151 0.016587 0.284317
v 0.425900 -0.086766 0.000275
v -0.093799 0.181963 0.060243
v -0.122306 0.144149 0.052330
v -0.557423 0.115231 0.197816
v -0.546171 0.139513 0.201639
v -0.409475 -0.269030 0.544376
v -0.432746 -0.257329 0.547999
v -0.420133 -0.262704 0.526053
v -0.353229 -0.319716 0.482076
v -0.407388 -0.331356 0.463205
v -0.334366 -0.348058 0.445345
v -0.056030 0.098068 0.040838
v -0.461882 -0.342622 0.440813
v -0.479509 -0.340370 0.432759
v -0.502288 -0.374452 0.388100
v -0.425590 -0.290335 0.500349
v -0.428908 -0.253824 0.455244
v -0.450848 -0.278641 0.439287
v -0.194234 0.616313 -0.031669
v -0.271327 0.610702 -0.019523
v -0.441989 -0.297697 0.469613
v -0.440143 -0.317020 0.474139
v -0.413673 -0.298247 0.502442
v -0.383669 0.633310 -0.035658
v -0.382255 0.628039 -0.020494
v 0.416316 0.156397 0.116138
v 0.402079 0.172936 0.099430
v 0.391129 0.160447 0.106377
v 0.403395 0.138603 0.107146
v -0.363924 -0.280106 0.528135
v 0.017241 0.093242 0.079594
v 0.024772 0.070493 0.074844
v 0.058504 0.034497 0.069322
v 0.578120 0.146645 0.148312
v 0.556906 0.164330 0.161202
v 0.524750 0.158568 0.154379
v -0.339393 0.724074 -0.109741
v -0.344784 0.698470 -0.119636
v -0.322850 0.689244 -0.108734
v -0.336254 0.677665 -0.098854
v 0.117160 0.129896 0.075764
v -0.247871 -0.124208 0.187758
v -0.227746 -0.138713 0.172858
v 0.142536 -0.204036 -0.037010
v -0.227808 -0.024485 0.294789
v -0.215061 0.506168 0.106386
v -0.200259 0.526300 0.093121
v -0.216106 0.532663 0.095266
v -0.211748 0.495711 0.084596
v -0.138190 0.228359 0.033693
v -0.108481 0.230780 0.066371
v -0.164548 0.221288 0.041919
v 0.090332 -0.529075 0.213417
v 0.098641 -0.501154 0.198661
v 0.070761 -0.497539 0.231068
v 0.060132 -0.431918 0.212320
v 0.050013 -0.468276 0.247401
v -0.369814 0.600036 -0.130690
v -0.355176 0.585243 -0.156402
v 0.482920 -0.040817 0.077215
v 0.501366 -0.013911 0.080348
v -0.225778 0.649108 -0.072711
v 0.313156 0.215957 -0.059366
v 0.351487 0.224118 -0.071753
v 0.346659 0.244873 -0.086599
v -0.293148 0.089666 0.496585
v -0.277883 0.111171 0.551763
v -0.450976 -0.588943 0.046853
v -0.433872 -0.604979 0.010347
v -0.493377 -0.568094 0.063313
v -0.361566 -0.368678 0.412199
v -0.361797 -0.394746 0.380481
v -0.322094 0.020914 0.645437
v 0.118296 -0.429515 0.024814
v 0.121838 -0.453270 0.055111
v 0.115817 -0.463646 0.080354
v 0.126966 -0.450727 0.072095
v -0.210767 0.595470 -0.133544
v -0.179571 0.609880 -0.130119
v -0.253366 0.615236 -0.149885
v 0.581233 0.204452 0.035987
v 0.581677 0.202125 0.060173
v 0.443332 0.218400 -0.089678
v -0.415822 -0.164579 0.362734
v -0.458711 -0.272919 0.400173
v -0.419767 -0.205156 0.400195
v -0.187487 -0.070661 0.602690
v -0.171240 -0.118849 0.578168
v 0.365103 -0.110658 0.027461
v -0.157067 -0.162519 0.575188
v -0.144550 -0.210852 0.581921
v -0.175392 -0.152992 0.629721
v -0.186442 -0.105882 0.618776
v -0.162676 -0.185652 0.150993
v -0.209746 -0.158026 0.159129
v -0.172086 -0.172118 0.165035
v -0.112203 0.422787 -0.002989
v -0.543694 0.039600 0.211039
v -0.533347 -0.010162 0.201649
v -0.523071 0.016624 0.205346
v -0.559198 0.094723 0.196873
v -0.567769 0.063914 0.208758
v -0.550545 0.065351 0.208027
v -0.404480 -0.128702 0.520541
v -0.409022 -0.101004 0.472970
v 0.052272 -0.571512 -0.004128
v -0.423017 0.338541 0.250002
v -0.467577 0.343828 0.251598
v 0.045822 -0.560575 -0.024503
v -0.242370 -0.718284 -0.019552
v -0.239434 -0.668330 -0.015382
v -0.212412 -0.654997 0.015799
v -0.193628 0.634234 -0.093843
v -0.168666 0.670764 -0.117897
v -0.197055 0.651278 -0.082388
v -0.482384 -0.232484 -0.036307
v 0.354219 -0.000926 0.085645
v 0.395156 0.050261 0.090479
v 0.302969 0.116963 0.109772
v -0.504271 -0.242497 0.045603
v -0.503808 -0.267855 0.047952
v -0.482500 -0.279058 0.076483
v -0.497337 -0.289316 0.073616
v 0.568872 0.234060 -0.023984
v 0.573802 0.220719 -0.034869
v -0.009947 -0.621816 -0.005887
v -0.014366 -0.633574 -0.015393
v -0.250193 0.565695 -0.038377
v -0.183885 0.553106 -0.026225
v -0.186705 0.587063 -0.054544
v -0.427155 -0.506762 -0.034969
v -0.426770 -0.522277 -0.032529
v -0.558813 -0.535508 0.091423
v -0.565287 -0.484339 0.150329
v -0.578828 -0.513748 0.105479
v -0.231582 0.536601 -0.060591
v -0.211594 0.555562 -0.067827
v 0.019070 -0.247623 0.174953
v 0.037708 -0.224825 0.062092
v 0.509868 -0.034368 -0.013840
v 0.508028 -0.050395 -0.006428
v 0.522573 -0.049317 -0.025394
v -0.404517 -0.064466 0.282704
v -0.411604 -0.062366 0.255599
v -0.477410 -0.354653 -0.057880
v -0.455007 -0.376057 -0.080912
v -0.156156 0.025813 0.400800
v 0.169045 -0.283356 -0.022626
v 0.153027 -0.324499 0.007953
v 0.160536 -0.350457 0.005325
v 0.120702 -0.344972 0.018506
v -0.185614 -0.226273 0.607555
v -0.263768 -0.229575 0.591811
v -0.216098 -0.167653 0.683320
v -0.235446 -0.128005 0.721621
v -0.253028 -0.088726 0.737366
v -0.231095 -0.066784 0.721623
v -0.297463 0.529435 -0.132731
v -0.188264 -0.208044 0.636143
v -0.227476 -0.186804 0.653673
v -0.231363 0.436684 0.030204
v -0.252379 0.406940 0.011742
v -0.225031 0.426502 0.005720
v -0.181737 0.471484 0.056033
v -0.266546 0.419665 0.032611
v -0.132311 0.615878 -0.047184
v -0.117826 0.578666 -0.013691
v -0.127734 0.535377 -0.070048
v -0.129195 0.577134 -0.062545
v 0.518878 -0.026141 -0.039873
v -0.364777 0.503766 -0.075858
v -0.389787 0.493367 -0.067212
v -0.130299 0.495732 0.014932
v -0.134199 0.540179 0.057452
v -0.141073 0.511456 0.023768
v -0.116500 0.534112 0.018954
v -0.184747 0.276737 0.141681
v -0.220793 0.247470 0.187814
v -0.251353 -0.002815 0.735237
v -0.226907 0.093566 0.599224
v -0.420676 -0.158555 0.341532
v 0.162267 -0.086440 0.020081
v 0.203758 -0.079072 0.045064
v 0.208654 -0.046218 0.068893
v -0.291354 0.284013 0.238434
v -0.319725 0.312550 0.247669
v -0.491685 0.426356 0.216444
v -0.468643 0.438581 0.201080
v -0.253007 0.303385 0.179831
v -0.413870 0.497969 0.034007
v -0.510790 0.188441 0.221204
v -0.476880 0.206405 0.227289
v 0.386362 -0.128379 -0.041267
v 0.376231 -0.117331 -0.072262
v -0.228449 -0.084334 0.710171
v -0.378326 0.624110 -0.139500
v -0.363795 0.618064 -0.130497
v 0.048212 -0.155057 0.018551
v -0.144999 -0.163182 0.187855
v -0.041167 -0.518979 -0.023570
v -0.216956 -0.124997 0.713258
v -0.235218 -0.110952 0.733261
v -0.288814 -0.034848 0.761339
v 0.054541 0.087235 0.074159
v 0.062648 0.103516 0.070281
v -0.392759 0.493830 0.023485
v -0.379212 0.524875 -0.038458
v -0.348592 -0.434104 0.351828
v -0.095724 -0.353520 0.465306
v -0.136057 -0.372196 0.438382
v -0.065579 -0.372943 0.438145
v -0.080912 -0.406126 0.397140
v 0.535630 0.108314 -0.005928
v 0.530489 0.066728 0.011293
v 0.542042 0.110222 0.012879
v -0.303901 -0.404737 0.391242
v -0.453737 -0.103796 0.181361
v -0.442926 -0.078086 0.213560
v -0.456933 -0.104491 0.150387
v 0.063158 -0.510690 0.235927
v 0.049563 -0.523478 0.233872
v -0.244093 -0.073502 0.194437
v -0.291078 -0.081658 0.214702
v -0.259349 -0.064431 0.212882
v -0.418822 -0.161008 0.388509
v -0.436696 -0.150763 0.407138
v -0.436189 -0.102144 0.376396
v -0.348348 -0.053337 0.679768
v -0.373487 -0.126909 0.643422
v -0.368637 -0.122210 0.710606
v -0.216477 -0.040309 0.217711
v -0.260780 -0.041209 0.234708
v -0.275756 0.481885 -0.038978
v -0.559673 0.317540 0.219304
v -0.574410 0.320821 0.210089
v 0.578514 0.132961 0.153065
v 0.566986 0.103946 0.125405
v 0.064605 -0.461685 0.019728
v 0.464476 0.203112 -0.066009
v 0.449081 0.220215 -0.053160
v -0.284524 0.406731 0.106838
v -0.242526 0.414798 0.116413
v -0.240614 0.420312 0.132394
v -0.264144 0.416250 0.143325
v -0.286907 0.486425 0.122736
v -0.254659 0.512455 0.120056
v -0.234545 0.508798 0.117484
v -0.239388 0.568884 0.035800
v -0.111703 -0.098779 0.068469
v -0.101252 -0.057393 0.077363
v -0.126754 -0.056442 0.121011
v -0.142986 -0.041879 0.189604
v 0.033381 -0.493835 0.275561
v -0.010677 -0.478289 0.298652
v -0.161961 -0.201696 0.615651
v -0.416508 -0.387659 -0.048188
v -0.392192 -0.350231 -0.069443
v -0.419993 -0.348987 -0.077241
v -0.431856 -0.381221 -0.089110
v -0.433356 -0.351167 -0.079319
v -0.412197 -0.354822 -0.055322
v -0.191749 0.075897 0.466063
v -0.190163 0.053918 0.448870
v -0.181822 0.068400 0.463705
v -0.484751 -0.277282 0.010869
v -0.257880 0.371155 0.049323
v -0.268336 0.392087 0.062016
v 0.072274 -0.399243 0.157725
v 0.054173 -0.302384 0.141720
v 0.082094 -0.457419 0.184625
v -0.283958 0.045771 0.679754
v -0.066538 -0.653018 0.019453
v 0.392649 0.267357 -0.066456
v -0.288628 -0.013516 0.296833
v -0.293189 -0.061250 0.313252
v -0.182132 -0.029447 0.327880
v -0.129253 -0.033676 0.338067
v -0.182318 -0.021445 0.357313
v -0.528060 -0.452789 0.248609
v -0.553508 -0.472560 0.192978
v -0.500809 -0.485993 0.203156
v -0.208932 -0.117780 0.247621
v -0.213402 0.416165 -0.007137
v -0.407006 -0.027216 0.338783
v -0.394202 0.009384 0.335466
v 0.297714 0.214890 -0.067872
v 0.301820 0.234580 -0.076775
v -0.396936 -0.070069 0.302542
v -0.134876 -0.228786 0.085248
v -0.103800 -0.230628 0.082772
v 0.574348 0.131274 0.081204
v 0.104974 -0.507368 0.182786
v 0.092696 -0.534831 0.194987
v 0.248091 -0.104053 -0.020583
v 0.156235 0.159204 -0.038141
v -0.434156 0.489052 0.037816
v -0.238923 -0.096728 0.167090
v 0.128098 0.193423 -0.047073
v -0.021640 -0.076554 0.065460
v -0.032826 -0.088101 0.049044
v 0.466986 0.017840 0.093907
v 0.491158 -0.006507 0.089542
v 0.423244 0.001342 0.088422
v 0.151038 -0.081005 0.000322
v 0.151293 -0.076875 0.031527
v 0.010720 -0.124221 0.000016
v -0.518807 -0.398784 0.354640
v -0.507019 -0.418530 0.306553
v -0.526052 -0.388672 0.356576
v -0.513404 -0.336293 0.318664
v -0.486576 -0.338654 0.415136
v -0.197269 0.354376 -0.001875
v 0.503894 -0.024669 -0.001016
v -0.353295 -0.039066 0.649415
v -0.440307 0.447629 0.185293
v -0.408626 0.458774 0.176310
v -0.034446 -0.156723 0.033339
v 0.234202 0.155256 0.015280
v -0.277192 0.481097 -0.013538
v -0.274626 0.485771 0.001559
v -0.293982 -0.084727 0.196367
v -0.277037 -0.102004 0.217211
v 0.310517 0.141781 0.081589
v 0.392002 -0.108757 0.039221
v 0.444127 -0.098920 0.039093
v -0.291689 -0.015309 0.332911
v -0.263411 -0.019987 0.299566
v -0.258795 0.000778 0.281338
v -0.282906 0.013191 0.289256
v -0.389031 -0.477147 -0.062435
v -0.226343 0.594804 -0.130625
v -0.034937 -0.131950 0.206644
v -0.188207 0.372690 0.120318
v 0.020687 -0.216712 0.033576
v 0.166833 -0.376035 -0.018882
v -0.130983 -0.301093 0.528885
v -0.183017 -0.309533 0.511750
v -0.352444 -0.682840 0.026455
v -0.348774 -0.668651 0.041478
v -0.017471 -0.272977 0.274972
v -0.275709 0.531384 0.004813
v -0.420606 -0.504767 -0.079401
v -0.349406 0.443055 0.142950
v -0.567344 0.029313 0.225201
v -0.057596 -0.005299 0.053427
v -0.030323 -0.064901 0.070983
v -0.504009 -0.217003 -0.019622
v -0.508892 -0.231732 -0.034833
v -0.480286 -0.216946 -0.019903
v -0.313848 0.045929 0.393932
v -0.310489 -0.002322 0.341343
v -0.304544 0.028565 0.380250
v -0.283366 0.049249 0.407977
v 0.271211 -0.188158 -0.044750
v 0.240459 -0.194459 -0.033458
v -0.140702 -0.002998 0.217942
v -0.039397 -0.628417 0.094545
v -0.055074 -0.653805 0.051697
v -0.124394 0.047617 0.131718
v -0.069178 -0.633625 0.000295
v 0.001788 -0.103028 0.005436
v 0.032514 -0.115397 -0.015796
v 0.056634 -0.140693 -0.026677
v 0.000443 -0.176759 0.153206
v -0.044906 -0.172359 0.269374
v 0.008892 -0.211448 0.160676
v 0.485191 0.210167 0.035150
v 0.374610 0.126335 0.106003
v 0.559672 0.175012 -0.056725
v -0.476363 -0.353327 -0.008764
v -0.254088 -0.079408 0.248555
v -0.443391 -0.098449 0.227968
v 0.042581 0.185252 -0.030649
v 0.097735 0.199494 -0.049048
v 0.134789 0.202764 -0.056549
v -0.005780 -0.617503 0.106419
v -0.031320 -0.526232 -0.037430
v 0.295698 -0.025107 0.082207
v 0.203774 -0.016952 0.078403
v 0.166582 0.005099 0.077426
v 0.054207 -0.573069 -0.022236
v -0.162729 0.635701 -0.072825
v -0.442410 -0.204913 0.534363
v -0.208429 -0.058986 0.642916
v 0.442978 0.216451 -0.019007
v -0.515204 -0.245645 0.109120
v -0.164889 0.236179 0.034913
v -0.411893 0.501769 0.098468
v -0.330236 0.446434 0.098525
v -0.190236 0.005412 0.530767
v -0.132874 0.114223 0.113678
v -0.158073 0.137716 0.121977
v -0.274018 0.044394 0.379803
v 0.036121 -0.482455 0.281748
v -0.387623 0.115629 0.261090
v 0.318956 -0.097986 0.037338
v 0.366494 -0.107416 0.040594
v -0.183851 -0.479691 0.298920
v -0.215493 -0.503631 0.269177
v -0.159704 -0.504093 0.262337
v -0.190017 -0.591205 0.129131
v 0.037019 -0.460721 0.271842
v -0.173614 -0.639027 0.049606
v -0.203792 -0.672680 -0.009596
v -0.151126 -0.693294 -0.011365
v -0.485626 -0.272768 0.294302
v 0.065685 -0.307306 0.098244
v 0.073857 -0.270065 0.061954
v -0.382017 -0.304150 0.493281
v -0.278388 -0.264957 0.554907
v -0.162714 -0.267645 0.562395
v -0.153412 -0.296504 0.534388
v -0.102612 0.489575 -0.031241
v -0.072913 -0.339609 0.465990
v -0.325181 0.344588 0.229443
v -0.435498 -0.231560 0.576014
v -0.445440 -0.237921 0.539772
v 0.125836 -0.134492 -0.057904
v -0.465101 -0.576213 0.067198
v -0.492433 -0.063739 0.174968
v -0.529436 -0.035573 0.198116
v -0.479163 -0.580672 0.048741
v -0.467333 -0.323270 0.440536
v -0.443620 -0.158256 0.429978
v -0.437423 -0.141868 0.422073
v -0.009661 0.050447 0.071904
v -0.131388 -0.090895 0.087865
v -0.221391 0.561931 -0.017879
v -0.172949 0.285691 0.069881
v -0.132128 0.557094 0.051847
v -0.146875 0.549540 0.070010
v -0.166509 0.510815 0.044072
v -0.143663 0.522347 0.045929
v -0.275077 0.498280 0.129842
v -0.031852 -0.155603 0.163036
v -0.003806 -0.164680 0.152436
v -0.030203 -0.140515 0.183591
v -0.076291 -0.086825 0.304266
v -0.091392 -0.077473 0.281277
v -0.402925 -0.542823 0.138274
v -0.519060 -0.494619 0.158795
v -0.524104 -0.224822 0.056031
v -0.007358 -0.610292 0.122267
v -0.570166 -0.419877 0.108553
v -0.508578 0.001676 0.214600
v 0.049391 -0.528286 -0.040824
v -0.201310 -0.041464 0.615163
v -0.445150 -0.218319 0.515282
v -0.343286 0.483742 0.088292
v -0.336925 0.462953 0.093385
v -0.502083 -0.382800 0.260050
v -0.327720 0.498016 0.009552
v -0.275109 0.478446 0.048828
v -0.304100 0.482031 0.062076
v -0.284088 0.513425 0.116422
v -0.324618 0.497115 0.053887
v -0.090554 -0.212946 0.064211
v -0.320288 0.479813 0.058465
v -0.044997 -0.345209 0.376719
v -0.034401 -0.190440 0.130239
v -0.053806 -0.185805 0.150942
v -0.070212 -0.174891 0.164667
v 0.521129 0.022423 0.037137
v -0.164094 0.165934 0.125137
v -0.418525 -0.570958 -0.020062
v -0.193878 -0.135278 0.227221
v 0.432920 0.165680 0.120494
v -0.077765 0.112156 0.038430
v 0.048537 -0.488883 0.044061
v 0.126735 0.141741 0.039272
v -0.517584 -0.261017 0.122492
v -0.273779 -0.097024 0.742739
v -0.247464 0.351637 0.039933
v -0.398276 0.560630 -0.086170
v -0.112818 -0.081909 0.084788
v -0.256223 0.664029 -0.080766
v 0.489088 -0.039979 0.069227
v -0.429994 -0.206951 0.471216
v -0.418889 -0.234003 0.454647
v 0.044681 -0.543732 -0.040458
v -0.331533 -0.654301 -0.024282
v -0.347888 0.403699 0.108248
v 0.442842 0.222937 -0.040120
v -0.178367 0.243766 0.169364
v 0.410744 0.023316 0.087779
v -0.216797 -0.036789 0.315356
v -0.387026 0.607985 0.004272
v -0.397241 0.596177 -0.029375
v -0.390224 0.584891 0.003901
v -0.414854 0.589093 -0.038319
v -0.413561 0.570107 -0.011282
v -0.441044 0.585485 -0.032128
v 0.227365 0.138902 0.040506
v 0.566057 0.109587 0.145640
v -0.142458 0.239718 0.028087
v -0.090865 -0.452841 0.331059
v -0.329115 -0.289120 0.524811
v -0.417428 -0.548626 -0.073493
v -0.091441 0.208523 0.045363
v -0.324486 0.031110 0.365437
v 0.047578 -0.125634 -0.023308
v 0.009183 -0.630549 -0.011605
v -0.375609 -0.142796 0.688168
v -0.362145 -0.146548 0.693524
v -0.237857 0.095213 0.614223
v -0.365932 -0.669335 0.029663
v 0.117333 -0.310964 -0.000503
v 0.465846 0.159442 0.130359
v -0.356508 0.655480 -0.144863
v -0.493178 -0.145466 0.020825
v -0.171269 0.243578 0.082586
v 0.014088 -0.604801 0.123412
v 0.033728 -0.591581 0.127819
v -0.433695 -0.529117 -0.075702
v -0.309838 -0.620949 0.037273
v -0.339644 0.486091 0.018976
v -0.121904 -0.049112 0.374149
v -0.574791 0.279268 0.202919
v -0.583150 0.242330 0.187808
v -0.548885 -0.504859 0.126114
v 0.257866 -0.103293 0.020814
v -0.151733 0.031305 0.262929
v 0.170078 -0.076788 0.000842
v -0.118707 -0.137846 0.051619
v 0.242154 -0.217157 -0.034935
v -0.499788 -0.320271 0.160048
v -0.330166 -0.649895 -0.021687
v -0.408925 0.555312 0.005817
v -0.427419 0.561152 0.002049
v -0.321481 0.491680 0.059539
v -0.166629 0.625669 -0.124497
v -0.468283 0.435480 0.122681
v -0.050139 -0.590222 -0.035133
v -0.561106 -0.522106 0.107113
v -0.359435 -0.081290 0.639021
v 0.097036 -0.329628 0.032622
v -0.515399 -0.298829 0.229309
v -0.385779 -0.050495 0.281666
v -0.456206 -0.317890 0.462835
v -0.286048 -0.517492 0.244625
v -0.415370 -0.229859 0.471089
v 0.386883 -0.096857 -0.066666
v -0.500289 -0.346418 -0.045465
v -0.287371 0.266763 0.248089
v 0.076720 -0.428202 0.183531
v 0.391026 0.121848 0.097182
v -0.391134 0.562167 -0.105460
v -0.413215 0.125543 0.144323
v -0.324160 0.138273 0.063906
v -0.309243 0.153951 0.047456
v -0.495640 0.541220 0.026717
v -0.471166 0.493383 0.058208
v -0.434693 0.514016 0.029944
v -0.943175 0.202181 -0.187127
v -0.963434 0.255470 -0.178388
v -0.957816 0.262807 -0.194308
v -0.582227 0.032016 0.225922
v -0.504539 -0.012417 0.212884
v -0.539216 0.052602 0.196045
v -0.315939 -0.117657 0.121434
v -0.285715 -0.123480 0.086551
v -0.283678 -0.085096 0.097259
v -0.663042 0.418988 0.076154
v -0.598971 0.508587 0.018528
v -0.678501 0.472905 -0.008587
v -0.702442 0.375216 0.056181
v -0.742987 0.132346 0.157240
v -0.653491 0.074502 0.213938
v -0.696491 0.149692 0.219515
v -0.539555 -0.138510 0.055445
v -0.475722 -0.189073 0.103313
v -0.529085 -0.136594 0.122417
v -0.345860 -0.184894 -0.024215
v -0.337775 -0.177733 0.047103
v -0.355840 -0.202368 0.016409
v -0.735571 0.330101 0.084877
v -0.732948 0.296570 0.200931
v -0.686941 0.335602 0.192139
v -0.488063 0.319023 0.155209
v -0.454853 0.391857 0.143654
v -0.520044 0.403662 0.158642
v -0.787956 0.131312 0.106635
v -0.822048 0.214999 0.113862
v -0.819259 0.160595 0.057747
v -0.820113 0.014255 -0.008925
v -0.859624 0.072632 -0.025058
v -0.859679 0.022922 -0.060557
v -0.416959 -0.261751 -0.055212
v -0.457350 0.259709 0.155122
v -0.353342 0.212203 0.079258
v -0.366144 0.272557 0.091320
v -0.271757 -0.136431 0.061948
v -0.272663 -0.091467 0.038400
v -0.276636 -0.067080 0.080067
v -0.327994 0.115188 -0.048112
v -0.309862 0.154798 -0.001818
v -0.315543 0.136698 0.009472
v -0.538780 -0.277140 -0.137385
v -0.512430 -0.277030 -0.074085
v -0.543575 -0.262376 -0.077941
v -0.470862 -0.258558 0.034765
v -0.516386 -0.168092 0.047421
v -0.535069 -0.213398 0.006595
v -0.849844 0.392093 -0.034950
v -0.827299 0.322970 -0.021893
v -0.807126 0.372725 -0.030152
v -0.853079 0.129541 -0.005456
v -0.803953 0.022154 0.018173
v -0.914353 0.135211 -0.140462
v -0.908803 0.187825 -0.115110
v -0.936905 0.166053 -0.195901
v -0.877483 -0.081937 -0.169070
v -0.829042 -0.064954 -0.097128
v -0.854798 -0.052708 -0.127054
v -0.826895 0.002654 -0.058442
v -0.664109 0.031890 0.152832
v -0.732457 0.041680 0.094932
v -0.679292 0.004181 0.100016
v -0.528998 0.216490 0.192259
v -0.474021 0.140560 0.177941
v -0.449900 0.183958 0.150603
v -0.331806 0.048769 0.008154
v -0.345985 0.067151 -0.064927
v -0.352871 0.077359 0.029142
v -0.756068 0.296798 0.144662
v -0.701292 0.182942 0.229189
v -0.775512 0.237742 0.169116
v -0.732454 0.284708 0.217277
v -0.732065 0.261372 0.226520
v -0.651976 0.248876 0.249971
v -0.667064 0.208224 0.229812
v -0.565386 0.153970 0.218658
v -0.814650 -0.049259 -0.070712
v -0.814811 -0.016301 -0.067558
v -0.841078 -0.031024 -0.085036
v -0.744947 0.411619 -0.074552
v -0.809913 0.437313 -0.087050
v -0.826078 0.453249 -0.023246
v -0.672823 0.502502 -0.063578
v -0.653818 0.512945 -0.030351
v -0.604807 0.545571 -0.026042
v -0.911516 0.336712 -0.131001
v -0.918264 0.367632 -0.062861
v -0.905016 0.371110 -0.139652
v -0.911956 0.316006 -0.058234
v -0.903376 0.267552 -0.070027
v -0.904422 0.281220 -0.034504
v -0.888945 -0.065533 -0.200491
v -0.894545 -0.059693 -0.161650
v -0.908890 -0.000870 -0.223347
v -0.586113 -0.259553 -0.137140
v -0.797843 0.291902 0.056317
v -0.791614 0.257693 0.004501
v -0.829640 0.256268 0.073152
v -0.759567 0.361565 -0.031131
v -0.736340 0.357233 -0.016143
v -0.737560 0.401327 -0.041181
v -0.403337 -0.060186 0.183282
v -0.330983 -0.065480 0.123222
v -0.499124 -0.082265 0.207338
v -0.603690 -0.052172 0.121023
v -0.570600 -0.106116 0.112065
v -0.405406 -0.180263 0.205449
v -0.447057 -0.204259 0.158017
v -0.419447 -0.240729 0.144094
v -0.435334 -0.144296 0.220586
v -0.459714 -0.122074 0.221559
v -0.503940 -0.132126 0.165656
v -0.509812 0.256682 0.185027
v -0.631557 0.305845 0.239490
v -0.917696 0.223914 -0.117039
v -0.914053 0.303555 -0.115458
v -0.411112 0.087673 0.159672
v -0.400856 0.054364 0.148349
v -0.339628 0.084334 0.104112
v -0.600699 0.133082 0.203312
v -0.333644 0.109867 0.020467
v -0.890842 0.387209 -0.134243
v -0.893259 0.416066 -0.084960
v -0.829573 0.434496 -0.096517
v -0.586724 0.471836 0.088387
v -0.559944 0.456527 0.138412
v -0.528067 0.522100 0.039031
v -0.454824 0.539446 -0.020079
v -0.483274 0.545674 0.006948
v -0.420392 0.521200 0.020099
v -0.499033 0.549383 -0.031336
v -0.603328 0.550560 -0.039800
v -0.298956 0.478714 0.023552
v -0.434468 0.303072 0.142320
v -0.366289 0.352166 0.100936
v -0.581376 -0.113985 0.084778
v -0.696014 -0.041947 0.013262
v -0.639865 -0.088223 0.032760
v -0.847907 0.442382 -0.067086
v -0.913925 0.363448 -0.045992
v -0.313315 0.028630 -0.024670
v -0.321937 -0.160596 -0.016751
v -0.275020 -0.139696 0.046113
v -0.314941 -0.159773 0.052312
v -0.587984 -0.127023 0.039507
v -0.602485 -0.154262 0.006963
v -0.738972 0.418762 -0.093616
v -0.466726 -0.217859 0.079029
v -0.440895 -0.282681 0.024795
v -0.402690 -0.249667 0.030370
v -0.285231 0.271229 0.042950
v -0.227631 0.269804 0.022840
v -0.287450 0.332915 0.044879
v -0.309597 0.419127 0.032990
v -0.350729 0.468769 0.045314
v -0.292361 0.392606 0.035042
v -0.241683 0.400825 0.036712
v -0.409859 0.426950 0.110644
v -0.343918 0.410902 0.059077
v -0.470563 0.448057 0.114726
v -0.423250 0.449977 0.112709
v -0.397769 0.482265 0.081080
v -0.829829 0.158207 0.015125
v -0.839639 0.203973 -0.043774
v -0.886408 0.168536 -0.062449
v -0.824999 0.220743 0.032674
v -0.479350 0.066564 0.174178
v -0.501893 0.113582 0.195757
v -0.486132 0.023968 0.195862
v -0.453419 -0.016602 0.209211
v -0.405645 0.002985 0.156312
v -0.286604 -0.036413 0.013203
v -0.288543 -0.018973 0.057014
v -0.704595 0.352212 0.089781
v -0.639202 0.390229 0.166523
v -0.647431 0.411258 0.112737
v -0.606951 0.369620 0.216774
v -0.518246 0.310970 0.175573
v -0.557942 0.394366 0.176029
v -0.683892 0.292825 0.248997
v -0.669087 0.327631 0.226557
v -0.362131 -0.137001 0.172324
v -0.374461 -0.189263 0.188001
v -0.350669 -0.158855 0.161022
v -0.897117 0.114547 -0.078472
v -0.882905 0.219224 -0.060654
v -0.581968 0.427201 0.161482
v -0.477410 -0.085036 0.224161
v -0.438506 -0.121877 0.229135
v -0.444291 -0.093404 0.227781
v -0.387693 -0.227110 0.165146
v -0.310420 0.127946 0.050388
v -0.332015 0.089799 0.079669
v -0.308235 0.029357 0.078693
v -0.365550 -0.220767 0.177557
v -0.367625 -0.226427 0.161901
v -0.401047 -0.245682 0.104237
v -0.359783 -0.183498 0.100721
v -0.322996 -0.149921 0.083893
v -0.342488 -0.154912 0.138428
v -0.905917 0.389568 -0.090959
v -0.859500 0.411586 -0.035894
v -0.893604 0.402388 -0.062037
v -0.448961 -0.285682 -0.083151
v -0.462521 -0.287570 -0.055187
v -0.486140 -0.290512 -0.103253
v -0.704255 -0.070279 -0.003014
v -0.733080 -0.039582 -0.023089
v -0.756277 -0.058760 -0.029663
v -0.785444 -0.003585 0.018080
v -0.766960 0.041419 0.040718
v -0.263725 0.444422 0.021766
v -0.730903 0.021455 0.068666
v -0.676500 -0.019194 0.072763
v -0.606105 -0.084814 0.094907
v -0.613096 0.383690 0.208373
v -0.548019 0.430336 0.154036
v -0.904421 -0.034614 -0.152421
v -0.902600 0.092273 -0.112048
v -0.862629 0.003074 -0.087271
v -0.797058 0.094764 0.034137
v -0.707968 0.443455 -0.013959
v -0.711823 0.431105 -0.082712
v -0.718061 0.410435 -0.040749
v -0.722086 0.373472 0.026816
v -0.899576 0.313065 -0.040199
v -0.883601 0.251674 -0.042099
v -0.837402 0.232717 -0.030273
v -0.801348 0.313702 -0.019386
v -0.795732 0.282994 -0.012695
v -0.770327 0.286900 -0.000461
v -0.882506 0.280314 -0.026433
v -0.838625 0.266465 -0.020274
v -0.906064 0.239881 -0.089667
v -0.946837 0.279696 -0.161436
v -0.949018 0.292754 -0.175450
v -0.882235 -0.014181 -0.137047
v -0.912280 0.062173 -0.145676
v -0.925283 0.094453 -0.195281
v -0.923711 0.049659 -0.171095
v -0.922398 0.106498 -0.169779
v -0.941576 0.142408 -0.199029
v -0.641265 0.092061 0.232533
v -0.717996 0.220724 0.224256
v -0.316467 0.029683 0.092972
v -0.329658 -0.009936 0.117364
v -0.287530 -0.032642 0.088670
v -0.665998 -0.095845 0.018791
v -0.440903 -0.266536 0.057239
v -0.351882 0.489906 0.034067
v -0.470856 0.468207 0.088113
v -0.390961 0.498908 0.057264
v -0.828091 0.235047 0.104875
v -0.833938 0.220063 0.069997
v -0.764885 0.276685 0.168079
v -0.829172 -0.132732 -0.187490
v -0.855094 -0.104670 -0.169096
v -0.846021 -0.105410 -0.192094
v -0.295499 0.163618 0.032628
v -0.278645 0.202085 0.000953
v -0.282511 0.197482 0.026737
v -0.291756 0.237112 0.041671
v -0.467532 -0.184805 0.156935
v -0.696003 0.471470 -0.074278
v -0.594152 -0.250783 -0.069208
v -0.220906 0.213537 -0.000320
v -0.214097 0.215984 -0.023305
v -0.448745 0.036804 0.163275
v -0.393288 0.030762 0.146725
v -0.283864 0.001708 -0.004591
v -0.346684 0.092647 -0.063989
v -0.706072 -0.013125 0.042770
v -0.750935 -0.019928 -0.026106
v -0.669599 -0.039536 0.048179
v -0.814556 0.223274 0.001179
v -0.827227 0.192833 0.063849
v -0.828657 0.195036 0.025614
v -0.832592 0.207304 -0.009857
v -0.671984 0.279100 0.252466
v -0.925570 0.094619 -0.221665
v -0.562953 0.543029 -0.001906
v -0.812294 0.267006 0.109382
v -0.771172 0.314922 0.048647
v -0.733809 0.342654 0.055485
v -0.761688 0.332672 0.007227
v -0.773932 0.327902 -0.018518
v -0.912067 -0.005315 -0.183658
v -0.795850 -0.040118 -0.052689
v -0.832075 -0.119493 -0.153863
v -0.816688 -0.114892 -0.108388
v -0.840604 -0.101008 -0.146983
v -0.487407 -0.054272 0.233364
v -0.527254 -0.030031 0.228538
v -0.568306 -0.038679 0.176203
v -0.810560 0.444911 -0.007886
v -0.656101 0.149080 0.221946
v -0.395078 -0.236087 0.074319
v -0.499367 -0.281253 0.002757
v -0.520135 -0.260925 -0.002852
v -0.471632 -0.288089 0.014279
v -0.347823 -0.174349 0.082903
v -0.591778 -0.193992 -0.009710
v -0.676024 -0.128244 0.005614
v -0.918462 0.317238 -0.154652
v -0.727024 -0.093385 -0.001634
v -0.760707 0.091307 0.110908
v -0.787706 0.104848 0.074733
v -0.316977 0.182338 0.049345
v -0.312463 0.024007 0.036179
v -0.294186 0.008983 0.039849
v -0.462289 -0.053788 0.225702
v -0.399093 -0.020878 0.163277
v -0.518349 0.094060 0.186143
v -0.440261 -0.230719 0.113197
v -0.752159 0.421340 -0.042811
v -0.772664 0.432716 -0.026469
v -0.327921 -0.147224 0.113141
v -0.193994 0.240571 -0.007244
v -0.287588 -0.005482 0.064382
v -0.583887 -0.265033 -0.176213
v -0.620477 -0.263020 -0.186928
v -0.498742 0.055955 0.184871
v -0.594650 0.065021 0.222401
v -0.624170 0.119837 0.214364
v -0.668096 0.134944 0.227080
v -0.740115 0.106797 0.130659
v -0.634626 0.327735 0.236693
v -0.545065 0.089635 0.183854
v -0.616542 0.014877 0.188776
v -0.611563 0.040092 0.218522
v -0.555892 -0.008677 0.230645
v -0.805727 0.253512 -0.011235
v -0.874263 -0.098125 -0.179745
v -0.638058 0.350758 0.229530
v -0.636516 0.368337 0.209538
v -0.402111 0.182157 0.119434
v -0.561279 -0.020038 0.214297
v -0.349625 0.102765 0.009080
v -0.588846 -0.013826 0.167853
v -0.642210 -0.009526 0.128851
v -0.570861 -0.252400 -0.030509
v -0.556749 -0.226638 -0.017832
v -0.517077 -0.274192 -0.027969
v -0.888247 0.201168 -0.065682
v -0.545842 -0.001645 0.231147
v -0.798906 0.254771 0.149733
v -0.838257 -0.178773 -0.215297
v -0.832074 -0.146740 -0.148919
v -0.869888 -0.098693 -0.201277
v -0.821108 0.403436 -0.033200
v -0.774495 0.393752 -0.036206
v -0.697740 0.466850 -0.035886
v -0.551313 0.166881 0.213768
v -0.363046 0.393364 0.083920
v -0.726813 0.004793 0.035388
v -0.262711 0.218106 0.006135
v -0.248760 0.214281 -0.009729
v -0.773795 -0.008481 0.014910
v -0.803303 -0.003695 -0.049191
v -0.780102 -0.022326 -0.047094
v -0.594271 0.222623 0.226593
v -0.928031 0.289980 -0.139590
v -0.629407 -0.164856 -0.000800
v -0.930214 0.127526 -0.180543
vn -0.8675 0.4197 0.2671
vn -0.9076 0.3634 0.2104
vn -0.9550 0.2643 0.1350
vn 0.5371 -0.5293 0.6568
vn -0.0718 -0.7427 0.6657
vn -0.0752 -0.7509 0.6561
vn -0.0119 0.7812 0.6241
vn -0.5739 0.6911 0.4394
vn -0.1571 0.6230 0.7663
vn 0.0859 0.3887 0.9174
vn 0.3520 0.4565 0.8171
vn 0.0334 0.8241 0.5655
vn 0.6054 0.2731 0.7476
vn 0.4154 -0.3734 0.8294
vn 0.3327 -0.1755 0.9266
vn 0.4513 0.8811 -0.1418
vn 0.2742 0.8058 -0.5248
vn 0.5209 0.7953 0.3101
vn 0.6126 0.7234 -0.3185
vn 0.3448 -0.6452 0.6818
vn 0.4947 0.2052 0.8445
vn 0.4851 -0.7532 0.4443
vn 0.6583 0.5900 -0.4675
vn 0.3173 -0.7545 0.5745
vn 0.3172 -0.7231 0.6136
vn 0.2861 -0.7082 0.6455
vn 0.2630 -0.7120 0.6511
vn 0.3698 -0.7091 0.6003
vn 0.0472 0.0926 0.9946
vn -0.0883 0.2723 0.9582
vn -0.0510 0.0865 0.9949
vn 0.0769 -0.7664 0.6378
vn 0.0450 -0.7668 0.6403
vn 0.1313 -0.6608 0.7390
vn -0.1522 0.9417 0.2999
vn 0.0003 0.8220 0.5696
vn -0.2058 0.8571 0.4723
vn 0.2788 -0.8312 -0.4810
vn 0.1421 -0.8666 -0.4784
vn 0.1195 -0.8213 -0.5579
vn 0.7651 -0.4694 -0.4408
vn 0.6128 -0.5281 -0.5879
vn 0.4752 -0.6599 -0.5820
vn -0.0863 -0.9125 -0.3999
vn 0.2551 0.8291 0.4976
vn 0.2028 0.8289 0.5214
vn 0.2015 0.8560 0.4761
vn 0.6885 0.3711 0.6231
vn 0.7940 0.0729 0.6035
vn 0.3917 0.2452 0.8868
vn 0.5518 0.3240 0.7685
vn 0.6309 0.2121 0.7463
vn 0.3240 0.3350 0.8848
vn 0.1157 -0.9420 -0.3151
vn 0.2287 -0.8681 -0.4406
vn 0.0473 -0.7500 -0.6598
vn -0.0547 0.8731 -0.4844
vn -0.2949 -0.5672 -0.7690
vn 0.2125 -0.5767 -0.7888
vn 0.1326 0.8712 0.4726
vn -0.7413 0.4085 -0.5325
vn -0.1650 -0.8184 0.5505
vn -0.2821 0.5748 0.7682
vn -0.6810 0.1983 0.7049
vn -0.4453 -0.8697 -0.2126
vn -0.8011 0.5144 0.3061
vn -0.0986 0.9931 0.0632
vn -0.5345 0.6209 0.5734
vn -0.5363 0.5235 0.6621
vn -0.6594 0.5529 0.5095
vn -0.5509 0.7158 0.4290
vn 0.1226 0.9044 0.4087
vn 0.3201 0.6395 0.6989
vn -0.0436 0.8464 0.5307
vn -0.1888 0.2359 0.9533
vn 0.0771 0.2693 0.9600
vn -0.1849 0.3379 0.9229
vn 0.8022 0.1396 0.5805
vn 0.3699 0.5089 0.7773
vn 0.2286 0.3654 0.9023
vn 0.0287 0.8687 -0.4945
vn 0.0263 0.8419 -0.5390
vn -0.0238 0.8640 -0.5029
vn 0.4540 -0.8243 0.3381
vn 0.5683 -0.7928 0.2201
vn 0.2054 -0.9162 0.3442
vn 0.1872 0.8490 -0.4940
vn 0.5134 0.6967 -0.5010
vn 0.3201 0.7726 -0.5483
vn -0.5673 -0.2090 -0.7966
vn -0.6209 -0.1060 -0.7767
vn -0.5598 -0.0599 -0.8264
vn -0.0305 0.6126 0.7898
vn 0.4613 0.5568 0.6908
vn 0.0435 0.6152 0.7872
vn 0.1873 -0.7033 0.6858
vn -0.1542 -0.8634 0.4804
vn -0.1036 -0.8615 0.4970
vn 0.0719 0.1655 0.9836
vn -0.0391 0.1338 0.9902
vn 0.0626 0.2090 0.9759
vn -0.6265 -0.2757 -0.7290
vn -0.7164 -0.0928 -0.6915
vn -0.4951 -0.2273 -0.8386
vn -0.6617 -0.2050 -0.7212
vn -0.8075 -0.1009 0.5812
vn -0.7338 -0.6170 -0.2841
vn -0.9708 0.0964 0.2197
vn -0.3188 -0.1202 0.9402
vn 0.0515 0.1858 0.9812
vn -0.7366 0.2656 -0.6219
vn -0.6582 0.6806 -0.3218
vn -0.6471 0.1830 0.7401
vn 0.1824 -0.5347 0.8252
vn -0.3778 -0.7798 0.4991
vn -0.2765 -0.9546 -0.1107
vn 0.4072 -0.2356 0.8824
vn 0.3202 -0.9472 -0.0170
vn 0.2625 -0.6491 0.7139
vn 0.8518 0.1939 0.4866
vn 0.5411 0.3654 0.7574
vn 0.3834 0.5769 0.7212
vn 0.9252 0.1984 0.3235
vn 0.8989 0.2156 0.3813
vn 0.9248 0.0873 0.3703
vn -0.9012 0.4201 0.1061
vn -0.9148 0.3828 0.1288
vn -0.9289 0.3382 0.1508
vn 0.4889 -0.7464 0.4514
vn 0.2889 -0.6558 0.6975
vn 0.9315 0.1835 0.3141
vn 0.9050 0.2313 0.3571
vn 0.8658 0.4247 0.2646
vn 0.2201 0.7005 -0.6788
vn 0.1980 0.8589 -0.4722
vn 0.1269 0.8306 -0.5422
vn 0.7301 0.6617 -0.1703
vn 0.1314 0.7706 -0.6236
vn 0.3375 0.7551 -0.5620
vn 0.2500 -0.8019 0.5426
vn 0.5417 -0.6487 0.5345
vn 0.3088 -0.8610 0.4041
vn -0.0574 -0.4416 0.8954
vn -0.3449 0.0423 0.9377
vn -0.3152 -0.3235 0.8922
vn -0.3639 0.1264 0.9228
vn -0.4644 0.0552 0.8839
vn -0.4212 0.0841 0.9030
vn 0.1332 -0.9346 0.3297
vn 0.0202 -0.9654 -0.2600
vn -0.0811 -0.9925 0.0914
vn 0.8874 -0.0894 0.4522
vn 0.9672 -0.1706 0.1882
vn 0.9026 -0.2328 0.3621
vn 0.5444 0.3149 0.7775
vn 0.5603 0.2831 0.7784
vn 0.6010 0.3095 0.7369
vn 0.9821 0.1563 0.1055
vn 0.9943 0.0730 0.0780
vn 0.9877 0.0723 0.1383
vn -0.0077 -0.2362 0.9717
vn -0.0921 -0.2466 0.9647
vn -0.0507 -0.1481 0.9877
vn 0.2333 -0.2135 0.9487
vn 0.0597 -0.1058 0.9926
vn 0.1489 -0.1475 0.9778
vn -0.4312 -0.1104 0.8955
vn -0.8806 0.4140 0.2306
vn -0.9000 0.3575 0.2494
vn -0.9176 0.2952 0.2661
vn 0.9115 -0.3277 -0.2484
vn 0.9055 -0.4046 -0.1279
vn 0.9644 -0.2641 -0.0102
vn -0.2350 0.8782 0.4166
vn -0.2140 0.8991 0.3819
vn -0.2763 0.7959 0.5387
vn 0.4948 0.8018 -0.3352
vn 0.0152 0.9441 -0.3292
vn 0.0407 0.6732 -0.7383
vn 0.2707 0.3191 0.9082
vn 0.8924 0.2561 0.3716
vn 0.8856 0.2922 0.3609
vn 0.8747 0.3571 0.3277
vn -0.9025 0.2004 0.3811
vn -0.8519 0.4283 0.3014
vn -0.8264 0.5245 0.2049
vn -0.2359 -0.7877 0.5690
vn -0.2944 -0.7869 0.5423
vn -0.2637 -0.9037 0.3372
vn -0.9296 0.3476 0.1223
vn 0.0633 -0.7161 0.6951
vn -0.7283 -0.0865 0.6798
vn -0.7153 -0.0763 0.6947
vn -0.6087 -0.2811 0.7420
vn 0.1458 0.8196 0.5541
vn 0.0453 0.8097 0.5851
vn 0.1847 0.4851 0.8547
vn -0.7740 0.6246 -0.1038
vn -0.5958 0.7577 -0.2663
vn -0.8165 0.2877 -0.5005
vn 0.2788 0.3593 0.8906
vn 0.2046 0.4457 0.8715
vn 0.0083 0.0957 0.9954
vn 0.9165 -0.0044 0.3999
vn 0.8418 -0.1216 0.5259
vn -0.2627 -0.0679 0.9625
vn -0.2336 -0.3100 0.9216
vn -0.5775 -0.0457 0.8151
vn -0.3350 0.8234 -0.4580
vn -0.4733 0.8365 -0.2763
vn -0.3442 0.8859 -0.3111
vn 0.6272 0.4650 0.6248
vn 0.6030 0.3571 0.7133
vn 0.6268 0.4361 0.6457
vn 0.3664 0.4714 0.8022
vn 0.1344 0.4453 0.8853
vn 0.2769 0.4531 0.8474
vn 0.8650 0.3108 0.3939
vn 0.8846 0.2924 0.3632
vn 0.9949 -0.0278 0.0972
vn -0.0054 -0.8043 0.5942
vn -0.0346 -0.8018 0.5966
vn -0.0514 -0.8153 0.5768
vn 0.2573 -0.8780 0.4035
vn 0.4803 -0.7789 0.4033
vn 0.2950 -0.8039 0.5164
vn 0.4131 0.1733 0.8940
vn 0.0019 0.1059 0.9944
vn -0.1057 0.5359 0.8377
vn 0.1810 -0.9221 -0.3420
vn 0.4055 -0.8263 -0.3910
vn 0.4532 -0.8209 -0.3474
vn 0.7034 -0.5831 -0.4066
vn 0.4732 -0.7548 -0.4543
vn 0.6089 -0.6910 -0.3895
vn 0.0026 -0.7936 0.6084
vn 0.0101 -0.7974 0.6033
vn 0.1692 -0.8390 0.5171
vn 0.1012 0.3824 0.9184
vn 0.0015 0.3352 0.9421
vn -0.1747 0.0897 0.9805
vn 0.6671 -0.7279 -0.1585
vn 0.7140 -0.4377 -0.5465
vn 0.6021 -0.7456 -0.2855
vn 0.3573 0.3478 0.8668
vn 0.3292 0.2711 0.9045
vn 0.2011 0.0899 0.9754
vn -0.8863 -0.1751 -0.4287
vn -0.2317 -0.8572 0.4599
vn -0.6365 -0.1557 -0.7554
vn 0.7465 0.5604 -0.3588
vn 0.9184 0.3642 -0.1544
vn 0.7643 0.6159 0.1910
vn -0.3344 -0.7163 0.6124
vn -0.2926 -0.6439 0.7069
vn -0.0402 -0.7922 0.6090
vn 0.8299 0.0697 0.5536
vn 0.9268 -0.1766 0.3315
vn 0.9109 -0.1916 0.3655
vn 0.9057 0.4034 0.1303
vn 0.9311 0.2874 0.2245
vn 0.9405 0.2471 0.2331
vn 0.0918 0.7884 0.6082
vn 0.0217 0.8269 0.5619
vn 0.5739 0.1839 0.7980
vn 0.6628 0.0511 0.7470
vn 0.3460 -0.1655 0.9235
vn 0.5357 0.6912 -0.4850
vn 0.7669 -0.4543 -0.4534
vn 0.6798 -0.7320 0.0449
vn 0.9718 -0.0462 -0.2314
vn -0.1536 -0.1335 0.9791
vn -0.3638 0.8693 0.3346
vn -0.2915 0.8950 0.3376
vn -0.1950 0.8909 0.4101
vn -0.8987 0.4382 0.0197
vn -0.9705 -0.1801 0.1601
vn -0.4051 -0.8142 0.4160
vn -0.0524 -0.9731 0.2243
vn 0.0462 -0.7998 0.5985
vn 0.2322 -0.5905 0.7729
vn 0.1658 -0.4042 0.8995
vn 0.0293 -0.1490 0.9884
vn 0.1148 -0.1132 0.9869
vn 0.1408 -0.0380 0.9893
vn 0.1067 0.5802 -0.8074
vn 0.6329 0.3929 -0.6671
vn 0.2947 0.9100 -0.2917
vn 0.2636 0.4168 0.8699
vn 0.3754 0.5783 0.7243
vn 0.2567 0.5615 0.7867
vn 0.3350 0.3475 0.8758
vn 0.1094 0.0841 0.9904
vn -0.0968 0.0849 0.9917
vn -0.0512 -0.0759 0.9958
vn 0.0790 0.0391 0.9961
vn -0.0072 0.0070 0.9999
vn -0.0604 -0.7737 0.6307
vn -0.8758 0.4123 0.2511
vn -0.9954 -0.0665 -0.0687
vn -0.9088 -0.3476 -0.2306
vn -0.8478 -0.3954 -0.3533
vn -0.0398 -0.7512 0.6589
vn 0.2941 0.3911 0.8721
vn 0.4813 0.0413 0.8756
vn 0.7432 0.2922 0.6019
vn 0.3790 -0.8351 -0.3986
vn -0.3157 -0.9458 -0.0766
vn -0.0458 -0.3633 0.9305
vn -0.0662 -0.3855 0.9203
vn -0.0883 -0.6768 0.7308
vn 0.5550 -0.8264 -0.0950
vn 0.6210 -0.7792 0.0853
vn 0.8305 0.0099 0.5570
vn 0.8991 0.1026 0.4256
vn 1.0000 -0.0000 0.0010
vn 0.0730 -0.5023 0.8616
vn 0.2148 -0.7557 0.6188
vn 0.2448 0.8878 -0.3898
vn -0.0599 0.5198 -0.8522
vn 0.1852 0.5571 -0.8095
vn -0.8695 0.4283 0.2461
vn -0.8859 0.4078 0.2211
vn -0.9316 0.3436 0.1190
vn -0.1240 -0.8435 0.5226
vn -0.1224 -0.8319 0.5413
vn -0.0640 0.9534 0.2949
vn -0.1908 0.9305 0.3126
vn -0.3490 -0.2495 0.9033
vn -0.2661 -0.3432 0.9008
vn -0.2830 -0.2941 0.9129
vn 0.2846 -0.2294 0.9308
vn 0.4609 -0.0337 0.8868
vn -0.0483 -0.8085 0.5866
vn -0.1920 -0.7830 0.5916
vn -0.0673 -0.8309 0.5523
vn -0.2661 -0.8110 0.5210
vn -0.2462 -0.8530 0.4602
vn -0.2655 -0.8551 0.4452
vn -0.6300 -0.1589 0.7602
vn 0.5598 -0.3486 0.7517
vn 0.2234 -0.6602 0.7171
vn 0.4488 -0.8387 -0.3085
vn -0.3689 0.8464 0.3840
vn 0.1176 0.7478 0.6534
vn -0.0253 0.8327 0.5532
vn -0.5803 0.7438 0.3316
vn -0.7911 0.6107 0.0360
vn -0.4652 0.8655 0.1857
vn -0.5495 0.7593 0.3487
vn 0.2750 0.9363 0.2184
vn 0.4672 0.3705 0.8028
vn 0.9110 0.0168 0.4122
vn 0.2584 0.8316 0.4916
vn 0.4112 0.7364 0.5373
vn 0.2098 0.5039 0.8379
vn -0.4205 0.4869 0.7656
vn -0.1681 0.1575 0.9731
vn -0.1654 0.4268 0.8891
vn -0.1374 0.7982 0.5865
vn -0.5464 0.6961 0.4658
vn -0.1458 0.8488 0.5083
vn -0.9793 -0.1525 0.1328
vn 0.0274 -0.7940 0.6074
vn -0.4165 -0.9044 -0.0927
vn -0.8561 -0.0291 0.5161
vn -0.5618 -0.0268 0.8268
vn -0.4011 -0.2781 0.8728
vn 0.8428 -0.2779 0.4610
vn -0.5993 0.8001 -0.0258
vn -0.5067 0.8351 0.2143
vn -0.2882 0.8586 0.4239
vn -0.1460 -0.3247 -0.9345
vn -0.9732 0.2216 -0.0620
vn -0.2796 -0.7919 0.5429
vn -0.5466 -0.7387 0.3945
vn -0.5457 -0.3383 0.7667
vn -0.2535 -0.8526 0.4570
vn -0.1957 -0.8570 0.4766
vn -0.8935 0.2066 -0.3986
vn -0.7928 0.0185 -0.6091
vn -0.7541 0.0481 -0.6550
vn -0.2589 0.1087 0.9598
vn -0.2159 0.0978 0.9715
vn -0.5229 0.0562 0.8505
vn -0.2810 0.6727 -0.6844
vn -0.3618 0.6187 -0.6974
vn -0.3481 0.8778 -0.3290
vn -0.9115 0.3140 0.2657
vn -0.9444 0.3247 0.0512
vn -0.8895 0.3046 0.3406
vn -0.8637 -0.3673 0.3451
vn -0.9197 0.3102 0.2408
vn -0.7123 -0.6657 -0.2225
vn 0.4813 -0.0687 0.8739
vn 0.4172 -0.1870 0.8894
vn -0.2725 0.7265 0.6308
vn 0.0699 0.6942 0.7163
vn 0.3962 0.7962 0.4572
vn -0.5045 0.5557 0.6608
vn -0.8919 -0.2708 0.3622
vn -0.7678 -0.3079 0.5618
vn 0.3493 0.4542 -0.8196
vn -0.2603 0.5554 -0.7898
vn 0.0840 -0.9496 -0.3021
vn -0.4077 -0.6390 -0.6523
vn -0.7975 -0.5234 -0.3002
vn 0.1351 0.7739 -0.6187
vn -0.7831 0.6069 0.1355
vn -0.0531 -0.8683 -0.4932
vn -0.2069 -0.8704 -0.4468
vn -0.0964 -0.8854 -0.4547
vn 0.2629 -0.8227 -0.5040
vn 0.2891 -0.9371 -0.1955
vn 0.1953 -0.9176 -0.3462
vn -0.8322 0.5473 0.0889
vn -0.8888 0.3736 -0.2655
vn -0.8699 0.4842 -0.0940
vn -0.9129 -0.3321 -0.2373
vn -0.9968 0.0055 -0.0804
vn -0.8826 -0.3746 -0.2840
vn -0.0104 -0.6342 0.7731
vn -0.0917 0.0262 0.9954
vn -0.0803 -0.8442 0.5299
vn -0.0508 -0.8715 0.4877
vn 0.2331 -0.7671 0.5977
vn -0.9838 -0.0676 -0.1659
vn -0.9985 -0.0046 -0.0551
vn -0.9711 -0.0491 -0.2336
vn -0.3646 -0.8078 0.4632
vn -0.8187 -0.5456 -0.1790
vn -0.9759 -0.1093 -0.1890
vn -0.9194 0.2572 -0.2975
vn -0.4472 0.8485 -0.2828
vn -0.5927 0.6001 -0.5372
vn 0.9757 -0.0043 0.2191
vn 0.1000 0.3268 0.9398
vn -0.0706 0.2395 0.9683
vn 0.0367 0.2671 0.9630
vn -0.0071 -0.7919 0.6106
vn -0.0066 -0.7793 0.6267
vn 0.0117 -0.7955 0.6059
vn 0.9171 0.2500 0.3104
vn 0.8843 0.2593 0.3883
vn 0.8730 0.2779 0.4007
vn 0.8037 0.1753 0.5686
vn 0.7333 0.0264 0.6794
vn 0.8507 0.1862 0.4915
vn 0.8714 -0.0782 0.4843
vn 0.8704 -0.0759 0.4865
vn 0.5952 0.4541 0.6629
vn 0.5202 0.5889 0.6185
vn 0.8830 0.2539 0.3947
vn 0.9297 0.2837 0.2350
vn 0.9659 0.2216 0.1341
vn -0.6873 0.2223 -0.6915
vn -0.6411 -0.1274 -0.7568
vn -0.7911 -0.4396 0.4253
vn -0.9930 0.1091 0.0450
vn -0.9231 -0.3399 0.1799
vn 0.7858 0.4740 0.3973
vn 0.8904 0.2474 0.3820
vn 0.6851 0.3444 0.6419
vn 0.4077 -0.1182 0.9054
vn 0.4023 -0.1429 0.9043
vn 0.5331 -0.1626 0.8303
vn -0.8466 0.4271 0.3175
vn -0.8411 0.4621 0.2812
vn -0.9520 -0.1485 0.2678
vn -0.7548 0.0967 0.6488
vn -0.2586 -0.6024 0.7551
vn -0.6797 -0.0599 0.7310
vn 0.5861 0.8102 0.0118
vn 0.3626 0.9209 -0.1431
vn -0.1799 0.9605 -0.2122
vn -0.1966 -0.4143 0.8887
vn -0.2234 -0.5475 0.8064
vn -0.2410 -0.0355 0.9699
vn 0.5377 0.7487 0.3877
vn 0.3915 0.8308 0.3957
vn 0.5303 0.6787 0.5081
vn -0.9996 -0.0101 0.0272
vn -0.9157 -0.2809 -0.2872
vn -0.8780 0.1737 -0.4460
vn 0.9771 0.1684 0.1298
vn 0.9774 0.1279 0.1682
vn 0.7332 0.5700 0.3709
vn 0.7063 -0.7060 0.0515
vn 0.5058 -0.8595 -0.0738
vn 0.8537 -0.3830 -0.3529
vn 0.8063 -0.4022 -0.4338
vn 0.7845 -0.4309 -0.4459
vn 0.8183 -0.5145 -0.2562
vn -0.8287 -0.0545 -0.5570
vn -0.5410 -0.3825 0.7490
vn -0.9791 -0.1927 -0.0654
vn -0.6036 0.0136 -0.7972
vn -0.6053 -0.0790 -0.7921
vn -0.6077 -0.0166 -0.7940
vn 0.0540 -0.5399 0.8400
vn 0.3157 -0.6543 0.6872
vn 0.5381 -0.6756 0.5040
vn 0.7150 -0.5895 0.3758
vn 0.8488 -0.5143 0.1224
vn -0.0298 0.9507 0.3088
vn -0.0998 0.9475 0.3038
vn -0.1453 0.9361 0.3202
vn -0.1168 -0.0611 0.9913
vn -0.0784 -0.0659 0.9947
vn -0.2328 0.5492 0.8026
vn -0.2638 0.6947 0.6692
vn 0.0990 0.9191 0.3815
vn 0.0061 0.8323 0.5543
vn -0.1947 -0.1703 0.9660
vn 0.1368 0.5956 0.7916
vn 0.2469 0.5880 0.7703
vn 0.1336 0.5221 0.8424
vn -0.9219 0.3836 0.0546
vn -0.8848 0.4610 0.0679
vn -0.1240 -0.7325 0.6694
vn -0.3107 -0.7700 0.5573
vn -0.2883 -0.8281 0.4808
vn -0.3185 -0.8462 0.4272
vn 0.7492 -0.1323 0.6490
vn 0.8673 -0.2872 0.4067
vn 0.3389 -0.6066 0.7192
vn 0.9475 0.3156 0.0508
vn -0.3009 0.9395 0.1637
vn -0.5850 0.7088 0.3942
vn -0.2541 0.8658 0.4311
vn -0.9882 0.0557 0.1430
vn -0.8476 0.4457 0.2880
vn 0.3553 0.1515 0.9224
vn 0.1792 -0.0268 0.9834
vn -0.0384 0.6677 0.7435
vn 0.1547 0.5258 0.8364
vn 0.8786 0.1184 0.4626
vn 0.5377 -0.6271 0.5635
vn 0.5214 -0.6606 0.5401
vn 0.6258 -0.4529 0.6350
vn 0.3690 -0.8507 0.3743
vn 0.3561 -0.8498 0.3888
vn -0.0146 -0.7217 0.6921
vn 0.5430 -0.1825 0.8197
vn 0.1079 -0.6113 0.7840
vn 0.3349 -0.2575 0.9064
vn 0.4026 0.0970 0.9102
vn 0.3313 0.3026 0.8937
vn -0.0646 -0.7735 0.6304
vn -0.0576 -0.2569 0.9647
vn -0.0375 -0.3374 0.9406
vn 0.0485 -0.5173 0.8544
vn -0.9445 0.3275 -0.0264
vn -0.9925 -0.0532 -0.1104
vn -0.0691 -0.4781 0.8756
vn -0.3653 -0.9092 -0.2000
vn -0.9017 0.4200 0.1025
vn -0.9088 0.1449 0.3912
vn -0.3088 0.3136 0.8979
vn 0.3936 0.9193 0.0024
vn -0.0316 0.4131 0.9101
vn 0.5944 0.4675 0.6543
vn 0.9235 0.1352 0.3590
vn 0.9532 -0.3016 0.0208
vn 0.9255 -0.1388 0.3523
vn 0.7779 0.0384 -0.6272
vn 0.8675 0.4968 0.0242
vn 0.9632 -0.2361 -0.1282
vn -0.1116 0.9643 0.2400
vn -0.1388 0.8922 -0.4297
vn -0.0568 0.9589 -0.2779
vn -0.1534 -0.4355 0.8870
vn -0.0327 -0.1472 0.9886
vn 0.0473 0.9515 0.3041
vn 0.0810 0.9130 -0.4000
vn -0.0612 0.9370 0.3438
vn 0.6765 -0.7238 0.1361
vn 0.0966 -0.3224 -0.9417
vn 0.3761 -0.3520 -0.8571
vn 0.1193 -0.4125 -0.9031
vn 0.3422 0.3410 0.8756
vn 0.6646 -0.0568 0.7450
vn 0.3687 -0.5716 -0.7331
vn 0.3678 -0.6088 -0.7030
vn 0.3314 -0.4763 -0.8145
vn -0.2166 -0.6056 -0.7657
vn -0.2248 -0.5601 -0.7973
vn -0.7864 -0.1942 -0.5864
vn 0.5680 -0.5106 0.6455
vn 0.8180 -0.2660 0.5101
vn -0.0145 -0.7917 0.6107
vn 0.0127 -0.7606 0.6491
vn -0.0497 -0.7606 0.6473
vn 0.0056 -0.9377 0.3475
vn 0.1581 -0.9691 -0.1894
vn 0.9030 0.2370 0.3584
vn 0.9034 0.1806 0.3889
vn 0.9038 0.1701 0.3926
vn 0.9385 0.2361 0.2518
vn 0.9478 0.2313 0.2197
vn 0.9364 0.2373 0.2586
vn 0.8825 -0.0486 0.4678
vn 0.5868 -0.3744 0.7180
vn 0.8332 0.2259 0.5047
vn 0.9344 0.1565 0.3201
vn 0.9069 0.3128 0.2824
vn -0.8163 0.5631 0.1287
vn -0.8073 0.5810 0.1036
vn -0.6699 0.7391 -0.0710
vn 0.1995 0.8080 -0.5544
vn -0.2173 0.8470 -0.4852
vn -0.0509 0.9201 -0.3884
vn 0.2609 0.8837 -0.3887
vn 0.1681 0.8051 -0.5688
vn 0.0930 0.8749 -0.4753
vn 0.8688 0.1902 0.4572
vn 0.9523 0.0881 0.2921
vn 0.7699 0.4618 0.4404
vn 0.5967 0.5728 -0.5620
vn 0.4436 0.4009 -0.8015
vn 0.8598 0.2333 -0.4541
vn -0.2307 0.7932 -0.5636
vn -0.2670 0.7076 -0.6543
vn -0.0842 0.7775 -0.6232
vn -0.3543 0.5455 0.7596
vn -0.3357 0.8816 0.3317
vn -0.3480 0.8784 0.3277
vn -0.1398 -0.0102 0.9901
vn -0.1428 0.1288 0.9813
vn -0.0686 -0.2347 0.9697
vn 0.2705 0.6813 0.6802
vn -0.0192 0.8338 0.5517
vn -0.0329 0.8498 0.5261
vn -0.2544 0.7171 0.6489
vn 0.1508 0.8510 -0.5030
vn 0.8842 0.2722 0.3796
vn 0.8623 0.3446 0.3711
vn 0.8654 0.3229 0.3831
vn 0.6995 0.6983 -0.1520
vn 0.2119 0.7779 -0.5916
vn 0.1411 0.8122 -0.5661
vn 0.9300 0.2075 0.3034
vn 0.9322 0.1271 0.3389
vn 0.9030 0.2377 0.3578
vn -0.3680 -0.9096 0.1931
vn -0.1619 -0.8806 0.4453
vn -0.6746 -0.6103 -0.4153
vn -0.6828 -0.3343 -0.6496
vn -0.7346 -0.1230 -0.6672
vn -0.8527 0.4295 0.2975
vn -0.9451 0.2691 -0.1853
vn -0.9755 0.1975 0.0970
vn -0.7877 0.4634 0.4060
vn -0.6948 0.5471 0.4668
vn -0.7236 0.5497 0.4173
vn 0.3820 -0.5857 0.7149
vn 0.5454 -0.4555 0.7036
vn 0.3859 -0.5057 0.7716
vn 0.7243 -0.4172 0.5490
vn -0.6384 0.7554 0.1475
vn -0.5367 0.8437 -0.0116
vn -0.2093 0.9645 -0.1607
vn -0.8821 0.4710 0.0063
vn -0.7797 0.6245 -0.0449
vn -0.5076 0.3743 0.7760
vn -0.3775 -0.1372 -0.9158
vn -0.6199 0.7741 -0.1286
vn -0.5510 0.8340 0.0303
vn -0.0000 -0.7196 0.6943
vn 0.2979 -0.8061 0.5113
vn 0.5257 -0.4113 0.7447
vn -0.3140 0.5535 0.7714
vn -0.3515 0.2583 0.8999
vn 0.3758 0.7923 0.4806
vn 0.8566 0.3565 0.3731
vn 0.8736 0.4448 0.1975
vn 0.9296 -0.1372 0.3422
vn 0.9500 -0.2760 -0.1458
vn 0.8690 -0.4920 -0.0518
vn -0.0769 -0.2369 0.9685
vn -0.5870 0.0470 0.8082
vn -0.9504 0.3021 -0.0745
vn -0.1974 0.6033 0.7727
vn -0.4525 0.8555 0.2516
vn -0.6168 0.3205 0.7189
vn 0.5412 0.4099 0.7342
vn 0.2056 0.4596 0.8640
vn 0.2829 0.5231 0.8040
vn -0.0141 0.6755 0.7372
vn 0.0784 0.6294 0.7731
vn -0.1914 0.7783 0.5980
vn -0.2556 0.7634 0.5932
vn -0.5188 0.4029 0.7541
vn -0.3157 0.6032 0.7324
vn -0.1947 0.3646 0.9106
vn 0.0260 0.3921 0.9195
vn 0.1289 0.4923 0.8609
vn -0.2301 0.3917 0.8908
vn -0.3849 0.2451 0.8898
vn -0.2201 -0.2688 0.9377
vn 0.1165 -0.4073 0.9058
vn 0.0312 0.3214 0.9464
vn 0.9079 0.1849 0.3762
vn 0.9403 0.1564 0.3022
vn 0.9224 0.1907 0.3359
vn -0.8115 0.4273 0.3986
vn -0.7917 -0.1696 0.5869
vn -0.0419 0.6608 0.7494
vn -0.0901 0.6620 0.7440
vn 0.0796 0.5662 0.8204
vn -0.5456 0.6918 0.4729
vn -0.7796 0.0710 -0.6222
vn -0.8497 0.1227 -0.5129
vn 0.1375 0.1693 0.9759
vn 0.2024 -0.3121 0.9282
vn 0.2445 0.3736 0.8948
vn 0.5118 0.1892 0.8380
vn 0.3529 0.1773 0.9187
vn 0.4233 0.0583 0.9041
vn 0.9414 0.2338 0.2432
vn 0.9525 0.2492 0.1749
vn 0.4245 -0.7986 -0.4266
vn 0.8235 -0.5250 -0.2152
vn 0.9918 -0.0674 -0.1083
vn 0.9826 -0.1565 -0.1001
vn 0.3243 0.2879 0.9011
vn 0.0318 0.9164 0.3989
vn 0.0552 0.9591 0.2778
vn -0.0269 0.9489 0.3144
vn -0.1268 0.9310 0.3423
vn -0.1642 0.8216 0.5459
vn -0.0418 0.7030 0.7100
vn -0.0826 0.9594 0.2696
vn 0.2200 0.9203 0.3235
vn -0.2193 0.8023 0.5552
vn 0.7171 0.5370 -0.4444
vn 0.9864 0.0574 -0.1541
vn 0.8512 0.5091 -0.1275
vn 0.1051 -0.2406 0.9649
vn 0.0666 0.0022 0.9978
vn 0.1684 0.3899 0.9053
vn 0.1786 0.5718 0.8007
vn -0.1488 0.2357 0.9604
vn -0.2264 0.0970 0.9692
vn 0.3954 -0.4979 -0.7719
vn 0.5899 -0.6217 -0.5152
vn 0.5449 -0.2810 0.7900
vn 0.9188 0.3224 -0.2280
vn 0.9391 0.2673 -0.2161
vn 0.9348 0.2009 -0.2928
vn -0.0995 0.8291 0.5501
vn 0.1641 0.7019 0.6931
vn -0.1223 0.8282 0.5470
vn 0.7858 0.5255 0.3261
vn 0.6980 0.5352 0.4758
vn 0.9334 0.2540 0.2536
vn 0.2477 -0.7933 -0.5562
vn 0.4424 -0.7746 -0.4519
vn 0.5130 0.8443 -0.1550
vn 0.8195 0.5713 0.0446
vn 0.2469 0.8825 -0.4004
vn 0.2916 0.8053 -0.5162
vn -0.3011 -0.9479 0.1040
vn -0.2593 -0.9012 0.3473
vn 0.5600 0.7679 0.3109
vn 0.3468 0.9008 0.2615
vn 0.2349 0.8258 0.5127
vn 0.5072 0.8172 -0.2739
vn -0.8858 0.3291 -0.3273
vn -0.9584 0.1955 -0.2080
vn -0.8920 0.4273 -0.1478
vn -0.9101 0.4136 0.0253
vn 0.0421 0.9723 -0.2301
vn -0.6036 0.7970 -0.0203
vn -0.5526 0.5210 0.6506
vn -0.3030 0.9328 -0.1951
vn 0.0399 0.8203 -0.5705
vn -0.1031 0.8464 -0.5224
vn 0.2669 0.2836 0.9211
vn -0.2396 0.8641 0.4425
vn 0.4669 0.1983 0.8618
vn 0.5822 0.5692 0.5806
vn 0.7793 -0.3975 0.4845
vn 0.7241 0.6446 -0.2451
vn 0.1190 -0.5696 0.8133
vn 0.3090 -0.9438 0.1175
vn 0.6595 -0.7515 -0.0172
vn 0.2834 -0.9562 -0.0729
vn 0.6542 -0.5076 -0.5607
vn 0.7773 0.4962 -0.3867
vn 0.0034 0.8557 -0.5174
vn 0.3487 0.8497 0.3954
vn 0.1305 0.8296 -0.5429
vn 0.4193 0.8766 -0.2363
vn 0.4068 0.7508 -0.5204
vn 0.3724 0.8209 -0.4330
vn 0.7424 0.2288 0.6296
vn 0.5101 0.2264 0.8298
vn 0.4506 0.2947 0.8427
vn 0.6292 0.6899 0.3579
vn 0.8979 -0.4349 -0.0684
vn 0.7490 0.5389 0.3855
vn 0.4938 0.8696 -0.0065
vn 0.5416 -0.0662 0.8380
vn -0.4249 0.8401 0.3371
vn -0.5361 0.8233 0.1865
vn -0.7064 0.6242 -0.3338
vn -0.4091 0.6430 0.6475
vn 0.2586 -0.7424 0.6181
vn 0.4830 -0.5155 0.7078
vn 0.2553 -0.7754 0.5775
vn -0.0271 0.6818 0.7310
vn -0.0230 0.8582 0.5127
vn 0.7983 -0.5929 0.1056
vn 0.8242 -0.5400 0.1705
vn 0.8117 -0.5838 0.0160
vn 0.1433 0.5595 0.8163
vn 0.2615 0.3603 0.8954
vn 0.4339 -0.7863 0.4398
vn 0.7314 -0.3898 0.5596
vn -0.2727 0.1985 0.9414
vn -0.3774 0.2243 0.8985
vn -0.1192 0.3175 0.9407
vn 0.7243 0.3652 0.5849
vn 0.5887 -0.0738 0.8050
vn 0.3190 0.5009 0.8046
vn -0.5400 -0.8405 -0.0443
vn -0.0288 0.0763 0.9967
vn -0.7552 -0.3406 0.5601
vn 0.3512 -0.0644 0.9341
vn 0.7146 0.3383 0.6123
vn 0.4248 0.3612 0.8301
vn 0.4691 0.4083 0.7831
vn 0.5032 0.5025 0.7031
vn -0.6306 -0.3892 -0.6715
vn -0.6835 -0.5998 -0.4160
vn -0.8631 -0.3631 -0.3510
vn -0.7227 -0.1307 -0.6787
vn -0.5692 -0.2584 -0.7805
vn -0.0003 -0.1964 0.9805
vn 0.0574 -0.5068 0.8602
vn -0.0831 0.0957 0.9919
vn -0.3704 -0.1728 0.9127
vn 0.4257 -0.3287 0.8431
vn 0.5065 0.8084 0.2998
vn 0.5830 0.7568 0.2956
vn 0.6362 0.7708 0.0337
vn 0.9634 0.2565 -0.0784
vn 0.8737 0.3263 -0.3609
vn 0.8155 -0.0972 0.5705
vn 0.9122 -0.0975 0.3981
vn 0.9027 0.1773 0.3921
vn 0.9124 0.2891 0.2897
vn -0.9173 0.1713 -0.3596
vn -0.8354 0.3069 -0.4560
vn -0.9014 0.4304 0.0479
vn -0.9174 0.3207 0.2357
vn 0.4387 0.5086 -0.7408
vn 0.0997 0.7436 -0.6611
vn -0.0052 0.6009 -0.7993
vn -0.9530 -0.2978 0.0553
vn -0.8859 0.3931 0.2462
vn -0.8660 0.4208 0.2700
vn 0.8296 -0.4008 0.3889
vn 0.9337 -0.3477 -0.0856
vn 0.1598 -0.3443 0.9252
vn -0.1125 -0.7888 0.6043
vn 0.7219 -0.4727 -0.5054
vn 0.6437 -0.6703 -0.3693
vn -0.9511 0.2219 0.2148
vn -0.9157 0.0642 0.3966
vn 0.3781 -0.8859 0.2687
vn 0.0928 -0.9479 0.3049
vn 0.6249 -0.7807 -0.0073
vn 0.7421 -0.4566 -0.4908
vn 0.7961 -0.3960 -0.4576
vn 0.4454 -0.8538 0.2695
vn 0.5685 -0.8150 0.1124
vn 0.7435 -0.5276 -0.4110
vn 0.7318 -0.5609 -0.3872
vn 0.7819 -0.5506 -0.2923
vn 0.8439 -0.5192 -0.1352
vn 0.8778 0.3265 0.3506
vn 0.9460 0.0737 0.3156
vn 0.9349 0.0378 0.3530
vn 0.6803 0.1036 0.7256
vn 0.9455 0.1965 0.2596
vn 0.8580 0.4476 0.2519
vn 0.6337 -0.0751 0.7699
vn 0.4248 -0.0678 0.9028
vn 0.7191 -0.1910 0.6682
vn 0.0527 0.2745 0.9601
vn 0.0825 0.4760 0.8755
vn 0.1139 0.5548 0.8241
vn 0.4207 0.8980 -0.1290
vn 0.7502 0.6578 0.0672
vn 0.7083 -0.1265 0.6945
vn 0.1679 0.9251 -0.3407
vn -0.1222 0.9220 -0.3674
vn -0.1733 0.0586 0.9831
vn -0.1791 -0.0913 0.9796
vn -0.1629 0.1405 0.9766
vn -0.1531 0.2745 0.9493
vn 0.3727 0.7878 0.4904
vn 0.4210 0.8957 -0.1432
vn -0.0296 0.3775 0.9256
vn 0.4459 0.8341 0.3247
vn 0.8128 0.4711 -0.3426
vn 0.0560 0.9150 0.3996
vn 0.1252 0.5660 0.8149
vn 0.1424 0.4051 0.9031
vn 0.1329 0.5921 0.7948
vn -0.0544 0.2543 0.9656
vn -0.0226 0.2145 0.9765
vn 0.0408 0.5747 0.8173
vn -0.0615 0.5389 0.8401
vn -0.5161 0.7098 0.4793
vn -0.6530 0.5611 0.5087
vn -0.6650 0.4534 0.5935
vn -0.7941 0.4741 0.3804
vn 0.2191 -0.1415 0.9654
vn 0.4470 -0.3624 0.8178
vn 0.6326 0.1357 0.7625
vn -0.0258 0.7811 0.6239
vn 0.1162 0.7845 0.6091
vn 0.0851 0.8048 0.5874
vn 0.1336 -0.5209 0.8431
vn 0.5805 -0.1829 0.7935
vn 0.7672 -0.5785 0.2773
vn 0.1651 -0.9381 0.3046
vn 0.3041 0.1501 0.9407
vn 0.0584 -0.4677 0.8819
vn -0.2830 -0.1586 0.9459
vn -0.0613 -0.7277 0.6831
vn 0.4610 0.5105 -0.7259
vn 0.5869 0.1932 -0.7863
vn 0.8344 -0.4697 -0.2885
vn 0.3635 -0.6346 0.6821
vn -0.1399 0.0095 0.9901
vn 0.0178 -0.0110 0.9998
vn 0.8996 -0.2522 0.3566
vn 0.9410 0.2185 0.2585
vn 0.9492 0.1996 0.2433
vn 0.9463 0.2125 0.2437
vn 0.9690 0.1894 0.1587
vn 0.9411 0.2239 0.2533
vn 0.9477 0.1825 0.2620
vn 0.1227 0.8682 -0.4807
vn -0.1551 0.8985 -0.4106
vn -0.2753 0.9332 -0.2311
vn -0.1393 0.8392 0.5256
vn -0.2543 0.9423 0.2176
vn -0.4975 0.7596 0.4189
vn 0.8004 0.5307 0.2787
vn 0.9277 0.2894 0.2360
vn 0.7777 0.6280 -0.0286
vn 0.3978 0.9171 -0.0271
vn 0.3749 0.8395 0.3933
vn -0.0055 -0.7797 0.6261
vn -0.0522 -0.8034 0.5931
vn -0.0315 -0.8044 0.5933
vn -0.1421 -0.8666 0.4783
vn -0.9087 -0.0931 -0.4069
vn -0.8192 -0.3682 -0.4397
vn -0.8879 -0.1572 -0.4323
vn -0.9779 0.0975 -0.1852
vn -0.8492 -0.0266 -0.5273
vn -0.3995 -0.6475 -0.6490
vn -0.2083 -0.1065 0.9722
vn -0.0346 0.0738 0.9967
vn -0.8844 -0.0231 -0.4662
vn 0.4943 0.0548 0.8676
vn 0.2198 -0.3673 0.9038
vn -0.0653 -0.8250 0.5613
vn -0.1815 -0.7889 0.5871
vn 0.6853 -0.4879 0.5407
vn 0.8516 -0.5084 0.1276
vn 0.7976 -0.5841 0.1503
vn 0.8670 -0.4284 -0.2545
vn 0.7323 -0.1894 0.6541
vn 0.4125 -0.5034 0.7592
vn 0.2532 -0.8181 -0.5163
vn 0.0819 -0.7432 -0.6640
vn -0.1625 -0.6960 -0.6994
vn -0.7102 0.2210 -0.6684
vn 0.0257 -0.7898 -0.6128
vn 0.2830 -0.1760 -0.9428
vn 0.2872 -0.8654 -0.4107
vn -0.2186 -0.3903 -0.8944
vn -0.4111 -0.7077 -0.5746
vn -0.6593 0.2555 0.7072
vn 0.9761 0.1050 0.1903
vn 0.0219 0.9450 0.3262
vn -0.0182 0.6892 0.7243
vn -0.4152 0.8603 0.2957
vn -0.3264 0.8721 0.3646
vn -0.5181 0.0041 0.8553
vn 0.1369 -0.5634 0.8148
vn 0.7011 0.6042 0.3787
vn 0.5061 0.0246 0.8621
vn 0.7397 0.2092 0.6396
vn 0.7565 0.4635 0.4613
vn 0.7559 0.3675 0.5419
vn 0.4521 0.5440 0.7069
vn 0.4806 0.4161 0.7719
vn -0.2249 -0.7481 0.6243
vn -0.0952 -0.8281 0.5524
vn -0.1625 -0.8347 0.5262
vn 0.3676 -0.1995 0.9084
vn -0.2762 -0.3029 0.9121
vn 0.8410 0.3619 0.4023
vn 0.8602 0.3617 0.3594
vn 0.8755 0.2857 0.3897
vn 0.8824 0.1483 0.4466
vn 0.8896 0.2161 0.4024
vn 0.8462 0.2776 0.4549
vn 0.0834 0.8217 0.5638
vn -0.2153 0.8858 0.4110
vn 0.5893 -0.7371 0.3308
vn 0.7082 -0.4267 0.5625
vn 0.4428 -0.8496 -0.2863
vn 0.4125 -0.7414 -0.5294
vn 0.5250 0.5654 0.6361
vn 0.2153 0.7822 0.5847
vn -0.1405 0.9857 -0.0928
vn 0.0572 0.6306 -0.7740
vn -0.5550 0.8107 0.1862
vn -0.8905 0.4150 0.1866
vn -0.8650 0.3522 0.3575
vn -0.5812 0.6117 0.5367
vn -0.8246 0.5642 0.0400
vn -0.7047 0.7046 -0.0832
vn -0.9180 0.3544 0.1777
vn 0.1775 0.9840 -0.0149
vn 0.3972 0.9023 -0.1679
vn 0.4653 0.8827 -0.0667
vn 0.1777 0.9184 -0.3536
vn -0.9249 0.3327 0.1841
vn -0.8829 0.4682 0.0358
vn -0.8511 -0.4317 -0.2986
vn -0.8230 -0.5545 -0.1235
vn -0.8319 -0.5541 0.0322
vn -0.9853 0.0523 0.1628
vn -0.9438 0.2466 0.2202
vn -0.9191 0.3894 -0.0608
vn 0.0240 0.9969 -0.0744
vn -0.6533 0.2425 -0.7172
vn -0.5987 0.3078 -0.7395
vn 0.1221 0.4072 0.9051
vn 0.0955 0.3867 0.9173
vn -0.5582 -0.2300 -0.7972
vn -0.6854 0.4526 0.5704
vn -0.6066 0.5742 0.5499
vn -0.7194 0.3500 0.5999
vn -0.3874 0.9106 0.1441
vn -0.3399 0.8805 -0.3304
vn -0.2775 0.7760 -0.5664
vn -0.5475 0.1953 0.8137
vn -0.7794 0.5951 0.1958
vn -0.0924 0.6455 0.7582
vn 0.9656 0.0082 0.2597
vn 0.8008 -0.3816 0.4615
vn 0.4131 -0.6234 0.6638
vn 0.0211 -0.5478 0.8364
vn 0.2947 0.2657 0.9179
vn -0.9603 -0.0933 -0.2627
vn -0.8048 -0.0708 0.5893
vn -0.7258 0.1196 0.6774
vn -0.2016 -0.9212 -0.3326
vn -0.1026 -0.9482 0.3006
vn 0.0286 -0.5677 0.8227
vn -0.1303 -0.6389 0.7582
vn -0.1177 -0.4866 0.8656
vn 0.0620 -0.4300 0.9007
vn -0.2900 0.0258 0.9567
vn 0.1655 0.8711 -0.4624
vn -0.0855 0.8899 -0.4481
vn 0.3399 0.8596 -0.3816
vn -0.0101 0.8227 0.5685
vn 0.2944 -0.6946 0.6564
vn 0.5267 -0.7091 0.4687
vn 0.4604 -0.7866 0.4114
vn -0.8075 -0.0073 0.5898
vn -0.8073 -0.2802 0.5193
vn 0.3581 -0.7980 0.4848
vn 0.0085 -0.4452 0.8954
vn 0.7862 -0.2470 0.5664
vn 0.5305 0.0072 0.8477
vn 0.8960 0.2768 0.3473
vn 0.9367 0.2155 0.2759
vn 0.9353 0.1991 0.2925
vn 0.9512 -0.0942 0.2940
vn 0.9549 0.1743 0.2405
vn -0.3893 -0.8695 -0.3039
vn 0.1987 -0.9787 0.0521
vn 0.2650 -0.3319 0.9053
vn -0.1261 -0.5546 0.8225
vn -0.0373 -0.3617 0.9315
vn -0.3287 0.0005 0.9444
vn -0.5787 -0.1297 0.8052
vn -0.3448 -0.5219 0.7802
vn -0.7066 -0.5248 0.4747
vn -0.5160 -0.2548 0.8178
vn 0.2667 0.0592 0.9620
vn 0.1939 -0.0531 0.9796
vn -0.2608 -0.3562 0.8973
vn -0.1249 0.1704 0.9774
vn -0.1674 0.1790 0.9695
vn 0.6906 -0.7175 -0.0909
vn -0.4264 0.0129 0.9044
vn -0.4053 0.5667 0.7174
vn -0.2795 0.7204 0.6348
vn -0.4038 0.7504 0.5232
vn -0.3290 0.8329 0.4449
vn -0.4123 0.7982 0.4391
vn -0.3530 0.8808 0.3155
vn -0.5107 0.8404 0.1818
vn 0.8683 0.4871 0.0938
vn 0.9558 0.2920 0.0353
vn 0.9545 0.1135 0.2759
vn -0.8746 0.2540 0.4129
vn -0.7643 0.3857 0.5169
vn -0.7105 -0.2611 0.6535
vn -0.8390 0.4909 0.2349
vn -0.9381 0.3179 0.1375
vn -0.8832 0.4662 0.0504
vn -0.9063 0.3907 0.1612
vn 0.6784 -0.4658 -0.5682
vn 0.4742 -0.6604 -0.5823
vn 0.7323 -0.4840 -0.4791
vn 0.8184 -0.3412 -0.4624
vn -0.9849 0.1684 0.0402
vn 0.7069 0.3127 -0.6344
vn 0.0965 0.5053 -0.8576
vn -0.0748 0.8836 -0.4622
vn 0.2019 0.8109 -0.5493
vn 0.1365 0.7015 -0.6995
vn -0.7213 -0.2205 -0.6566
vn -0.7122 -0.2695 -0.6482
vn -0.0842 0.3233 -0.9425
vn -0.0463 0.5370 -0.8423
vn -0.1853 0.6121 -0.7687
vn -0.9556 0.0816 0.2832
vn -0.6424 -0.2333 -0.7300
vn -0.5384 -0.0998 -0.8368
vn -0.6698 -0.0366 -0.7416
vn -0.6578 -0.2252 -0.7188
vn -0.1432 0.8094 -0.5695
vn -0.1242 0.8597 -0.4954
vn 0.0668 0.9977 -0.0076
vn -0.6898 -0.1125 -0.7152
vn -0.6433 -0.4339 -0.6308
vn 0.5278 -0.3478 0.7749
vn 0.6822 -0.3132 0.6607
vn 0.8901 0.0097 0.4556
vn -0.0583 -0.7544 0.6538
vn 0.0235 -0.6496 0.7599
vn -0.0000 -0.7770 0.6295
vn 0.4922 -0.4183 -0.7634
vn -0.7126 -0.1319 -0.6890
vn 0.0043 -0.7271 0.6865
vn -0.3696 -0.4699 0.8016
vn -0.8090 0.2106 0.5488
vn 0.9185 0.3705 0.1382
vn 0.1564 0.9099 -0.3841
vn -0.9254 0.1345 -0.3542
vn -0.8914 0.2682 -0.3654
vn -0.9780 0.0745 0.1948
vn -0.9808 -0.1331 0.1426
vn -0.9758 -0.2115 -0.0555
vn -0.8156 -0.1453 0.5600
vn -0.8699 0.4608 0.1761
vn -0.7924 0.5470 0.2700
vn -0.9167 0.3705 0.1495
vn -0.7707 0.5747 0.2753
vn -0.9929 -0.0018 -0.1193
vn -0.9022 0.3509 0.2508
vn -0.8296 0.4463 0.3354
vn -0.8392 0.4456 0.3119
vn -0.9575 -0.1697 0.2331
vn -0.9566 -0.2140 0.1975
vn -0.0290 -0.4379 0.8986
vn -0.6189 -0.2998 0.7260
vn -0.6825 0.0038 -0.7309
vn -0.6427 -0.0361 -0.7652
vn -0.0234 0.0316 0.9992
vn 0.9795 -0.1902 0.0665
vn 0.8872 -0.3747 -0.2691
vn 0.9282 -0.2933 -0.2289
vn 0.3838 -0.6913 0.6123
vn 0.0138 -0.8001 0.5997
vn 0.7618 -0.3693 0.5323
vn 0.1376 -0.6718 0.7279
vn 0.9380 0.2214 0.2665
vn 0.8117 -0.2589 -0.5236
vn 0.1057 0.8014 0.5887
vn 0.0748 -0.0255 0.9969
vn -0.0346 -0.8294 0.5575
vn -0.0524 -0.8692 0.4916
vn -0.1008 -0.8859 0.4527
vn -0.0166 -0.8077 0.5893
vn 0.0093 -0.8209 0.5710
vn -0.1749 -0.8316 0.5271
vn -0.2152 -0.8808 0.4219
vn -0.1434 -0.8694 0.4727
vn 0.3717 -0.3494 0.8601
vn 0.9234 -0.2785 0.2642
vn 0.9371 -0.3380 0.0874
vn 0.9082 -0.4028 0.1139
vn 0.9666 -0.2562 -0.0012
vn -0.0873 -0.8460 -0.5260
vn -0.2271 -0.6956 -0.6816
vn -0.6294 0.7185 0.2960
vn -0.5071 0.7962 0.3301
vn -0.6815 0.7314 0.0257
vn 0.0121 -0.5229 0.8523
vn 0.2881 -0.6301 0.7210
vn 0.3615 -0.3924 -0.8458
vn 0.0876 -0.6293 -0.7722
vn 0.2895 -0.6120 -0.7360
vn 0.5367 -0.5263 0.6595
vn 0.6180 -0.2450 0.7471
vn 0.2661 -0.2263 0.9370
vn 0.2674 0.6421 0.7185
vn 0.8168 0.4090 0.4068
vn 0.9603 0.1914 0.2029
vn -0.2504 0.6549 0.7130
vn -0.3609 0.8428 0.3993
vn -0.0835 -0.6698 0.7378
vn 0.4175 -0.8720 0.2557
vn 0.4711 0.1910 0.8612
vn 0.6964 -0.3166 0.6440
vn 0.9026 0.0072 0.4303
vn -0.2853 0.5303 0.7984
vn -0.9978 -0.0444 -0.0501
vn -0.8784 -0.4621 -0.1222
vn -0.9759 0.1917 0.1042
vn -0.9955 -0.0538 0.0779
vn -0.9339 0.3063 0.1847
vn -0.8876 0.4141 0.2020
vn -0.9828 -0.1800 0.0417
vn -0.9135 -0.3916 -0.1107
vn -0.9943 0.0259 0.1034
vn 0.9295 0.3445 0.1319
vn -0.8701 0.4329 0.2356
vn -0.7675 -0.5217 -0.3724
vn -0.8694 -0.4140 -0.2697
vn -0.9861 0.0907 -0.1395
vn -0.9300 0.3375 0.1453
vn -0.9666 0.1491 0.2085
vn -0.9817 -0.0014 0.1905
vn -0.1549 0.8393 -0.5211
vn -0.4222 0.6904 -0.5874
vn -0.4508 0.5659 0.6904
vn 0.5952 -0.3517 0.7226
vn 0.3883 0.8672 -0.3117
vn -0.1487 0.6702 0.7271
vn -0.3327 0.3990 0.8545
vn 0.0501 -0.1701 0.9842
vn 0.6039 0.5022 0.6190
vn 0.5220 0.1786 0.8340
vn -0.8320 0.4303 -0.3502
vn 0.0592 -0.1444 0.9877
vn 0.2846 0.7130 0.6408
vn -0.4170 -0.3421 0.8421
vn -0.1300 -0.2732 0.9531
vn -0.8663 0.1710 -0.4693
vn -0.9466 -0.1790 0.2682
vn -0.3114 0.8110 -0.4952
vn -0.7495 -0.0835 -0.6567
vn -0.5466 0.0058 -0.8374
vn 0.8513 0.4047 0.3338
vn 0.7250 0.6816 -0.0985
vn 0.8338 0.5313 0.1501
vn 0.8572 0.3097 0.4114
vn -0.2012 -0.7838 0.5875
vn -0.1163 -0.7941 0.5965
vn -0.1892 -0.9206 0.3415
vn -0.3965 -0.9178 0.0226
vn 0.5783 0.4448 0.6839
vn 0.5310 0.3539 0.7699
vn -0.2604 0.8409 -0.4744
vn -0.9348 0.3054 0.1813
vn -0.9387 0.2679 0.2172
vn -0.8822 0.1663 -0.4405
vn -0.9274 -0.3518 -0.1275
vn -0.9568 -0.0553 -0.2855
vn -0.8346 -0.4266 0.3484
vn -0.2172 0.4011 0.8899
vn -0.1849 -0.0233 0.9825
vn -0.0157 0.1535 0.9880
vn 0.5261 0.3093 0.7922
vn -0.2757 0.2787 0.9199
vn -0.2768 0.4701 0.8381
vn 0.9013 0.1367 0.4111
vn 0.8980 0.1852 0.3991
vn 0.8812 0.2357 0.4097
vn 0.8930 0.2382 0.3819
vn 0.8780 0.2390 0.4146
vn 0.9168 0.1922 0.3501
vn -0.2935 -0.9459 0.1384
vn -0.7943 0.3081 -0.5237
vn -0.7404 0.6680 -0.0754
vn -0.9987 0.0324 0.0382
vn 0.5998 -0.6032 -0.5257
vn 0.4505 -0.7104 -0.5408
vn 0.0728 -0.8654 -0.4958
vn 0.6078 -0.5055 0.6125
vn 0.1062 -0.5259 0.8439
vn 0.0601 -0.4162 0.9073
vn 0.4917 -0.5973 0.6336
vn -0.2349 -0.2309 0.9442
vn 0.0587 -0.3401 0.9386
vn -0.5987 -0.3804 -0.7049
vn -0.6242 0.7618 -0.1735
vn -0.8116 -0.4812 -0.3311
vn -0.6073 0.7944 -0.0091
vn 0.1008 -0.5990 0.7943
vn 0.2742 -0.2598 0.9259
vn -0.5967 -0.6096 0.5219
vn -0.1453 0.8756 0.4607
vn 0.0432 0.6024 0.7970
vn 0.0093 -0.9998 0.0159
vn -0.1530 -0.8503 0.5036
vn -0.1675 -0.7164 0.6773
vn -0.2238 -0.8836 -0.4114
vn -0.3222 0.7248 0.6089
vn -0.0453 0.6801 0.7317
vn 0.5984 -0.8012 -0.0050
vn 0.4197 -0.6575 0.6257
vn -0.2472 0.7899 0.5612
vn -0.1175 0.9458 0.3028
vn -0.6176 -0.4404 0.6516
vn 0.9759 0.2166 -0.0263
vn 0.4444 0.8712 0.2086
vn 0.9946 0.1008 0.0230
vn 0.1446 0.3586 0.9222
vn 0.0817 -0.4537 0.8874
vn 0.7751 -0.6252 0.0908
vn 0.9037 0.2889 0.3162
vn 0.8395 0.4717 0.2699
vn -0.1214 0.9884 0.0914
vn 0.3197 0.9289 0.1867
vn 0.9635 0.0245 0.2665
vn 0.0243 0.8852 0.4646
vn -0.0266 0.7855 0.6182
vn -0.4178 0.6881 0.5933
vn -0.0122 0.1184 0.9929
vn 0.8910 0.2555 0.3753
vn 0.8822 0.2527 0.3973
vn 0.8734 0.1136 0.4735
vn 0.8331 0.5457 0.0905
vn 0.9209 0.3243 0.2160
vn 0.9221 0.1835 0.3406
vn 0.8872 0.4050 0.2210
vn -0.1620 -0.4143 0.8956
vn 0.0571 -0.8860 0.4601
vn 0.0506 -0.8986 0.4358
vn 0.9023 0.1835 0.3901
vn 0.9001 0.2105 0.3814
vn -0.0238 -0.8347 0.5502
vn 0.9730 0.0793 0.2165
vn 0.2088 0.1007 0.9728
vn 0.6030 -0.0249 0.7974
vn 0.7621 0.1944 0.6176
vn -0.1011 -0.3959 -0.9127
vn 0.5963 0.7906 -0.1389
vn 0.1107 -0.7983 -0.5919
vn 0.0294 -0.3867 -0.9217
vn 0.6998 0.7111 -0.0678
vn 0.6985 0.6424 0.3154
vn 0.6101 0.2398 0.7551
vn 0.1048 0.6619 -0.7423
vn 0.2016 0.7744 0.5998
vn 0.0967 0.0787 0.9922
vn -0.1378 0.1627 0.9770
vn 0.8593 0.3568 0.3665
vn 0.3168 -0.0894 0.9443
vn 0.5758 -0.8146 -0.0694
vn 0.5809 -0.0775 0.8102
vn 0.7566 -0.3465 0.5545
vn -0.5169 -0.0063 0.8560
vn -0.4444 0.0380 0.8950
vn -0.2738 -0.8108 0.5173
vn -0.6185 -0.7623 0.1907
vn -0.8523 -0.5226 -0.0230
vn -0.0612 -0.7794 0.6235
vn -0.0602 -0.7868 0.6143
vn -0.0870 -0.7891 0.6080
vn -0.1333 -0.1739 0.9757
vn -0.3346 -0.6064 0.7214
vn -0.7343 -0.0776 0.6743
vn -0.7415 -0.2230 0.6328
vn -0.7952 -0.1151 0.5953
vn -0.8364 0.4258 0.3452
vn -0.8543 0.4067 0.3238
vn -0.0090 0.8432 0.5375
vn 0.0706 0.7891 0.6102
vn -0.8344 0.2197 0.5054
vn -0.5155 -0.3973 0.7592
vn -0.2402 -0.7054 0.6668
vn -0.7816 0.6230 0.0317
vn -0.5203 0.7263 0.4492
vn -0.3379 0.0611 0.9392
vn -0.2312 0.7893 0.5688
vn -0.2295 0.3604 0.9041
vn -0.1539 -0.2841 0.9463
vn -0.0617 -0.7854 0.6159
vn -0.0796 0.4109 0.9082
vn 0.1322 -0.1124 0.9848
vn 0.0466 -0.0739 0.9962
vn 0.6812 0.3129 0.6619
vn 0.2252 0.4610 0.8583
vn -0.3282 0.0791 0.9413
vn -0.1881 -0.1589 0.9692
vn -0.3234 0.0419 0.9453
vn -0.0853 0.5498 0.8310
vn -0.2447 0.8190 0.5190
vn -0.1430 0.8461 0.5135
vn 0.5368 0.8403 0.0757
vn 0.5309 0.7844 -0.3207
vn 0.2453 0.1478 0.9581
vn 0.9830 -0.1485 -0.1082
vn 0.6696 -0.2331 0.7052
vn 0.3915 -0.0520 0.9187
vn 0.0922 0.6870 0.7208
vn 0.5534 -0.5222 0.6489
vn -0.1933 0.7526 0.6295
vn 0.3179 0.6038 0.7310
vn 0.6133 0.7172 0.3308
vn 0.7617 -0.2822 0.5833
vn 0.8290 0.2649 0.4926
vn 0.7699 0.0965 0.6308
vn 0.8104 0.3178 0.4922
vn 0.8318 0.2882 0.4745
vn 0.8635 0.1057 -0.4931
vn 0.5227 -0.1752 0.8343
vn 0.3373 -0.5456 0.7672
vn 0.7079 -0.5125 0.4861
vn 0.1443 0.8158 0.5600
vn -0.1781 0.8509 0.4941
vn -0.2006 0.7425 0.6391
vn -0.2441 0.5477 0.8002
vn -0.5518 0.8327 -0.0462
vn -0.7217 0.6809 0.1243
vn -0.1855 -0.9357 0.3002
vn -0.5474 -0.8317 0.0933
vn -0.5408 -0.8244 0.1668
vn -0.1037 -0.7814 0.6154
vn -0.1693 -0.7217 0.6712
vn -0.8094 0.5430 0.2237
vn 0.5914 -0.6422 -0.4876
vn 0.6768 -0.6413 -0.3615
vn 0.7799 -0.6076 0.1501
vn 0.9145 -0.3268 0.2386
vn -0.2769 0.9212 0.2733
vn -0.8086 0.5646 -0.1653
vn -0.1649 0.5302 0.8316
vn 0.7920 0.6103 0.0137
vn 0.4020 0.8924 0.2047
vn 0.3951 0.8708 0.2927
vn -0.9996 -0.0065 0.0287
vn -0.8703 0.4185 0.2595
vn -0.8524 0.4445 0.2753
vn 0.9093 0.2271 0.3486
vn 0.9269 0.2312 0.2955
vn 0.1730 -0.9844 -0.0331
vn 0.9330 0.2396 0.2685
vn 0.9387 0.1289 0.3196
vn 0.9264 0.1820 0.3295
vn 0.9212 0.2463 0.3013
vn 0.0994 0.8335 -0.5436
vn 0.4609 0.7288 -0.5063
vn 0.2455 0.7741 -0.5836
vn 0.4467 -0.6786 0.5830
vn 0.1865 -0.0174 0.9823
vn -0.1513 -0.1557 0.9761
vn -0.3147 -0.1592 0.9357
vn -0.3690 0.1224 0.9213
vn 0.0056 0.3990 0.9169
vn -0.0923 0.2460 0.9649
vn -0.7938 0.5299 0.2985
vn -0.8502 0.4495 0.2740
vn 0.6482 0.3447 0.6789
vn -0.0148 -0.0146 0.9998
vn -0.0772 -0.1722 0.9820
vn 0.5232 0.7876 0.3254
vn -0.3036 0.7914 0.5306
vn 0.0281 -0.4632 0.8858
vn -0.1723 -0.8291 0.5319
vn 0.7935 0.5669 0.2212
vn 0.5648 0.2756 0.7778
vn 0.5695 0.7006 0.4299
vn -0.6006 -0.1916 0.7762
vn -0.0187 -0.1680 0.9856
vn 0.2267 0.0527 0.9725
vn -0.1407 0.0060 0.9900
vn -0.8876 -0.4601 0.0230
vn -0.9891 -0.0446 0.1404
vn -0.9398 0.3217 -0.1156
vn -0.9113 0.3598 0.2002
vn 0.3418 0.9376 -0.0643
vn 0.5967 0.4323 -0.6761
vn -0.2512 -0.1412 0.9576
vn -0.6018 0.7970 0.0513
vn -0.0124 -0.7262 -0.6874
vn -0.9433 0.0395 -0.3295
vn -0.8957 -0.4442 0.0178
vn -0.6411 -0.0179 -0.7672
vn -0.6703 -0.1273 -0.7311
vn -0.5765 -0.8166 0.0275
vn -0.3878 -0.7980 0.4613
vn -0.6194 -0.7588 0.2012
vn -0.4789 0.7102 0.5161
vn -0.6534 0.4151 0.6331
vn 0.8820 0.2958 0.3670
vn 0.5532 0.8280 -0.0916
vn 0.8905 0.1629 0.4248
vn 0.6493 -0.6653 0.3685
vn 0.8580 -0.1959 0.4748
vn -0.8079 0.3658 0.4620
vn -0.7192 0.2055 0.6637
vn 0.2398 -0.5932 0.7685
vn 0.3413 -0.4602 0.8196
vn 0.6971 0.6978 -0.1648
vn 0.1874 0.2555 0.9485
vn 0.2347 0.3473 0.9079
vn 0.4567 -0.4077 0.7907
vn 0.5781 0.2388 0.7802
vn 0.0293 -0.8234 0.5668
vn -0.0624 -0.7600 0.6469
vn 0.0628 -0.7438 0.6655
vn 0.1132 -0.5932 0.7971
vn 0.4114 0.0323 0.9109
vn 0.8421 0.0920 0.5314
vn -0.5245 0.6367 0.5653
vn 0.1273 -0.7385 0.6622
vn -0.1136 -0.7970 0.5933
vn 0.3589 -0.7717 0.5251
vn 0.4928 -0.2437 0.8353
vn 0.4454 -0.6098 0.6555
vn 0.3337 -0.3420 0.8784
vn 0.4465 -0.6065 0.6579
vn 0.7591 0.6255 -0.1802
vn 0.9406 0.3372 0.0383
vn 0.9791 0.1852 -0.0838
vn 0.9459 0.1818 -0.2687
vn 0.9215 -0.0506 0.3852
vn -0.1315 0.8817 0.4530
vn -0.0957 0.7705 0.6303
vn 0.5442 0.1166 0.8308
vn 0.7372 -0.3125 0.5991
vn 0.7058 -0.3150 0.6345
vn 0.8458 -0.0699 0.5290
vn 0.9671 0.1669 0.1918
vn 0.4705 0.5181 0.7143
vn 0.5066 0.3547 0.7858
vn 0.7909 0.5349 0.2971
vn -0.9783 0.1496 0.1435
vn -0.1331 -0.9714 0.1967
vn -0.1595 -0.6704 0.7246
vn -0.1617 -0.4540 0.8762
vn 0.5414 0.4027 0.7380
vn 0.3149 0.2490 0.9159
vn -0.0698 0.7646 0.6407
vn -0.1425 0.9178 0.3705
vn 0.6219 0.4212 0.6602
vn -0.1061 -0.8027 -0.5869
vn -0.3603 0.0224 0.9326
vn -0.2055 0.0539 0.9772
vn 0.5531 -0.8331 -0.0081
vn 0.7492 -0.5074 -0.4257
vn 0.9247 0.1406 0.3538
vn 0.6553 -0.2283 -0.7200
vn 0.2327 -0.2655 -0.9356
vn 0.3675 0.1695 0.9144
vn 0.1074 0.8435 -0.5263
vn 0.8156 -0.5339 -0.2230
vn 0.7517 0.0582 0.6569
vn 0.4613 -0.1985 0.8647
vn -0.0083 0.2688 0.9632
vn -0.0507 0.1233 0.9911
vn -0.3997 0.5938 0.6983
vn -0.3017 -0.8560 -0.4197
vn -0.2241 -0.6943 -0.6839
vn -0.2093 -0.7176 0.6643
vn 0.1392 -0.7211 0.6787
vn -0.0635 -0.8031 0.5924
vn 0.6088 -0.4624 0.6447
vn -0.0025 -0.7917 0.6109
vn 0.9467 -0.3160 -0.0619
vn 0.9199 -0.3266 -0.2168
vn 0.9067 -0.3144 -0.2810
vn -0.1238 -0.7327 0.6692
vn -0.9771 0.1034 0.1859
vn -0.9112 -0.1149 0.3957
vn -0.9795 0.1760 -0.0980
vn 0.5731 -0.3688 0.7318
vn 0.1830 -0.6980 0.6923
vn 0.1925 -0.7746 0.6025
vn 0.9405 -0.2598 -0.2189
vn 0.3691 -0.7543 0.5429
vn -0.9063 -0.3922 -0.1572
vn -0.9003 -0.3541 -0.2531
vn -0.9266 0.3604 0.1070
vn -0.8598 0.4007 0.3167
vn -0.9514 0.3077 -0.0093
vn -0.7906 -0.1983 0.5794
vn 0.2562 -0.6647 0.7018
vn 0.7269 -0.6864 -0.0197
vn -0.4734 0.7913 0.3871
vn -0.3754 -0.3882 0.8417
vn -0.8725 -0.2819 0.3991
vn 0.6520 -0.2279 0.7232
vn 0.8874 -0.4598 0.0313
vn 0.4664 -0.7136 -0.5228
vn 0.3888 0.8889 -0.2424
vn 0.2507 0.8804 -0.4026
vn 0.1546 0.7889 -0.5947
vn 0.1315 0.8424 -0.5226
vn 0.5011 0.7736 0.3879
vn 0.4125 0.4839 0.7718
vn 0.3829 -0.5107 0.7698
vn 0.0593 0.6345 0.7706
vn 0.3704 0.1483 0.9170
vn -0.0725 0.7997 0.5960
vn 0.2602 -0.6514 0.7127
vn 0.3483 -0.0852 0.9335
vn 0.8251 -0.4261 0.3710
vn 0.6748 -0.5568 0.4844
vn 0.3006 -0.6590 0.6895
vn 0.0836 -0.7717 0.6305
vn 0.8819 0.0105 0.4714
vn -0.6321 -0.1110 -0.7669
vn -0.8237 -0.5668 0.0131
vn 0.0582 -0.9902 0.1268
vn 0.0686 -0.3089 0.9486
vn 0.1694 -0.7108 0.6827
vn -0.2765 -0.6382 -0.7185
vn 0.4476 0.8156 -0.3667
vn 0.6054 0.6716 -0.4271
vn 0.7858 0.5231 -0.3300
vn -0.8443 0.1715 -0.5076
vn 0.4490 0.7109 -0.5413
vn 0.2485 0.9001 -0.3580
vn 0.8990 0.2460 0.3623
vn 0.8211 0.4491 0.3523
vn 0.8658 0.3900 0.3134
vn -0.4260 0.7286 0.5363
vn 0.8262 -0.3780 -0.4177
vn -0.0208 0.4075 0.9130
vn -0.0899 0.3616 0.9280
vn 0.0452 0.9978 0.0485
vn 0.0605 0.8064 -0.5883
vn 0.3657 0.7279 -0.5800
vn 0.0775 0.8311 -0.5507
vn -0.7118 -0.4706 0.5214
vn -0.4368 -0.8112 0.3887
vn -0.2683 -0.8615 0.4311
vn 0.4213 0.7051 -0.5704
vn 0.2389 -0.2595 0.9357
vn -0.9294 0.2890 -0.2296
vn -0.6380 0.7429 -0.2027
vn -0.4644 0.7459 0.4775
vn -0.3213 0.5889 0.7416
vn -0.8413 0.4527 0.2956
vn 0.0205 0.8953 -0.4450
vn -0.0557 0.9946 -0.0879
vn 0.9067 -0.3497 -0.2356
vn 0.9771 -0.1340 0.1655
vn 0.8596 -0.4972 0.1180
vn 0.0590 -0.8771 0.4767
vn 0.0566 0.8195 0.5703
vn 0.0517 -0.7907 -0.6100
vn 0.5986 -0.6058 0.5240
vn 0.1717 0.4913 0.8539
vn 0.6109 -0.4744 0.6338
vn 0.5763 -0.6190 0.5336
vn -0.1597 -0.1946 0.9678
vn 0.1157 -0.3909 0.9131
vn -0.0597 -0.1461 0.9875
vn 0.1646 -0.9821 0.0912
vn -0.1306 -0.6717 0.7293
vn 0.3330 0.4324 0.8379
vn -0.4443 -0.7589 0.4761
vn -0.7467 -0.6027 0.2813
vn -0.8716 -0.0929 0.4813
vn -0.9347 0.3329 0.1246
vn -0.8902 0.3689 0.2673
vn 0.2662 0.4165 0.8693
vn 0.8973 -0.3664 0.2462
vn -0.9390 0.3414 -0.0411
vn -0.2564 0.9646 -0.0613
vn -0.4033 0.9118 0.0771
vn 0.0197 0.4994 0.8661
vn -0.3471 0.8415 0.4140
vn -0.5056 0.8622 -0.0310
vn -0.3619 0.9314 -0.0399
vn 0.8465 -0.2470 0.4717
vn 0.6300 0.6227 -0.4642
vn -0.4270 0.6905 0.5838
vn 0.0534 -0.9435 0.3270
vn 0.3570 -0.9096 0.2125
vn 0.1143 0.5615 -0.8196
vn -0.0048 0.5638 0.8259
vn 0.0271 0.2368 0.9712
vn 0.1693 0.0142 0.9855
vn -0.7169 -0.3912 -0.5771
vn -0.1256 0.8246 0.5516
vn 0.7223 0.6915 0.0089
vn 0.7797 0.2914 0.5542
vn 0.8515 0.3825 0.3587
vn 0.3922 -0.5369 0.7469
vn 0.3784 -0.5415 0.7508
vn -0.0708 -0.7602 0.6458
vn -0.5669 -0.7733 0.2840
vn 0.0473 -0.4870 0.8721
vn 0.8922 0.2651 0.3657
vn 0.1902 -0.8059 -0.5607
vn -0.3327 0.4960 0.8021
vn -0.6589 -0.2405 -0.7127
vn 0.4166 0.1246 0.9005
vn 0.2174 0.5754 0.7884
vn 0.4926 0.0994 0.8645
vn 0.1437 -0.8761 0.4601
vn 0.2385 -0.3804 0.8935
vn -0.7207 -0.6500 0.2408
vn -0.3917 0.7676 -0.5074
vn 0.0866 0.5865 -0.8053
vn 0.1188 0.6716 -0.7314
vn 0.4880 0.8051 -0.3371
vn 0.2664 -0.3406 0.9017
vn 0.2505 -0.0139 0.9680
vn 0.9394 -0.2727 0.2076
vn 0.1566 -0.8897 0.4289
vn 0.4938 -0.8590 0.1351
vn 0.9731 0.0485 0.2251
vn 0.7650 -0.5869 -0.2654
vn 0.5344 -0.2416 0.8100
vn 0.4830 0.0939 0.8706
vn 0.4940 0.6983 0.5181
vn 0.9180 0.3604 0.1654
vn 0.9004 0.2280 0.3706
vn 0.8560 0.3352 0.3935
vn -0.0593 0.9542 0.2934
vn 0.2444 -0.1191 0.9623
vn 0.8677 0.4961 -0.0320
vn -0.5659 -0.2848 -0.7737
vn 0.5471 0.2004 -0.8127
vn -0.9342 0.2057 0.2915
vn 0.3192 0.4578 0.8297
vn 0.1574 0.4320 0.8880
vn 0.3030 0.6734 0.6743
vn 0.4302 -0.8980 0.0923
vn 0.2562 -0.2365 0.9372
vn -0.0673 -0.1509 0.9863
vn -0.1244 -0.2013 0.9716
vn -0.1489 -0.1580 0.9762
vn 0.9334 0.3521 0.0695
vn 0.6016 0.7294 -0.3257
vn -0.9316 0.3035 0.1998
vn 0.9236 0.2038 0.3247
vn -0.0400 0.9692 0.2429
vn -0.9808 -0.0115 -0.1945
vn 0.7094 -0.0955 0.6983
vn -0.7052 0.6456 0.2931
vn 0.9615 -0.0648 0.2670
vn 0.9397 0.1974 0.2793
vn 0.8634 0.2707 0.4257
vn 0.8188 0.2887 0.4962
vn 0.0561 0.7625 -0.6445
vn 0.6563 -0.1837 0.7318
vn -0.1253 0.2221 0.9669
vn -0.1456 -0.8559 0.4962
vn 0.0051 -0.8875 0.4607
vn 0.0226 -0.7995 0.6003
vn 0.0075 -0.8063 0.5915
vn 0.0031 -0.8121 0.5835
vn -0.1324 -0.8454 0.5174
vn 0.8479 0.2321 0.4767
vn -0.1642 -0.8344 0.5261
vn -0.2075 -0.7488 0.6295
vn -0.1385 -0.7135 0.6868
vn -0.8830 0.4136 0.2220
vn 0.8918 0.3333 0.3060
vn 0.8535 0.3653 0.3717
vn -0.0603 -0.7676 0.6380
vn -0.0568 -0.7487 0.6604
vn 0.0130 -0.7058 0.7083
vn -0.0722 -0.7430 0.6654
vn 0.9794 0.0700 -0.1891
vn 0.8521 -0.1533 0.5005
vn 0.4918 0.5034 0.7104
vn -0.6553 -0.3699 0.6586
vn -0.8832 -0.4265 -0.1954
vn 0.1540 -0.1106 0.9819
vn -0.2063 -0.8404 0.5012
vn -0.4018 -0.6624 0.6323
vn -0.1564 -0.4015 0.9024
vn -0.5543 -0.8297 -0.0652
vn -0.8678 0.1714 0.4665
vn -0.9882 -0.0389 -0.1479
vn -0.9511 0.2889 0.1094
vn -0.4490 -0.0772 0.8902
vn -0.2668 -0.7423 0.6147
vn -0.1504 -0.8314 -0.5350
vn 0.9781 0.1469 0.1477
vn 0.7568 0.3976 0.5188
vn 0.4962 0.2252 0.8385
vn 0.5001 -0.3642 0.7857
vn 0.5076 -0.6028 0.6155
vn 0.1834 -0.0413 0.9822
vn -0.2386 0.7238 -0.6474
vn 0.7406 0.6533 -0.1569
vn 0.4203 0.8447 -0.3315
vn 0.8120 0.5476 0.2019
vn 0.0389 0.8568 -0.5142
vn -0.2630 -0.8695 0.4181
vn -0.5173 -0.7452 0.4207
vn -0.9916 -0.1250 -0.0339
vn 0.1369 -0.8613 0.4893
vn -0.8817 0.4695 -0.0470
vn -0.5206 -0.2342 0.8211
vn 0.0350 -0.5383 0.8421
vn 0.9344 0.1931 0.2992
vn -0.9376 -0.2919 -0.1890
vn -0.5086 -0.7272 -0.4609
vn -0.8939 -0.2192 -0.3910
vn -0.9419 0.3287 0.0695
vn 0.6058 -0.7166 -0.3457
vn -0.1856 0.7456 -0.6401
vn -0.2056 0.2826 -0.9369
vn 0.0899 0.8241 0.5592
vn 0.6438 -0.5387 -0.5434
vn -0.3519 0.3220 0.8789
vn 0.3763 0.4433 -0.8136
vn 0.9006 0.0587 0.4307
vn -0.4204 0.8051 -0.4184
vn -0.2603 0.7374 -0.6233
vn -0.2002 0.6894 -0.6962
vn 0.9488 -0.2704 -0.1635
vn 0.9016 0.2268 0.3682
vn -0.7569 -0.1872 -0.6262
vn 0.1421 0.8314 -0.5372
vn -0.2550 0.4117 0.8749
vn 0.0202 -0.1528 0.9881
vn 0.6648 -0.6608 -0.3485
vn 0.0016 0.9790 0.2037
vn -0.9752 -0.0938 -0.2005
vn 0.1952 -0.4654 0.8633
vn 0.4874 0.7062 -0.5136
vn 0.0019 -0.9722 -0.2342
vn 0.5091 -0.4303 0.7454
vn 0.2272 0.8922 0.3903
vn 0.7514 -0.5515 0.3622
vn -0.7423 -0.5046 -0.4410
vn -0.9715 0.2130 0.1039
vn -0.1255 0.3986 0.9085
vn -0.6665 0.5127 0.5412
vn -0.4869 0.7870 -0.3789
vn 0.0497 0.9866 0.1555
vn 0.8610 0.2803 0.4244
vn 0.0116 -0.0007 0.9999
vn 0.5987 0.4500 -0.6626
vn -0.6379 0.5897 0.4952
vn -0.7414 0.6516 0.1607
vn -0.8900 0.2554 0.3778
vn -0.2018 0.8803 0.4294
vn -0.2888 0.7683 0.5713
vn 0.0183 0.8384 0.5447
vn -0.0597 0.8943 0.4435
vn 0.4433 -0.5346 0.7194
vn 0.1403 0.1802 0.9736
vn -0.0178 -0.8048 0.5933
vn -0.0561 -0.7754 0.6290
vn -0.4404 -0.1577 0.8838
vn -0.5047 0.3559 0.7865
vn 0.0714 0.8500 -0.5219
vn 0.6184 0.1323 0.7747
vn 0.5126 -0.7918 0.3320
vn -0.8178 -0.4292 0.3834
vn -0.2974 -0.7310 0.6142
vn 0.1651 0.9026 0.3975
vn -0.8510 -0.5240 -0.0344
vn 0.3575 0.6699 0.6508
vn -0.3119 0.1582 0.9368
vn 0.1036 -0.2632 -0.9592
vn -0.4506 0.0136 0.8926
vn 0.9514 0.3074 -0.0171
vn 0.3723 -0.8965 0.2400
vn 0.6305 -0.7678 -0.1141
vn -0.5753 0.0628 0.8155
vn -0.0449 -0.7823 0.6213
vn 0.2549 -0.9537 -0.1597
vn 0.9127 0.2410 0.3301
vn -0.5574 -0.1246 0.8208
vn -0.8746 -0.1915 0.4454
vn -0.2357 -0.7636 0.6011
vn -0.0238 -0.9995 -0.0214
vn 0.8618 -0.1699 0.4779
vn -0.2020 -0.9233 -0.3267
vn -0.1404 0.0544 0.9886
vn 0.0801 -0.0040 0.9968
vn -0.9995 -0.0063 -0.0316
vn -0.9630 -0.2327 0.1356
vn -0.2228 0.7597 0.6109
vn 0.0410 0.7647 0.6431
vn 0.3840 -0.3842 -0.8396
vn 0.9631 0.2460 -0.1095
vn -0.1033 0.3735 0.9219
vn 0.6378 -0.2694 0.7215
vn -0.2948 -0.7411 0.6032
vn -0.8626 0.2896 -0.4148
vn 0.7971 0.3005 0.5237
vn -0.9598 0.2471 0.1334
vn -0.7823 0.2845 0.5541
vn -0.7520 -0.0650 0.6560
vn -0.1336 -0.8098 0.5713
vn -0.9826 -0.1216 -0.1402
vn 0.8310 -0.3573 -0.4264
vn 0.2375 -0.5486 0.8016
vn 0.3608 0.2703 0.8926
vn 0.8617 0.3327 0.3831
vn -0.0903 -0.2932 0.9518
vn -0.0001 -0.9874 -0.1583
vn 0.5689 0.2882 0.7702
vn 0.6969 0.1461 0.7022
vn 0.8406 -0.0711 0.5370
vn 0.0776 0.8653 0.4952
vn 0.2126 0.7001 0.6816
vn 0.0724 0.7645 0.6406
vn -0.8928 -0.2988 0.3371
vn -0.9952 -0.0412 0.0888
vn -0.9520 0.1042 -0.2879
vn 0.0843 0.1228 0.9888
vn 0.2280 0.4149 0.8808
vn 0.3357 0.3577 0.8714
vn 0.6995 -0.1364 0.7015
vn 0.6850 -0.4261 0.5909
vn 0.7683 0.0321 0.6392
vn -0.6651 0.6050 0.4376
vn -0.4146 0.7161 0.5614
vn -0.6239 0.6225 0.4724
vn -0.7212 0.5630 0.4036
vn -0.6803 -0.4393 0.5867
vn -0.5968 -0.5118 0.6180
vn -0.5826 -0.3305 0.7425
vn -0.5154 -0.7492 0.4159
vn -0.7264 -0.6392 0.2525
vn -0.6281 -0.7201 0.2949
vn 0.7532 -0.6556 -0.0538
vn 0.6903 -0.7153 0.1091
vn 0.7648 -0.6443 -0.0001
vn -0.5999 0.7544 0.2666
vn -0.6387 0.6680 0.3819
vn -0.5983 0.7232 0.3450
vn 0.3842 0.1392 0.9127
vn 0.3408 0.1755 0.9236
vn 0.3079 0.3219 0.8953
vn -0.7653 -0.4122 0.4944
vn -0.8466 -0.1957 0.4949
vn -0.9187 -0.3118 0.2424
vn -0.6570 -0.6333 0.4091
vn -0.8003 -0.2256 0.5556
vn -0.7541 -0.4920 0.4350
vn 0.6556 -0.7546 -0.0279
vn 0.4935 0.0615 0.8676
vn 0.5898 -0.0307 0.8070
vn 0.5568 -0.0668 0.8280
vn 0.8367 -0.4935 0.2376
vn 0.9932 0.1162 -0.0051
vn 0.9371 0.1745 0.3024
vn 0.7524 -0.6553 0.0660
vn 0.8849 -0.4304 -0.1781
vn 0.8782 -0.4684 -0.0966
vn -0.3550 -0.9199 0.1667
vn -0.4129 -0.9081 0.0701
vn -0.3641 -0.9260 0.0993
vn -0.6411 -0.3879 0.6622
vn -0.6296 -0.5499 0.5488
vn -0.5194 -0.4325 0.7370
vn -0.1647 -0.0340 0.9858
vn -0.1158 0.1244 0.9855
vn 0.0263 0.1469 0.9888
vn -0.7506 -0.0026 0.6608
vn -0.5985 -0.2867 0.7481
vn -0.9477 -0.0591 0.3138
vn -0.9297 -0.1316 0.3439
vn -0.9071 -0.0925 0.4107
vn -0.7585 -0.5032 0.4140
vn -0.7447 -0.4101 0.5266
vn -0.7232 -0.3529 0.5937
vn -0.4614 -0.7076 0.5352
vn -0.6067 -0.5686 0.5555
vn -0.6339 -0.5868 0.5038
vn -0.5664 -0.6548 0.5004
vn 0.4565 0.0715 0.8868
vn 0.4728 0.2003 0.8581
vn 0.5260 0.1277 0.8408
vn 0.7847 0.6199 0.0055
vn 0.9543 0.2950 0.0470
vn 0.9700 0.1579 -0.1847
vn -0.6071 0.7431 0.2814
vn -0.3720 -0.1575 0.9148
vn -0.7232 -0.0940 0.6843
vn -0.6744 0.4377 0.5947
vn -0.6287 -0.0030 0.7777
vn 0.0660 -0.1561 0.9855
vn -0.0674 -0.2599 0.9633
vn 0.1171 -0.2735 0.9547
vn -0.6284 -0.2100 0.7490
vn -0.5210 -0.3498 0.7786
vn -0.6538 -0.3883 0.6495
vn 0.0539 0.9879 0.1453
vn 0.1989 0.9681 -0.1524
vn -0.2543 0.8950 0.3666
vn -0.7155 0.6857 0.1338
vn -0.5881 0.7350 0.3373
vn -0.3904 0.8229 0.4127
vn -0.9902 0.1394 0.0065
vn -0.9581 0.2564 0.1277
vn -0.9128 0.3754 -0.1610
vn -0.9583 -0.1101 0.2639
vn -0.9427 -0.2400 0.2317
vn -0.7492 -0.1986 0.6318
vn -0.9094 -0.4130 -0.0483
vn -0.6686 -0.5265 0.5252
vn -0.9641 -0.2438 -0.1051
vn -0.2752 -0.9516 0.1365
vn -0.7229 0.6790 -0.1279
vn -0.8530 0.5097 0.1121
vn -0.9045 0.4225 -0.0581
vn -0.2180 0.4259 0.8781
vn -0.6267 0.6251 0.4654
vn -0.0426 0.2384 0.9702
vn 0.6033 0.2595 0.7541
vn 0.5640 0.1255 0.8162
vn -0.6076 -0.5194 0.6009
vn -0.6100 -0.5187 0.5991
vn -0.6215 -0.5880 0.5177
vn 0.0312 -0.4335 0.9006
vn -0.6081 -0.6155 0.5013
vn -0.2576 -0.8626 0.4355
vn -0.2674 -0.4970 0.8255
vn -0.4884 -0.4292 0.7597
vn -0.6506 -0.5180 0.5554
vn 0.4648 0.0779 0.8820
vn 0.3171 0.1224 0.9405
vn -0.8715 -0.2180 0.4393
vn -0.9806 0.0627 0.1855
vn 0.4913 0.0556 0.8692
vn 0.4535 -0.0307 0.8907
vn 0.7283 0.2128 0.6514
vn 0.1610 -0.1936 0.9678
vn 0.6684 -0.7240 -0.1705
vn -0.6174 0.7028 -0.3533
vn -0.6814 0.7285 -0.0704
vn -0.1719 0.9139 -0.3678
vn -0.4476 0.7673 0.4593
vn -0.0725 0.7419 0.6666
vn -0.2963 0.8034 0.5165
vn 0.2964 0.9501 0.0972
vn 0.1832 0.9579 0.2208
vn 0.2159 0.9040 0.3690
vn 0.0710 0.9952 0.0672
vn -0.3578 0.8995 0.2508
vn 0.3040 0.2952 0.9058
vn 0.4405 0.0227 0.8975
vn 0.5645 0.0914 0.8204
vn -0.5520 -0.7666 0.3282
vn -0.6091 -0.5017 0.6142
vn -0.5499 -0.4926 0.6745
vn -0.3608 0.9228 -0.1353
vn -0.7274 0.1720 0.6643
vn 0.7271 0.6858 0.0328
vn 0.6401 -0.7679 -0.0242
vn 0.7304 -0.6815 -0.0450
vn 0.5242 -0.8375 0.1543
vn -0.4433 -0.7117 0.5450
vn -0.2965 -0.4873 0.8214
vn -0.1529 0.9402 0.3043
vn -0.7681 -0.4787 0.4253
vn 0.3582 -0.9048 0.2301
vn 0.6506 -0.7535 0.0949
vn 0.4157 -0.0630 0.9073
vn 0.3509 -0.2926 0.8895
vn 0.5074 0.1070 0.8551
vn 0.3320 0.2441 0.9112
vn 0.5167 0.3092 0.7984
vn 0.2324 0.1149 0.9658
vn -0.0021 0.0561 0.9984
vn 0.5526 0.2342 0.7999
vn 0.5867 0.2828 0.7588
vn 0.0485 0.7373 0.6738
vn 0.3130 0.4814 0.8187
vn 0.3131 0.6159 0.7229
vn -0.8932 -0.0088 0.4496
vn -0.7484 0.0688 0.6596
vn -0.8122 0.1000 0.5747
vn -0.9363 0.2404 -0.2561
vn 0.3271 -0.0804 0.9415
vn 0.2342 -0.1741 0.9565
vn 0.2934 0.4416 0.8479
vn 0.4290 0.3997 0.8100
vn 0.4750 0.3141 0.8220
vn 0.9962 0.0869 0.0111
vn 0.9988 0.0492 0.0063
vn -0.6503 0.6826 0.3335
vn -0.5739 0.7339 0.3634
vn -0.6281 0.6671 0.4006
vn 0.2369 0.4195 0.8763
vn 0.5109 0.2113 0.8333
vn 0.4155 0.3290 0.8480
vn -0.3173 0.3110 0.8959
vn -0.4457 0.6241 0.6417
vn 0.7017 0.1237 0.7016
vn 0.6050 -0.0469 0.7948
vn 0.8795 0.0505 0.4732
vn -0.9152 -0.1111 0.3875
vn -0.6419 -0.1723 0.7472
vn -0.2173 0.7518 0.6225
vn -0.3920 -0.3522 0.8499
vn 0.1543 -0.1034 0.9826
vn 0.3358 0.1525 0.9295
vn -0.0407 -0.8507 0.5241
vn 0.9469 -0.2500 0.2022
vn 0.9972 0.0138 0.0731
vn 0.8779 0.4393 0.1906
vn 0.5650 -0.6048 0.5613
vn 0.6465 -0.7573 0.0917
vn 0.5357 -0.8436 0.0371
vn 0.8101 -0.5851 0.0372
vn 0.5858 -0.7552 0.2941
vn 0.8853 -0.3511 0.3049
vn -0.8809 0.4614 -0.1051
vn -0.4977 0.1390 0.8562
vn -0.7189 0.5776 0.3867
vn 0.2859 -0.9582 -0.0064
vn 0.0645 -0.9974 0.0313
vn -0.2135 -0.9737 0.0793
vn -0.5063 0.0724 0.8593
vn -0.5756 -0.2044 0.7918
vn -0.4072 0.2329 0.8832
vn -0.4327 -0.7362 0.5203
vn -0.5969 -0.3866 0.7031
vn 0.1018 0.2434 0.9646
vn -0.6047 -0.6893 0.3991
vn -0.6096 -0.6536 0.4485
vn -0.6549 -0.5882 0.4744
vn -0.1368 0.6810 0.7194
vn 0.2538 0.5432 0.8003
vn -0.8212 -0.3184 0.4735
vn -0.9245 -0.1787 0.3366
vn -0.7585 -0.4081 0.5081
vn -0.7675 -0.3617 0.5292
vn -0.8448 0.4530 0.2849
vn -0.7652 0.6279 0.1422
vn -0.7409 0.5787 0.3410
vn -0.8380 0.4632 0.2884
vn -0.5502 0.1130 0.8274
vn -0.5932 -0.4538 0.6649
vn -0.6135 -0.1327 0.7784
vn -0.1665 0.1452 0.9753
vn -0.4008 0.2253 0.8880
vn -0.8309 0.4524 0.3239
vn -0.2969 -0.0918 0.9505
vn -0.2200 -0.0967 0.9707
vn -0.8863 -0.1051 0.4510
vn -0.8069 0.3063 0.5051
vn -0.8266 0.3997 0.3961
vn -0.6717 -0.2369 0.7019
vn -0.9028 -0.1065 0.4166
vn -0.9817 -0.1542 0.1117
vn -0.9800 -0.0661 0.1877
vn -0.9481 -0.1428 0.2840
vn -0.8969 -0.0571 0.4386
vn -0.1047 -0.0662 0.9923
vn -0.5002 -0.2079 0.8406
vn 0.7317 0.2696 0.6260
vn 0.5681 0.1905 0.8006
vn 0.8252 0.1592 0.5419
vn -0.3662 -0.2388 0.8994
vn -0.0258 -0.8972 0.4409
vn 0.3759 0.6939 0.6142
vn 0.0800 0.7790 0.6219
vn 0.2501 0.8235 0.5092
vn -0.9275 0.0934 0.3621
vn -0.9969 -0.0776 -0.0115
vn -0.7335 0.4959 0.4648
vn -0.9851 -0.1710 -0.0159
vn -0.5710 -0.7890 0.2269
vn -0.5768 -0.7943 -0.1908
vn 0.8584 -0.3846 0.3394
vn 0.7771 -0.6179 0.1200
vn 0.8185 -0.2736 0.5051
vn 0.5386 -0.1864 0.8217
vn -0.6344 -0.6409 0.4323
vn -0.8776 0.4793 0.0112
vn -0.2056 -0.9734 0.1013
vn 0.4361 -0.6999 0.5656
vn 0.5396 -0.7037 0.4622
vn 0.4073 0.2284 0.8843
vn 0.4456 0.1290 0.8859
vn 0.8566 0.5127 0.0576
vn 0.9604 -0.2624 0.0940
vn -0.5712 -0.6218 0.5358
vn -0.3922 -0.7070 0.5885
vn -0.6458 -0.6199 0.4457
vn -0.8265 0.5109 0.2365
vn -0.9738 -0.2134 0.0789
vn -0.9931 0.0944 0.0698
vn -0.9183 0.2309 0.3215
vn -0.0792 0.0256 0.9965
vn -0.9797 -0.1983 -0.0301
vn -0.1952 0.8654 0.4615
vn -0.7420 0.5974 0.3043
vn -0.7077 0.7055 0.0383
vn -0.6780 0.6914 0.2496
vn -0.7982 0.5532 0.2385
vn -0.5236 0.3737 0.7656
vn -0.9643 -0.2587 -0.0570
vn -0.5396 -0.0622 0.8396
vn -0.8972 -0.3480 0.2720
vn -0.8847 -0.2638 0.3844
vn -0.7142 -0.5085 0.4810
vn -0.0379 0.0313 0.9988
vn -0.0995 -0.1328 0.9861
vn -0.6764 -0.5529 0.4866
vn 0.0859 0.4203 0.9033
vn 0.2692 0.0268 0.9627
vn 0.7008 -0.7121 0.0424
vn -0.5004 -0.7666 0.4025
vn -0.5846 -0.5205 0.6223
vn -0.1782 -0.9323 0.3147
vn 0.7044 -0.6783 0.2088
vn -0.3099 -0.4605 0.8318
vn -0.2100 -0.3119 0.9266
vn -0.8992 0.3403 0.2749
vn -0.3346 0.2538 0.9075
vn -0.6667 -0.4423 0.5999
vn -0.8114 -0.4796 0.3342
vn 0.6111 -0.0134 0.7914
vn 0.7221 0.6887 -0.0646
vn 0.7618 0.6474 0.0238
vn 0.4166 0.2593 0.8713
vn 0.5763 0.3062 0.7577
vn 0.0040 -0.2860 0.9582
vn -0.7503 -0.5687 0.3372
vn 0.5033 0.8467 0.1724
vn 0.5560 0.5889 0.5866
vn 0.7284 -0.6125 0.3071
vn 0.1468 -0.6223 0.7689
vn 0.9556 0.2494 0.1572
vn -0.1836 -0.9749 0.1263
vn -0.0933 -0.9867 0.1331
vn 0.3167 0.2717 0.9088
vn 0.4056 0.2917 0.8662
vn 0.3786 0.2336 0.8956
vn 0.0024 0.0369 0.9993
vn -0.6086 -0.4682 0.6406
vn 0.1132 0.2648 0.9576
vn 0.1938 -0.0102 0.9810
vn -0.5790 -0.6423 0.5022
vn -0.4703 -0.4873 0.7358
vn -0.3299 -0.3357 0.8823
vn -0.5873 0.2481 0.7704
vn -0.6885 -0.7051 0.1700
vn -0.2088 0.5221 0.8269
vn -0.4475 0.7110 0.5424
vn 0.6001 0.1301 0.7892
vn -0.5913 -0.6161 0.5203
vn 0.8195 -0.5689 -0.0688
vn -0.6192 -0.6308 0.4676
vn -0.5746 -0.6345 0.5170
vn -0.4238 -0.6447 0.6362
vn -0.3969 -0.3888 0.8314
vn -0.4446 -0.8864 0.1292
vn -0.8004 0.0078 0.5995
vn 0.2394 0.2778 0.9303
vn -0.7587 0.2133 0.6155
vn -0.9807 0.1953 -0.0029
vn -0.9934 0.0711 0.0902
vn -0.6079 -0.7873 -0.1027
vn 0.0376 -0.2922 0.9556
vn 0.1185 -0.0442 0.9920
vn -0.8170 0.5535 0.1619
vn 0.3934 0.0807 0.9158
vn 0.6191 0.2910 0.7294
vn -0.5072 -0.4754 0.7188
vn 0.5988 -0.5577 0.5748
vn 0.3071 -0.4589 0.8337
vn -0.2600 -0.8730 0.4127
vn -0.5371 -0.6809 0.4978
vn -0.5462 -0.3186 0.7747
vn 0.4277 0.0742 0.9009
vn -0.8322 0.3260 0.4485
vn -0.1239 -0.3621 0.9239
vn -0.8974 -0.0602 0.4372
vt 0.388930 0.055170
vt 0.375350 0.062660
vt 0.374640 0.050540
vt 0.324900 0.129820
vt 0.345610 0.133240
vt 0.348710 0.148420
vt 0.094330 0.042330
vt 0.103600 0.042930
vt 0.107570 0.052900
vt 0.100110 0.062340
vt 0.091950 0.065220
vt 0.095630 0.052100
vt 0.103750 0.073020
vt 0.099140 0.073820
vt 0.095520 0.066000
vt 0.112970 0.087470
vt 0.109790 0.082020
vt 0.114560 0.079850
vt 0.106490 0.077400
vt 0.091350 0.073110
vt 0.095810 0.075890
vt 0.091710 0.077770
vt 0.103680 0.082960
vt 0.086960 0.078410
vt 0.079860 0.086150
vt 0.074000 0.084360
vt 0.090440 0.080920
vt 0.087470 0.085700
vt 0.198200 0.130330
vt 0.192190 0.119000
vt 0.208940 0.119900
vt 0.070670 0.093020
vt 0.074570 0.101540
vt 0.060300 0.100600
vt 0.902700 0.238460
vt 0.893830 0.231110
vt 0.899550 0.229740
vt 0.949620 0.252580
vt 0.946530 0.270870
vt 0.938950 0.259700
vt 0.888530 0.259690
vt 0.951030 0.240300
vt 0.951000 0.245610
vt 0.946050 0.240870
vt 0.938370 0.232180
vt 0.893310 0.237620
vt 0.897870 0.238010
vt 0.895270 0.247250
vt 0.129100 0.149050
vt 0.117380 0.171090
vt 0.136580 0.159490
vt 0.123830 0.157210
vt 0.103070 0.189640
vt 0.108010 0.184660
vt 0.115480 0.194140
vt 0.965300 0.242380
vt 0.960010 0.248260
vt 0.960070 0.243240
vt 0.952650 0.236480
vt 0.891030 0.262870
vt 0.951500 0.238500
vt 0.956050 0.238620
vt 0.955720 0.244230
vt 0.894490 0.263480
vt 0.891030 0.262870
vt 0.888810 0.263080
vt 0.888530 0.259690
vt 0.952650 0.236480
vt 0.951030 0.240300
vt 0.951500 0.238500
vt 0.892490 0.259700
vt 0.888810 0.263080
vt 0.949660 0.282280
vt 0.914330 0.283960
vt 0.952060 0.274650
vt 0.953140 0.284670
vt 0.910080 0.289470
vt 0.890840 0.266320
vt 0.912820 0.279890
vt 0.953450 0.292600
vt 0.905190 0.295280
vt 0.902930 0.285910
vt 0.904420 0.277210
vt 0.883670 0.270650
vt 0.878400 0.275850
vt 0.877730 0.269010
vt 0.893650 0.297110
vt 0.884870 0.296100
vt 0.891840 0.287320
vt 0.880480 0.286460
vt 0.883470 0.279910
vt 0.886110 0.285530
vt 0.237970 0.216760
vt 0.241260 0.208110
vt 0.246120 0.223800
vt 0.209050 0.195710
vt 0.213020 0.198320
vt 0.212450 0.206050
vt 0.224470 0.222570
vt 0.218410 0.210100
vt 0.228050 0.209940
vt 0.486590 0.158790
vt 0.487230 0.173680
vt 0.476050 0.167530
vt 0.248570 0.240310
vt 0.208200 0.244380
vt 0.204080 0.253760
vt 0.257850 0.244220
vt 0.198490 0.245690
vt 0.433120 0.242530
vt 0.411220 0.243440
vt 0.429230 0.238270
vt 0.180400 0.304020
vt 0.284620 0.298250
vt 0.178860 0.291570
vt 0.184640 0.298620
vt 0.281370 0.291770
vt 0.473600 0.200700
vt 0.479100 0.200930
vt 0.477220 0.203310
vt 0.473930 0.204770
vt 0.480890 0.203430
vt 0.474245 0.225844
vt 0.490040 0.194800
vt 0.493970 0.191520
vt 0.495360 0.196200
vt 0.482380 0.198570
vt 0.487100 0.196870
vt 0.487640 0.202680
vt 0.445390 0.252230
vt 0.451210 0.247910
vt 0.453760 0.253370
vt 0.336270 0.304710
vt 0.343920 0.296400
vt 0.346240 0.308660
vt 0.165040 0.199100
vt 0.166050 0.204990
vt 0.159430 0.203590
vt 0.308860 0.094760
vt 0.316300 0.107460
vt 0.302360 0.096460
vt 0.243760 0.087440
vt 0.254740 0.075990
vt 0.378070 0.041860
vt 0.258340 0.081900
vt 0.348690 0.298020
vt 0.354340 0.301190
vt 0.263890 0.139590
vt 0.273400 0.147180
vt 0.260300 0.145930
vt 0.241070 0.136470
vt 0.244160 0.119090
vt 0.254730 0.127780
vt 0.257260 0.143840
vt 0.251100 0.146340
vt 0.255540 0.135920
vt 0.209010 0.212600
vt 0.189470 0.205040
vt 0.207770 0.203570
vt 0.210620 0.215740
vt 0.210930 0.220030
vt 0.205270 0.218070
vt 0.193880 0.070740
vt 0.208970 0.064460
vt 0.205140 0.076150
vt 0.145550 0.294820
vt 0.133720 0.307600
vt 0.132630 0.301360
vt 0.044810 0.342470
vt 0.049470 0.333470
vt 0.060440 0.338940
vt 0.130090 0.080370
vt 0.130900 0.092930
vt 0.119760 0.087100
vt 0.103790 0.125130
vt 0.112030 0.119430
vt 0.119730 0.125000
vt 0.083810 0.279240
vt 0.082810 0.264550
vt 0.100480 0.274020
vt 0.077330 0.279150
vt 0.072880 0.285760
vt 0.070810 0.272250
vt 0.214540 0.066140
vt 0.438420 0.112030
vt 0.427110 0.095700
vt 0.457760 0.106430
vt 0.052390 0.323570
vt 0.059950 0.320430
vt 0.058860 0.331310
vt 0.050390 0.264200
vt 0.040380 0.251050
vt 0.057630 0.256550
vt 0.014490 0.314870
vt 0.009330 0.299260
vt 0.015490 0.298030
vt 0.194810 0.289780
vt 0.278220 0.275200
vt 0.303780 0.246280
vt 0.306620 0.257140
vt 0.297260 0.258990
vt 0.444600 0.162300
vt 0.446630 0.146700
vt 0.453500 0.157520
vt 0.447730 0.191470
vt 0.442810 0.179360
vt 0.451430 0.184670
vt 0.457700 0.121820
vt 0.200770 0.215750
vt 0.132430 0.211220
vt 0.141890 0.205340
vt 0.146330 0.219520
vt 0.038970 0.024770
vt 0.037190 0.036570
vt 0.026130 0.032340
vt 0.156500 0.035910
vt 0.150290 0.033020
vt 0.160300 0.032870
vt 0.166620 0.217990
vt 0.167070 0.210750
vt 0.176060 0.214460
vt 0.172780 0.192800
vt 0.175850 0.202000
vt 0.180150 0.060850
vt 0.168420 0.051730
vt 0.195310 0.054330
vt 0.141900 0.032790
vt 0.147270 0.036640
vt 0.140530 0.041950
vt 0.144720 0.095060
vt 0.135340 0.103660
vt 0.135830 0.089070
vt 0.138170 0.080520
vt 0.146830 0.076830
vt 0.146870 0.084300
vt 0.319820 0.255580
vt 0.334950 0.254110
vt 0.329620 0.262580
vt 0.366820 0.236750
vt 0.381730 0.239500
vt 0.380750 0.256870
vt 0.195920 0.192490
vt 0.188710 0.196060
vt 0.190720 0.181360
vt 0.212760 0.145540
vt 0.204860 0.141840
vt 0.214920 0.142010
vt 0.094890 0.342460
vt 0.110210 0.328190
vt 0.112840 0.334980
vt 0.350280 0.280620
vt 0.339660 0.282820
vt 0.344100 0.273120
vt 0.354270 0.244740
vt 0.365170 0.247120
vt 0.365060 0.259520
vt 0.372480 0.314820
vt 0.371990 0.304250
vt 0.381290 0.309320
vt 0.379780 0.270590
vt 0.363550 0.273790
vt 0.368460 0.266440
vt 0.087910 0.197890
vt 0.094030 0.191750
vt 0.098340 0.193470
vt 0.493630 0.164350
vt 0.498420 0.166480
vt 0.491080 0.169450
vt 0.030540 0.057250
vt 0.023440 0.063100
vt 0.023570 0.049930
vt 0.352250 0.090160
vt 0.365020 0.099500
vt 0.348160 0.111490
vt 0.307970 0.081980
vt 0.183840 0.180820
vt 0.180250 0.196160
vt 0.156290 0.156450
vt 0.168030 0.157620
vt 0.164560 0.166120
vt 0.076320 0.047390
vt 0.082700 0.059190
vt 0.054260 0.096280
vt 0.056000 0.087410
vt 0.061110 0.093390
vt 0.221270 0.200730
vt 0.214220 0.163530
vt 0.210860 0.155800
vt 0.218150 0.157060
vt 0.131500 0.217670
vt 0.054800 0.232780
vt 0.038260 0.226680
vt 0.056400 0.225580
vt 0.481480 0.092010
vt 0.479590 0.087320
vt 0.483120 0.084060
vt 0.136040 0.294980
vt 0.181650 0.222870
vt 0.189850 0.219180
vt 0.187280 0.227140
vt 0.148040 0.311990
vt 0.152920 0.298470
vt 0.153900 0.311790
vt 0.103340 0.112880
vt 0.102410 0.118760
vt 0.093660 0.111650
vt 0.098723 0.179757
vt 0.100627 0.149954
vt 0.085200 0.129870
vt 0.084280 0.122760
vt 0.160510 0.113750
vt 0.158830 0.106230
vt 0.170320 0.110880
vt 0.162370 0.089550
vt 0.155510 0.098390
vt 0.152990 0.076940
vt 0.363210 0.140840
vt 0.423110 0.115660
vt 0.392100 0.098790
vt 0.402460 0.094620
vt 0.395750 0.104740
vt 0.364840 0.119350
vt 0.153430 0.198870
vt 0.147330 0.194360
vt 0.153840 0.195980
vt 0.462860 0.226800
vt 0.464150 0.224000
vt 0.113220 0.297070
vt 0.121790 0.280420
vt 0.129890 0.291020
vt 0.098300 0.335820
vt 0.104100 0.323350
vt 0.042830 0.084810
vt 0.044490 0.095900
vt 0.041760 0.096910
vt 0.073050 0.109470
vt 0.059890 0.110700
vt 0.219570 0.121560
vt 0.432790 0.056210
vt 0.223150 0.108790
vt 0.228070 0.113040
vt 0.395760 0.081060
vt 0.407760 0.081740
vt 0.395210 0.093140
vt 0.399850 0.246230
vt 0.400520 0.261490
vt 0.031690 0.273350
vt 0.032560 0.256570
vt 0.054640 0.291670
vt 0.064840 0.285000
vt 0.061490 0.298960
vt 0.437370 0.237850
vt 0.441720 0.240610
vt 0.398200 0.141360
vt 0.416120 0.143940
vt 0.411670 0.153990
vt 0.441340 0.193520
vt 0.431570 0.193480
vt 0.435620 0.180910
vt 0.185250 0.048750
vt 0.379060 0.319870
vt 0.381790 0.314590
vt 0.417452 0.296694
vt 0.062350 0.018530
vt 0.054000 0.031240
vt 0.051160 0.017840
vt 0.056060 0.013240
vt 0.065110 0.010840
vt 0.041940 0.232310
vt 0.030450 0.235170
vt 0.092840 0.120430
vt 0.088400 0.113150
vt 0.096620 0.086580
vt 0.044830 0.020090
vt 0.038730 0.021520
vt 0.042380 0.014620
vt 0.052130 0.007370
vt 0.048770 0.004050
vt 0.061570 0.001950
vt 0.103200 0.027520
vt 0.095760 0.030720
vt 0.094640 0.024180
vt 0.488510 0.118150
vt 0.498080 0.118870
vt 0.491000 0.121590
vt 0.487780 0.112460
vt 0.491200 0.107210
vt 0.495740 0.115820
vt 0.048940 0.103520
vt 0.907110 0.241540
vt 0.908020 0.252840
vt 0.901500 0.246960
vt 0.933500 0.267680
vt 0.926950 0.265940
vt 0.451640 0.213110
vt 0.450640 0.219210
vt 0.444860 0.219760
vt 0.437150 0.217030
vt 0.442920 0.209440
vt 0.437410 0.066650
vt 0.432520 0.072740
vt 0.431180 0.065110
vt 0.213790 0.104960
vt 0.210310 0.097730
vt 0.222510 0.096230
vt 0.904650 0.211690
vt 0.907060 0.216880
vt 0.902170 0.216870
vt 0.435980 0.088090
vt 0.438170 0.074950
vt 0.445560 0.086050
vt 0.438320 0.099050
vt 0.462040 0.092380
vt 0.459450 0.227890
vt 0.319880 0.073320
vt 0.323200 0.079700
vt 0.297410 0.073810
vt 0.302250 0.076120
vt 0.283080 0.088220
vt 0.313950 0.066960
vt 0.323280 0.064000
vt 0.354290 0.086670
vt 0.362310 0.095200
vt 0.903832 0.204939
vt 0.909290 0.213080
vt 0.931530 0.228590
vt 0.923000 0.235860
vt 0.921710 0.231610
vt 0.225940 0.107140
vt 0.426100 0.050980
vt 0.397730 0.047510
vt 0.236530 0.089590
vt 0.960260 0.226050
vt 0.967390 0.237090
vt 0.944560 0.225070
vt 0.946240 0.217780
vt 0.924940 0.208740
vt 0.928610 0.221290
vt 0.923090 0.223240
vt 0.460560 0.148980
vt 0.472810 0.148970
vt 0.462520 0.157730
vt 0.461310 0.125460
vt 0.466310 0.132310
vt 0.458700 0.131030
vt 0.174190 0.297680
vt 0.167970 0.293360
vt 0.162710 0.267190
vt 0.164200 0.251690
vt 0.168580 0.259690
vt 0.439250 0.138640
vt 0.429300 0.149400
vt 0.434510 0.134330
vt 0.423760 0.153290
vt 0.914020 0.222300
vt 0.913100 0.225550
vt 0.908390 0.221730
vt 0.914640 0.245320
vt 0.913830 0.241040
vt 0.180270 0.167890
vt 0.171840 0.127900
vt 0.178470 0.111180
vt 0.184640 0.129110
vt 0.357130 0.188560
vt 0.365480 0.173290
vt 0.365440 0.203790
vt 0.288180 0.188990
vt 0.305620 0.198170
vt 0.294270 0.197850
vt 0.329730 0.210240
vt 0.336240 0.222720
vt 0.323220 0.218640
vt 0.320800 0.202350
vt 0.326220 0.203730
vt 0.155430 0.109540
vt 0.152520 0.121950
vt 0.147830 0.133460
vt 0.157460 0.139670
vt 0.149270 0.146570
vt 0.470510 0.156730
vt 0.480600 0.156250
vt 0.446240 0.165430
vt 0.451070 0.165030
vt 0.450350 0.169830
vt 0.278420 0.264620
vt 0.288470 0.261470
vt 0.292160 0.269300
vt 0.193220 0.280920
vt 0.188710 0.282160
vt 0.188120 0.273400
vt 0.373130 0.086190
vt 0.383550 0.088460
vt 0.382190 0.103960
vt 0.374300 0.099210
vt 0.374210 0.104600
vt 0.368480 0.097680
vt 0.263820 0.245180
vt 0.263450 0.239910
vt 0.248440 0.232410
vt 0.159230 0.281760
vt 0.163600 0.273440
vt 0.168730 0.278650
vt 0.180240 0.266120
vt 0.184660 0.254310
vt 0.185900 0.263870
vt 0.417260 0.096760
vt 0.405260 0.100690
vt 0.425480 0.075940
vt 0.124950 0.134110
vt 0.135950 0.137430
vt 0.122820 0.145370
vt 0.404180 0.291270
vt 0.397310 0.291430
vt 0.400080 0.286430
vt 0.383890 0.285040
vt 0.372240 0.282630
vt 0.386040 0.276130
vt 0.489370 0.184480
vt 0.494510 0.186810
vt 0.490870 0.187590
vt 0.475460 0.176910
vt 0.485950 0.181170
vt 0.482600 0.192190
vt 0.094380 0.315960
vt 0.105960 0.319120
vt 0.098040 0.321690
vt 0.059790 0.310860
vt 0.065870 0.316550
vt 0.082550 0.234140
vt 0.069550 0.234280
vt 0.067180 0.224550
vt 0.110660 0.243790
vt 0.111900 0.260110
vt 0.066930 0.264570
vt 0.056850 0.269300
vt 0.077580 0.245100
vt 0.083630 0.240410
vt 0.168810 0.060650
vt 0.143800 0.054220
vt 0.145590 0.062590
vt 0.136350 0.065530
vt 0.471200 0.138930
vt 0.463060 0.142930
vt 0.368400 0.156300
vt 0.407950 0.179080
vt 0.420800 0.180580
vt 0.421300 0.194050
vt 0.304010 0.275780
vt 0.311140 0.282920
vt 0.307680 0.283480
vt 0.319760 0.263290
vt 0.902830 0.222270
vt 0.903330 0.227840
vt 0.898810 0.224990
vt 0.910120 0.228500
vt 0.906130 0.225080
vt 0.289750 0.288360
vt 0.292580 0.295680
vt 0.127730 0.056470
vt 0.135460 0.053800
vt 0.105730 0.069410
vt 0.203170 0.152420
vt 0.192000 0.159920
vt 0.189530 0.154530
vt 0.206870 0.165430
vt 0.198950 0.158760
vt 0.171610 0.238830
vt 0.176080 0.240480
vt 0.174070 0.248290
vt 0.172080 0.262370
vt 0.176570 0.258890
vt 0.174480 0.272020
vt 0.160700 0.246940
vt 0.128210 0.242190
vt 0.152590 0.231150
vt 0.152200 0.248890
vt 0.490150 0.151580
vt 0.491520 0.146500
vt 0.499890 0.153360
vt 0.496010 0.159090
vt 0.225080 0.103220
vt 0.442340 0.064810
vt 0.219010 0.105060
vt 0.221080 0.100230
vt 0.218380 0.116370
vt 0.213610 0.121770
vt 0.008340 0.317720
vt 0.010950 0.321140
vt 0.023710 0.321370
vt 0.027950 0.336050
vt 0.019350 0.313260
vt 0.023310 0.308330
vt 0.024540 0.312940
vt 0.022300 0.293590
vt 0.015280 0.293790
vt 0.015580 0.288470
vt 0.055890 0.304130
vt 0.051360 0.299860
vt 0.026610 0.303660
vt 0.017770 0.300660
vt 0.027970 0.295660
vt 0.875150 0.284440
vt 0.972880 0.248290
vt 0.980530 0.262340
vt 0.974920 0.266890
vt 0.975490 0.257980
vt 0.198220 0.253990
vt 0.201290 0.259490
vt 0.962790 0.265760
vt 0.969260 0.256680
vt 0.971920 0.263610
vt 0.965660 0.276920
vt 0.970050 0.280420
vt 0.967420 0.286920
vt 0.328330 0.143740
vt 0.323550 0.137280
vt 0.349900 0.169140
vt 0.335110 0.165590
vt 0.360220 0.160910
vt 0.975160 0.241220
vt 0.969530 0.246450
vt 0.281080 0.169480
vt 0.297930 0.160450
vt 0.293080 0.172150
vt 0.299910 0.136130
vt 0.288090 0.138340
vt 0.289980 0.125430
vt 0.322870 0.149350
vt 0.329050 0.163460
vt 0.325470 0.167670
vt 0.318720 0.150850
vt 0.315040 0.164950
vt 0.272300 0.073020
vt 0.263910 0.085800
vt 0.253590 0.089270
vt 0.251270 0.106210
vt 0.244800 0.101960
vt 0.254420 0.096350
vt 0.268450 0.102920
vt 0.258130 0.112620
vt 0.258100 0.101430
vt 0.298390 0.084580
vt 0.296390 0.099330
vt 0.287210 0.088740
vt 0.229850 0.168720
vt 0.224020 0.173060
vt 0.219360 0.162880
vt 0.248850 0.187540
vt 0.253950 0.204010
vt 0.244340 0.195880
vt 0.098250 0.225000
vt 0.091970 0.217250
vt 0.102050 0.216300
vt 0.081460 0.254170
vt 0.094230 0.232010
vt 0.104170 0.234340
vt 0.105940 0.199060
vt 0.108990 0.214450
vt 0.103540 0.203450
vt 0.115200 0.204410
vt 0.260610 0.195740
vt 0.285730 0.203090
vt 0.287950 0.220680
vt 0.279730 0.218760
vt 0.257280 0.156260
vt 0.256060 0.169210
vt 0.250780 0.157940
vt 0.288440 0.179110
vt 0.276270 0.181190
vt 0.275690 0.170590
vt 0.458600 0.215570
vt 0.455480 0.219690
vt 0.458400 0.202820
vt 0.466160 0.202090
vt 0.464490 0.205160
vt 0.351070 0.059610
vt 0.355890 0.072550
vt 0.352910 0.076550
vt 0.339210 0.063970
vt 0.306400 0.065180
vt 0.329460 0.058340
vt 0.339370 0.049870
vt 0.294620 0.065470
vt 0.082150 0.073380
vt 0.067250 0.075430
vt 0.070990 0.083550
vt 0.065150 0.080870
vt 0.407330 0.048920
vt 0.231940 0.096470
vt 0.234690 0.104260
vt 0.227460 0.105810
vt 0.421020 0.049580
vt 0.250280 0.089040
vt 0.238590 0.094330
vt 0.898260 0.290470
vt 0.961360 0.279690
vt 0.961090 0.287220
vt 0.956640 0.286740
vt 0.355050 0.308490
vt 0.350680 0.312430
vt 0.336660 0.308250
vt 0.956490 0.294400
vt 0.905440 0.299140
vt 0.897510 0.296680
vt 0.045810 0.299790
vt 0.044990 0.305700
vt 0.039770 0.306220
vt 0.039820 0.333720
vt 0.030020 0.313250
vt 0.027980 0.320080
vt 0.327740 0.076010
vt 0.332250 0.074550
vt 0.162380 0.037950
vt 0.150590 0.047180
vt 0.148170 0.042050
vt 0.160560 0.041630
vt 0.120110 0.076900
vt 0.130870 0.075070
vt 0.120230 0.073370
vt 0.124480 0.059280
vt 0.118330 0.031350
vt 0.107200 0.033040
vt 0.106300 0.022190
vt 0.118510 0.042210
vt 0.115840 0.039050
vt 0.122100 0.037520
vt 0.119850 0.034590
vt 0.153550 0.205330
vt 0.157590 0.221430
vt 0.147690 0.207200
vt 0.140390 0.198510
vt 0.135430 0.190410
vt 0.146150 0.200920
vt 0.152600 0.189040
vt 0.151640 0.180970
vt 0.162870 0.183280
vt 0.163650 0.193710
vt 0.437330 0.155910
vt 0.438540 0.160690
vt 0.898010 0.261940
vt 0.887870 0.254720
vt 0.882060 0.260980
vt 0.891620 0.251940
vt 0.912480 0.271020
vt 0.478560 0.152100
vt 0.479960 0.146850
vt 0.071810 0.124050
vt 0.072550 0.114580
vt 0.078450 0.121530
vt 0.083970 0.109770
vt 0.079060 0.115250
vt 0.080420 0.106960
vt 0.156020 0.174780
vt 0.335740 0.277500
vt 0.319010 0.284440
vt 0.314550 0.278460
vt 0.320230 0.275570
vt 0.097530 0.188240
vt 0.044650 0.297400
vt 0.033900 0.302680
vt 0.033400 0.292620
vt 0.036810 0.279770
vt 0.048700 0.283690
vt 0.001950 0.301660
vt 0.020890 0.267340
vt 0.014100 0.268010
vt 0.020300 0.259550
vt 0.216680 0.203690
vt 0.213920 0.200960
vt 0.218670 0.192650
vt 0.199740 0.222480
vt 0.197650 0.236470
vt 0.204690 0.230500
vt 0.205110 0.240860
vt 0.208250 0.224900
vt 0.211100 0.231480
vt 0.922500 0.199140
vt 0.920670 0.208110
vt 0.061020 0.074820
vt 0.029370 0.078640
vt 0.033710 0.066800
vt 0.036860 0.077060
vt 0.076350 0.064520
vt 0.057770 0.070140
vt 0.060880 0.058030
vt 0.042630 0.069280
vt 0.048990 0.071310
vt 0.041480 0.079810
vt 0.957000 0.261230
vt 0.965350 0.251880
vt 0.267710 0.248670
vt 0.269730 0.232740
vt 0.266160 0.234520
vt 0.264920 0.222470
vt 0.476680 0.082970
vt 0.473570 0.075380
vt 0.237780 0.066790
vt 0.038340 0.061510
vt 0.035910 0.053230
vt 0.048020 0.065500
vt 0.028650 0.049580
vt 0.357300 0.056520
vt 0.363220 0.054000
vt 0.364260 0.067550
vt 0.273540 0.063500
vt 0.358470 0.046420
vt 0.228050 0.229920
vt 0.228320 0.234390
vt 0.226020 0.229410
vt 0.240990 0.233240
vt 0.234820 0.225500
vt 0.244200 0.228460
vt 0.099940 0.198280
vt 0.099240 0.209470
vt 0.086510 0.107290
vt 0.091180 0.109360
vt 0.096550 0.081620
vt 0.101880 0.085290
vt 0.146060 0.319640
vt 0.133750 0.323360
vt 0.126600 0.332270
vt 0.121600 0.320640
vt 0.134420 0.332160
vt 0.105880 0.114650
vt 0.102510 0.102960
vt 0.113850 0.102950
vt 0.105030 0.110590
vt 0.225560 0.189280
vt 0.222140 0.181690
vt 0.228640 0.184500
vt 0.123550 0.116700
vt 0.118000 0.101860
vt 0.126210 0.105160
vt 0.113460 0.107010
vt 0.214580 0.194190
vt 0.216830 0.184200
vt 0.220070 0.185610
vt 0.214310 0.187050
vt 0.070460 0.008380
vt 0.076110 0.011370
vt 0.066770 0.015420
vt 0.064610 0.006050
vt 0.211220 0.182030
vt 0.213620 0.185310
vt 0.198520 0.178300
vt 0.066500 0.002030
vt 0.075140 0.005670
vt 0.089220 0.331230
vt 0.091140 0.323570
vt 0.098980 0.325360
vt 0.195490 0.252070
vt 0.187440 0.244280
vt 0.172080 0.236910
vt 0.180870 0.234300
vt 0.174700 0.287290
vt 0.168660 0.287340
vt 0.173460 0.281280
vt 0.183890 0.274470
vt 0.184810 0.279470
vt 0.177000 0.277660
vt 0.456840 0.224840
vt 0.442720 0.224310
vt 0.447860 0.225490
vt 0.443880 0.230140
vt 0.133360 0.124420
vt 0.135490 0.115500
vt 0.164950 0.123020
vt 0.146580 0.129040
vt 0.460030 0.191320
vt 0.456690 0.192380
vt 0.453010 0.173880
vt 0.458580 0.173600
vt 0.459340 0.182470
vt 0.102840 0.292760
vt 0.111950 0.308660
vt 0.078370 0.295090
vt 0.073330 0.294380
vt 0.198710 0.269750
vt 0.274400 0.260850
vt 0.266680 0.256960
vt 0.274470 0.250910
vt 0.038560 0.082670
vt 0.031630 0.085790
vt 0.330910 0.182610
vt 0.331470 0.194490
vt 0.323750 0.187840
vt 0.317130 0.176950
vt 0.455340 0.164620
vt 0.465470 0.158650
vt 0.461520 0.137580
vt 0.441800 0.144790
vt 0.229870 0.157900
vt 0.233630 0.138570
vt 0.237910 0.124070
vt 0.424570 0.144120
vt 0.419370 0.130840
vt 0.430380 0.126690
vt 0.370040 0.295930
vt 0.385320 0.290710
vt 0.378400 0.299350
vt 0.395020 0.298480
vt 0.349600 0.294370
vt 0.355800 0.294210
vt 0.360880 0.086390
vt 0.364720 0.093260
vt 0.395880 0.275040
vt 0.414150 0.277110
vt 0.401770 0.278870
vt 0.350110 0.272060
vt 0.356940 0.267360
vt 0.354700 0.256400
vt 0.359220 0.261060
vt 0.345000 0.265850
vt 0.349160 0.259450
vt 0.333610 0.262760
vt 0.330590 0.267500
vt 0.310000 0.270430
vt 0.323780 0.267430
vt 0.320830 0.272910
vt 0.141610 0.183590
vt 0.144530 0.174260
vt 0.156240 0.165260
vt 0.296040 0.288720
vt 0.297660 0.282050
vt 0.302450 0.290470
vt 0.282660 0.284150
vt 0.283220 0.277720
vt 0.291530 0.275700
vt 0.100530 0.092050
vt 0.095600 0.095060
vt 0.092130 0.093220
vt 0.103440 0.094920
vt 0.107840 0.101740
vt 0.175540 0.080450
vt 0.170730 0.069510
vt 0.209020 0.110420
vt 0.194700 0.105120
vt 0.114610 0.069570
vt 0.113280 0.075160
vt 0.885110 0.302360
vt 0.876320 0.298510
vt 0.979210 0.252310
vt 0.873010 0.294040
vt 0.075850 0.214660
vt 0.072640 0.209790
vt 0.074250 0.202500
vt 0.087020 0.202660
vt 0.060880 0.271370
vt 0.067060 0.267430
vt 0.081490 0.248110
vt 0.089570 0.236090
vt 0.092460 0.038150
vt 0.084170 0.030070
vt 0.087110 0.022600
vt 0.090840 0.029470
vt 0.198460 0.228880
vt 0.190730 0.233300
vt 0.190410 0.240080
vt 0.084670 0.034760
vt 0.068340 0.033930
vt 0.075760 0.026830
vt 0.177110 0.220910
vt 0.167600 0.228420
vt 0.173390 0.230720
vt 0.167490 0.234430
vt 0.162550 0.223140
vt 0.162170 0.231230
vt 0.154320 0.224900
vt 0.160090 0.240420
vt 0.221990 0.176470
vt 0.217900 0.177730
vt 0.214510 0.174920
vt 0.501030 0.122880
vt 0.507730 0.132270
vt 0.503540 0.131910
vt 0.070900 0.346580
vt 0.275160 0.124300
vt 0.278730 0.134980
vt 0.267430 0.126220
vt 0.284190 0.097400
vt 0.288290 0.111820
vt 0.273620 0.108900
vt 0.268040 0.095800
vt 0.259940 0.093770
vt 0.267970 0.091240
vt 0.281570 0.082750
vt 0.270550 0.090600
vt 0.280330 0.077760
vt 0.274090 0.096770
vt 0.272820 0.105160
vt 0.270190 0.103190
vt 0.271290 0.095650
vt 0.273950 0.093540
vt 0.374710 0.178860
vt 0.391280 0.181460
vt 0.387740 0.195900
vt 0.415400 0.198590
vt 0.480640 0.119440
vt 0.488280 0.127640
vt 0.480500 0.130280
vt 0.476630 0.136630
vt 0.487000 0.141810
vt 0.939160 0.276860
vt 0.499630 0.137250
vt 0.507000 0.138710
vt 0.487490 0.133090
vt 0.437660 0.258580
vt 0.433280 0.252430
vt 0.398000 0.270490
vt 0.411030 0.266080
vt 0.311650 0.287560
vt 0.315850 0.287610
vt 0.321740 0.295100
vt 0.339150 0.258170
vt 0.336360 0.206840
vt 0.339820 0.223050
vt 0.938580 0.237420
vt 0.927850 0.244630
vt 0.930920 0.252870
vt 0.922880 0.251200
vt 0.958170 0.229220
vt 0.963800 0.238200
vt 0.912910 0.211510
vt 0.918750 0.213880
vt 0.912980 0.214650
vt 0.918450 0.222520
vt 0.123270 0.205440
vt 0.140940 0.143460
vt 0.890640 0.273880
vt 0.891300 0.280550
vt 0.899470 0.274950
vt 0.894290 0.277930
vt 0.126370 0.200500
vt 0.131720 0.177430
vt 0.098370 0.126780
vt 0.109050 0.138460
vt 0.106640 0.132540
vt 0.161880 0.137310
vt 0.153080 0.133170
vt 0.167940 0.131670
vt 0.173100 0.138900
vt 0.400780 0.163090
vt 0.408910 0.161770
vt 0.419060 0.161430
vt 0.070120 0.279760
vt 0.056430 0.284980
vt 0.300020 0.234240
vt 0.289280 0.235970
vt 0.294240 0.224350
vt 0.309760 0.238790
vt 0.312290 0.219270
vt 0.321830 0.233270
vt 0.051550 0.212330
vt 0.053770 0.218160
vt 0.338500 0.295840
vt 0.328520 0.297650
vt 0.332010 0.291110
vt 0.330060 0.284550
vt 0.062610 0.207360
vt 0.057260 0.213970
vt 0.220420 0.134970
vt 0.233730 0.122500
vt 0.221450 0.141010
vt 0.483590 0.103260
vt 0.488160 0.092320
vt 0.490500 0.099100
vt 0.469030 0.090820
vt 0.477600 0.100820
vt 0.467640 0.096590
vt 0.013930 0.272220
vt 0.010190 0.274820
vt 0.009900 0.270310
vt 0.008910 0.293690
vt 0.484300 0.107090
vt 0.475060 0.104540
vt 0.468590 0.125820
vt 0.475310 0.121740
vt 0.473440 0.127550
vt 0.470390 0.117550
vt 0.473950 0.109890
vt 0.479300 0.113690
vt 0.219760 0.110310
vt 0.431200 0.060780
vt 0.223870 0.108240
vt 0.436040 0.061700
vt 0.213830 0.110860
vt 0.149200 0.062280
vt 0.462980 0.174070
vt 0.116050 0.051620
vt 0.107840 0.045370
vt 0.115240 0.045250
vt 0.126684 0.039526
vt 0.136220 0.045090
vt 0.128330 0.050380
vt 0.118430 0.046010
vt 0.122070 0.048140
vt 0.112810 0.056440
vt 0.172630 0.177130
vt 0.186220 0.172580
vt 0.191130 0.170530
vt 0.065200 0.116740
vt 0.064140 0.072300
vt 0.491960 0.181170
vt 0.497420 0.176790
vt 0.499570 0.182170
vt 0.414270 0.280590
vt 0.136140 0.312200
vt 0.144980 0.304590
vt 0.139040 0.316950
vt 0.143890 0.312110
vt 0.150470 0.294600
vt 0.163770 0.284710
vt 0.234860 0.193950
vt 0.241550 0.182660
vt 0.231270 0.199630
vt 0.097320 0.015760
vt 0.204340 0.177740
vt 0.206760 0.188160
vt 0.202750 0.185330
vt 0.116110 0.208940
vt 0.131680 0.207140
vt 0.137500 0.202210
vt 0.200410 0.199690
vt 0.182860 0.217380
vt 0.184010 0.207230
vt 0.175080 0.207320
vt 0.285630 0.151470
vt 0.302520 0.144840
vt 0.301520 0.153930
vt 0.321380 0.143120
vt 0.313590 0.146020
vt 0.436050 0.272120
vt 0.429410 0.276090
vt 0.434530 0.267540
vt 0.426410 0.270690
vt 0.429580 0.265320
vt 0.212710 0.083450
vt 0.454350 0.067760
vt 0.227910 0.091260
vt 0.227800 0.069670
vt 0.238780 0.073990
vt 0.467470 0.079160
vt 0.220840 0.078810
vt 0.498750 0.194180
vt 0.501740 0.189390
vt 0.497140 0.185490
vt 0.188460 0.090680
vt 0.199870 0.086800
vt 0.323480 0.289040
vt 0.221460 0.229100
vt 0.223090 0.235130
vt 0.231600 0.236680
vt 0.076140 0.251480
vt 0.066480 0.250480
vt 0.069400 0.244910
vt 0.058690 0.245760
vt 0.044670 0.241770
vt 0.045620 0.237220
vt 0.263530 0.124740
vt 0.267290 0.117430
vt 0.115520 0.137640
vt 0.448560 0.079770
vt 0.452760 0.076360
vt 0.232280 0.084150
vt 0.459090 0.072910
vt 0.376050 0.070690
vt 0.368010 0.058170
vt 0.367180 0.072340
vt 0.366220 0.084050
vt 0.362060 0.291860
vt 0.344200 0.289310
vt 0.358800 0.284610
vt 0.370290 0.290710
vt 0.365920 0.047080
vt 0.224590 0.153080
vt 0.234490 0.150580
vt 0.246250 0.177330
vt 0.234150 0.176180
vt 0.235880 0.164210
vt 0.469960 0.196440
vt 0.470990 0.199040
vt 0.240330 0.160060
vt 0.246430 0.158510
vt 0.246700 0.171180
vt 0.430620 0.153590
vt 0.466280 0.194630
vt 0.469020 0.181470
vt 0.476550 0.190840
vt 0.471280 0.188350
vt 0.260890 0.231870
vt 0.251360 0.228250
vt 0.260680 0.237400
vt 0.474220 0.195430
vt 0.470590 0.202500
vt 0.322670 0.101770
vt 0.324100 0.122130
vt 0.320640 0.112540
vt 0.333610 0.101070
vt 0.327980 0.088540
vt 0.338190 0.092000
vt 0.967630 0.269990
vt 0.956540 0.277590
vt 0.337020 0.086360
vt 0.339020 0.080390
vt 0.341600 0.075360
vt 0.261090 0.135790
vt 0.249180 0.115640
vt 0.170840 0.036850
vt 0.180320 0.036700
vt 0.179410 0.042200
vt 0.188580 0.045710
vt 0.196080 0.045390
vt 0.201990 0.056450
vt 0.418350 0.060700
vt 0.423410 0.057910
vt 0.422830 0.069240
vt 0.402500 0.054820
vt 0.186420 0.041350
vt 0.410680 0.068640
vt 0.390990 0.066770
vt 0.401880 0.066780
vt 0.491740 0.137980
vt 0.491170 0.131630
vt 0.499350 0.141610
vt 0.494880 0.143700
vt 0.490720 0.160280
vt 0.489100 0.165710
vt 0.168500 0.097740
vt 0.046040 0.307280
vt 0.039420 0.318620
vt 0.040670 0.311250
vt 0.335070 0.190970
vt 0.344040 0.207220
vt 0.335060 0.199020
vt 0.339310 0.204730
vt 0.364810 0.300230
vt 0.365360 0.295540
vt 0.365770 0.315670
vt 0.361710 0.309090
vt 0.389320 0.232390
vt 0.400470 0.223130
vt 0.410160 0.230220
vt 0.370240 0.218660
vt 0.384670 0.221920
vt 0.411000 0.214140
vt 0.423860 0.209050
vt 0.422370 0.233040
vt 0.439170 0.228790
vt 0.074120 0.338120
vt 0.074490 0.326460
vt 0.080740 0.325290
vt 0.069850 0.329190
vt 0.932350 0.218750
vt 0.929420 0.207620
vt 0.917160 0.264030
vt 0.920380 0.268890
vt 0.926110 0.272640
vt 0.166850 0.268400
vt 0.172530 0.254810
vt 0.977140 0.269220
vt 0.973240 0.275890
vt 0.970400 0.272550
vt 0.441780 0.257930
vt 0.196840 0.261680
vt 0.191000 0.264600
vt 0.188860 0.256200
vt 0.303700 0.269230
vt 0.310070 0.274440
vt 0.112460 0.036390
vt 0.101960 0.033240
vt 0.357530 0.305680
vt 0.361120 0.299540
vt 0.265630 0.261780
vt 0.202710 0.272860
vt 0.200300 0.265230
vt 0.205550 0.268090
vt 0.262380 0.256010
vt 0.073470 0.256920
vt 0.454300 0.127180
vt 0.441270 0.133330
vt 0.438490 0.129750
vt 0.443880 0.129690
vt 0.443830 0.140530
vt 0.454870 0.141240
vt 0.445610 0.136900
vt 0.452700 0.130300
vt 0.452100 0.137490
vt 0.166710 0.150220
vt 0.412330 0.127570
vt 0.387540 0.107720
vt 0.391390 0.108920
vt 0.389690 0.114510
vt 0.410200 0.103660
vt 0.398670 0.111020
vt 0.394190 0.113020
vt 0.257610 0.183990
vt 0.251530 0.177860
vt 0.053130 0.101810
vt 0.259940 0.121750
vt 0.048730 0.296440
vt 0.050300 0.289490
vt 0.135020 0.232500
vt 0.179590 0.271810
vt 0.187650 0.266030
vt 0.490990 0.089750
vt 0.877740 0.279510
vt 0.978480 0.247520
vt 0.883800 0.276060
vt 0.165740 0.044270
vt 0.160770 0.066690
vt 0.170870 0.030830
vt 0.165210 0.040290
vt 0.135140 0.035570
vt 0.472520 0.191870
vt 0.482400 0.195320
vt 0.264420 0.169800
vt 0.258630 0.171330
vt 0.259680 0.162440
vt 0.269400 0.157750
vt 0.154340 0.280430
vt 0.156580 0.272260
vt 0.145740 0.278520
vt 0.151290 0.273240
vt 0.282530 0.271530
vt 0.196890 0.282860
vt 0.274090 0.267980
vt 0.227800 0.141760
vt 0.462540 0.116810
vt 0.467510 0.104040
vt 0.430920 0.082730
vt 0.425540 0.086960
vt 0.422770 0.082450
vt 0.459580 0.219660
vt 0.153900 0.048100
vt 0.156980 0.051210
vt 0.152880 0.061340
vt 0.107460 0.063690
vt 0.894720 0.300680
vt 0.898330 0.303970
vt 0.317590 0.200140
vt 0.316020 0.208790
vt 0.309260 0.174950
vt 0.312490 0.191300
vt 0.304460 0.187960
vt 0.306080 0.165690
vt 0.463230 0.223710
vt 0.915270 0.236250
vt 0.906680 0.235220
vt 0.914280 0.230780
vt 0.940400 0.245140
vt 0.946540 0.249140
vt 0.939140 0.253350
vt 0.072340 0.315020
vt 0.060810 0.309000
vt 0.067670 0.308960
vt 0.066260 0.313010
vt 0.069130 0.301860
vt 0.071970 0.310560
vt 0.928290 0.260800
vt 0.922180 0.258350
vt 0.493190 0.176710
vt 0.911690 0.249280
vt 0.448970 0.242340
vt 0.443910 0.244680
vt 0.448650 0.229110
vt 0.087230 0.207080
vt 0.096790 0.201560
vt 0.126690 0.316600
vt 0.430550 0.226940
vt 0.436620 0.222620
vt 0.916980 0.218310
vt 0.902870 0.255690
vt 0.896010 0.250930
vt 0.348580 0.255390
vt 0.345290 0.250100
vt 0.904570 0.268320
vt 0.899970 0.269880
vt 0.134000 0.199500
vt 0.035240 0.307700
vt 0.029780 0.305600
vt 0.028370 0.310220
vt 0.149030 0.071840
vt 0.389690 0.299770
vt 0.389300 0.290620
vt 0.278790 0.237490
vt 0.276000 0.244710
vt 0.897400 0.216200
vt 0.005220 0.274390
vt 0.326590 0.198320
vt 0.892920 0.221890
vt 0.005860 0.294700
vt 0.243190 0.236570
vt 0.210920 0.237630
vt 0.241330 0.243180
vt 0.303970 0.208580
vt 0.302030 0.220660
vt 0.308590 0.231550
vt 0.264030 0.193960
vt 0.264860 0.182160
vt 0.271180 0.189690
vt 0.267080 0.206420
vt 0.136500 0.252820
vt 0.159270 0.267580
vt 0.155170 0.259750
vt 0.278760 0.189170
vt 0.269490 0.174620
vt 0.393350 0.213340
vt 0.178150 0.152070
vt 0.187220 0.145990
vt 0.186770 0.151030
vt 0.177580 0.146140
vt 0.962040 0.274910
vt 0.260430 0.182370
vt 0.954590 0.269180
vt 0.958570 0.273470
vt 0.093910 0.100110
vt 0.092000 0.105730
vt 0.089680 0.101130
vt 0.097790 0.106820
vt 0.888960 0.246320
vt 0.157610 0.299450
vt 0.159900 0.291860
vt 0.284570 0.246390
vt 0.199640 0.147150
vt 0.119200 0.326230
vt 0.108580 0.174560
vt 0.121710 0.164040
vt 0.126547 0.174217
vt 0.132010 0.169010
vt 0.205680 0.058350
vt 0.200540 0.060160
vt 0.380030 0.114720
vt 0.382050 0.109760
vt 0.385460 0.113540
vt 0.378220 0.136540
vt 0.390730 0.133940
vt 0.379310 0.147580
vt 0.127380 0.193630
vt 0.403720 0.132790
vt 0.407750 0.131860
vt 0.416250 0.139400
vt 0.390280 0.120520
vt 0.402470 0.112060
vt 0.406230 0.118380
vt 0.044790 0.050440
vt 0.058340 0.039710
vt 0.398020 0.122440
vt 0.395900 0.126810
vt 0.387610 0.123000
vt 0.071000 0.018320
vt 0.073170 0.020920
vt 0.055800 0.278880
vt 0.052160 0.274590
vt 0.056230 0.274080
vt 0.060480 0.277970
vt 0.373850 0.124120
vt 0.113440 0.213840
vt 0.118140 0.217780
vt 0.124470 0.228490
vt 0.048890 0.303590
vt 0.048890 0.299580
vt 0.050780 0.295490
vt 0.040790 0.006790
vt 0.046800 0.007830
vt 0.046220 0.013560
vt 0.050900 0.013300
vt 0.092130 0.227660
vt 0.220580 0.189540
vt 0.223180 0.194820
vt 0.181780 0.283840
vt 0.216050 0.149390
vt 0.074880 0.073430
vt 0.069470 0.072250
vt 0.071700 0.068710
vt 0.072920 0.078660
vt 0.112760 0.145410
vt 0.113970 0.155200
vt 0.117120 0.143690
vt 0.342270 0.250290
vt 0.337010 0.252060
vt 0.338150 0.243750
vt 0.324060 0.241500
vt 0.333290 0.237240
vt 0.977350 0.252790
vt 0.874000 0.292610
vt 0.881140 0.291630
vt 0.088090 0.318320
vt 0.078640 0.318110
vt 0.039860 0.037900
vt 0.029420 0.244320
vt 0.021180 0.252340
vt 0.016290 0.249270
vt 0.259520 0.090080
vt 0.268460 0.087680
vt 0.453710 0.203390
vt 0.458530 0.209310
vt 0.454070 0.193660
vt 0.388360 0.151510
vt 0.392680 0.159140
vt 0.279450 0.064570
vt 0.353250 0.045700
vt 0.322720 0.282480
vt 0.326480 0.276560
vt 0.328540 0.272070
vt 0.325140 0.272660
vt 0.963060 0.291740
vt 0.970700 0.290710
vt 0.957540 0.299710
vt 0.901380 0.303170
vt 0.031490 0.307200
vt 0.034590 0.305320
vt 0.004150 0.280150
vt 0.425800 0.091930
vt 0.415600 0.117120
vt 0.416260 0.100920
vt 0.299110 0.115460
vt 0.303160 0.126250
vt 0.127380 0.309360
vt 0.309930 0.132460
vt 0.319340 0.136980
vt 0.315340 0.120460
vt 0.306460 0.116540
vt 0.234070 0.209660
vt 0.226130 0.200790
vt 0.233420 0.204700
vt 0.054010 0.109760
vt 0.215820 0.060680
vt 0.223550 0.061270
vt 0.220050 0.064430
vt 0.208090 0.057970
vt 0.211140 0.055990
vt 0.211930 0.059850
vt 0.388070 0.080270
vt 0.399300 0.074840
vt 0.372770 0.317310
vt 0.153390 0.071540
vt 0.156400 0.063040
vt 0.367780 0.316940
vt 0.440730 0.264830
vt 0.431490 0.257170
vt 0.422630 0.255780
vt 0.029800 0.044830
vt 0.020960 0.038870
vt 0.033620 0.041920
vt 0.495220 0.128720
vt 0.096770 0.287850
vt 0.078710 0.286900
vt 0.072560 0.262350
vt 0.478220 0.125020
vt 0.477560 0.130820
vt 0.472380 0.130590
vt 0.471800 0.133760
vt 0.021730 0.306290
vt 0.020610 0.309170
vt 0.386010 0.306250
vt 0.389070 0.304960
vt 0.943390 0.267790
vt 0.931790 0.278900
vt 0.942020 0.279510
vt 0.478860 0.194650
vt 0.477170 0.197570
vt 0.451330 0.179720
vt 0.444710 0.168750
vt 0.450780 0.174040
vt 0.918130 0.276720
vt 0.943500 0.284630
vt 0.921070 0.282440
vt 0.283670 0.227910
vt 0.270170 0.246090
vt 0.082410 0.338860
vt 0.089300 0.338580
vt 0.087540 0.344320
vt 0.446930 0.070890
vt 0.453050 0.071870
vt 0.505120 0.162270
vt 0.505120 0.171740
vt 0.259430 0.132580
vt 0.286070 0.286970
vt 0.294820 0.279990
vt 0.300230 0.281750
vt 0.299930 0.272820
vt 0.329970 0.129590
vt 0.346230 0.122340
vt 0.326580 0.108770
vt 0.324270 0.096530
vt 0.321190 0.086700
vt 0.314450 0.089540
vt 0.896610 0.281870
vt 0.327270 0.123210
vt 0.332030 0.113550
vt 0.078350 0.095040
vt 0.084290 0.100760
vt 0.078030 0.101090
vt 0.066570 0.088850
vt 0.085990 0.094970
vt 0.034510 0.060060
vt 0.038870 0.070380
vt 0.024400 0.076170
vt 0.028510 0.066780
vt 0.078480 0.345020
vt 0.884860 0.265360
vt 0.883910 0.253440
vt 0.878700 0.263110
vt 0.050000 0.089170
vt 0.054140 0.076900
vt 0.052100 0.085300
vt 0.045980 0.080720
vt 0.130840 0.126790
vt 0.146080 0.121890
vt 0.306660 0.077460
vt 0.278350 0.093000
vt 0.430760 0.090660
vt 0.149180 0.267210
vt 0.140870 0.273620
vt 0.131210 0.269240
vt 0.152150 0.102070
vt 0.149670 0.093050
vt 0.143380 0.048310
vt 0.137740 0.049570
vt 0.138600 0.108640
vt 0.938140 0.219940
vt 0.190040 0.065730
vt 0.183830 0.072420
vt 0.138660 0.323580
vt 0.142100 0.330660
vt 0.315300 0.094070
vt 0.869940 0.297730
vt 0.982870 0.255170
vt 0.978900 0.256220
vt 0.190870 0.259680
vt 0.239800 0.201890
vt 0.363390 0.299220
vt 0.321120 0.099630
vt 0.321990 0.092990
vt 0.319290 0.068650
vt 0.109230 0.221310
vt 0.104450 0.220750
vt 0.937450 0.225110
vt 0.959820 0.235010
vt 0.951820 0.232130
vt 0.395210 0.169860
vt 0.333530 0.175170
vt 0.344750 0.176140
vt 0.332150 0.184670
vt 0.340750 0.192580
vt 0.041160 0.329340
vt 0.052950 0.330070
vt 0.043020 0.326410
vt 0.381820 0.166100
vt 0.465210 0.085030
vt 0.461770 0.078720
vt 0.470660 0.086320
vt 0.341570 0.243040
vt 0.345700 0.242710
vt 0.208310 0.182440
vt 0.215600 0.179080
vt 0.210820 0.177260
vt 0.419620 0.091390
vt 0.414540 0.087880
vt 0.422040 0.077910
vt 0.347760 0.064390
vt 0.359670 0.080390
vt 0.345750 0.080530
vt 0.203400 0.172270
vt 0.212660 0.170570
vt 0.909860 0.262090
vt 0.169240 0.046220
vt 0.170060 0.041840
vt 0.050740 0.304350
vt 0.054050 0.309210
vt 0.337890 0.290330
vt 0.008960 0.287140
vt 0.013360 0.280740
vt 0.105750 0.090880
vt 0.111630 0.097050
vt 0.114700 0.095950
vt 0.117140 0.091620
vt 0.091660 0.070210
vt 0.082560 0.067690
vt 0.078980 0.070610
vt 0.065300 0.054490
vt 0.194280 0.217050
vt 0.181550 0.210950
vt 0.184830 0.197370
vt 0.187190 0.180520
vt 0.341200 0.232630
vt 0.344280 0.222600
vt 0.321690 0.128780
vt 0.490540 0.173220
vt 0.496140 0.172110
vt 0.499040 0.170660
vt 0.502070 0.175590
vt 0.500120 0.169580
vt 0.494910 0.169540
vt 0.265920 0.112110
vt 0.262750 0.117670
vt 0.266150 0.114660
vt 0.484720 0.136100
vt 0.096150 0.103800
vt 0.098800 0.099130
vt 0.315060 0.248800
vt 0.293820 0.242100
vt 0.327840 0.249660
vt 0.289170 0.074130
vt 0.395600 0.280520
vt 0.009130 0.260830
vt 0.211490 0.127150
vt 0.217860 0.126300
vt 0.239510 0.148300
vt 0.254310 0.153900
vt 0.244090 0.142720
vt 0.433140 0.159300
vt 0.439840 0.164810
vt 0.432250 0.171620
vt 0.230210 0.178710
vt 0.076950 0.105110
vt 0.427470 0.062830
vt 0.426090 0.056490
vt 0.030620 0.239940
vt 0.025000 0.239940
vt 0.441610 0.070790
vt 0.231610 0.227790
vt 0.236510 0.232000
vt 0.046200 0.313700
vt 0.337700 0.255290
vt 0.343330 0.253750
vt 0.148660 0.290870
vt 0.065700 0.216560
vt 0.938410 0.214970
vt 0.210770 0.190210
vt 0.066390 0.205950
vt 0.173920 0.226990
vt 0.180780 0.230420
vt 0.078840 0.305960
vt 0.078760 0.314260
vt 0.086350 0.299930
vt 0.153960 0.267160
vt 0.147540 0.263150
vt 0.184590 0.247090
vt 0.421360 0.144560
vt 0.426010 0.151690
vt 0.422200 0.142420
vt 0.431680 0.133100
vt 0.411680 0.131770
vt 0.085130 0.117910
vt 0.079810 0.334940
vt 0.354550 0.060600
vt 0.131180 0.051850
vt 0.123590 0.055280
vt 0.196960 0.240940
vt 0.061780 0.237930
vt 0.913000 0.257890
vt 0.915460 0.255870
vt 0.215540 0.181460
vt 0.219010 0.181200
vt 0.063790 0.259000
vt 0.121510 0.313210
vt 0.111260 0.320460
vt 0.225680 0.124010
vt 0.213760 0.133840
vt 0.209340 0.134280
vt 0.207370 0.127750
vt 0.488030 0.191520
vt 0.959680 0.291640
vt 0.264240 0.201440
vt 0.117030 0.111830
vt 0.206050 0.263420
vt 0.263040 0.251080
vt 0.306230 0.287370
vt 0.330460 0.156060
vt 0.342330 0.152930
vt 0.451920 0.236490
vt 0.447630 0.233810
vt 0.296200 0.210000
vt 0.935980 0.255370
vt 0.494070 0.199510
vt 0.912450 0.217840
vt 0.216200 0.053690
vt 0.160390 0.209870
vt 0.171820 0.223730
vt 0.495940 0.123070
vt 0.499280 0.126810
vt 0.493080 0.125150
vt 0.239670 0.104520
vt 0.228360 0.118590
vt 0.237090 0.111180
vt 0.245410 0.108440
vt 0.162960 0.306450
vt 0.167130 0.300670
vt 0.185090 0.168340
vt 0.381840 0.266690
vt 0.390920 0.274340
vt 0.165020 0.175010
vt 0.394490 0.287500
vt 0.181100 0.242680
vt 0.179270 0.250330
vt 0.179800 0.257750
vt 0.268490 0.220280
vt 0.276190 0.196440
vt 0.275240 0.225010
vt 0.030750 0.287090
vt 0.064770 0.274080
vt 0.017320 0.319560
vt 0.487970 0.155240
vt 0.219450 0.172610
vt 0.457230 0.082420
vt 0.085640 0.195040
vt 0.071320 0.200350
vt 0.062800 0.204910
vt 0.373560 0.266300
vt 0.363130 0.302320
vt 0.112920 0.281630
vt 0.123170 0.263650
vt 0.121230 0.253200
vt 0.371060 0.320300
vt 0.032650 0.050700
vt 0.386210 0.098400
vt 0.302990 0.105080
vt 0.021650 0.278310
vt 0.466390 0.120740
vt 0.115120 0.141460
vt 0.107340 0.039220
vt 0.098390 0.078370
vt 0.279470 0.117060
vt 0.148750 0.164330
vt 0.146650 0.156360
vt 0.241680 0.115320
vt 0.338790 0.231240
vt 0.195940 0.098210
vt 0.130210 0.298320
vt 0.124950 0.308370
vt 0.375090 0.202450
vt 0.385870 0.205680
vt 0.376880 0.213180
vt 0.403120 0.237330
vt 0.333880 0.231240
vt 0.411720 0.255740
vt 0.425620 0.262880
vt 0.418680 0.273980
vt 0.436870 0.119180
vt 0.292420 0.250910
vt 0.282910 0.253830
vt 0.382080 0.129250
vt 0.354260 0.129750
vt 0.331520 0.143530
vt 0.333920 0.152000
vt 0.034790 0.091460
vt 0.328090 0.176130
vt 0.142460 0.088150
vt 0.377620 0.103550
vt 0.384710 0.105380
vt 0.171040 0.270500
vt 0.451390 0.199330
vt 0.234280 0.066670
vt 0.227150 0.060860
vt 0.455900 0.198100
vt 0.405400 0.128310
vt 0.409040 0.089100
vt 0.411100 0.085620
vt 0.129900 0.213190
vt 0.193860 0.209890
vt 0.935630 0.271030
vt 0.113610 0.131040
vt 0.052270 0.074080
vt 0.056920 0.073970
vt 0.059630 0.083350
vt 0.055100 0.081150
vt 0.088430 0.068030
vt 0.261420 0.213520
vt 0.266360 0.218240
vt 0.263350 0.207290
vt 0.262680 0.174850
vt 0.257110 0.175260
vt 0.431760 0.199880
vt 0.438510 0.174360
vt 0.476970 0.119140
vt 0.372200 0.262700
vt 0.457090 0.158810
vt 0.222450 0.067750
vt 0.355900 0.314340
vt 0.296740 0.108840
vt 0.389810 0.101840
vt 0.920070 0.228450
vt 0.916770 0.226840
vt 0.437370 0.144350
vt 0.936370 0.240330
vt 0.921240 0.248400
vt 0.922530 0.242370
vt 0.087470 0.063350
vt 0.926560 0.240590
vt 0.237240 0.238690
vt 0.922320 0.238780
vt 0.320890 0.195170
vt 0.257450 0.224520
vt 0.254690 0.218870
vt 0.252730 0.213720
vt 0.066120 0.326060
vt 0.142460 0.150450
vt 0.468970 0.206250
vt 0.232920 0.186680
vt 0.053160 0.281120
vt 0.129230 0.186800
vt 0.345050 0.285900
vt 0.084740 0.223400
vt 0.463600 0.123170
vt 0.325300 0.084330
vt 0.094380 0.108500
vt 0.969060 0.241070
vt 0.189030 0.211990
vt 0.042800 0.030550
vt 0.087080 0.320390
vt 0.399810 0.100650
vt 0.403170 0.107130
vt 0.361200 0.315490
vt 0.461640 0.231620
vt 0.905330 0.220330
vt 0.016690 0.278460
vt 0.140410 0.130550
vt 0.082680 0.293950
vt 0.225800 0.147660
vt 0.078860 0.024440
vt 0.079450 0.015970
vt 0.083490 0.023480
vt 0.082110 0.011900
vt 0.087440 0.017670
vt 0.087490 0.009230
vt 0.069000 0.240380
vt 0.054090 0.305820
vt 0.110970 0.142820
vt 0.352730 0.205890
vt 0.367990 0.130150
vt 0.488090 0.207800
vt 0.101060 0.173030
vt 0.113210 0.161930
vt 0.233930 0.108750
vt 0.178840 0.254320
vt 0.386010 0.310700
vt 0.350610 0.084480
vt 0.348230 0.086300
vt 0.278880 0.089460
vt 0.450650 0.232360
vt 0.289320 0.272690
vt 0.052640 0.286640
vt 0.984410 0.263030
vt 0.490190 0.103310
vt 0.121930 0.138870
vt 0.367540 0.263790
vt 0.362450 0.263870
vt 0.493470 0.204430
vt 0.433410 0.232390
vt 0.933630 0.236600
vt 0.263000 0.152520
vt 0.177520 0.045590
vt 0.185290 0.045900
vt 0.445050 0.175020
vt 0.140520 0.288330
vt 0.186520 0.153870
vt 0.153250 0.271010
vt 0.204920 0.222780
vt 0.170360 0.303750
vt 0.456790 0.135360
vt 0.461370 0.230800
vt 0.090790 0.022030
vt 0.092230 0.018020
vt 0.924780 0.240380
vt 0.019080 0.048220
vt 0.124500 0.034080
vt 0.382840 0.297100
vt 0.449310 0.176810
vt 0.359380 0.069360
vt 0.295450 0.266510
vt 0.447010 0.127550
vt 0.227470 0.099620
vt 0.446210 0.065980
vt 0.400220 0.126920
vt 0.401390 0.201890
vt 0.399700 0.106520
vt 0.137570 0.334400
vt 0.505840 0.156700
vt 0.155940 0.104710
vt 0.322210 0.247290
vt 0.065000 0.277750
vt 0.970940 0.243470
vt 0.465420 0.947960
vt 0.455360 0.961940
vt 0.450470 0.963560
vt 0.407140 0.891440
vt 0.412080 0.900850
vt 0.404750 0.903420
vt 0.507310 0.825060
vt 0.498840 0.819520
vt 0.499310 0.816530
vt 0.497720 0.921930
vt 0.502440 0.935430
vt 0.490230 0.930040
vt 0.517420 0.968630
vt 0.519080 0.974860
vt 0.509990 0.973600
vt 0.438610 0.873310
vt 0.419160 0.875600
vt 0.430100 0.862030
vt 0.448210 0.866910
vt 0.491560 0.890420
vt 0.493680 0.909670
vt 0.483070 0.900820
vt 0.545790 0.924610
vt 0.543730 0.939690
vt 0.537230 0.929280
vt 0.547730 0.978290
vt 0.537890 0.973220
vt 0.545400 0.971490
vt 0.457980 0.868190
vt 0.464370 0.885280
vt 0.455180 0.886410
vt 0.440090 0.920130
vt 0.427170 0.916580
vt 0.431590 0.905860
vt 0.495770 0.880030
vt 0.483380 0.873030
vt 0.494930 0.868710
vt 0.524120 0.871580
vt 0.516430 0.860740
vt 0.526950 0.861490
vt 0.563270 0.963690
vt 0.446240 0.930540
vt 0.444030 0.951010
vt 0.435730 0.943080
vt 0.521790 0.979180
vt 0.511090 0.982710
vt 0.505580 0.975900
vt 0.456130 0.982090
vt 0.448850 0.971500
vt 0.453120 0.970960
vt 0.579670 0.944150
vt 0.570570 0.944950
vt 0.572260 0.939020
vt 0.555300 0.946610
vt 0.548940 0.930120
vt 0.558090 0.931990
vt 0.462410 0.836280
vt 0.470280 0.845390
vt 0.460970 0.844050
vt 0.505490 0.859030
vt 0.520490 0.875390
vt 0.513850 0.838790
vt 0.503480 0.837420
vt 0.513420 0.827890
vt 0.550200 0.854970
vt 0.544360 0.867970
vt 0.543340 0.861030
vt 0.530600 0.867810
vt 0.507010 0.904750
vt 0.510580 0.890780
vt 0.517100 0.899630
vt 0.459150 0.923200
vt 0.467090 0.937340
vt 0.457200 0.938610
vt 0.474700 0.979300
vt 0.466920 0.988560
vt 0.468820 0.975420
vt 0.465470 0.876340
vt 0.478370 0.898910
vt 0.476100 0.881880
vt 0.466010 0.887700
vt 0.468950 0.890090
vt 0.465480 0.901940
vt 0.472670 0.902600
vt 0.472020 0.921140
vt 0.540570 0.871610
vt 0.534320 0.870080
vt 0.537700 0.865570
vt 0.441620 0.843380
vt 0.446620 0.829660
vt 0.452900 0.834200
vt 0.422400 0.855960
vt 0.421100 0.862720
vt 0.412350 0.869790
vt 0.479540 0.820510
vt 0.471510 0.827280
vt 0.473030 0.816810
vt 0.478970 0.831550
vt 0.487260 0.834690
vt 0.482530 0.836680
vt 0.550250 0.848230
vt 0.546100 0.852460
vt 0.541650 0.838700
vt 0.582390 0.936830
vt 0.470800 0.863100
vt 0.477490 0.855480
vt 0.478670 0.865800
vt 0.457000 0.851510
vt 0.454410 0.855250
vt 0.447340 0.849760
vt 0.507910 0.952960
vt 0.506700 0.965650
vt 0.518720 0.934920
vt 0.524990 0.913920
vt 0.534350 0.921200
vt 0.529100 0.951680
vt 0.538060 0.946840
vt 0.541140 0.952910
vt 0.524830 0.946660
vt 0.522380 0.942740
vt 0.531410 0.934450
vt 0.451680 0.922420
vt 0.456380 0.900230
vt 0.498090 0.832970
vt 0.484490 0.825610
vt 0.473250 0.950300
vt 0.480260 0.953590
vt 0.469420 0.962820
vt 0.478940 0.917620
vt 0.460290 0.972590
vt 0.467830 0.816260
vt 0.463150 0.824220
vt 0.450520 0.824780
vt 0.425730 0.884620
vt 0.427900 0.893720
vt 0.412670 0.888050
vt 0.398040 0.895290
vt 0.403630 0.891880
vt 0.401780 0.904620
vt 0.400340 0.885890
vt 0.410320 0.868350
vt 0.398200 0.928550
vt 0.437650 0.929590
vt 0.424210 0.933420
vt 0.538630 0.918980
vt 0.533390 0.893670
vt 0.539460 0.906010
vt 0.454610 0.828490
vt 0.471440 0.829570
vt 0.477990 0.985400
vt 0.541830 0.982600
vt 0.524070 0.981140
vt 0.532180 0.975820
vt 0.545410 0.916860
vt 0.551690 0.916710
vt 0.438430 0.842080
vt 0.548060 0.943330
vt 0.556020 0.953590
vt 0.551740 0.960420
vt 0.427620 0.954410
vt 0.420289 0.962020
vt 0.418840 0.946470
vt 0.407850 0.933800
vt 0.404990 0.922080
vt 0.410490 0.938880
vt 0.404080 0.945315
vt 0.418060 0.918750
vt 0.412750 0.929930
vt 0.420220 0.907360
vt 0.416300 0.914390
vt 0.408960 0.914310
vt 0.498440 0.861850
vt 0.492670 0.850580
vt 0.502770 0.846590
vt 0.485780 0.860780
vt 0.483150 0.940220
vt 0.474500 0.933790
vt 0.493450 0.938760
vt 0.501270 0.943670
vt 0.492790 0.953590
vt 0.496530 0.984460
vt 0.493760 0.976930
vt 0.451940 0.870920
vt 0.443330 0.886960
vt 0.439280 0.879320
vt 0.445830 0.897520
vt 0.444490 0.916200
vt 0.436720 0.901580
vt 0.461830 0.894820
vt 0.455890 0.892560
vt 0.521480 0.959570
vt 0.529320 0.956520
vt 0.525110 0.961470
vt 0.513100 0.848470
vt 0.493900 0.842260
vt 0.434110 0.893740
vt 0.516680 0.939320
vt 0.521170 0.945950
vt 0.516600 0.944600
vt 0.536320 0.956000
vt 0.456010 0.965370
vt 0.467110 0.965760
vt 0.482240 0.970350
vt 0.533140 0.957930
vt 0.535000 0.958380
vt 0.544210 0.957310
vt 0.534800 0.967010
vt 0.527840 0.971730
vt 0.525210 0.964590
vt 0.468130 0.823370
vt 0.460710 0.833020
vt 0.464660 0.827480
vt 0.569370 0.957970
vt 0.566500 0.953670
vt 0.573470 0.951660
vt 0.539200 0.893870
vt 0.535370 0.886360
vt 0.539770 0.883930
vt 0.524350 0.879230
vt 0.515177 0.881343
vt 0.399620 0.937510
vt 0.516230 0.889820
vt 0.523890 0.899060
vt 0.532790 0.914340
vt 0.444370 0.895200
vt 0.430650 0.898580
vt 0.541720 0.851260
vt 0.519100 0.846210
vt 0.531790 0.860320
vt 0.507233 0.872713
vt 0.437000 0.857710
vt 0.436310 0.847240
vt 0.443130 0.851870
vt 0.449980 0.861500
vt 0.477820 0.834760
vt 0.487070 0.840780
vt 0.487100 0.849860
vt 0.469240 0.849580
vt 0.474100 0.852270
vt 0.470770 0.855380
vt 0.481370 0.839920
vt 0.480720 0.847420
vt 0.493440 0.835030
vt 0.493230 0.820430
vt 0.492550 0.817200
vt 0.537290 0.854430
vt 0.526230 0.844230
vt 0.524450 0.834780
vt 0.530080 0.841100
vt 0.520750 0.837040
vt 0.517480 0.829240
vt 0.488880 0.911770
vt 0.474000 0.894360
vt 0.482630 0.968200
vt 0.493500 0.965690
vt 0.497630 0.973310
vt 0.542080 0.902540
vt 0.551900 0.952180
vt 0.401380 0.919330
vt 0.416480 0.904350
vt 0.404660 0.913000
vt 0.480810 0.870730
vt 0.484680 0.866500
vt 0.469490 0.880080
vt 0.561570 0.859810
vt 0.554430 0.858710
vt 0.557850 0.856240
vt 0.446570 0.965180
vt 0.437090 0.967510
vt 0.439070 0.963620
vt 0.433790 0.957430
vt 0.537240 0.942610
vt 0.428800 0.851230
vt 0.574580 0.930550
vt 0.425800 0.970060
vt 0.425080 0.973630
vt 0.487550 0.946290
vt 0.485550 0.955350
vt 0.485990 0.984460
vt 0.461590 0.986600
vt 0.525330 0.892460
vt 0.532800 0.882380
vt 0.529850 0.899220
vt 0.485520 0.855820
vt 0.489450 0.867100
vt 0.490960 0.860910
vt 0.490300 0.854820
vt 0.462840 0.897290
vt 0.526600 0.831100
vt 0.410250 0.878300
vt 0.474940 0.870450
vt 0.464520 0.862230
vt 0.456030 0.864460
vt 0.461410 0.856830
vt 0.464000 0.852540
vt 0.539240 0.844540
vt 0.538110 0.875290
vt 0.557020 0.863700
vt 0.554090 0.870330
vt 0.552970 0.862860
vt 0.510730 0.937720
vt 0.507730 0.931350
vt 0.516510 0.921680
vt 0.452940 0.837380
vt 0.480360 0.907640
vt 0.546070 0.960490
vt 0.561170 0.945290
vt 0.562040 0.940050
vt 0.558920 0.949660
vt 0.534400 0.969850
vt 0.558130 0.921930
vt 0.548420 0.903830
vt 0.484930 0.818940
vt 0.544620 0.892710
vt 0.501400 0.886020
vt 0.502220 0.877980
vt 0.445550 0.959860
vt 0.481720 0.976920
vt 0.486050 0.977260
vt 0.509500 0.941880
vt 0.498360 0.954440
vt 0.480030 0.932590
vt 0.544580 0.948860
vt 0.446530 0.845060
vt 0.449050 0.842190
vt 0.524840 0.968250
vt 0.419340 0.970910
vt 0.490330 0.975150
vt 0.587170 0.940590
vt 0.590790 0.936910
vt 0.486870 0.936890
vt 0.491580 0.919830
vt 0.482810 0.914170
vt 0.483380 0.906120
vt 0.497430 0.889670
vt 0.453860 0.897780
vt 0.482880 0.928810
vt 0.506100 0.914430
vt 0.498100 0.916950
vt 0.504670 0.926610
vt 0.480030 0.853060
vt 0.553290 0.854910
vt 0.451060 0.895380
vt 0.447920 0.892960
vt 0.453570 0.945960
vt 0.508610 0.925150
vt 0.462790 0.975660
vt 0.513470 0.917020
vt 0.516710 0.907300
vt 0.567600 0.931420
vt 0.562270 0.930220
vt 0.564980 0.942430
vt 0.497510 0.842990
vt 0.502800 0.928050
vt 0.475070 0.876840
vt 0.570480 0.862860
vt 0.561840 0.866480
vt 0.555740 0.852360
vt 0.458730 0.839500
vt 0.453980 0.846490
vt 0.431550 0.856580
vt 0.468920 0.922610
vt 0.417670 0.929190
vt 0.522460 0.888240
vt 0.432760 0.965880
vt 0.430740 0.969720
vt 0.525700 0.880850
vt 0.531460 0.872290
vt 0.534000 0.877020
vt 0.464400 0.912410
vt 0.489100 0.823210
vt 0.554010 0.913830
vt 0.518160 0.833630
s 1
f 1/1/1 2/2/2 3/3/3
f 4/4/4 5/5/5 6/6/6
f 7/7/7 8/8/8 9/9/9
f 10/10/10 11/11/11 12/12/12
f 13/13/13 14/14/14 15/15/15
f 16/16/16 17/17/17 18/18/18
f 19/19/19 18/18/18 17/17/17
f 20/20/20 14/14/14 21/21/21
f 20/20/20 21/21/21 22/22/22
f 14/14/14 13/13/13 19/19/19
f 17/17/17 16/16/16 23/23/23
f 24/24/24 25/25/25 26/26/26
f 24/24/24 27/27/27 28/28/28
f 29/29/29 30/30/30 31/31/31
f 32/32/32 33/33/33 34/34/34
f 35/35/35 36/36/36 37/37/37
f 38/38/38 39/39/39 40/40/40
f 41/42/41 42/43/42 43/44/43
f 41/42/41 43/44/43 44/45/44
f 45/46/45 46/47/46 47/48/47
f 48/49/48 49/51/49 50/52/50
f 51/53/51 52/54/52 53/55/53
f 54/56/54 55/57/55 56/58/56
f 57/59/57 58/62/58 59/63/59
f 57/59/57 59/63/59 41/42/41
f 41/41/41 60/64/60 57/60/57
f 61/65/61 62/66/61 63/67/61
f 64/68/62 65/69/62 66/70/62
f 67/71/63 60/64/60 41/41/41
f 68/73/64 69/75/65 70/76/66
f 71/78/67 57/60/57 60/64/60
f 67/72/63 57/60/57 71/78/67
f 72/79/68 73/81/69 74/82/70
f 75/83/71 72/79/68 74/82/70
f 76/84/72 77/85/73 78/86/74
f 79/87/75 80/88/76 81/89/77
f 82/90/78 83/91/79 84/92/80
f 85/93/81 86/94/82 87/95/83
f 88/96/84 89/97/85 90/98/86
f 91/99/87 92/100/88 93/101/89
f 94/102/90 95/103/91 96/104/92
f 97/106/93 98/107/94 99/109/95
f 100/110/96 101/111/97 102/112/98
f 103/113/99 104/115/100 105/116/101
f 106/118/102 107/119/103 108/120/104
f 106/118/102 108/120/104 109/121/105
f 109/121/105 110/122/106 111/123/107
f 112/124/108 113/125/109 114/126/110
f 115/127/111 116/128/112 117/129/113
f 118/130/114 119/131/115 120/132/116
f 121/133/117 122/134/118 123/135/119
f 124/136/120 125/137/121 126/138/122
f 127/139/123 128/140/124 129/141/125
f 130/142/126 131/143/127 132/145/128
f 133/146/129 134/147/130 123/135/119
f 135/148/131 136/149/132 137/150/133
f 138/151/134 139/152/135 140/153/136
f 141/154/137 142/155/138 143/156/139
f 144/157/140 145/158/141 146/159/142
f 147/160/143 148/161/144 149/162/145
f 150/163/146 151/164/147 152/165/148
f 153/166/149 154/167/150 155/168/151
f 156/169/152 157/170/153 158/171/154
f 159/172/155 160/173/156 161/174/157
f 162/175/158 163/176/159 164/177/160
f 165/178/161 166/179/162 167/180/163
f 168/181/164 169/182/165 170/183/166
f 152/165/148 151/164/147 171/184/167
f 172/185/168 173/186/169 174/187/170
f 175/188/171 176/189/172 177/190/173
f 178/191/174 179/192/175 180/193/176
f 181/194/177 182/195/178 183/196/179
f 104/115/100 184/197/180 105/116/101
f 185/199/181 186/200/182 187/201/183
f 188/202/184 189/203/185 190/204/186
f 191/205/187 192/206/188 193/207/189
f 194/208/190 172/185/168 174/187/170
f 147/160/143 149/162/145 195/209/191
f 196/210/192 197/211/193 198/212/194
f 199/213/195 200/214/196 201/215/197
f 202/216/198 203/217/199 204/218/200
f 205/219/201 206/220/202 207/221/203
f 124/136/120 208/222/204 209/223/205
f 210/224/206 211/225/207 212/226/208
f 213/227/209 214/228/210 215/229/211
f 216/230/212 217/231/213 218/232/214
f 219/233/215 220/234/216 221/235/217
f 222/236/218 223/237/219 224/238/220
f 225/239/221 226/240/222 227/241/223
f 228/242/224 229/243/225 230/244/226
f 231/245/227 232/246/228 233/247/229
f 234/248/230 235/249/231 236/250/232
f 237/251/233 238/252/234 239/253/235
f 240/254/236 241/255/237 242/256/238
f 243/257/239 244/258/240 245/259/241
f 246/260/242 247/261/243 248/262/244
f 249/263/245 250/264/246 251/265/247
f 252/266/248 253/267/249 254/268/250
f 255/269/251 256/270/252 257/271/253
f 258/272/254 259/273/255 260/274/256
f 129/141/125 261/275/257 127/139/123
f 262/276/258 263/277/259 208/222/204
f 264/278/260 265/279/261 266/280/262
f 267/281/263 7/7/7 268/282/264
f 269/283/265 270/284/266 271/285/267
f 93/101/89 92/100/88 272/286/268
f 273/287/269 274/288/270 275/289/271
f 196/210/192 198/212/194 276/290/272
f 277/291/273 278/292/274 279/293/275
f 280/294/276 281/295/277 282/296/278
f 153/166/149 155/168/151 283/297/279
f 284/298/280 285/299/281 286/300/282
f 287/301/283 288/302/284 289/303/285
f 290/304/286 291/305/287 292/306/288
f 293/308/289 294/309/290 295/310/291
f 296/311/292 297/312/293 298/313/294
f 299/314/295 300/315/296 301/316/297
f 6/6/6 5/5/5 302/317/298
f 303/318/299 173/186/169 172/185/168
f 304/319/300 305/320/301 306/321/302
f 260/274/256 259/273/255 307/322/303
f 308/323/304 309/324/305 310/325/306
f 311/326/307 312/327/308 111/123/107
f 313/328/309 314/329/310 315/330/311
f 235/249/231 316/331/312 317/332/313
f 318/333/314 319/334/315 320/335/316
f 34/34/34 321/336/317 322/337/318
f 323/338/319 324/340/320 325/341/321
f 326/342/322 327/343/323 328/344/324
f 227/241/223 329/345/325 330/346/326
f 331/347/327 332/348/328 178/191/174
f 333/349/329 334/350/330 335/351/331
f 100/110/96 336/352/332 337/353/333
f 338/354/334 339/355/335 340/356/336
f 341/357/337 342/358/338 343/359/339
f 211/225/207 344/360/340 212/226/208
f 345/361/341 346/362/342 347/363/343
f 348/364/344 349/365/345 350/366/346
f 348/364/344 351/367/347 352/368/348
f 353/369/349 354/370/350 278/292/274
f 292/306/288 355/371/351 356/372/352
f 27/27/27 357/373/353 28/28/28
f 358/374/354 359/375/355 360/376/356
f 361/377/357 362/378/358 363/379/359
f 364/380/360 365/381/361 366/382/362
f 367/383/363 368/384/364 369/385/365
f 370/386/366 371/387/367 372/388/368
f 320/335/316 319/334/315 373/389/369
f 374/390/370 375/391/371 376/392/372
f 40/40/40 377/393/373 378/394/374
f 379/395/375 380/396/376 381/397/377
f 379/395/375 382/398/378 383/399/379
f 384/400/380 385/401/381 386/402/382
f 387/403/383 388/404/384 389/405/385
f 390/406/386 391/407/387 392/408/388
f 393/409/389 394/410/390 395/411/391
f 396/412/392 395/411/391 397/413/393
f 398/414/394 311/326/307 111/123/107
f 111/123/107 120/132/116 119/131/115
f 399/415/395 400/416/396 261/275/257
f 401/417/397 402/418/398 403/419/399
f 404/420/400 402/418/398 401/417/397
f 258/272/254 405/422/401 406/423/402
f 407/424/403 408/425/404 390/406/386
f 409/426/405 410/427/406 411/428/407
f 324/340/320 412/429/408 325/341/321
f 1/1/1 3/3/3 413/431/409
f 414/433/410 415/435/411 416/436/412
f 417/437/413 418/438/414 419/439/415
f 420/440/416 421/441/417 422/442/418
f 423/443/419 424/444/420 425/445/421
f 426/446/422 427/447/423 104/115/100
f 428/448/424 429/449/425 430/450/426
f 431/451/427 432/452/428 433/453/429
f 340/356/336 339/355/335 434/454/430
f 435/455/431 436/456/432 437/457/433
f 438/458/434 374/390/370 439/459/435
f 266/280/262 265/279/261 440/460/436
f 441/461/437 442/462/438 443/463/439
f 444/464/440 445/465/441 446/466/442
f 447/467/443 448/468/444 449/469/445
f 450/470/446 451/471/447 452/472/448
f 453/473/449 454/474/450 452/472/448
f 455/475/451 296/311/292 456/476/452
f 457/477/453 458/478/454 459/479/455
f 460/480/456 461/481/457 96/104/92
f 462/482/458 463/483/459 464/484/460
f 465/485/461 466/486/462 467/487/463
f 468/488/464 469/489/465 470/490/466
f 471/491/467 472/492/468 473/493/469
f 474/494/470 475/495/471 476/496/472
f 477/497/473 98/108/94 478/498/474
f 479/499/475 98/108/94 97/105/93
f 480/500/476 481/501/477 482/502/478
f 483/503/479 484/504/480 485/505/481
f 305/320/301 486/506/482 487/507/483
f 386/402/382 385/401/381 488/508/484
f 489/509/485 490/510/486 491/511/487
f 492/512/488 493/513/489 494/514/490
f 495/515/491 496/516/492 497/517/493
f 498/518/494 499/519/495 500/520/496
f 501/521/497 502/522/498 503/523/499
f 504/524/500 505/525/501 506/526/502
f 176/189/172 507/527/503 508/528/504
f 509/529/505 510/530/506 511/531/507
f 166/179/162 512/532/508 513/533/509
f 514/534/510 515/535/511 180/193/176
f 516/536/512 510/530/506 517/537/513
f 211/225/207 210/224/206 518/538/514
f 519/539/515 520/540/516 521/541/517
f 522/542/518 421/441/417 523/543/519
f 6/6/6 302/317/298 524/544/520
f 525/545/521 526/546/522 527/547/523
f 528/548/524 529/549/525 530/550/526
f 186/200/182 222/236/218 531/551/527
f 532/552/528 533/553/529 534/554/530
f 436/456/432 535/555/531 536/556/532
f 103/114/99 537/557/533 538/558/534
f 539/559/535 540/560/536 521/541/517
f 541/561/537 15/15/15 10/10/10
f 542/562/538 543/563/539 544/564/540
f 274/288/270 545/565/541 546/566/542
f 547/567/543 548/568/544 549/569/545
f 550/570/546 551/571/547 552/572/548
f 549/569/545 553/573/549 547/567/543
f 554/574/550 555/575/551 556/576/552
f 557/577/553 558/578/554 559/579/555
f 253/267/249 252/266/248 560/580/556
f 561/581/557 562/583/558 563/584/559
f 564/585/560 323/338/319 565/586/561
f 182/195/178 181/194/177 566/587/562
f 567/588/563 568/589/564 569/590/565
f 570/591/566 571/592/567 572/593/568
f 573/594/569 574/595/570 575/596/571
f 576/597/572 577/598/573 335/351/331
f 578/599/574 579/600/575 580/601/576
f 581/602/577 83/91/79 82/90/78
f 582/604/578 583/605/579 584/606/580
f 585/607/581 99/109/95 98/107/94
f 586/608/582 585/607/581 98/107/94
f 587/609/583 588/610/584 589/611/585
f 590/612/586 591/613/587 592/614/588
f 4/4/4 593/615/589 594/616/590
f 595/617/591 596/618/592 597/619/593
f 598/620/594 581/603/577 599/621/595
f 600/622/596 601/623/597 602/624/598
f 603/625/599 604/626/600 605/627/601
f 606/628/602 607/629/603 608/630/604
f 609/631/605 608/630/604 610/632/606
f 611/633/607 612/634/608 613/635/609
f 614/636/610 615/637/611 616/638/612
f 617/639/613 618/640/614 619/641/615
f 620/642/616 621/643/617 622/644/618
f 623/645/619 624/646/620 625/647/621
f 626/648/622 627/649/623 628/650/624
f 629/651/625 630/652/626 631/653/627
f 632/654/628 633/655/629 634/656/630
f 635/657/631 51/53/51 53/55/53
f 636/658/632 637/659/633 638/660/634
f 639/661/635 627/649/623 626/648/622
f 640/662/636 641/663/637 642/664/638
f 643/665/639 644/666/640 645/667/641
f 646/668/642 647/669/643 648/670/644
f 649/671/645 111/123/107 650/672/646
f 651/673/647 652/674/648 653/675/649
f 654/676/650 655/677/651 656/678/652
f 657/679/653 658/681/654 659/682/655
f 611/633/607 132/145/128 131/143/127
f 657/679/653 659/682/655 654/676/650
f 24/24/24 26/26/26 660/684/656
f 661/685/657 662/686/658 663/687/659
f 664/689/660 665/690/661 666/691/662
f 667/693/663 615/637/611 668/694/664
f 79/87/75 81/89/77 669/695/665
f 670/696/666 671/697/667 672/698/668
f 673/699/669 674/700/670 123/135/119
f 674/700/670 675/701/671 123/135/119
f 676/703/672 677/704/673 73/81/69
f 347/363/343 492/512/488 494/514/490
f 175/188/171 507/527/503 176/189/172
f 678/705/674 679/706/675 680/707/676
f 568/589/564 681/708/677 569/590/565
f 568/589/564 682/709/678 683/710/679
f 399/415/395 684/711/680 400/416/396
f 685/712/681 658/681/654 657/679/653
f 202/216/198 204/218/200 686/713/682
f 687/714/683 688/715/684 689/716/685
f 688/715/684 202/216/198 689/716/685
f 214/228/210 688/715/684 215/229/211
f 159/172/155 161/174/157 690/717/686
f 691/718/687 692/719/688 693/720/689
f 694/721/690 695/722/691 696/723/692
f 697/724/693 698/725/694 699/726/695
f 698/725/694 700/727/696 699/726/695
f 701/728/697 702/729/698 703/730/699
f 704/731/700 705/732/701 309/324/305
f 706/733/702 309/324/305 701/728/697
f 707/734/703 709/736/704 710/737/705
f 191/205/187 343/359/339 192/206/188
f 711/738/706 189/203/185 712/739/707
f 713/740/708 714/741/709 715/743/710
f 716/744/711 72/79/68 75/83/71
f 460/480/456 717/745/712 461/481/457
f 718/746/713 558/578/554 557/577/553
f 719/747/714 720/748/715 721/749/716
f 722/750/717 723/751/718 724/752/719
f 708/735/720 725/753/721 709/736/704
f 490/510/486 48/49/48 491/511/487
f 238/252/234 726/754/722 239/253/235
f 727/755/723 728/756/724 729/757/725
f 250/264/246 730/758/726 51/53/51
f 731/759/727 732/760/728 733/761/729
f 731/759/727 734/762/730 735/763/731
f 182/195/178 566/587/562 736/764/732
f 331/347/327 737/765/733 332/348/328
f 738/766/734 739/767/735 737/765/733
f 740/768/736 741/769/737 742/770/738
f 286/300/282 285/299/281 743/771/739
f 744/772/740 745/773/741 746/774/742
f 747/775/743 148/161/144 748/776/744
f 749/777/745 750/778/746 407/424/403
f 751/779/747 661/685/657 663/687/659
f 752/780/748 753/781/749 754/782/750
f 755/783/751 756/784/752 757/785/753
f 758/786/754 759/787/755 760/788/756
f 761/789/757 55/57/55 762/790/758
f 599/621/595 762/790/758 55/57/55
f 763/791/759 477/497/473 478/498/474
f 764/792/760 765/793/761 766/794/762
f 767/795/763 768/796/764 282/296/278
f 769/798/765 770/799/766 771/800/767
f 255/269/251 257/271/253 772/801/768
f 773/802/769 774/803/770 775/804/771
f 611/633/607 131/143/127 776/805/772
f 777/807/773 778/808/774 779/809/775
f 780/810/776 781/811/777 782/812/778
f 249/263/245 251/265/247 783/813/779
f 631/653/627 630/652/626 784/814/780
f 356/372/352 785/815/781 786/816/782
f 787/817/783 788/818/784 357/373/353
f 287/301/283 289/303/285 789/819/785
f 790/820/786 791/821/787 792/822/788
f 790/820/786 793/823/789 791/821/787
f 163/176/159 162/175/158 794/824/790
f 795/825/791 796/826/792 797/827/793
f 798/828/794 799/829/795 800/830/796
f 624/646/620 273/287/269 625/647/621
f 801/831/797 802/832/798 803/833/799
f 797/827/793 796/826/792 804/834/800
f 741/769/737 805/835/801 742/770/738
f 806/836/802 807/837/803 808/838/804
f 809/839/805 810/840/806 811/841/807
f 361/377/357 363/379/359 812/842/808
f 813/843/809 806/836/802 814/844/810
f 815/845/811 228/242/224 230/244/226
f 812/842/808 816/846/812 817/847/813
f 818/848/814 819/849/815 820/850/816
f 316/331/312 818/848/814 820/850/816
f 821/851/817 822/852/818 99/109/95
f 823/853/819 824/854/820 548/568/544
f 825/855/821 826/856/822 827/857/823
f 828/858/824 829/859/825 830/860/826
f 650/672/646 311/326/307 831/861/827
f 832/862/828 833/863/829 834/864/830
f 835/865/831 801/831/797 836/866/832
f 837/867/833 838/868/834 456/476/452
f 839/869/835 840/870/836 841/871/837
f 841/871/837 842/872/838 843/873/839
f 504/524/500 844/874/840 845/875/841
f 846/876/842 847/877/843 169/182/165
f 470/490/466 848/878/844 468/488/464
f 849/879/845 850/880/846 851/881/847
f 852/882/848 853/883/849 752/780/748
f 854/884/850 855/885/851 856/886/852
f 857/887/853 854/884/850 856/886/852
f 842/872/838 841/871/837 858/888/854
f 421/441/417 859/889/855 422/442/418
f 523/543/519 860/890/856 522/542/518
f 711/738/706 861/891/857 189/203/185
f 701/728/697 309/324/305 308/323/304
f 862/892/858 623/645/619 625/647/621
f 863/893/859 864/894/860 138/151/134
f 433/453/429 432/452/428 865/895/861
f 866/896/862 303/318/299 867/897/863
f 868/898/864 869/899/865 870/900/866
f 493/513/489 347/363/343 871/901/867
f 868/898/864 870/900/866 244/258/240
f 872/902/868 873/903/869 134/147/130
f 476/496/472 471/491/467 474/494/470
f 874/904/870 875/905/871 405/422/401
f 876/906/872 877/907/873 878/908/874
f 497/517/493 496/516/492 246/260/242
f 247/261/243 879/909/875 880/910/876
f 881/911/877 242/256/238 882/912/878
f 883/913/879 884/914/880 880/910/876
f 883/913/879 885/915/881 884/914/880
f 239/253/235 726/754/722 886/916/882
f 887/917/883 888/918/884 889/919/885
f 890/920/886 891/921/887 708/735/720
f 266/280/262 892/922/888 264/278/260
f 893/923/889 894/924/890 895/925/891
f 896/926/892 897/927/893 898/928/894
f 899/929/895 900/930/896 901/931/897
f 902/932/898 903/933/899 795/825/791
f 904/934/900 299/314/295 905/935/901
f 906/936/902 30/30/30 907/937/903
f 692/719/688 908/938/904 693/720/689
f 909/939/905 19/19/19 13/13/13
f 80/88/76 910/940/906 911/941/907
f 912/943/908 80/88/76 911/941/907
f 244/258/240 870/900/866 245/259/241
f 913/944/909 509/529/505 511/531/507
f 914/945/910 915/946/911 916/947/912
f 917/948/913 918/949/914 170/183/166
f 919/950/915 920/951/916 632/654/628
f 921/952/917 365/381/361 8/8/8
f 922/953/918 923/954/919 924/955/920
f 925/956/921 744/772/740 926/957/922
f 99/109/95 822/852/818 927/958/923
f 921/952/917 922/953/918 924/955/920
f 928/959/924 929/960/925 930/961/926
f 205/219/201 207/221/203 931/962/927
f 932/963/928 933/964/929 934/965/930
f 935/966/931 932/963/928 936/967/932
f 555/575/551 276/290/272 937/968/933
f 553/573/549 938/969/934 547/567/543
f 933/964/929 823/853/819 934/965/930
f 939/970/935 940/971/936 941/972/937
f 800/830/796 799/829/795 939/970/935
f 942/973/938 943/974/939 944/975/940
f 156/169/152 158/171/154 945/976/941
f 946/977/942 947/978/943 948/979/944
f 949/980/945 950/981/946 951/982/947
f 952/983/948 953/984/949 954/985/950
f 955/986/951 956/987/952 957/988/953
f 958/989/954 959/990/955 960/991/956
f 961/992/957 956/987/952 962/993/958
f 963/994/959 964/995/960 965/996/961
f 965/996/961 964/995/960 966/997/962
f 967/998/963 968/999/964 969/1000/965
f 970/1001/966 971/1002/967 718/746/713
f 69/75/65 972/1003/968 39/39/39
f 39/39/39 38/38/38 761/789/757
f 973/1004/969 944/975/940 974/1005/970
f 969/1000/965 968/999/964 975/1006/971
f 976/1007/972 977/1008/973 337/353/333
f 978/1009/974 979/1010/975 877/907/873
f 980/1011/976 981/1012/977 982/1013/978
f 885/915/881 983/1014/979 884/914/880
f 984/1015/980 985/1016/981 451/471/447
f 44/45/44 43/44/43 986/1017/982
f 987/1018/983 988/1019/984 989/1020/985
f 414/433/410 990/1021/986 415/435/411
f 58/61/58 41/42/41 44/45/44
f 991/1023/987 992/1024/988 993/1025/989
f 994/1026/990 436/456/432 435/455/431
f 638/660/634 53/55/53 995/1027/991
f 48/49/48 490/510/486 996/1028/992
f 997/1029/993 998/1030/994 83/91/79
f 997/1029/993 999/1031/995 1000/1032/996
f 53/55/53 1001/1033/997 995/1027/991
f 710/737/705 310/325/306 707/734/703
f 890/920/886 1002/1034/998 891/921/887
f 293/308/289 295/310/291 1003/1035/999
f 1004/1036/1000 293/308/289 1005/1037/1001
f 1006/1038/1002 1007/1039/1003 1008/1040/1004
f 1009/1041/1005 441/461/437 443/463/439
f 525/545/521 1010/1042/1006 526/546/522
f 526/546/522 1011/1043/1007 1012/1044/1008
f 1013/1045/1009 170/183/166 169/182/165
f 333/349/329 1014/1046/1010 334/350/330
f 1015/1047/1011 1016/1048/1012 1017/1049/1013
f 1018/1050/1014 1019/1051/1015 1020/1052/1016
f 278/292/274 1021/1053/1017 1022/1054/1018
f 1023/1055/1019 1024/1056/1020 1025/1057/1021
f 238/252/234 1026/1058/1022 726/754/722
f 1027/1059/1023 1028/1060/1024 1021/1053/1017
f 1029/1061/1025 1030/1062/1026 863/893/859
f 1029/1061/1025 1031/1063/1027 233/247/229
f 1032/1064/1028 1033/1065/1029 1034/1066/1030
f 1035/1067/1031 1036/1068/1032 1037/1069/1033
f 1038/1070/1034 1039/1071/1035 1040/1072/1036
f 1041/1073/1037 575/596/571 574/595/570
f 1042/1074/1038 1043/1075/1039 1036/1068/1032
f 174/187/170 396/412/392 397/413/393
f 1044/1076/1040 1045/1077/1041 1046/1078/1042
f 1047/1079/1043 1048/1080/1044 1049/1081/1045
f 442/462/438 907/937/903 30/30/30
f 442/462/438 30/30/30 443/463/439
f 1050/1082/1046 562/583/558 561/581/557
f 1051/1083/1047 324/339/320 1052/1085/1048
f 564/585/560 565/586/561 1053/1086/1049
f 906/936/902 31/31/31 30/30/30
f 299/314/295 301/316/297 905/935/901
f 519/539/515 687/714/683 1054/1087/1050
f 1055/1088/1051 460/480/456 96/104/92
f 858/888/854 859/889/855 842/872/838
f 1056/1089/1052 1057/1090/1053 1058/1091/1054
f 1059/1092/1055 1060/1093/1056 1061/1094/1057
f 1062/1095/1058 1063/1096/1059 1056/1089/1052
f 908/938/904 1064/1097/1060 693/720/689
f 1065/1098/1061 1066/1099/1062 262/276/258
f 1067/1100/1063 815/845/811 230/244/226
f 1068/1101/1064 720/748/715 719/747/714
f 759/787/755 758/786/754 771/800/767
f 751/779/747 756/784/752 1069/1102/1065
f 1070/1103/1066 1071/1104/1067 1072/1105/1068
f 1073/1106/1069 878/908/874 877/907/873
f 1074/1107/1070 153/166/149 1075/1108/1071
f 1076/1109/1072 1077/1110/1073 789/819/785
f 1078/1111/1074 1075/1108/1071 153/166/149
f 480/500/476 482/502/478 1079/1112/1075
f 1080/1113/1076 1081/1114/1077 628/650/624
f 1082/1115/1078 798/828/794 1080/1113/1076
f 810/840/806 809/839/805 817/847/813
f 366/382/362 1083/1116/1079 364/380/360
f 146/159/142 88/96/84 90/98/86
f 1084/1117/1080 1085/1118/1081 1086/1119/1082
f 196/210/192 995/1027/991 1088/1121/1083
f 197/211/193 1088/1121/1083 1089/1122/1084
f 1090/1123/1085 145/158/141 229/243/225
f 207/221/203 1091/1124/1086 931/962/927
f 209/223/205 1092/1125/1087 1093/1126/1088
f 209/223/205 1093/1126/1088 125/137/121
f 600/622/596 1094/1127/1089 601/623/597
f 1094/1127/1089 1095/1128/1090 1096/1129/1091
f 1097/1130/1092 594/616/590 593/615/589
f 1095/1128/1090 1098/1131/1093 1096/1129/1091
f 1099/1132/1094 347/363/343 1100/1133/1095
f 1101/1134/1096 1102/1135/1097 1103/1136/1098
f 1104/1137/1099 1105/1139/1100 388/404/384
f 1106/1140/1101 1107/1141/1102 1108/1143/1103
f 1109/1144/1104 113/125/109 1110/1145/1105
f 1070/1103/1066 1111/1146/1106 499/519/495
f 1112/1147/1107 150/163/146 1113/1148/1108
f 1112/1147/1107 299/314/295 904/934/900
f 220/234/216 691/718/687 521/541/517
f 691/718/687 539/559/535 521/541/517
f 981/1012/977 1114/1149/1109 982/1013/978
f 529/549/525 728/756/724 727/755/723
f 148/161/144 1115/1150/1110 1116/1151/1111
f 1117/1153/1112 1118/1154/1113 1119/1155/1114
f 1120/1156/1115 1121/1157/1116 1122/1158/1117
f 946/977/942 1123/1159/1118 1124/1160/1119
f 614/636/610 619/641/615 618/640/614
f 52/54/52 51/53/51 293/307/289
f 1005/1037/1001 1125/1161/1120 1004/1036/1000
f 1126/1162/1121 394/410/390 1127/1163/1122
f 1128/1164/1123 1108/1143/1103 1107/1141/1102
f 1129/1166/1124 472/492/468 471/491/467
f 775/804/771 1130/1167/1125 1131/1168/1126
f 1132/1169/1127 471/491/467 875/905/871
f 1131/1168/1126 471/491/467 1132/1169/1127
f 1133/1170/1128 1134/1171/1129 1135/1172/1130
f 495/515/491 1136/1173/1131 496/516/492
f 1137/1174/1132 3/3/3 774/803/770
f 2/2/2 1130/1167/1125 3/3/3
f 862/892/858 1138/1175/1133 1139/1176/1134
f 1140/1177/1135 1141/1178/1136 1142/1179/1137
f 1143/1180/1138 1144/1181/1139 652/674/648
f 1145/1182/1140 1146/1183/1141 1147/1184/1142
f 1147/1184/1142 1146/1183/1141 644/666/640
f 340/356/336 434/454/430 1012/1044/1008
f 1148/1185/1143 861/891/857 711/738/706
f 1149/1186/1144 651/673/647 839/869/835
f 1150/1187/1145 1151/1188/1146 1152/1189/1147
f 766/794/762 1153/1190/1148 1154/1191/1149
f 479/499/475 1155/1192/1150 98/108/94
f 1144/1181/1139 1143/1180/1138 1156/1193/1151
f 1144/1181/1139 1157/1194/1152 652/674/648
f 1158/1195/1153 1159/1196/1154 1160/1197/1155
f 1161/1198/1156 1162/1199/1157 1163/1200/1158
f 589/611/585 1164/1201/1159 587/609/583
f 670/696/666 70/76/66 1165/1202/1160
f 684/711/680 1166/1203/1161 1162/1199/1157
f 1167/1204/1162 685/712/681 1168/1205/1163
f 1169/1206/1164 141/154/137 143/156/139
f 139/152/135 1170/1207/1165 140/153/136
f 1171/1208/1166 1172/1209/1167 1173/1210/1168
f 1174/1211/1169 1175/1212/1170 1176/1213/1171
f 1177/1214/1172 1178/1215/1173 1179/1216/1174
f 664/688/660 1178/1215/1173 1180/1217/1175
f 1172/1209/1167 1181/1218/1176 1173/1210/1168
f 1179/1216/1174 1182/1219/1177 1177/1214/1172
f 1183/1220/1178 1180/1217/1175 1184/1221/1179
f 1185/1222/1180 1186/1223/1181 973/1004/969
f 1187/1224/1182 559/579/555 1188/1225/1183
f 1185/1222/1180 1187/1224/1182 1188/1225/1183
f 718/746/713 971/1002/967 558/578/554
f 560/580/556 1189/1226/1184 94/102/90
f 94/102/90 1189/1226/1184 1190/1227/1185
f 1191/1228/1186 298/313/294 300/315/296
f 298/313/294 1191/1228/1186 1112/1147/1107
f 679/706/675 1192/1229/1187 680/707/676
f 1193/1230/1188 682/709/678 1194/1231/1189
f 1195/1232/1190 1196/1233/1191 1197/1234/1192
f 984/1015/980 1198/1235/1193 985/1016/981
f 244/258/240 1199/1236/1194 1200/1237/1195
f 244/258/240 1201/1238/1196 1202/1239/1197
f 1203/1240/1198 1204/1241/1199 1205/1242/1200
f 1206/1243/1201 1207/1244/1202 225/239/221
f 1208/1245/1203 1209/1246/1204 1210/1247/1205
f 832/862/828 834/864/830 1211/1248/1206
f 1212/1249/1207 1213/1250/1208 1214/1251/1209
f 177/190/173 1215/1252/1210 1212/1249/1207
f 1216/1253/1211 417/437/413 1217/1254/1212
f 1218/1255/1213 1219/1256/1214 716/744/711
f 1220/1257/1215 378/394/374 377/393/373
f 146/159/142 90/98/86 144/157/140
f 428/448/424 430/450/426 1221/1258/1216
f 551/571/547 550/570/546 1222/1259/1217
f 1223/1260/1218 1224/1261/1219 1225/1262/1220
f 120/132/116 347/363/343 1226/1263/1221
f 342/358/338 527/547/523 526/546/522
f 342/358/338 526/546/522 343/359/339
f 1227/1264/1222 848/878/844 1228/1265/1223
f 485/505/481 484/504/480 1229/1266/1224
f 187/201/183 887/917/883 1230/1267/1225
f 528/548/524 1231/1268/1226 529/549/525
f 1058/1091/1054 1057/1090/1053 1232/1269/1227
f 8/8/8 365/381/361 1233/1270/1228
f 781/811/777 85/93/81 87/95/83
f 24/24/24 660/684/656 20/20/20
f 756/784/752 755/783/751 1069/1102/1065
f 673/699/669 1234/1271/1229 1202/1239/1197
f 1235/1272/1230 134/147/130 873/903/869
f 850/880/846 849/879/845 1236/1273/1231
f 1237/1275/1232 1238/1276/1233 1236/1274/1231
f 1117/1153/1112 632/654/628 1239/1278/1234
f 1239/1278/1234 1118/1154/1113 1117/1153/1112
f 423/443/419 425/445/421 1240/1279/1235
f 1241/1280/1236 1242/1281/1237 1243/1282/1238
f 189/203/185 1244/1283/1239 1245/1284/1240
f 1246/1285/1241 1247/1286/1242 1248/1287/1243
f 1249/1288/1244 459/479/455 458/478/454
f 1009/1041/1005 1006/1038/1002 1008/1040/1004
f 1250/1289/1245 303/318/299 866/896/862
f 1251/1290/1246 1252/1291/1247 1253/1292/1248
f 1254/1293/1249 487/507/483 486/506/482
f 1252/1291/1247 1255/1294/1250 1256/1295/1251
f 1257/1296/1252 626/648/622 1258/1297/1253
f 1081/1114/1077 1141/1178/1136 1140/1177/1135
f 1087/1120/1254 638/660/634 995/1027/991
f 534/554/530 533/553/529 37/37/37
f 271/285/267 34/34/34 1259/1298/1255
f 34/34/34 322/337/318 1259/1298/1255
f 140/153/136 1170/1207/1165 1260/1299/1256
f 1260/1299/1256 614/636/610 618/640/614
f 124/136/120 209/223/205 125/137/121
f 310/325/306 124/136/120 126/138/122
f 917/948/913 515/535/511 918/949/914
f 1261/1300/1257 735/763/731 1262/1301/1258
f 1263/1302/1259 276/290/272 555/575/551
f 634/656/630 512/532/508 166/179/162
f 470/490/466 1228/1265/1223 848/878/844
f 828/858/824 1264/1303/1260 1265/1304/1261
f 1034/1066/1030 1033/1065/1029 1266/1305/1262
f 1043/1075/1039 1042/1074/1038 1049/1081/1045
f 370/386/366 1042/1074/1038 371/387/367
f 581/602/577 1267/1306/1263 83/91/79
f 76/84/72 1268/1308/1264 77/85/73
f 1269/1309/1265 211/225/207 1270/1310/1266
f 1271/1311/1267 1171/1208/1166 1272/1312/1268
f 213/227/209 215/229/211 1273/1313/1269
f 1152/1189/1147 1274/1314/1270 1143/1180/1138
f 1275/1315/1271 503/523/499 116/128/112
f 1276/1316/1272 1277/1317/1273 1278/1318/1274
f 1279/1319/1275 1094/1127/1089 600/622/596
f 1280/1320/1276 1281/1321/1277 481/501/477
f 1280/1320/1276 1282/1322/1278 1283/1323/1279
f 465/485/461 467/487/463 1284/1324/1280
f 849/879/845 1285/1326/1281 1236/1273/1231
f 1031/1063/1027 1029/1061/1025 863/893/859
f 1139/1176/1134 1286/1327/1282 863/893/859
f 653/675/649 111/123/107 651/673/647
f 194/208/190 174/187/170 1287/1328/1283
f 1287/1328/1283 174/187/170 1288/1329/1284
f 1289/1330/1285 1290/1331/1286 1291/1332/1287
f 396/412/392 393/409/389 395/411/391
f 650/672/646 111/123/107 1292/1333/1288
f 1293/1334/1289 689/716/685 1294/1335/1290
f 1054/1087/1050 687/714/683 1295/1336/1291
f 9/9/9 1057/1090/1053 1056/1089/1052
f 10/10/10 1064/1097/1060 1296/1337/1292
f 893/923/889 895/925/891 538/558/534
f 1297/1338/1293 676/703/672 1298/1339/1294
f 670/696/666 592/614/588 671/697/667
f 1299/1340/1295 1300/1341/1296 448/468/444
f 1301/1342/1297 1302/1343/1298 1303/1344/1299
f 1096/1129/1091 609/631/605 1304/1345/1300
f 601/623/597 1304/1345/1300 602/624/598
f 312/327/308 311/326/307 1305/1346/1301
f 1306/1347/1302 1307/1348/1303 1308/1349/1304
f 1306/1347/1302 1308/1349/1304 411/428/407
f 1309/1350/1305 1310/1351/1306 1311/1352/1307
f 1309/1350/1305 1311/1352/1307 987/1018/983
f 1215/1252/1210 508/528/504 1312/1353/1308
f 1313/1354/1309 1314/1355/1310 1315/1356/1311
f 1316/1357/1312 334/350/330 847/877/843
f 1317/1358/1313 1312/1353/1308 1315/1356/1311
f 378/394/374 1219/1256/1214 1218/1255/1213
f 988/1019/984 1318/1359/1314 1319/1360/1315
f 1070/1103/1066 1320/1361/1316 1071/1104/1067
f 502/522/498 501/521/497 95/103/91
f 1319/1360/1315 989/1020/985 988/1019/984
f 438/458/434 1321/1362/1317 374/390/370
f 1322/1363/1318 118/130/114 1323/1364/1319
f 1324/1365/1320 834/864/830 833/863/829
f 1325/1366/1321 916/947/912 1326/1367/1322
f 914/945/910 916/947/912 1325/1366/1321
f 790/820/786 792/822/788 1327/1368/1323
f 504/524/500 845/875/841 505/525/501
f 336/352/332 100/110/96 102/112/98
f 1328/1369/1324 1329/1370/1325 1211/1248/1206
f 992/1024/988 994/1026/990 1330/1371/1326
f 417/437/413 419/439/415 992/1024/988
f 376/392/372 375/391/371 1331/1372/1327
f 1331/1372/1327 713/740/708 1332/1373/1328
f 1333/1374/1329 1334/1375/1330 881/911/877
f 1334/1375/1330 242/256/238 881/911/877
f 1335/1376/1331 713/740/708 1331/1372/1327
f 71/78/67 60/64/60 1336/1377/1332
f 704/731/700 1089/1122/1084 1337/1378/1333
f 682/709/678 1338/1379/1334 1194/1231/1189
f 1339/1380/1335 1340/1381/1336 571/592/567
f 704/731/700 197/211/193 1089/1122/1084
f 1341/1382/1337 521/541/517 520/540/516
f 1341/1382/1337 1054/1087/1050 1295/1336/1291
f 1342/1383/1338 1343/1384/1339 871/901/867
f 1344/1385/1340 1345/1386/1341 764/792/760
f 828/858/824 830/860/826 1264/1303/1260
f 483/503/479 552/572/548 551/571/547
f 407/424/403 392/408/388 1346/1387/1342
f 1040/1072/1036 1039/1071/1035 1347/1388/1343
f 984/1015/980 451/471/447 450/470/446
f 1348/1389/1344 855/885/851 454/474/450
f 1346/1387/1342 1349/1390/1345 407/424/403
f 1041/1073/1037 183/196/179 182/195/178
f 736/764/732 1350/1391/1346 182/195/178
f 97/105/93 1351/1392/1347 479/499/475
f 746/774/742 745/773/741 1352/1393/1348
f 1353/1395/1349 448/468/444 1300/1341/1296
f 1354/1396/1350 1019/1051/1015 1355/1397/1351
f 1356/1398/1352 1357/1399/1353 1358/1400/1354
f 1356/1398/1352 1358/1400/1354 1359/1401/1355
f 1360/1402/1356 554/574/550 556/576/552
f 429/449/425 1361/1403/1357 1362/1404/1358
f 1363/1405/1359 449/469/445 640/662/636
f 1364/1406/1360 647/669/643 1358/1400/1354
f 1365/1407/1361 1209/1246/1204 1208/1245/1203
f 1207/1244/1202 1365/1407/1361 1204/1241/1199
f 265/279/261 1366/1408/1362 440/460/436
f 1367/1409/1363 1368/1410/1364 1369/1411/1365
f 1369/1411/1365 1249/1288/1244 458/478/454
f 265/279/261 1369/1411/1365 1366/1408/1362
f 1224/1261/1219 590/612/586 1225/1262/1220
f 1164/1201/1159 1370/1412/1366 587/609/583
f 1357/1399/1353 1356/1398/1352 1371/1413/1367
f 1257/1296/1252 639/661/635 626/648/622
f 1372/1414/1368 69/75/65 39/39/39
f 69/75/65 1372/1414/1368 1373/1415/1369
f 1374/1416/1370 1375/1417/1371 1376/1418/1372
f 797/827/793 1377/1419/1373 795/825/791
f 47/48/47 1378/1420/1374 45/46/45
f 289/303/285 1379/1421/1375 427/447/423
f 826/856/822 825/855/821 427/447/423
f 480/500/476 1079/1112/1075 1078/1111/1074
f 1380/1422/1376 826/856/822 427/447/423
f 1381/1423/1377 1345/1386/1341 1344/1385/1340
f 1382/1424/1378 232/246/228 231/245/227
f 1009/1041/1005 443/463/439 1367/1409/1363
f 995/1027/991 1001/1033/997 1088/1121/1083
f 1383/1425/1379 791/821/787 236/250/232
f 52/54/52 1384/1426/1380 1385/1428/1381
f 1175/1212/1170 1386/1430/1382 1176/1213/1171
f 150/163/146 1387/1431/1383 1386/1430/1382
f 1388/1432/1384 1389/1433/1385 1390/1434/1386
f 1391/1435/1387 1392/1436/1388 1393/1437/1389
f 1001/1033/997 53/55/53 1394/1438/1390
f 1001/1033/997 705/732/701 1337/1378/1333
f 1395/1439/1391 1396/1440/1392 1397/1441/1393
f 1398/1442/1394 1399/1443/1395 1400/1444/1396
f 770/799/766 1401/1445/1397 771/800/767
f 1402/1446/1398 349/365/345 348/364/344
f 1403/1447/1399 1404/1448/1400 1398/1442/1394
f 1388/1432/1384 1390/1434/1386 1405/1449/1401
f 810/840/806 1406/1450/1402 811/841/807
f 929/960/925 348/364/344 1407/1451/1403
f 1408/1452/1404 1409/1453/1405 1410/1454/1406
f 1014/1046/1010 1411/1455/1407 334/350/330
f 307/322/303 259/273/255 475/495/471
f 1412/1456/1408 1388/1432/1384 1405/1449/1401
f 1413/1457/1409 636/658/632 638/660/634
f 634/656/630 1414/1458/1410 1415/1459/1411
f 1416/1460/1412 1417/1461/1413 577/598/573
f 1261/1300/1257 1262/1301/1258 1418/1462/1414
f 1419/1463/1415 1420/1464/1416 1421/1465/1417
f 348/364/344 350/366/346 1422/1466/1418
f 919/950/915 517/537/513 920/951/916
f 920/951/916 509/529/505 1423/1467/1419
f 808/838/804 1424/1468/1420 742/770/738
f 1082/1115/1078 1425/1469/1421 798/828/794
f 1284/1324/1280 1285/1326/1281 465/485/461
f 184/197/180 469/489/465 468/488/464
f 104/115/100 1426/1470/1422 184/197/180
f 825/855/821 827/857/823 1426/1470/1422
f 862/892/858 625/647/621 1138/1175/1133
f 275/289/271 274/288/270 1427/1471/1423
f 1428/1472/1424 1429/1473/1425 1430/1474/1426
f 1429/1473/1425 1428/1472/1424 1431/1475/1427
f 1432/1476/1428 1433/1477/1429 293/308/289
f 1434/1478/1430 1433/1477/1429 1432/1476/1428
f 1435/1479/1431 1436/1480/1432 1437/1481/1433
f 1438/1482/1434 1439/1483/1435 223/237/219
f 1440/1485/1436 1441/1486/1437 80/88/76
f 1441/1486/1437 84/92/80 80/88/76
f 877/907/873 347/363/343 1073/1106/1069
f 1442/1487/1438 506/526/502 819/849/815
f 1213/1250/1208 1443/1488/1439 1214/1251/1209
f 928/959/924 267/281/263 929/960/925
f 1402/1446/1398 1401/1445/1397 1444/1489/1440
f 179/192/175 1121/1157/1116 180/193/176
f 1445/1490/1441 1446/1491/1442 1447/1492/1443
f 843/873/839 842/872/838 1150/1187/1145
f 839/869/835 1150/1187/1145 1149/1186/1144
f 615/637/611 613/635/609 616/638/612
f 612/634/608 1448/1493/1444 613/635/609
f 1449/1494/1445 954/985/950 1448/1493/1444
f 957/988/953 956/987/952 1449/1494/1445
f 54/56/54 599/621/595 55/57/55
f 1441/1486/1437 1440/1485/1436 581/602/577
f 762/790/758 588/610/584 761/789/757
f 383/399/379 1450/1495/1446 1451/1496/1447
f 191/205/187 193/207/189 1452/1497/1448
f 1453/1498/1449 1010/1042/1006 1454/1499/1450
f 1010/1042/1006 1453/1498/1449 338/354/334
f 611/633/607 957/988/953 1449/1494/1445
f 1455/1500/1451 957/988/953 611/633/607
f 1155/1192/1150 479/499/475 1154/1191/1149
f 781/811/777 87/95/83 782/812/778
f 1456/1502/1452 729/757/725 1457/1503/1453
f 1458/1504/1454 1457/1503/1453 1459/1505/1455
f 937/968/933 935/966/931 936/967/932
f 937/968/933 703/730/699 702/729/698
f 1460/1506/1456 1461/1507/1457 1462/1508/1458
f 1024/1056/1020 1023/1055/1019 121/133/117
f 1340/1381/1336 1339/1380/1335 1463/1510/1459
f 732/760/728 678/705/674 1464/1511/1460
f 736/764/732 1465/1512/1461 1350/1391/1346
f 1291/1332/1287 1290/1331/1286 1466/1513/1462
f 1467/1514/1463 1468/1515/1464 173/186/169
f 950/981/946 949/980/945 621/643/617
f 605/627/601 1469/1516/1465 1470/1517/1466
f 313/328/309 315/330/311 845/875/841
f 154/167/150 1471/1518/1467 155/168/151
f 1472/1519/1468 1473/1520/1469 1098/1131/1093
f 1474/1521/1470 1472/1519/1468 1475/1522/1471
f 859/889/855 858/888/854 422/442/418
f 188/202/184 190/204/186 463/483/459
f 91/99/87 93/101/89 1476/1523/1472
f 93/101/89 1477/1524/1473 1478/1525/1474
f 1259/1298/1255 322/337/318 1479/1526/1475
f 1130/1167/1125 2/2/2 1131/1168/1126
f 1131/1168/1126 1129/1166/1124 471/491/467
f 150/163/146 1386/1430/1382 151/164/147
f 1480/1527/1476 1481/1528/1477 1482/1529/1478
f 1483/1530/1479 1484/1531/1480 1485/1532/1481
f 1210/1247/1205 1209/1246/1204 382/398/378
f 1209/1246/1204 383/399/379 382/398/378
f 1486/1533/1482 1183/1220/1178 1487/1534/1483
f 326/342/322 1487/1534/1483 327/343/323
f 1488/1535/1484 346/362/342 345/361/341
f 244/258/240 243/257/239 1201/1238/1196
f 1270/1310/1266 1489/1536/1485 1490/1537/1486
f 1269/1309/1265 1270/1310/1266 1490/1537/1486
f 1201/1238/1196 243/257/239 1491/1538/1487
f 347/363/343 1492/1539/1488 1226/1263/1221
f 1493/1540/1489 976/1007/972 1101/1134/1096
f 101/111/97 100/110/96 1494/1541/1490
f 976/1007/972 1493/1540/1489 977/1008/973
f 1495/1542/1491 1496/1543/1492 201/215/197
f 1495/1542/1491 201/215/197 1497/1544/1493
f 1401/1445/1397 770/799/766 1444/1489/1440
f 967/998/963 369/385/365 968/999/964
f 1186/1223/1181 1498/1545/1494 973/1004/969
f 1499/1546/1495 165/178/161 167/180/163
f 169/182/165 1500/1547/1496 846/876/842
f 170/183/166 1501/1548/1497 166/179/162
f 170/183/166 166/179/162 165/178/161
f 370/386/366 1049/1081/1045 1042/1074/1038
f 367/383/363 369/385/365 967/998/963
f 1046/1078/1042 1502/1549/1498 1503/1550/1499
f 1044/1076/1040 1504/1551/1500 1505/1552/1501
f 1504/1551/1500 1503/1550/1499 1505/1552/1501
f 522/542/518 860/890/856 424/444/420
f 309/324/305 707/734/703 310/325/306
f 296/311/292 837/867/833 456/476/452
f 296/311/292 298/313/294 441/461/437
f 578/599/574 1506/1553/1502 579/600/575
f 570/591/566 579/600/575 1507/1554/1503
f 1508/1555/1504 1509/1556/1505 347/363/343
f 871/901/867 347/363/343 1509/1556/1505
f 1510/1557/1506 972/1003/968 1511/1558/1507
f 1512/1559/1508 69/75/65 68/73/64
f 1513/1560/1509 115/127/111 1514/1561/1510
f 1151/1188/1146 1156/1193/1151 1274/1314/1270
f 1515/1562/1511 841/871/837 840/870/836
f 1516/1563/1512 464/484/460 1517/1564/1513
f 1219/1256/1214 1518/1565/1514 716/744/711
f 1511/1558/1507 972/1003/968 1519/1566/1515
f 1275/1315/1271 115/127/111 1513/1560/1509
f 1520/1568/1516 1017/1049/1013 1016/1048/1012
f 764/792/760 1521/1569/1517 765/793/761
f 355/371/351 1003/1035/999 295/310/291
f 291/305/287 794/824/790 162/175/158
f 1345/1386/1341 1521/1569/1517 764/792/760
f 465/485/461 851/881/847 1345/1386/1341
f 1522/1570/1518 1523/1571/1519 1524/1572/1520
f 394/410/390 1525/1573/1521 1526/1574/1522
f 1050/1082/1046 561/581/557 1052/1084/1048
f 253/267/249 1527/1575/1523 1528/1576/1524
f 948/979/944 947/978/943 1169/1206/1164
f 1529/1577/1525 948/979/944 1169/1206/1164
f 1530/1578/1526 898/928/894 1531/1579/1527
f 1532/1580/1528 528/548/524 530/550/526
f 604/626/600 1095/1128/1090 1094/1127/1089
f 947/978/943 136/149/132 135/148/131
f 749/777/745 417/437/413 750/778/746
f 1217/1254/1212 417/437/413 749/777/745
f 528/548/524 1532/1580/1528 1533/1581/1529
f 1230/1267/1225 1231/1268/1226 528/548/524
f 558/578/554 1188/1225/1183 559/579/555
f 971/1002/967 1188/1225/1183 558/578/554
f 1534/1582/1530 1535/1583/1531 5/5/5
f 1158/1195/1153 1536/1584/1532 1159/1196/1154
f 1537/1585/1533 1162/1199/1157 1161/1198/1156
f 1538/1586/1534 1539/1587/1535 261/275/257
f 998/1030/994 84/92/80 83/91/79
f 1540/1588/1536 669/695/665 81/89/77
f 1535/1583/1531 260/274/256 307/322/303
f 1541/1589/1537 1542/1590/1538 1535/1583/1531
f 1542/1590/1538 260/274/256 1535/1583/1531
f 1161/1198/1156 1536/1584/1532 1537/1585/1533
f 321/336/317 724/752/719 723/751/718
f 1543/1591/1539 1544/1592/1540 1545/1593/1541
f 34/34/34 1546/1594/1542 32/32/32
f 26/26/26 1547/1595/1543 1543/1591/1539
f 1548/1596/1544 770/799/766 769/798/765
f 1549/1597/1545 754/782/750 753/781/749
f 1450/1495/1446 651/673/647 1451/1496/1447
f 111/123/107 1451/1496/1447 651/673/647
f 752/780/748 853/883/849 1550/1598/1546
f 1550/1598/1546 1551/1599/1547 752/780/748
f 1522/1570/1518 1524/1572/1520 1552/1600/1548
f 231/245/227 542/562/538 1382/1424/1378
f 1382/1424/1378 542/562/538 544/564/540
f 3/3/3 1137/1174/1132 131/144/127
f 3/3/3 131/144/127 413/431/409
f 1378/1420/1374 715/743/710 714/741/709
f 1553/1601/1549 1554/1603/1550 714/742/709
f 380/396/376 831/861/827 833/863/829
f 381/397/377 380/396/376 833/863/829
f 318/333/314 1555/1604/1551 319/334/315
f 1556/1605/1552 1557/1606/1553 1558/1607/1554
f 1357/1399/1353 1364/1406/1360 1358/1400/1354
f 1279/1319/1275 648/670/644 1276/1316/1272
f 1559/1608/1555 490/510/486 489/509/485
f 838/868/834 835/865/831 1560/1609/1556
f 403/419/399 1561/1610/1557 622/644/618
f 621/643/617 949/980/945 622/644/618
f 1337/1378/1333 1089/1122/1084 1088/1121/1083
f 1562/1611/1558 949/980/945 959/990/955
f 1562/1611/1558 622/644/618 949/980/945
f 921/952/917 928/959/924 922/953/918
f 267/281/263 928/959/924 7/7/7
f 393/409/389 1563/1612/1559 1289/1330/1285
f 1289/1330/1285 394/410/390 393/409/389
f 1283/1323/1279 1282/1322/1278 1564/1613/1560
f 1565/1614/1561 315/330/311 1566/1615/1562
f 1567/1616/1563 217/231/213 216/230/212
f 1568/1617/1564 301/316/297 300/315/296
f 1569/1618/1565 688/715/684 687/714/683
f 688/715/684 1570/1619/1566 215/229/211
f 1560/1609/1556 835/865/831 836/866/832
f 1567/1616/1563 1560/1609/1556 1571/1620/1567
f 416/436/412 415/435/411 1572/1621/1568
f 44/45/44 410/427/406 409/426/405
f 1327/1368/1323 1074/1107/1070 790/820/786
f 1074/1107/1070 1077/1110/1073 1076/1109/1072
f 150/163/146 1573/1622/1569 1387/1431/1383
f 1574/1623/1570 150/163/146 1112/1147/1107
f 1575/1624/1571 789/819/785 1576/1625/1572
f 373/389/369 319/334/315 1259/1298/1255
f 269/283/265 319/334/315 1555/1604/1551
f 127/139/123 1577/1626/1573 128/140/124
f 1578/1628/1574 582/604/578 1579/1629/1575
f 1400/1444/1396 1254/1293/1249 1467/1514/1463
f 1254/1293/1249 1468/1515/1464 1467/1514/1463
f 1055/1088/1051 501/521/497 1150/1187/1145
f 1150/1187/1145 501/521/497 503/523/499
f 1580/1630/1576 586/608/582 1227/1264/1222
f 1227/1264/1222 1228/1265/1223 1580/1630/1576
f 1476/1523/1472 93/101/89 1478/1525/1474
f 1082/1115/1078 1080/1113/1076 1581/1631/1577
f 55/57/55 761/789/757 38/38/38
f 43/44/43 42/43/42 1310/1351/1306
f 52/54/52 293/307/289 1384/1426/1380
f 1582/1632/1578 1200/1237/1195 1199/1236/1194
f 1577/1626/1573 1583/1633/1579 128/140/124
f 1584/1634/1580 1539/1587/1535 1538/1586/1534
f 402/418/398 1561/1610/1557 403/419/399
f 1585/1635/1581 1561/1610/1557 402/418/398
f 636/658/632 1413/1457/1409 1586/1636/1582
f 1587/1637/1583 1586/1636/1582 629/651/625
f 103/114/99 1530/1578/1526 537/557/533
f 1531/1579/1527 537/557/533 1530/1578/1526
f 415/435/411 58/61/58 44/45/44
f 415/435/411 44/45/44 1588/1638/1584
f 58/61/58 415/435/411 1589/1640/1585
f 56/58/56 59/63/59 58/62/58
f 964/995/960 525/545/521 966/997/962
f 1590/1641/1586 1010/1042/1006 525/545/521
f 1591/1642/1587 1592/1643/1588 1593/1644/1589
f 1594/1645/1590 595/617/591 444/464/440
f 681/708/677 568/589/564 1595/1646/1591
f 1596/1647/1592 1597/1648/1593 175/188/171
f 963/994/959 1598/1649/1594 964/995/960
f 964/995/960 1590/1641/1586 525/545/521
f 1599/1650/1595 1600/1651/1596 1107/1142/1102
f 1601/1652/1597 281/295/277 280/294/276
f 1435/1479/1431 1602/1653/1598 1603/1654/1599
f 1334/1375/1330 240/254/236 242/256/238
f 1084/1117/1080 1604/1655/1600 1085/1118/1081
f 1605/1656/1601 1606/1657/1602 941/972/937
f 1291/1332/1287 1607/1658/1603 1608/1659/1604
f 327/343/323 1182/1219/1177 1609/1660/1605
f 1610/1661/1606 654/676/650 656/678/652
f 656/678/652 1611/1662/1607 405/422/401
f 1168/1205/1163 1612/1663/1608 1167/1204/1162
f 1612/1663/1608 1168/1205/1163 656/678/652
f 1067/1100/1063 545/565/541 1613/1664/1609
f 1614/1665/1610 1606/1657/1602 1613/1664/1609
f 1614/1665/1610 1613/1664/1609 545/565/541
f 273/287/269 545/565/541 274/288/270
f 1331/1372/1327 1615/1666/1611 1335/1376/1331
f 1615/1666/1611 1331/1372/1327 375/391/371
f 111/123/107 312/327/308 1305/1346/1301
f 719/747/714 721/749/716 294/309/290
f 1616/1667/1612 1269/1309/1265 1617/1668/1613
f 1173/1210/1168 1616/1667/1612 1617/1668/1613
f 619/641/615 953/984/949 952/983/948
f 614/636/610 616/638/612 619/641/615
f 1192/1229/1187 1618/1669/1614 1619/1670/1615
f 1618/1669/1614 577/598/573 576/597/572
f 1620/1671/1616 1026/1058/1022 238/252/234
f 121/133/117 1023/1055/1019 122/134/118
f 1621/1672/1617 1039/1071/1035 1622/1673/1618
f 1039/1071/1035 1621/1672/1617 1465/1512/1461
f 122/134/118 1620/1671/1616 1134/1171/1129
f 873/903/869 872/902/868 1134/1171/1129
f 190/204/186 189/203/185 420/440/416
f 1245/1284/1240 420/440/416 189/203/185
f 1623/1674/1619 16/16/16 1624/1675/1620
f 160/173/156 1625/1676/1621 1626/1677/1622
f 660/684/656 1627/1678/1623 20/20/20
f 15/15/15 14/14/14 20/20/20
f 1628/1679/1624 1629/1680/1625 1430/1474/1426
f 755/783/751 1630/1681/1626 268/282/264
f 757/785/753 1402/1446/1398 1630/1681/1626
f 1630/1681/1626 755/783/751 757/785/753
f 285/299/281 1631/1682/1627 743/771/739
f 1632/1683/1628 1091/1124/1086 207/221/203
f 1633/1684/1629 229/243/225 145/158/141
f 1634/1685/1630 229/243/225 1633/1684/1629
f 1073/1106/1069 347/363/343 878/908/874
f 1603/1654/1599 1635/1686/1631 1636/1687/1632
f 1635/1686/1631 1603/1654/1599 1602/1653/1598
f 1474/1521/1470 1159/1196/1154 1637/1688/1633
f 1474/1521/1470 1637/1688/1633 1472/1519/1468
f 1638/1689/1634 1639/1690/1635 1071/1104/1067
f 1640/1691/1636 1641/1692/1637 1071/1104/1067
f 253/267/249 1528/1576/1524 1642/1693/1638
f 1643/1694/1639 254/268/250 253/267/249
f 959/990/955 1644/1695/1640 960/991/956
f 1124/1160/1119 1645/1696/1641 1646/1697/1642
f 23/23/23 788/818/784 787/817/783
f 1623/1674/1619 23/23/23 16/16/16
f 1647/1698/1643 970/1001/966 969/1000/965
f 1505/1552/1501 1503/1550/1499 970/1001/966
f 1123/1159/1118 1645/1696/1641 1124/1160/1119
f 1529/1577/1525 1260/1299/1256 1123/1159/1118
f 1626/1677/1622 1625/1676/1621 16/16/16
f 1626/1677/1622 16/16/16 18/18/18
f 676/703/672 1297/1338/1293 677/704/673
f 910/940/906 80/88/76 79/87/75
f 1377/1419/1373 1648/1699/1644 795/825/791
f 1649/1700/1645 902/932/898 795/825/791
f 887/917/883 186/200/182 888/918/884
f 187/201/183 186/200/182 887/917/883
f 1377/1419/1373 1375/1417/1371 1648/1699/1644
f 356/372/352 786/816/782 292/306/288
f 186/200/182 185/199/181 1650/1701/1646
f 185/199/181 1651/1702/1647 1015/1047/1011
f 1438/1482/1434 223/237/219 1652/1703/1648
f 1018/1050/1014 1650/1701/1646 185/199/181
f 659/683/655 957/988/953 1455/1500/1451
f 658/680/654 1653/1704/1649 659/683/655
f 494/514/490 878/908/874 347/363/343
f 876/906/872 878/908/874 1654/1705/1650
f 332/348/328 737/765/733 739/767/735
f 1445/1490/1441 332/348/328 1446/1491/1442
f 1446/1491/1442 1655/1706/1651 1447/1492/1443
f 1656/1707/1652 565/586/561 1657/1708/1653
f 31/31/31 1053/1086/1049 565/586/561
f 1139/1176/1134 1146/1183/1141 1145/1182/1140
f 645/667/641 1658/1709/1654 1659/1710/1655
f 142/155/138 1660/1711/1656 143/156/139
f 1659/1710/1655 1658/1709/1654 142/155/138
f 1139/1176/1134 863/893/859 138/151/134
f 142/155/138 1658/1709/1654 1660/1711/1656
f 1661/1712/1657 1662/1713/1658 1663/1714/1659
f 1012/1044/1008 434/454/430 1661/1712/1657
f 1664/1715/1660 624/646/620 623/645/619
f 1141/1178/1136 623/645/619 1142/1179/1137
f 321/336/317 34/34/34 33/33/33
f 321/336/317 1665/1716/1661 724/752/719
f 1178/1215/1173 1666/1717/1662 1179/1216/1174
f 324/339/320 1051/1083/1047 1667/1718/1663
f 1122/1158/1117 1668/1719/1664 354/370/350
f 1669/1720/1665 1445/1490/1441 1447/1492/1443
f 384/400/380 394/410/390 385/401/381
f 394/410/390 384/400/380 1670/1721/1666
f 777/807/773 91/99/87 1671/1722/1667
f 777/807/773 1671/1722/1667 778/808/774
f 748/776/744 148/161/144 1116/1151/1111
f 1116/1152/1111 1671/1722/1667 1672/1723/1668
f 1673/1724/1669 1192/1229/1187 1619/1670/1615
f 1194/1231/1189 680/707/676 1192/1229/1187
f 266/280/262 440/460/436 1065/1098/1061
f 885/915/881 1674/1725/1670 983/1014/979
f 1674/1725/1670 1435/1479/1431 1675/1726/1671
f 1547/1595/1543 901/931/897 1376/1418/1372
f 901/931/897 1374/1416/1370 1376/1418/1372
f 85/93/81 91/99/87 1476/1523/1472
f 781/811/777 91/99/87 85/93/81
f 1367/1409/1363 1369/1411/1365 1009/1041/1005
f 1009/1041/1005 1369/1411/1365 458/478/454
f 1282/1322/1278 1280/1320/1276 1676/1727/1672
f 1676/1727/1672 1280/1320/1276 1078/1111/1074
f 913/944/909 511/531/507 1677/1728/1673
f 279/293/275 278/292/274 1022/1054/1018
f 1678/1729/1674 1216/1253/1211 1217/1254/1212
f 1604/1655/1600 808/838/804 1679/1730/1675
f 808/838/804 742/770/738 1679/1730/1675
f 1680/1731/1676 915/946/911 914/945/910
f 933/964/929 824/854/820 823/853/819
f 925/956/921 926/957/922 286/300/282
f 1681/1732/1677 286/300/282 1682/1733/1678
f 1682/1733/1678 286/300/282 926/957/922
f 599/621/595 581/603/577 762/790/758
f 581/603/577 588/610/584 762/790/758
f 672/698/668 676/702/672 73/80/69
f 72/79/68 70/77/66 73/81/69
f 1683/1734/1679 1684/1735/1680 1317/1358/1313
f 1683/1734/1679 1685/1736/1681 1684/1735/1680
f 1283/1323/1279 1281/1321/1277 1280/1320/1276
f 1686/1737/1682 1362/1404/1358 1361/1403/1357
f 1687/1738/1683 1565/1614/1561 1566/1615/1562
f 1360/1402/1356 556/576/552 1687/1738/1683
f 763/791/759 850/880/846 1238/1277/1233
f 1238/1277/1233 850/880/846 1236/1273/1231
f 1229/1266/1224 1688/1739/1684 821/851/817
f 1580/1630/1576 585/607/581 586/608/582
f 1307/1348/1303 35/35/35 37/37/37
f 374/390/370 376/392/372 35/35/35
f 1018/1050/1014 1020/1052/1016 1438/1482/1434
f 1018/1050/1014 1438/1482/1434 1650/1701/1646
f 1689/1740/1685 865/895/861 1690/1741/1686
f 1691/1742/1687 866/896/862 1692/1743/1688
f 1693/1744/1689 866/896/862 1397/1441/1393
f 1397/1441/1393 866/896/862 1691/1742/1687
f 1044/1076/1040 424/444/420 423/443/419
f 1047/1079/1043 1287/1328/1283 1288/1329/1284
f 294/309/290 721/749/716 295/310/291
f 722/750/717 1694/1745/1690 723/751/718
f 533/553/529 1307/1348/1303 37/37/37
f 1308/1349/1304 1307/1348/1303 535/555/531
f 818/848/814 1695/1746/1691 819/849/815
f 1695/1746/1691 818/848/814 1523/1571/1519
f 773/802/769 775/804/771 1696/1747/1692
f 654/676/650 659/682/655 1455/1501/1451
f 569/590/565 681/708/677 156/169/152
f 1061/1094/1057 1697/1748/1693 1698/1749/1694
f 539/559/535 1697/1748/1693 1570/1619/1566
f 1059/1092/1055 1273/1313/1269 1060/1093/1056
f 372/388/368 368/384/364 367/383/363
f 1699/1750/1695 744/772/740 746/774/742
f 926/957/922 744/772/740 1699/1750/1695
f 912/942/908 1578/1628/1574 1579/1629/1575
f 581/603/577 1440/1484/1436 588/610/584
f 1700/1751/1696 277/291/273 279/293/275
f 1120/1156/1115 1122/1158/1117 1700/1751/1696
f 475/495/471 1389/1433/1385 1388/1432/1384
f 307/322/303 475/495/471 1388/1432/1384
f 714/741/709 1554/1602/1550 1378/1420/1374
f 1114/1149/1109 1025/1057/1021 1024/1056/1020
f 1456/1502/1452 727/755/723 729/757/725
f 76/84/72 78/86/74 1553/1601/1549
f 997/1029/993 71/78/67 1336/1377/1332
f 375/391/371 1701/1752/1697 1615/1666/1611
f 1321/1362/1317 989/1020/985 1702/1753/1698
f 1605/1656/1601 1703/1754/1699 813/843/809
f 799/829/795 940/971/936 939/970/935
f 1704/1755/1700 1703/1754/1699 1605/1656/1601
f 807/837/803 806/836/802 1704/1755/1700
f 448/468/444 447/467/443 646/668/642
f 602/624/598 1301/1342/1297 1303/1344/1299
f 1328/1369/1324 382/398/378 1329/1370/1325
f 382/398/378 379/395/375 381/397/377
f 1705/1756/1701 1118/1154/1113 1239/1278/1234
f 918/949/914 1501/1548/1497 170/183/166
f 1706/1757/1702 792/822/788 1707/1758/1703
f 1383/1425/1379 236/250/232 235/249/231
f 1136/1173/1131 1135/1172/1130 496/516/492
f 246/260/242 496/516/492 247/261/243
f 1029/1061/1025 1708/1759/1704 1030/1062/1026
f 1657/1708/1653 1029/1061/1025 1709/1760/1705
f 232/246/228 29/29/29 1710/1761/1706
f 1367/1409/1363 29/29/29 232/246/228
f 29/29/29 1711/1762/1707 1710/1761/1706
f 1657/1708/1653 1709/1760/1705 1656/1707/1652
f 1419/1463/1415 362/378/358 1420/1464/1416
f 352/368/348 351/367/347 361/377/357
f 1422/1466/1418 1421/1465/1417 1420/1464/1416
f 503/523/499 1712/1763/1708 112/124/108
f 592/614/588 1461/1507/1457 1460/1506/1456
f 591/613/587 1461/1507/1457 592/614/588
f 592/614/588 1460/1506/1456 1713/1764/1709
f 1460/1506/1456 1462/1508/1458 1713/1764/1709
f 1356/1398/1352 639/661/635 1371/1413/1367
f 1356/1398/1352 1359/1401/1355 1714/1765/1710
f 1518/1565/1514 72/79/68 716/744/711
f 1512/1559/1508 68/73/64 1519/1566/1515
f 1697/1748/1693 539/559/535 1698/1749/1694
f 693/720/689 1056/1089/1052 1698/1749/1694
f 801/831/797 1715/1766/1711 802/832/798
f 794/824/790 1715/1766/1711 163/176/159
f 477/497/473 763/791/759 1716/1768/1712
f 477/497/473 1716/1768/1712 98/108/94
f 163/176/159 1715/1766/1711 801/831/797
f 801/831/797 164/177/160 163/176/159
f 1008/1040/1004 838/868/834 837/867/833
f 441/461/437 837/867/833 296/311/292
f 1532/1580/1528 530/550/526 1717/1769/1713
f 593/615/589 1718/1770/1714 606/628/602
f 1719/1771/1715 597/619/593 596/618/592
f 111/123/107 119/131/115 1720/1772/1716
f 1721/1773/1717 1720/1772/1716 1322/1363/1318
f 640/662/636 1722/1774/1718 641/663/637
f 1353/1395/1349 1019/1051/1015 1354/1396/1350
f 988/1019/984 1723/1775/1719 1318/1359/1314
f 1311/1352/1307 988/1019/984 987/1018/983
f 1724/1776/1720 117/129/113 116/128/112
f 862/892/858 1139/1176/1134 1145/1182/1140
f 1142/1179/1137 623/645/619 862/892/858
f 991/1023/987 993/1025/989 408/425/404
f 1725/1777/1721 437/457/433 391/407/387
f 259/273/255 476/496/472 475/495/471
f 258/272/254 406/423/402 259/273/255
f 1272/1312/1268 1617/1668/1613 1269/1309/1265
f 689/716/685 202/216/198 686/713/682
f 1726/1778/1722 1481/1528/1477 1480/1527/1476
f 632/654/628 634/656/630 166/179/162
f 1501/1548/1497 632/654/628 166/179/162
f 702/729/698 1727/1779/1723 205/219/201
f 935/966/931 205/219/201 1728/1780/1724
f 1729/1781/1725 942/973/938 1730/1782/1726
f 968/999/964 1731/1783/1727 1498/1545/1494
f 665/690/661 668/694/664 1732/1784/1728
f 1708/1759/1704 1733/1785/1729 1030/1062/1026
f 1030/1062/1026 1733/1785/1729 1734/1786/1730
f 139/152/135 1735/1787/1731 1170/1207/1165
f 1585/1635/1581 404/421/400 685/712/681
f 404/420/400 1585/1635/1581 402/418/398
f 1736/1788/1732 427/447/423 1737/1789/1733
f 603/625/599 1472/1519/1468 1098/1131/1093
f 1470/1517/1466 603/625/599 605/627/601
f 544/564/540 543/563/539 1738/1790/1734
f 1066/1099/1062 1067/1100/1063 1634/1685/1630
f 1066/1099/1062 546/566/542 1067/1100/1063
f 1067/1100/1063 546/566/542 545/565/541
f 978/1009/974 227/241/223 330/346/326
f 1739/1791/1735 978/1009/974 1740/1792/1736
f 1683/1734/1679 1317/1358/1313 1316/1357/1312
f 335/351/331 1314/1355/1310 1313/1354/1309
f 1741/1793/1737 1065/1098/1061 709/736/704
f 876/906/872 1654/1705/1650 1740/1792/1736
f 494/514/490 1742/1794/1738 497/517/493
f 707/734/703 890/920/886 708/735/720
f 1743/1795/1739 927/958/923 822/852/818
f 1743/1795/1739 1744/1796/1740 549/569/545
f 1184/1221/1179 1180/1217/1175 1177/1214/1172
f 1177/1214/1172 1180/1217/1175 1178/1215/1173
f 1/1/1 413/431/409 1180/1217/1175
f 1183/1220/1178 1/1/1 1180/1217/1175
f 1745/1797/1741 483/503/479 551/571/547
f 1744/1796/1740 1743/1795/1739 1688/1739/1684
f 1271/1311/1267 1172/1209/1167 1171/1208/1166
f 1746/1798/1742 1747/1799/1743 642/664/638
f 642/664/638 641/663/637 1520/1568/1516
f 204/218/200 1271/1311/1267 686/713/682
f 1746/1798/1742 642/664/638 1748/1800/1744
f 1746/1798/1742 764/792/760 766/794/762
f 855/885/851 1593/1644/1589 1195/1232/1190
f 1593/1644/1589 1592/1643/1588 1594/1645/1590
f 934/965/930 547/567/543 938/969/934
f 936/967/932 555/575/551 937/968/933
f 1748/1800/1744 1344/1385/1340 764/792/760
f 764/792/760 1746/1798/1742 1748/1800/1744
f 690/717/686 18/18/18 908/938/904
f 161/174/157 18/18/18 690/717/686
f 731/759/727 733/761/729 734/762/730
f 1749/1801/1745 575/596/571 734/762/730
f 127/139/123 1539/1587/1535 1577/1626/1573
f 589/611/585 583/605/579 1164/1201/1159
f 583/605/579 589/611/585 584/606/580
f 453/473/449 1348/1389/1344 454/474/450
f 1302/1343/1298 857/887/853 856/886/852
f 1069/1102/1065 1430/1474/1426 1429/1473/1425
f 1069/1102/1065 661/685/657 751/779/747
f 759/787/755 318/333/314 760/788/756
f 318/333/314 320/335/316 852/882/848
f 1180/1217/1175 413/431/409 664/688/660
f 664/689/660 668/694/664 665/690/661
f 1410/1454/1406 1411/1455/1407 1408/1452/1404
f 170/183/166 1750/1802/1746 917/948/913
f 1674/1725/1670 885/915/881 224/238/220
f 888/918/884 1458/1504/1454 1459/1505/1455
f 455/475/451 297/312/293 296/311/292
f 1568/1617/1564 300/315/296 1567/1616/1563
f 682/709/678 568/589/564 1751/1803/1747
f 567/588/563 1751/1803/1747 568/589/564
f 1752/1804/1748 461/481/457 717/745/712
f 560/580/556 94/102/90 1752/1804/1748
f 273/287/269 1614/1665/1610 545/565/541
f 1753/1805/1749 1614/1665/1610 273/287/269
f 688/715/684 214/228/210 202/216/198
f 214/228/210 203/217/199 202/216/198
f 944/975/940 943/974/939 974/1005/970
f 323/338/319 1657/1708/1653 565/586/561
f 1708/1759/1704 323/338/319 1733/1785/1729
f 26/26/26 25/25/25 1547/1595/1543
f 901/931/897 1547/1595/1543 28/28/28
f 587/609/583 1373/1415/1369 1372/1414/1368
f 587/609/583 761/789/757 588/610/584
f 1754/1806/1750 1600/1651/1596 1599/1650/1595
f 397/413/393 1754/1806/1750 1599/1650/1595
f 855/885/851 1195/1232/1190 1197/1234/1192
f 454/474/450 855/885/851 1197/1234/1192
f 640/662/636 642/664/638 1747/1799/1743
f 1363/1405/1359 640/662/636 1747/1799/1743
f 1722/1774/1718 1354/1396/1350 1017/1049/1013
f 1354/1396/1350 1355/1397/1351 1017/1049/1013
f 915/946/911 1755/1807/1751 249/263/245
f 1755/1807/1751 915/946/911 1756/1808/1752
f 915/946/911 1757/1809/1753 1756/1808/1752
f 1127/1163/1122 1600/1651/1596 1754/1806/1750
f 1108/1143/1103 1128/1164/1123 1105/1139/1100
f 1722/1774/1718 1353/1395/1349 1354/1396/1350
f 448/468/444 1353/1395/1349 1722/1774/1718
f 1758/1810/1754 246/260/242 248/262/244
f 1739/1791/1735 1740/1792/1736 246/260/242
f 1499/1546/1495 167/180/163 844/874/840
f 1685/1736/1681 844/874/840 1442/1487/1438
f 1199/1236/1194 244/258/240 1202/1239/1197
f 1199/1236/1194 1202/1239/1197 1759/1811/1755
f 314/329/310 1566/1615/1562 315/330/311
f 167/180/163 314/329/310 1760/1812/1756
f 167/180/163 1761/1813/1757 314/329/310
f 513/533/509 512/532/508 1762/1814/1758
f 1491/1538/1487 1488/1535/1484 1763/1815/1759
f 770/799/766 255/269/251 1764/1816/1760
f 1444/1489/1440 770/799/766 1764/1816/1760
f 541/561/537 13/13/13 15/15/15
f 909/939/905 13/13/13 541/561/537
f 1251/1290/1246 1390/1434/1386 1389/1433/1385
f 473/493/469 472/492/468 1765/1817/1761
f 128/140/124 1766/1818/1762 129/141/125
f 621/643/617 620/642/616 129/141/125
f 331/347/327 1767/1819/1763 737/765/733
f 1621/1672/1617 1622/1673/1618 575/596/571
f 1550/1598/1546 256/270/252 1551/1599/1547
f 745/773/741 747/775/743 748/776/744
f 286/300/282 743/771/739 925/956/921
f 1768/1820/1764 1047/1079/1043 1044/1076/1040
f 1044/1076/1040 1047/1079/1043 1045/1077/1041
f 1161/1198/1156 260/274/256 1542/1590/1538
f 1161/1198/1156 258/272/254 260/274/256
f 491/511/487 1769/1821/1765 1125/1161/1120
f 126/138/122 701/728/697 308/323/304
f 702/729/698 701/728/697 1727/1779/1723
f 1012/1044/1008 1663/1714/1659 526/546/522
f 1012/1044/1008 1661/1712/1657 1663/1714/1659
f 533/553/529 536/556/532 535/555/531
f 533/553/529 535/555/531 1307/1348/1303
f 768/796/764 767/795/763 1107/1142/1102
f 1107/1142/1102 767/795/763 1601/1652/1597
f 1405/1449/1401 1398/1442/1394 1404/1448/1400
f 1393/1437/1389 1392/1436/1388 338/354/334
f 280/294/276 1033/1065/1029 1032/1064/1028
f 282/296/278 1033/1065/1029 280/294/276
f 280/294/276 1032/1064/1028 1036/1068/1032
f 1035/1067/1031 280/294/276 1036/1068/1032
f 1010/1042/1006 338/354/334 1011/1043/1007
f 1010/1042/1006 1011/1043/1007 526/546/522
f 1278/1318/1274 644/666/640 643/665/639
f 141/154/137 135/148/131 137/150/133
f 1531/1579/1527 1533/1581/1529 1532/1580/1528
f 537/557/533 1531/1579/1527 894/924/890
f 1057/1090/1053 1770/1822/1766 1232/1269/1227
f 694/721/690 1232/1269/1227 695/722/691
f 968/999/964 1498/1545/1494 1186/1223/1181
f 1186/1223/1181 975/1006/971 968/999/964
f 912/943/908 911/941/907 1578/1627/1574
f 14/14/14 19/19/19 1771/1823/1767
f 1110/1145/1105 499/519/495 1111/1146/1106
f 337/353/333 977/1008/973 100/110/96
f 1494/1541/1490 100/110/96 977/1008/973
f 253/267/249 560/580/556 1527/1575/1523
f 181/194/177 183/196/179 570/591/566
f 1751/1803/1747 570/591/566 572/593/568
f 570/591/566 183/196/179 579/600/575
f 573/594/569 579/600/575 574/595/570
f 1124/1160/1119 951/982/947 1772/1824/1768
f 1646/1697/1642 951/982/947 1124/1160/1119
f 1398/1442/1394 1256/1295/1251 1399/1443/1395
f 1398/1442/1394 1405/1449/1401 1390/1434/1386
f 1251/1290/1246 1253/1292/1248 1390/1434/1386
f 1398/1442/1394 1390/1434/1386 1253/1292/1248
f 1516/1563/1512 462/482/458 464/484/460
f 1662/1713/1658 1661/1712/1657 712/739/707
f 1086/1119/1082 88/96/84 1090/1123/1085
f 228/242/224 1090/1123/1085 229/243/225
f 891/921/887 725/753/721 708/735/720
f 1727/1779/1723 126/138/122 125/137/121
f 1067/1100/1063 230/244/226 1634/1685/1630
f 1634/1685/1630 230/244/226 229/243/225
f 1773/1825/1769 725/753/721 891/921/887
f 264/278/260 1774/1826/1770 459/479/455
f 663/687/659 662/686/658 1546/1594/1542
f 32/32/32 1546/1594/1542 662/686/658
f 950/981/946 1469/1516/1465 605/627/601
f 951/982/947 950/981/946 1772/1824/1768
f 379/395/375 649/671/645 380/396/376
f 383/399/379 1451/1496/1447 379/395/375
f 950/981/946 605/627/601 1772/1824/1768
f 605/627/601 947/978/943 946/977/942
f 615/637/611 1732/1784/1728 668/694/664
f 1735/1787/1731 615/637/611 614/636/610
f 138/151/134 864/894/860 139/152/135
f 139/152/135 1030/1062/1026 1775/1827/1771
f 1742/1794/1738 495/515/491 497/517/493
f 1742/1794/1738 871/901/867 1343/1384/1339
f 223/237/219 1439/1483/1435 1437/1481/1433
f 1439/1483/1435 1776/1828/1772 1437/1481/1433
f 1112/1147/1107 1113/1148/1108 1777/1829/1773
f 1112/1147/1107 1777/1829/1773 442/462/438
f 1778/1830/1774 283/297/279 155/168/151
f 155/168/151 1779/1831/1775 1778/1830/1774
f 1086/1119/1082 1085/1118/1081 88/96/84
f 805/835/801 1679/1730/1675 742/770/738
f 1133/1170/1128 873/903/869 1134/1171/1129
f 873/903/869 1200/1237/1195 1235/1272/1230
f 292/306/288 291/305/287 355/371/351
f 291/305/287 1003/1035/999 355/371/351
f 1780/1832/1776 1781/1833/1777 1782/1834/1778
f 1780/1832/1776 963/994/959 965/996/961
f 240/254/236 1636/1687/1632 225/239/221
f 1636/1687/1632 1206/1243/1201 225/239/221
f 227/241/223 226/240/222 329/345/325
f 1203/1240/1198 1205/1242/1200 1783/1835/1779
f 1549/1597/1545 753/781/749 769/798/765
f 771/800/767 758/786/754 769/798/765
f 1020/1052/1016 1439/1483/1435 1438/1482/1434
f 1784/1836/1780 1020/1052/1016 452/472/448
f 101/111/97 1494/1541/1490 1785/1837/1781
f 979/1010/975 1786/1838/1782 1787/1839/1783
f 1063/1096/1059 1062/1095/1058 1059/1092/1055
f 1205/1242/1200 101/111/97 1783/1835/1779
f 329/345/325 101/111/97 1785/1837/1781
f 867/897/863 303/318/299 1788/1840/1784
f 1788/1840/1784 1240/1279/1235 867/897/863
f 185/199/181 1789/1841/1785 1651/1702/1647
f 1790/1842/1786 465/485/461 1345/1386/1341
f 173/186/169 486/506/482 1607/1658/1603
f 305/320/301 1607/1658/1603 486/506/482
f 1791/1843/1787 1412/1456/1408 1405/1449/1401
f 1792/1844/1788 1535/1583/1531 307/322/303
f 1466/1513/1462 1563/1612/1559 173/186/169
f 396/412/392 1563/1612/1559 393/409/389
f 1793/1845/1789 4/4/4 1719/1771/1715
f 1793/1845/1789 1719/1771/1715 1794/1846/1790
f 1373/1415/1369 670/696/666 1165/1202/1160
f 590/612/586 592/614/588 670/696/666
f 596/618/592 1794/1846/1790 1719/1771/1715
f 606/628/602 1718/1770/1714 607/629/603
f 1795/1847/1791 852/882/848 320/335/316
f 607/629/603 854/884/850 1796/1848/1792
f 1796/1848/1792 854/884/850 857/887/853
f 218/232/214 160/173/156 159/172/155
f 219/233/215 691/718/687 220/234/216
f 76/84/72 997/1029/993 1268/1308/1264
f 76/84/72 71/78/67 997/1029/993
f 1568/1617/1564 1567/1616/1563 216/230/212
f 1797/1849/1793 219/233/215 221/235/217
f 617/639/613 619/641/615 952/983/948
f 960/991/956 961/992/957 958/989/954
f 1183/1220/1178 1486/1533/1482 1129/1166/1124
f 2/2/2 1/1/1 1183/1220/1178
f 475/495/471 1798/1850/1794 1389/1433/1385
f 473/493/469 1799/1851/1795 1389/1433/1385
f 607/629/603 1718/1770/1714 596/618/592
f 607/629/603 1591/1642/1587 854/884/850
f 482/502/478 1800/1852/1796 552/572/548
f 829/859/825 827/857/823 830/860/826
f 10/10/10 9/9/9 1064/1097/1060
f 12/12/12 9/9/9 10/10/10
f 81/89/77 84/92/80 998/1030/994
f 81/89/77 80/88/76 84/92/80
f 79/87/75 1297/1338/1293 910/940/906
f 884/914/880 881/911/877 882/912/878
f 881/911/877 884/914/880 1333/1374/1329
f 818/848/814 316/331/312 1523/1571/1519
f 234/248/230 316/331/312 235/249/231
f 1801/1853/1797 191/205/187 1452/1497/1448
f 1801/1853/1797 342/358/338 341/357/337
f 1106/1140/1101 1802/1854/1798 1107/1141/1102
f 1803/1855/1799 1802/1854/1798 1106/1140/1101
f 1804/1856/1800 839/869/835 651/673/647
f 1450/1495/1446 1804/1856/1800 651/673/647
f 112/124/108 114/126/110 1724/1776/1720
f 1805/1857/1801 1400/1444/1396 1467/1514/1463
f 1398/1442/1394 1400/1444/1396 1403/1447/1399
f 272/286/268 740/768/736 742/770/738
f 798/828/794 1425/1469/1421 742/770/738
f 327/343/323 1806/1858/1802 328/344/324
f 1291/1332/1287 1608/1659/1604 1807/1859/1803
f 49/51/49 1774/1826/1770 1773/1825/1769
f 684/711/680 685/712/681 1167/1204/1162
f 1585/1635/1581 685/712/681 684/711/680
f 729/757/725 728/756/724 1231/1268/1226
f 529/549/525 1231/1268/1226 728/756/724
f 1229/1266/1224 484/504/480 1688/1739/1684
f 1744/1796/1740 1688/1739/1684 484/504/480
f 184/197/180 1426/1470/1422 469/489/465
f 829/859/825 1426/1470/1422 827/857/823
f 198/212/194 197/211/193 703/730/699
f 704/731/700 309/324/305 706/733/702
f 276/290/272 1415/1459/1411 1414/1458/1410
f 1413/1457/1409 1808/1860/1804 276/290/272
f 276/290/272 198/212/194 937/968/933
f 198/212/194 703/730/699 937/968/933
f 979/1010/975 1787/1839/1783 877/907/873
f 1100/1133/1095 347/363/343 877/907/873
f 46/47/46 45/46/45 36/36/36
f 803/833/799 1625/1676/1621 160/173/156
f 1560/1609/1556 836/866/832 1571/1620/1567
f 1710/1761/1706 1656/1707/1652 1709/1760/1705
f 232/246/228 1710/1761/1706 233/247/229
f 1631/1682/1627 195/209/191 743/771/739
f 145/158/141 144/157/140 195/209/191
f 275/289/271 1427/1471/1423 1138/1175/1133
f 231/245/227 233/247/229 1031/1063/1027
f 145/158/141 195/209/191 1809/1861/1805
f 1093/1126/1088 1092/1125/1087 1632/1683/1628
f 289/303/285 427/447/423 1736/1788/1732
f 954/985/950 953/984/949 1448/1493/1444
f 613/635/609 1448/1493/1444 953/984/949
f 377/393/373 1511/1558/1507 1220/1257/1215
f 1220/1257/1215 1511/1558/1507 1518/1565/1514
f 1050/1082/1046 387/403/383 562/583/558
f 562/583/558 387/403/383 563/584/559
f 209/223/205 208/222/204 263/277/259
f 209/223/205 1633/1684/1629 1092/1125/1087
f 1510/1557/1506 1511/1558/1507 1810/1862/1806
f 1810/1862/1806 40/40/40 1510/1557/1506
f 738/766/734 1655/1706/1651 739/767/735
f 1005/1037/1001 1811/1863/1807 1125/1161/1120
f 291/305/287 162/175/158 1003/1035/999
f 1114/1149/1109 1024/1056/1020 982/1013/978
f 982/1013/978 1024/1056/1020 675/701/671
f 1041/1073/1037 182/195/178 1350/1391/1346
f 1621/1672/1617 1350/1391/1346 1465/1512/1461
f 1558/1607/1554 1812/1864/1808 1556/1605/1552
f 1812/1864/1808 756/784/752 1813/1865/1809
f 301/316/297 1568/1617/1564 1341/1382/1337
f 1341/1382/1337 1295/1336/1291 1489/1536/1485
f 1556/1605/1552 1814/1866/1810 1815/1867/1811
f 1814/1866/1810 271/285/267 270/284/266
f 302/317/298 1393/1437/1389 524/544/520
f 302/317/298 1391/1435/1387 1393/1437/1389
f 1629/1680/1625 1816/1868/1812 660/684/656
f 1428/1472/1424 660/684/656 1431/1475/1427
f 705/732/701 704/731/700 1337/1378/1333
f 704/731/700 706/733/702 197/211/193
f 524/544/520 1453/1498/1449 1598/1649/1594
f 597/619/593 1598/1649/1594 445/465/441
f 639/661/635 1817/1869/1813 627/649/623
f 1818/1870/1814 766/794/762 1819/1871/1815
f 1820/1872/1816 1371/1413/1367 1821/1873/1817
f 1257/1296/1252 1258/1297/1253 1821/1873/1817
f 1338/1379/1334 680/707/676 1194/1231/1189
f 678/705/674 680/707/676 1464/1511/1460
f 357/373/353 901/931/897 28/28/28
f 899/929/895 901/931/897 357/373/353
f 527/547/523 1822/1874/1818 1209/1246/1204
f 966/997/962 525/545/521 527/547/523
f 741/769/737 89/97/85 805/835/801
f 1516/1563/1512 1823/1875/1819 1662/1713/1658
f 1662/1713/1658 462/482/458 1516/1563/1512
f 367/383/363 967/998/963 1049/1081/1045
f 1047/1079/1043 1049/1081/1045 1824/1876/1820
f 241/255/237 227/241/223 1825/1877/1821
f 1739/1791/1735 246/260/242 1758/1810/1754
f 359/375/355 199/213/195 201/215/197
f 190/204/186 1826/1878/1822 463/483/459
f 190/204/186 420/440/416 1826/1878/1822
f 1473/1520/1469 1637/1688/1633 4/4/4
f 1472/1519/1468 1637/1688/1633 1473/1520/1469
f 1827/1879/1823 1481/1528/1477 1106/1140/1101
f 1827/1879/1823 1106/1140/1101 1108/1143/1103
f 1413/1457/1409 638/660/634 1087/1120/1254
f 1413/1457/1409 1087/1120/1254 1808/1860/1804
f 1828/1880/1824 674/700/670 673/699/669
f 1025/1057/1021 1114/1149/1109 1456/1502/1452
f 1620/1671/1616 1025/1057/1021 1026/1058/1022
f 129/141/125 1766/1818/1762 621/643/617
f 1829/1881/1825 950/981/946 621/643/617
f 195/209/191 144/157/140 147/160/143
f 468/488/464 848/878/844 1236/1274/1231
f 1237/1275/1232 1236/1274/1231 848/878/844
f 1027/1059/1023 1677/1728/1673 1028/1060/1024
f 279/293/275 1022/1054/1018 1677/1728/1673
f 885/915/881 239/253/235 886/916/882
f 885/915/881 886/916/882 224/238/220
f 1704/1755/1700 806/836/802 1703/1754/1699
f 813/843/809 1703/1754/1699 806/836/802
f 735/763/731 734/762/730 331/347/327
f 331/347/327 734/762/730 1767/1819/1763
f 858/888/854 841/871/837 464/484/460
f 841/871/837 1517/1564/1513 464/484/460
f 1457/1503/1453 726/754/722 1026/1058/1022
f 726/754/722 1457/1503/1453 1458/1504/1454
f 1830/1882/1826 473/493/469 1765/1817/1761
f 328/344/324 305/320/301 304/319/300
f 419/439/415 1831/1883/1827 1832/1884/1828
f 409/426/405 1831/1883/1827 419/439/415
f 1244/1283/1239 1246/1285/1241 1248/1287/1243
f 431/451/427 1833/1885/1829 432/452/428
f 1834/1886/1830 1309/1350/1305 987/1018/983
f 1835/1887/1831 1836/1888/1832 987/1018/983
f 755/783/751 268/282/264 1628/1679/1624
f 12/12/12 1837/1889/1833 268/282/264
f 1351/1392/1347 780/810/776 782/812/778
f 97/105/93 1352/1394/1348 1351/1392/1347
f 439/459/435 1836/1888/1832 438/458/434
f 1838/1890/1834 1834/1886/1830 987/1018/983
f 1661/1712/1657 1690/1741/1686 1148/1185/1143
f 432/452/428 1690/1741/1686 865/895/861
f 1839/1891/1835 1116/1152/1111 1672/1723/1668
f 1672/1723/1668 1351/1392/1347 1839/1891/1835
f 411/428/407 410/427/406 1306/1347/1302
f 439/459/435 1840/1892/1836 1836/1888/1832
f 1661/1712/1657 1148/1185/1143 711/738/706
f 1661/1712/1657 711/738/706 712/739/707
f 1687/1738/1683 1566/1615/1562 1360/1402/1356
f 1762/1814/1758 554/574/550 1360/1402/1356
f 1536/1584/1532 1541/1589/1537 1159/1196/1154
f 1534/1582/1530 5/5/5 4/4/4
f 1483/1530/1479 1485/1532/1481 151/164/147
f 151/164/147 1485/1532/1481 171/184/167
f 1280/1320/1276 481/501/477 480/500/476
f 480/500/476 1078/1111/1074 1280/1320/1276
f 1302/1343/1298 1841/1893/1837 1299/1340/1295
f 1302/1343/1298 1299/1340/1295 1303/1344/1299
f 983/1014/979 1674/1725/1670 1675/1726/1671
f 884/914/880 983/1014/979 1333/1374/1329
f 179/192/175 1445/1490/1441 1121/1157/1116
f 1121/1157/1116 1668/1719/1664 1122/1158/1117
f 181/194/177 567/588/563 566/587/562
f 681/708/677 1595/1646/1591 157/170/153
f 156/169/152 681/708/677 157/170/153
f 479/499/475 87/95/83 1154/1191/1149
f 1817/1869/1813 1842/1894/1838 1843/1895/1839
f 1844/1896/1840 1817/1869/1813 1843/1895/1839
f 1843/1895/1839 86/94/82 1844/1896/1840
f 716/744/711 1335/1376/1331 1615/1666/1611
f 1218/1255/1213 716/744/711 1615/1666/1611
f 1673/1724/1669 1619/1670/1615 175/188/171
f 175/188/171 1193/1230/1188 1194/1231/1189
f 176/189/172 508/528/504 1845/1897/1841
f 1845/1897/1841 177/190/173 176/189/172
f 48/49/48 1846/1898/1842 49/51/49
f 652/674/648 1157/1194/1152 1847/1899/1843
f 1224/1261/1219 591/613/587 590/612/586
f 1753/1805/1749 273/287/269 624/646/620
f 624/646/620 1664/1715/1660 939/970/935
f 800/830/796 939/970/935 1664/1715/1660
f 1081/1114/1077 1848/1900/1844 1141/1178/1136
f 1605/1656/1601 813/843/809 1606/1657/1602
f 1606/1657/1602 1604/1655/1600 1084/1117/1080
f 180/193/176 1121/1157/1116 1120/1156/1115
f 180/193/176 1118/1154/1113 1705/1756/1701
f 809/839/805 811/841/807 352/368/348
f 352/368/348 361/377/357 812/842/808
f 256/270/252 255/269/251 1551/1599/1547
f 769/798/765 753/781/749 1548/1596/1544
f 735/763/731 331/347/327 1409/1453/1405
f 735/763/731 1409/1453/1405 1849/1901/1845
f 1394/1438/1390 1850/1902/1846 705/732/701
f 53/55/53 1850/1902/1846 1394/1438/1390
f 472/492/468 1129/1166/1124 1486/1533/1482
f 472/492/468 326/342/322 328/344/324
f 1168/1205/1163 1610/1661/1606 656/678/652
f 685/712/681 657/679/653 1168/1205/1163
f 1367/1409/1363 443/463/439 29/29/29
f 30/30/30 29/29/29 443/463/439
f 997/1029/993 1336/1377/1332 999/1031/995
f 716/744/711 75/83/71 1335/1376/1331
f 19/19/19 17/17/17 23/23/23
f 19/19/19 23/23/23 1771/1823/1767
f 376/392/372 1331/1372/1327 1332/1373/1328
f 47/48/47 35/35/35 376/392/372
f 1269/1309/1265 689/716/685 1272/1312/1268
f 1294/1335/1290 689/716/685 1269/1309/1265
f 795/825/791 903/933/899 796/826/792
f 1624/1675/1620 16/16/16 1625/1676/1621
f 55/57/55 59/63/59 56/58/56
f 42/43/42 55/57/55 38/38/38
f 1623/1674/1619 788/818/784 23/23/23
f 1649/1700/1645 899/929/895 902/932/898
f 1681/1732/1677 284/298/280 286/300/282
f 935/966/931 1728/1780/1724 1681/1732/1677
f 247/261/243 237/251/233 879/909/875
f 1135/1172/1130 1851/1903/1847 237/251/233
f 496/516/492 1135/1172/1130 247/261/243
f 247/261/243 1135/1172/1130 237/251/233
f 913/944/909 1852/1904/1848 509/529/505
f 1423/1467/1419 630/652/626 629/651/625
f 540/560/536 519/539/515 521/541/517
f 688/715/684 1569/1618/1565 1570/1619/1566
f 1325/1366/1321 1852/1904/1848 913/944/909
f 914/945/910 1325/1366/1321 913/944/909
f 908/938/904 909/939/905 541/561/537
f 1296/1337/1292 1064/1097/1060 908/938/904
f 452/472/448 1020/1052/1016 1019/1051/1015
f 1300/1341/1296 1019/1051/1015 1353/1395/1349
f 194/208/190 1287/1328/1283 1853/1905/1849
f 1768/1820/1764 1044/1076/1040 1853/1905/1849
f 1525/1573/1521 1105/1138/1100 1526/1574/1522
f 1105/1138/1100 1128/1165/1123 1526/1574/1522
f 992/1024/988 1725/1777/1721 993/1025/989
f 408/425/404 993/1025/989 1725/1777/1721
f 291/305/287 290/304/286 794/824/790
f 794/824/790 797/827/793 804/834/800
f 1721/1773/1717 1322/1363/1318 1323/1364/1319
f 337/353/333 1211/1248/1206 834/864/830
f 1532/1580/1528 1717/1769/1713 895/925/891
f 523/543/519 421/441/417 420/440/416
f 1245/1284/1240 523/543/519 420/440/416
f 1707/1758/1703 235/249/231 317/332/313
f 1383/1425/1379 235/249/231 1707/1758/1703
f 1538/1586/1534 1854/1906/1850 1584/1634/1580
f 400/416/396 684/711/680 1854/1906/1850
f 112/124/108 1724/1776/1720 116/128/112
f 682/709/678 1463/1510/1459 1338/1379/1334
f 1464/1511/1460 680/707/676 1338/1379/1334
f 682/709/678 1751/1803/1747 572/593/568
f 682/709/678 1340/1381/1336 1463/1510/1459
f 1178/1215/1173 664/688/660 666/692/662
f 324/339/320 1667/1718/1663 412/430/408
f 290/304/286 292/306/288 1855/1907/1851
f 1375/1417/1371 1855/1907/1851 292/306/288
f 1291/1332/1287 1807/1859/1803 1609/1660/1605
f 1179/1216/1174 1666/1717/1662 488/508/484
f 1008/1040/1004 441/461/437 1009/1041/1005
f 837/867/833 441/461/437 1008/1040/1004
f 1160/1197/1155 1159/1196/1154 1474/1521/1470
f 1475/1522/1471 128/140/124 1474/1521/1470
f 858/888/854 464/484/460 463/483/459
f 1826/1878/1822 858/888/854 463/483/459
f 101/111/97 1210/1247/1205 102/112/98
f 1210/1247/1205 382/398/378 1328/1369/1324
f 96/104/92 461/481/457 94/102/90
f 1752/1804/1748 94/102/90 461/481/457
f 1856/1908/1852 990/1022/986 414/434/410
f 111/123/107 649/671/645 1451/1496/1447
f 379/395/375 1451/1496/1447 649/671/645
f 92/100/88 740/768/736 272/286/268
f 1857/1909/1853 285/299/281 1091/1124/1086
f 284/298/280 1091/1124/1086 285/299/281
f 1613/1664/1609 1606/1657/1602 1084/1117/1080
f 1067/1100/1063 1613/1664/1609 815/845/811
f 868/898/864 495/515/491 869/899/865
f 1742/1794/1738 1343/1384/1339 495/515/491
f 350/366/346 1858/1910/1854 358/374/354
f 358/374/354 360/376/356 1421/1465/1417
f 987/1018/983 989/1020/985 1835/1887/1831
f 1321/1362/1317 1835/1887/1831 989/1020/985
f 1200/1237/1195 868/898/864 244/258/240
f 868/898/864 1136/1173/1131 495/515/491
f 468/488/464 1236/1274/1231 1285/1325/1281
f 468/488/464 1285/1325/1281 184/197/180
f 43/44/43 1310/1351/1306 1309/1350/1305
f 986/1017/982 43/44/43 1309/1350/1305
f 1319/1360/1315 1318/1359/1314 378/394/374
f 40/40/40 378/394/374 1318/1359/1314
f 1246/1285/1241 1244/1283/1239 431/451/427
f 1243/1282/1238 1246/1285/1241 1241/1280/1236
f 1319/1360/1315 378/394/374 1218/1255/1213
f 375/391/371 1702/1753/1698 1701/1752/1697
f 1411/1455/1407 1410/1454/1406 1750/1802/1746
f 1411/1455/1407 1013/1045/1009 169/182/165
f 1209/1246/1204 1822/1874/1818 383/399/379
f 383/399/379 1822/1874/1818 1801/1853/1797
f 1443/1488/1439 1442/1487/1438 1859/1911/1855
f 1684/1735/1680 1685/1736/1681 1442/1487/1438
f 305/320/301 487/507/483 1860/1912/1856
f 1860/1912/1856 487/507/483 1861/1913/1857
f 1828/1880/1824 673/699/669 1202/1239/1197
f 1201/1238/1196 1862/1914/1858 1202/1239/1197
f 506/526/502 1442/1487/1438 504/524/500
f 1442/1487/1438 844/874/840 504/524/500
f 1399/1443/1395 1254/1293/1249 1400/1444/1396
f 1861/1913/1857 487/507/483 1254/1293/1249
f 111/123/107 1720/1772/1716 1863/1915/1859
f 831/861/827 311/326/307 398/414/394
f 813/843/809 1604/1655/1600 1606/1657/1602
f 1604/1655/1600 813/843/809 814/844/810
f 812/842/808 817/847/813 809/839/805
f 809/839/805 352/368/348 812/842/808
f 1268/1308/1264 1267/1306/1263 77/85/73
f 439/459/435 1306/1347/1302 410/427/406
f 1306/1347/1302 439/459/435 1307/1348/1303
f 1307/1348/1303 439/459/435 374/390/370
f 1307/1348/1303 374/390/370 35/35/35
f 1355/1397/1351 1015/1047/1011 1017/1049/1013
f 1355/1397/1351 185/199/181 1015/1047/1011
f 436/456/432 536/556/532 437/457/433
f 437/457/433 1864/1916/1860 391/407/387
f 1643/1694/1639 253/267/249 1642/1693/1638
f 1640/1691/1636 1071/1104/1067 1639/1690/1635
f 1864/1916/1860 437/457/433 536/556/532
f 532/552/528 536/556/532 533/553/529
f 1020/1052/1016 1784/1836/1780 1439/1483/1435
f 1439/1483/1435 1784/1836/1780 1776/1828/1772
f 451/471/447 985/1016/981 1776/1828/1772
f 1636/1687/1632 1776/1828/1772 985/1016/981
f 1371/1413/1367 1257/1296/1252 1821/1873/1817
f 639/661/635 1257/1296/1252 1371/1413/1367
f 485/505/481 1265/1304/1261 1264/1303/1260
f 485/505/481 1580/1630/1576 1265/1304/1261
f 1642/1693/1638 1528/1576/1524 1641/1692/1637
f 975/1006/971 1186/1223/1181 1185/1222/1180
f 1185/1222/1180 1188/1225/1183 971/1002/967
f 745/773/741 748/776/744 1352/1393/1348
f 1352/1393/1348 748/776/744 1116/1151/1111
f 843/873/839 1150/1187/1145 839/869/835
f 841/871/837 843/873/839 839/869/835
f 1543/1591/1539 33/33/33 32/32/32
f 32/32/32 26/26/26 1543/1591/1539
f 737/765/733 1038/1070/1034 738/766/734
f 737/765/733 1767/1819/1763 1865/1917/1861
f 1547/1595/1543 1376/1418/1372 1544/1592/1540
f 1543/1591/1539 1547/1595/1543 1544/1592/1540
f 1559/1608/1555 1866/1918/1862 490/510/486
f 490/510/486 457/477/453 996/1028/992
f 418/438/414 409/426/405 419/439/415
f 1572/1621/1568 1216/1253/1211 1678/1729/1674
f 1216/1253/1211 1588/1638/1584 409/426/405
f 1588/1638/1584 44/45/44 409/426/405
f 1867/1919/1863 1499/1546/1495 844/874/840
f 1867/1919/1863 165/178/161 1499/1546/1495
f 702/729/698 205/219/201 935/966/931
f 937/968/933 702/729/698 935/966/931
f 756/784/752 759/787/755 771/800/767
f 771/800/767 757/785/753 756/784/752
f 847/877/843 334/350/330 169/182/165
f 334/350/330 1411/1455/1407 169/182/165
f 1691/1742/1687 1689/1740/1685 1397/1441/1393
f 1395/1439/1391 1397/1441/1393 339/355/335
f 633/655/629 629/651/625 1586/1636/1582
f 1423/1467/1419 629/651/625 633/655/629
f 1098/1131/1093 609/631/605 1096/1129/1091
f 1098/1131/1093 1473/1520/1469 1097/1130/1092
f 1505/1552/1501 424/444/420 1044/1076/1040
f 424/444/420 1505/1552/1501 522/542/518
f 425/445/421 424/444/420 860/890/856
f 1244/1283/1239 1248/1287/1243 1245/1284/1240
f 584/606/580 589/611/585 588/610/584
f 584/606/580 588/610/584 1440/1484/1436
f 913/944/909 1677/1728/1673 914/945/910
f 1677/1728/1673 1027/1059/1023 914/945/910
f 1565/1614/1561 1564/1613/1560 1282/1322/1278
f 1565/1614/1561 1282/1322/1278 315/330/311
f 1649/1700/1645 900/930/896 899/929/895
f 1374/1416/1370 1648/1699/1644 1375/1417/1371
f 1565/1614/1561 1687/1738/1683 1564/1613/1560
f 1362/1404/1358 1686/1737/1682 1564/1613/1560
f 440/460/436 1066/1099/1062 1065/1098/1061
f 440/460/436 544/564/540 1738/1790/1734
f 1487/1534/1483 1182/1219/1177 327/343/323
f 1184/1221/1179 1177/1214/1172 1182/1219/1177
f 1286/1327/1282 1139/1176/1134 1868/1920/1864
f 1286/1327/1282 1868/1920/1864 231/245/227
f 1325/1366/1321 1326/1367/1322 784/814/780
f 636/658/632 784/814/780 637/659/633
f 1076/1109/1072 790/820/786 1074/1107/1070
f 793/823/789 790/820/786 1575/1624/1571
f 1155/1192/1150 1154/1191/1149 1153/1190/1148
f 1521/1569/1517 478/498/474 765/793/761
f 784/814/780 1326/1367/1322 637/659/633
f 783/813/779 51/53/51 635/657/631
f 618/640/614 1646/1697/1642 1645/1696/1641
f 1644/1695/1640 618/640/614 617/639/613
f 1520/1568/1516 1016/1048/1012 1344/1385/1340
f 1789/1841/1785 1345/1386/1341 1381/1423/1377
f 1814/1866/1810 1546/1594/1542 271/285/267
f 1546/1594/1542 34/34/34 271/285/267
f 930/961/926 1869/1921/1865 928/959/924
f 1869/1921/1865 1407/1451/1403 1870/1922/1866
f 392/408/388 534/554/530 1346/1387/1342
f 534/554/530 1349/1390/1345 1346/1387/1342
f 757/785/753 1401/1445/1397 1402/1446/1398
f 771/800/767 1401/1445/1397 757/785/753
f 392/408/388 391/407/387 1864/1916/1860
f 392/408/388 532/552/528 534/554/530
f 1562/1611/1558 403/419/399 622/644/618
f 956/987/952 955/986/951 962/993/958
f 1871/1923/1867 1872/1924/1868 1873/1925/1869
f 1872/1924/1868 1874/1926/1870 1873/1925/1869
f 1629/1680/1625 1628/1679/1624 1816/1868/1812
f 11/11/11 10/10/10 15/15/15
f 1675/1726/1671 1435/1479/1431 1334/1375/1330
f 1435/1479/1431 1603/1654/1599 1334/1375/1330
f 1798/1850/1794 473/493/469 1389/1433/1385
f 474/494/470 471/491/467 473/493/469
f 1647/1698/1643 971/1002/967 970/1001/966
f 1647/1698/1643 1185/1222/1180 971/1002/967
f 1873/1925/1869 1874/1926/1870 1083/1116/1079
f 364/380/360 1083/1116/1079 696/723/692
f 1625/1676/1621 803/833/799 802/832/798
f 1625/1676/1621 796/826/792 1624/1675/1620
f 510/530/506 1700/1751/1696 511/531/507
f 516/536/512 1875/1927/1871 510/530/506
f 836/866/832 801/831/797 803/833/799
f 836/866/832 803/833/799 217/231/213
f 1315/1356/1311 507/527/503 1313/1354/1309
f 1618/1669/1614 576/597/572 1876/1928/1872
f 825/855/821 1426/1470/1422 104/115/100
f 427/447/423 825/855/821 104/115/100
f 517/537/513 509/529/505 920/951/916
f 509/529/505 517/537/513 510/530/506
f 217/231/213 803/833/799 160/173/156
f 160/173/156 218/232/214 217/231/213
f 38/38/38 40/40/40 1723/1775/1719
f 1318/1359/1314 1723/1775/1719 40/40/40
f 1852/1904/1848 630/652/626 1423/1467/1419
f 1423/1467/1419 509/529/505 1852/1904/1848
f 1453/1498/1449 1454/1499/1450 1598/1649/1594
f 1454/1499/1450 1010/1042/1006 1590/1641/1586
f 1117/1153/1112 919/950/915 632/654/628
f 1117/1153/1112 1119/1155/1114 919/950/915
f 549/569/545 429/449/425 553/573/549
f 1362/1404/1358 553/573/549 429/449/425
f 1598/1649/1594 1454/1499/1450 1590/1641/1586
f 1598/1649/1594 1590/1641/1586 964/995/960
f 1683/1734/1679 1867/1919/1863 1685/1736/1681
f 1685/1736/1681 1867/1919/1863 844/874/840
f 397/413/393 1037/1069/1033 174/187/170
f 397/413/393 1035/1067/1031 1037/1069/1033
f 1304/1345/1300 1301/1342/1297 602/624/598
f 1796/1848/1792 857/887/853 610/632/606
f 766/794/762 1842/1894/1838 1817/1869/1813
f 766/794/762 1817/1869/1813 1819/1871/1815
f 798/828/794 742/770/738 1424/1468/1420
f 798/828/794 807/837/803 799/829/795
f 293/308/289 1004/1036/1000 1877/1929/1873
f 1125/1161/1120 1877/1929/1873 1004/1036/1000
f 904/934/900 1574/1623/1570 1112/1147/1107
f 1574/1623/1570 904/934/900 905/935/901
f 926/957/922 824/854/820 1682/1733/1678
f 1743/1795/1739 824/854/820 927/958/923
f 1843/1895/1839 87/95/83 86/94/82
f 1154/1191/1149 87/95/83 1843/1895/1839
f 1573/1622/1569 212/226/208 1387/1431/1383
f 1174/1211/1169 1176/1213/1171 212/226/208
f 1878/1930/1874 1206/1243/1201 1636/1687/1632
f 1594/1645/1590 1878/1930/1874 1196/1233/1191
f 926/957/922 1699/1750/1695 927/958/923
f 926/957/922 927/958/923 824/854/820
f 1636/1687/1632 1196/1233/1191 1878/1930/1874
f 1198/1235/1193 1636/1687/1632 985/1016/981
f 1144/1181/1139 106/118/102 1157/1194/1152
f 1473/1520/1469 4/4/4 594/616/590
f 1473/1520/1469 594/616/590 1097/1130/1092
f 1792/1844/1788 307/322/303 1879/1931/1875
f 1792/1844/1788 1879/1931/1875 302/317/298
f 1771/1823/1767 27/27/27 22/22/22
f 23/23/23 787/817/783 1771/1823/1767
f 120/132/116 111/123/107 347/363/343
f 1879/1931/1875 1391/1435/1387 302/317/298
f 1879/1931/1875 1412/1456/1408 1391/1435/1387
f 287/301/283 789/819/785 1077/1110/1073
f 1078/1111/1074 287/301/283 1075/1108/1071
f 880/910/876 884/914/880 882/912/878
f 247/261/243 880/910/876 248/262/244
f 117/129/113 1880/1932/1876 110/122/106
f 106/118/102 109/121/105 1157/1194/1152
f 145/158/141 1090/1123/1085 146/159/142
f 1090/1123/1085 88/96/84 146/159/142
f 1001/1033/997 1337/1378/1333 1088/1121/1083
f 1384/1426/1380 293/307/289 1881/1933/1877
f 31/31/31 906/936/902 1053/1086/1049
f 1050/1082/1046 1053/1086/1049 387/403/383
f 906/936/902 388/404/384 387/403/383
f 906/936/902 387/403/383 1053/1086/1049
f 99/109/95 746/774/742 97/106/93
f 1352/1393/1348 97/106/93 746/774/742
f 1733/1785/1729 1882/1935/1878 1734/1786/1730
f 325/341/321 666/691/662 1882/1935/1878
f 1883/1936/1879 551/571/547 1222/1259/1217
f 1883/1936/1879 1745/1797/1741 551/571/547
f 214/228/210 213/227/209 203/217/199
f 429/449/425 549/569/545 1222/1259/1217
f 1222/1259/1217 549/569/545 1744/1796/1740
f 465/485/461 1790/1842/1786 466/486/462
f 1789/1841/1785 1790/1842/1786 1345/1386/1341
f 126/138/122 308/323/304 310/325/306
f 1303/1344/1299 1299/1340/1295 448/468/444
f 646/668/642 1303/1344/1299 448/468/444
f 185/199/181 187/201/183 1789/1841/1785
f 1789/1841/1785 466/486/462 1790/1842/1786
f 346/362/342 1884/1937/1880 347/363/343
f 1488/1535/1484 245/259/241 346/362/342
f 1885/1938/1881 1612/1663/1608 656/678/652
f 1886/1939/1882 1612/1663/1608 1885/1938/1881
f 1611/1662/1607 1131/1168/1126 1132/1169/1127
f 405/422/401 1611/1662/1607 874/904/870
f 935/966/931 1681/1732/1677 932/963/928
f 932/963/928 1681/1732/1677 933/964/929
f 1078/1111/1074 1079/1112/1075 1380/1422/1376
f 287/301/283 1078/1111/1074 288/302/284
f 1202/1239/1197 1862/1914/1858 1828/1880/1824
f 1101/1134/1096 1099/1132/1094 1100/1133/1095
f 976/1007/972 1492/1539/1488 1101/1134/1096
f 1711/1762/1707 565/586/561 1656/1707/1652
f 1710/1761/1706 1711/1762/1707 1656/1707/1652
f 349/365/345 1402/1446/1398 1444/1489/1440
f 1858/1910/1854 200/214/196 199/213/195
f 1638/1689/1634 1071/1104/1067 1320/1361/1316
f 95/103/91 1320/1361/1316 1070/1103/1066
f 1858/1910/1854 350/366/346 349/365/345
f 349/365/345 1444/1489/1440 1858/1910/1854
f 95/103/91 1638/1689/1634 1320/1361/1316
f 94/102/90 1190/1227/1185 95/103/91
f 502/522/498 95/103/91 1070/1103/1066
f 1070/1103/1066 499/519/495 498/518/494
f 1149/1186/1144 652/674/648 651/673/647
f 106/118/102 1156/1193/1151 1514/1561/1510
f 1171/1208/1166 1617/1668/1613 1272/1312/1268
f 1173/1210/1168 1617/1668/1613 1171/1208/1166
f 1212/1249/1207 1214/1251/1209 1695/1746/1691
f 945/976/941 1212/1249/1207 1695/1746/1691
f 559/579/555 1527/1575/1523 560/580/556
f 559/579/555 560/580/556 1752/1804/1748
f 1741/1793/1737 709/736/704 725/753/721
f 1001/1033/997 1394/1438/1390 705/732/701
f 1850/1902/1846 1002/1034/998 890/920/886
f 892/922/888 266/280/262 725/753/721
f 1326/1367/1322 635/657/631 637/659/633
f 638/660/634 637/659/633 635/657/631
f 1874/1926/1870 1872/1924/1868 817/847/813
f 622/644/618 1561/1610/1557 620/642/616
f 261/275/257 1561/1610/1557 399/415/395
f 1536/1584/1532 1158/1195/1153 1537/1585/1533
f 1577/1626/1573 1584/1634/1580 1583/1633/1579
f 955/986/951 403/419/399 1887/1940/1883
f 955/986/951 1653/1704/1649 403/419/399
f 295/310/291 723/751/718 1694/1745/1690
f 295/310/291 1694/1745/1690 355/371/351
f 1539/1587/1535 127/139/123 261/275/257
f 1577/1626/1573 1539/1587/1535 1584/1634/1580
f 1030/1062/1026 1734/1786/1730 1775/1827/1771
f 1775/1827/1771 1734/1786/1730 615/637/611
f 947/978/943 605/627/601 604/626/600
f 947/978/943 604/626/600 136/149/132
f 1319/1360/1315 1702/1753/1698 989/1020/985
f 1319/1360/1315 1701/1752/1697 1702/1753/1698
f 1888/1941/1884 1863/1915/1859 1720/1772/1716
f 1721/1773/1717 1888/1941/1884 1720/1772/1716
f 380/396/376 649/671/645 650/672/646
f 380/396/376 650/672/646 831/861/827
f 1059/1092/1055 1062/1095/1058 697/724/693
f 698/725/694 697/724/693 1058/1091/1054
f 1232/1269/1227 694/721/690 700/727/696
f 1116/1152/1111 778/808/774 1671/1722/1667
f 778/808/774 1116/1151/1111 1115/1150/1110
f 698/725/694 1232/1269/1227 700/727/696
f 1058/1091/1054 1232/1269/1227 698/725/694
f 1472/1519/1468 603/625/599 1470/1517/1466
f 1475/1522/1471 1472/1519/1468 1470/1517/1466
f 778/808/774 1115/1150/1110 779/809/775
f 266/280/262 1065/1098/1061 1741/1793/1737
f 491/511/487 48/49/48 50/52/50
f 452/472/448 451/471/447 1784/1836/1780
f 451/471/447 1776/1828/1772 1784/1836/1780
f 95/103/91 501/521/497 96/104/92
f 1055/1088/1051 96/104/92 501/521/497
f 269/283/265 1555/1604/1551 270/284/266
f 1558/1607/1554 1557/1606/1553 1555/1604/1551
f 337/353/333 1226/1263/1221 976/1007/972
f 976/1007/972 1226/1263/1221 1492/1539/1488
f 1558/1607/1554 1555/1604/1551 318/333/314
f 759/787/755 1558/1607/1554 318/333/314
f 1833/1885/1829 1148/1185/1143 432/452/428
f 432/452/428 1148/1185/1143 1690/1741/1686
f 1455/1500/1451 611/633/607 776/805/772
f 1455/1501/1451 773/802/769 1696/1747/1692
f 1039/1071/1035 1038/1070/1034 1622/1673/1618
f 1038/1070/1034 737/765/733 1865/1917/1861
f 1455/1501/1451 776/806/772 773/802/769
f 776/806/772 774/803/770 773/802/769
f 1358/1400/1354 1747/1799/1743 1359/1401/1355
f 1358/1400/1354 1363/1405/1359 1747/1799/1743
f 528/548/524 1533/1581/1529 1230/1267/1225
f 1889/1942/1885 1284/1324/1280 467/487/463
f 955/986/951 957/988/953 1653/1704/1649
f 659/683/655 1653/1704/1649 957/988/953
f 162/175/158 164/177/160 1811/1863/1807
f 1811/1863/1807 1003/1035/999 162/175/158
f 931/962/927 284/298/280 1681/1732/1677
f 931/962/927 1091/1124/1086 284/298/280
f 304/319/300 306/321/302 1830/1882/1826
f 1830/1882/1826 1765/1817/1761 304/319/300
f 1367/1409/1363 232/246/228 1382/1424/1378
f 1382/1424/1378 1368/1410/1364 1367/1409/1363
f 186/200/182 531/551/527 888/918/884
f 888/918/884 224/238/220 886/916/882
f 537/557/533 894/924/890 893/923/889
f 893/923/889 538/558/534 537/557/533
f 69/75/65 1512/1559/1508 972/1003/968
f 972/1003/968 1512/1559/1508 1519/1566/1515
f 667/693/663 668/694/664 130/142/126
f 664/689/660 413/432/409 668/694/664
f 891/921/887 1002/1034/998 1385/1428/1381
f 1850/1902/1846 890/920/886 705/732/701
f 8/8/8 1770/1822/1766 1057/1090/1053
f 9/9/9 8/8/8 1057/1090/1053
f 706/733/702 703/730/699 197/211/193
f 703/730/699 706/733/702 701/728/697
f 1811/1863/1807 1005/1037/1001 1003/1035/999
f 1003/1035/999 1005/1037/1001 293/308/289
f 231/245/227 1868/1920/1864 1427/1471/1423
f 231/245/227 1427/1471/1423 542/562/538
f 24/24/24 20/20/20 22/22/22
f 22/22/22 27/27/27 24/24/24
f 1427/1471/1423 274/288/270 542/562/538
f 274/288/270 546/566/542 542/562/538
f 761/789/757 1372/1414/1368 39/39/39
f 761/789/757 587/609/583 1372/1414/1368
f 335/351/331 1316/1357/1312 1314/1355/1310
f 335/351/331 334/350/330 1316/1357/1312
f 577/598/573 333/349/329 335/351/331
f 1418/1462/1414 1262/1301/1258 333/349/329
f 1262/1301/1258 1890/1943/1886 333/349/329
f 1890/1943/1886 1262/1301/1258 735/763/731
f 239/253/235 885/915/881 883/913/879
f 880/910/876 879/909/875 883/913/879
f 583/605/579 582/604/578 1891/1944/1887
f 1891/1944/1887 582/604/578 1578/1628/1574
f 421/441/417 717/745/712 460/480/456
f 421/441/417 970/1001/966 718/746/713
f 1226/1263/1221 1323/1364/1319 118/130/114
f 1226/1263/1221 118/130/114 120/132/116
f 805/835/801 89/97/85 88/96/84
f 805/835/801 88/96/84 1679/1730/1675
f 1026/1058/1022 1456/1502/1452 1457/1503/1453
f 1025/1057/1021 1456/1502/1452 1026/1058/1022
f 876/906/872 978/1009/974 877/907/873
f 1740/1792/1736 978/1009/974 876/906/872
f 298/313/294 1112/1147/1107 442/462/438
f 441/461/437 298/313/294 442/462/438
f 1032/1064/1028 1034/1066/1030 1892/1945/1888
f 9/9/9 1056/1089/1052 1064/1097/1060
f 693/720/689 1064/1097/1060 1056/1089/1052
f 5/5/5 1792/1844/1788 302/317/298
f 5/5/5 1535/1583/1531 1792/1844/1788
f 1414/1458/1410 634/656/630 1586/1636/1582
f 633/655/629 1586/1636/1582 634/656/630
f 1060/1093/1056 1570/1619/1566 1697/1748/1693
f 1061/1094/1057 1060/1093/1056 1697/1748/1693
f 1327/1368/1323 792/822/788 1706/1757/1702
f 155/168/151 1471/1518/1467 1779/1831/1775
f 725/753/721 266/280/262 1741/1793/1737
f 1773/1825/1769 892/922/888 725/753/721
f 997/1029/993 83/91/79 1268/1308/1264
f 1268/1308/1264 83/91/79 1267/1306/1263
f 484/504/480 1745/1797/1741 1883/1936/1879
f 483/503/479 1745/1797/1741 484/504/480
f 1878/1930/1874 446/466/442 1206/1243/1201
f 1206/1243/1201 446/466/442 1782/1834/1778
f 1893/1946/1889 1125/1161/1120 1811/1863/1807
f 1125/1161/1120 1893/1946/1889 491/511/487
f 242/256/238 241/255/237 1825/1877/1821
f 242/256/238 1894/1947/1890 1895/1948/1891
f 701/728/697 126/138/122 1727/1779/1723
f 1727/1779/1723 206/220/202 205/219/201
f 1334/1375/1330 1603/1654/1599 240/254/236
f 1603/1654/1599 1636/1687/1632 240/254/236
f 241/255/237 225/239/221 227/241/223
f 240/254/236 225/239/221 241/255/237
f 430/450/426 429/449/425 1222/1259/1217
f 430/450/426 1222/1259/1217 550/570/546
f 1523/1571/1519 234/248/230 1524/1572/1520
f 1523/1571/1519 316/331/312 234/248/230
f 1050/1082/1046 1052/1084/1048 324/340/320
f 323/338/319 564/585/560 324/340/320
f 1880/1932/1876 117/129/113 1896/1949/1892
f 1072/1105/1068 1111/1146/1106 1070/1103/1066
f 1385/1428/1381 1384/1426/1380 49/50/49
f 337/353/333 336/352/332 1211/1248/1206
f 1897/1950/1893 1211/1248/1206 336/352/332
f 1889/1942/1885 897/927/893 1284/1324/1280
f 1284/1324/1280 184/198/180 1285/1326/1281
f 1335/1376/1331 1336/1377/1332 713/740/708
f 1335/1376/1331 999/1031/995 1336/1377/1332
f 60/64/60 713/740/708 1336/1377/1332
f 67/71/63 713/740/708 60/64/60
f 684/711/680 1167/1204/1162 1166/1203/1161
f 1161/1198/1156 1163/1200/1158 258/272/254
f 354/370/350 1668/1719/1664 1669/1720/1665
f 1712/1763/1708 113/125/109 112/124/108
f 503/523/499 498/518/494 500/520/496
f 1156/1193/1151 1513/1560/1509 1514/1561/1510
f 503/523/499 500/520/496 1712/1763/1708
f 115/127/111 1275/1315/1271 116/128/112
f 1292/1333/1288 111/123/107 1305/1346/1301
f 107/119/103 115/127/111 117/129/113
f 1421/1465/1417 1422/1466/1418 350/366/346
f 358/374/354 1421/1465/1417 350/366/346
f 25/25/25 28/28/28 1547/1595/1543
f 24/24/24 28/28/28 25/25/25
f 44/45/44 1898/1951/1894 410/427/406
f 1840/1892/1836 1898/1951/1894 1838/1890/1834
f 1582/1632/1578 1235/1272/1230 1200/1237/1195
f 1235/1272/1230 1582/1632/1578 1199/1236/1194
f 1759/1811/1755 1202/1239/1197 1234/1271/1229
f 1235/1272/1230 1199/1236/1194 1759/1811/1755
f 1820/1872/1816 1364/1406/1360 1357/1399/1353
f 1820/1872/1816 1357/1399/1353 1371/1413/1367
f 1312/1353/1308 1317/1358/1313 1684/1735/1680
f 1443/1488/1439 1684/1735/1680 1442/1487/1438
f 1899/1952/1895 136/149/132 1279/1319/1275
f 643/665/639 1899/1952/1895 1278/1318/1274
f 1235/1272/1230 1234/1271/1229 134/147/130
f 1759/1811/1755 1234/1271/1229 1235/1272/1230
f 1312/1353/1308 1684/1735/1680 1443/1488/1439
f 1213/1250/1208 1312/1353/1308 1443/1488/1439
f 1107/1142/1102 1601/1652/1597 1599/1650/1595
f 397/413/393 1599/1650/1595 1601/1652/1597
f 1899/1952/1895 1279/1319/1275 1278/1318/1274
f 1278/1318/1274 1279/1319/1275 1276/1316/1272
f 136/149/132 1094/1127/1089 1279/1319/1275
f 1094/1127/1089 136/149/132 604/626/600
f 908/938/904 18/18/18 909/939/905
f 19/19/19 909/939/905 18/18/18
f 1167/1204/1162 1612/1663/1608 1886/1939/1882
f 1166/1203/1161 1167/1204/1162 1886/1939/1882
f 1638/1689/1634 254/268/250 1643/1694/1639
f 95/103/91 254/268/250 1638/1689/1634
f 1772/1824/1768 605/627/601 946/977/942
f 1124/1160/1119 1772/1824/1768 946/977/942
f 522/542/518 970/1001/966 421/441/417
f 1505/1552/1501 970/1001/966 522/542/518
f 490/510/486 1866/1918/1862 457/477/453
f 1008/1040/1004 1007/1039/1003 838/868/834
f 1487/1534/1483 1184/1221/1179 1182/1219/1177
f 1487/1534/1483 1183/1220/1178 1184/1221/1179
f 1179/1216/1174 488/508/484 1609/1660/1605
f 1609/1660/1605 1182/1219/1177 1179/1216/1174
f 852/882/848 752/780/748 754/782/750
f 760/788/756 754/782/750 1549/1597/1545
f 269/283/265 1259/1298/1255 319/334/315
f 269/283/265 271/285/267 1259/1298/1255
f 141/154/137 1659/1710/1655 142/155/138
f 643/665/639 141/154/137 137/150/133
f 1192/1229/1187 679/706/675 1618/1669/1614
f 1416/1460/1412 577/598/573 1618/1669/1614
f 1441/1486/1437 581/602/577 82/90/78
f 1441/1486/1437 82/90/78 84/92/80
f 1805/1857/1801 1396/1440/1392 1395/1439/1391
f 1805/1857/1801 1467/1514/1463 1250/1289/1245
f 1713/1764/1709 676/702/672 672/698/668
f 676/702/672 1713/1764/1709 1462/1508/1458
f 365/381/361 364/380/360 1233/1270/1228
f 1232/1269/1227 1770/1822/1766 695/722/691
f 676/703/672 1462/1509/1458 1298/1339/1294
f 928/959/924 921/952/917 7/7/7
f 7/7/7 921/952/917 8/8/8
f 1695/1746/1691 1214/1251/1209 819/849/815
f 1443/1488/1439 1859/1911/1855 1214/1251/1209
f 880/910/876 882/912/878 1895/1948/1891
f 242/256/238 1895/1948/1891 882/912/878
f 1229/1266/1224 821/851/817 1580/1630/1576
f 485/505/481 1229/1266/1224 1580/1630/1576
f 1269/1309/1265 1490/1537/1486 1294/1335/1290
f 1295/1336/1291 1293/1334/1289 1294/1335/1290
f 1642/1693/1638 1640/1691/1636 1639/1690/1635
f 1642/1693/1638 1641/1692/1637 1640/1691/1636
f 713/740/708 67/71/63 714/741/709
f 714/742/709 67/72/63 1553/1601/1549
f 1405/1449/1401 1395/1439/1391 1392/1436/1388
f 1791/1843/1787 1405/1449/1401 1392/1436/1388
f 1840/1892/1836 439/459/435 410/427/406
f 1840/1892/1836 410/427/406 1898/1951/1894
f 1110/1145/1105 113/125/109 499/519/495
f 500/520/496 499/519/495 113/125/109
f 474/494/470 1798/1850/1794 475/495/471
f 1798/1850/1794 474/494/470 473/493/469
f 145/158/141 1809/1861/1805 1857/1909/1853
f 1857/1909/1853 1631/1682/1627 285/299/281
f 750/778/746 992/1024/988 991/1023/987
f 750/778/746 417/437/413 992/1024/988
f 631/653/627 784/814/780 636/658/632
f 636/658/632 1586/1636/1582 1587/1637/1583
f 750/778/746 991/1023/987 407/424/403
f 407/424/403 991/1023/987 408/425/404
f 670/696/666 672/698/668 70/76/66
f 70/76/66 672/698/668 73/80/69
f 1173/1210/1168 1900/1953/1896 1616/1667/1612
f 344/360/340 1174/1211/1169 212/226/208
f 1181/1218/1176 1901/1954/1897 1173/1210/1168
f 1900/1953/1896 1173/1210/1168 1901/1954/1897
f 1449/1494/1445 612/634/608 611/633/607
f 612/634/608 1449/1494/1445 1448/1493/1444
f 1159/1196/1154 1541/1589/1537 4/4/4
f 1159/1196/1154 4/4/4 1637/1688/1633
f 626/648/622 1081/1114/1077 1140/1177/1135
f 628/650/624 1081/1114/1077 626/648/622
f 1080/1113/1076 1848/1900/1844 1081/1114/1077
f 1080/1113/1076 798/828/794 800/830/796
f 1902/1955/1898 1823/1875/1819 1516/1563/1512
f 1902/1955/1898 1516/1563/1512 1517/1564/1513
f 627/649/623 86/94/82 628/650/624
f 86/94/82 1478/1525/1474 1581/1631/1577
f 193/207/189 192/206/188 1515/1562/1511
f 1515/1562/1511 840/870/836 193/207/189
f 1804/1856/1800 840/870/836 839/869/835
f 840/870/836 1452/1497/1448 193/207/189
f 49/51/49 1846/1898/1842 1774/1826/1770
f 890/920/886 707/734/703 309/324/305
f 1288/1329/1284 1048/1080/1044 1047/1079/1043
f 1037/1069/1033 1036/1068/1032 1043/1075/1039
f 705/732/701 890/920/886 309/324/305
f 51/53/51 730/758/726 293/307/289
f 720/748/715 322/337/318 321/336/317
f 321/336/317 723/751/718 720/748/715
f 1349/1390/1345 534/554/530 37/37/37
f 322/337/318 720/748/715 1068/1101/1064
f 1068/1101/1064 1479/1526/1475 322/337/318
f 459/479/455 1774/1826/1770 1846/1898/1842
f 1125/1161/1120 1769/1821/1765 1877/1929/1873
f 1769/1821/1765 1434/1478/1430 1432/1476/1428
f 1432/1476/1428 293/308/289 1877/1929/1873
f 1769/1821/1765 1432/1476/1428 1877/1929/1873
f 1345/1386/1341 851/881/847 1521/1569/1517
f 850/880/846 763/791/759 851/881/847
f 465/485/461 849/879/845 851/881/847
f 849/879/845 465/485/461 1285/1326/1281
f 1282/1322/1278 1676/1727/1672 1903/1956/1899
f 283/297/279 315/330/311 1282/1322/1278
f 958/989/954 961/992/957 962/993/958
f 1887/1940/1883 403/419/399 1562/1611/1558
f 1903/1956/1899 1676/1727/1672 153/166/149
f 153/166/149 1676/1727/1672 1078/1111/1074
f 731/759/727 735/763/731 1261/1300/1257
f 731/759/727 678/705/674 732/760/728
f 958/989/954 1562/1611/1558 959/990/955
f 1887/1940/1883 1562/1611/1558 958/989/954
f 38/38/38 1723/1775/1719 1311/1352/1307
f 1311/1352/1307 1723/1775/1719 988/1019/984
f 440/460/436 1904/1957/1900 544/564/540
f 1382/1424/1378 544/564/540 1368/1410/1364
f 1419/1463/1415 1421/1465/1417 360/376/356
f 1686/1737/1682 1361/1403/1357 1281/1321/1277
f 1281/1321/1277 1361/1403/1357 481/501/477
f 1686/1737/1682 1283/1323/1279 1564/1613/1560
f 1905/1958/1901 1281/1321/1277 1283/1323/1279
f 1686/1737/1682 1905/1958/1901 1283/1323/1279
f 1905/1958/1901 1686/1737/1682 1281/1321/1277
f 1113/1148/1108 1104/1137/1099 1777/1829/1773
f 152/165/148 171/184/167 1108/1143/1103
f 1501/1548/1497 1239/1278/1234 632/654/628
f 514/534/510 1239/1278/1234 1501/1548/1497
f 1587/1637/1583 631/653/627 636/658/632
f 629/651/625 631/653/627 1587/1637/1583
f 1066/1099/1062 440/460/436 1738/1790/1734
f 1738/1790/1734 543/563/539 1066/1099/1062
f 925/956/921 743/771/739 747/775/743
f 195/209/191 1906/1959/1902 743/771/739
f 842/872/838 1055/1088/1051 1150/1187/1145
f 842/872/838 859/889/855 1055/1088/1051
f 508/528/504 507/527/503 1315/1356/1311
f 1315/1356/1311 1312/1353/1308 508/528/504
f 856/886/852 855/885/851 1841/1893/1837
f 1841/1893/1837 1302/1343/1298 856/886/852
f 1689/1740/1685 1691/1742/1687 865/895/861
f 1691/1742/1687 1692/1743/1688 865/895/861
f 900/930/896 1649/1700/1645 1374/1416/1370
f 900/930/896 1374/1416/1370 901/931/897
f 1801/1853/1797 341/357/337 191/205/187
f 341/357/337 343/359/339 191/205/187
f 1673/1724/1669 1194/1231/1189 1192/1229/1187
f 175/188/171 1194/1231/1189 1673/1724/1669
f 1629/1680/1625 660/684/656 1428/1472/1424
f 1428/1472/1424 1430/1474/1426 1629/1680/1625
f 804/834/800 796/826/792 1715/1766/1711
f 1715/1766/1711 794/824/790 804/834/800
f 767/795/763 282/296/278 281/295/277
f 767/795/763 281/295/277 1601/1652/1597
f 768/797/764 1107/1141/1102 1802/1854/1798
f 620/642/616 261/275/257 129/141/125
f 1561/1610/1557 261/275/257 620/642/616
f 1907/1960/1903 104/115/100 103/113/99
f 103/114/99 105/117/101 1530/1578/1526
f 184/198/180 896/926/892 105/117/101
f 219/233/215 159/172/155 691/718/687
f 690/717/686 691/718/687 159/172/155
f 374/390/370 1321/1362/1317 375/391/371
f 375/391/371 1321/1362/1317 1702/1753/1698
f 425/445/421 1908/1961/1904 1247/1286/1242
f 425/445/421 860/890/856 1908/1961/1904
f 143/156/139 138/151/134 140/153/136
f 1529/1577/1525 140/153/136 1260/1299/1256
f 1908/1961/1904 860/890/856 1245/1284/1240
f 1245/1284/1240 860/890/856 523/543/519
f 1260/1299/1256 1170/1207/1165 614/636/610
f 1170/1207/1165 1735/1787/1731 614/636/610
f 1727/1779/1723 125/137/121 206/220/202
f 206/220/202 125/137/121 1093/1126/1088
f 756/784/752 1812/1864/1808 759/787/755
f 1812/1864/1808 1558/1607/1554 759/787/755
f 1379/1421/1375 1380/1422/1376 427/447/423
f 288/302/284 1078/1111/1074 1380/1422/1376
f 1092/1125/1087 1857/1909/1853 1632/1683/1628
f 1857/1909/1853 1091/1124/1086 1632/1683/1628
f 1765/1817/1761 472/492/468 328/344/324
f 1765/1817/1761 328/344/324 304/319/300
f 1093/1126/1088 1632/1683/1628 207/221/203
f 206/220/202 1093/1126/1088 207/221/203
f 328/344/324 1806/1858/1802 305/320/301
f 1608/1659/1604 1607/1658/1603 305/320/301
f 1608/1659/1604 305/320/301 1806/1858/1802
f 1807/1859/1803 1608/1659/1604 1806/1858/1802
f 1042/1074/1038 1036/1068/1032 1032/1064/1028
f 1042/1074/1038 1032/1064/1028 1892/1945/1888
f 602/624/598 646/668/642 600/622/596
f 602/624/598 1303/1344/1299 646/668/642
f 1113/1148/1108 152/165/148 1104/1137/1099
f 1113/1148/1108 150/163/146 152/165/148
f 482/502/478 552/572/548 827/857/823
f 826/856/822 482/502/478 827/857/823
f 1370/1412/1366 590/612/586 670/696/666
f 1225/1262/1220 590/612/586 1370/1412/1366
f 225/239/221 1203/1240/1198 226/240/222
f 226/240/222 1203/1240/1198 329/345/325
f 1092/1125/1087 1633/1684/1629 145/158/141
f 1092/1125/1087 145/158/141 1857/1909/1853
f 1728/1780/1724 205/219/201 931/962/927
f 1728/1780/1724 931/962/927 1681/1732/1677
f 582/604/578 584/606/580 1579/1629/1575
f 1440/1484/1436 1579/1629/1575 584/606/580
f 1129/1166/1124 2/2/2 1183/1220/1178
f 1131/1168/1126 2/2/2 1129/1166/1124
f 325/341/321 412/429/408 666/691/662
f 412/430/408 1667/1718/1663 666/692/662
f 300/315/296 299/314/295 1191/1228/1186
f 1191/1228/1186 299/314/295 1112/1147/1107
f 442/462/438 1777/1829/1773 907/937/903
f 906/936/902 907/937/903 388/404/384
f 488/508/484 385/401/381 1289/1330/1285
f 385/401/381 394/410/390 1289/1330/1285
f 1700/1751/1696 510/530/506 1875/1927/1871
f 1119/1155/1114 1120/1156/1115 1700/1751/1696
f 527/547/523 342/358/338 1822/1874/1818
f 1822/1874/1818 342/358/338 1801/1853/1797
f 1475/1522/1471 1470/1517/1466 1469/1516/1465
f 950/981/946 1829/1881/1825 1469/1516/1465
f 1700/1751/1696 279/293/275 511/531/507
f 279/293/275 1677/1728/1673 511/531/507
f 189/203/185 188/202/184 712/739/707
f 712/739/707 462/482/458 1662/1713/1658
f 1865/1917/1861 1767/1819/1763 575/596/571
f 734/762/730 575/596/571 1767/1819/1763
f 1678/1729/1674 416/436/412 1572/1621/1568
f 1566/1615/1562 314/329/310 1761/1813/1757
f 1566/1615/1562 1761/1813/1757 1360/1402/1356
f 932/963/928 934/965/930 936/967/932
f 938/969/934 936/967/932 934/965/930
f 830/860/826 552/572/548 1264/1303/1260
f 827/857/823 552/572/548 830/860/826
f 1551/1599/1547 753/781/749 752/780/748
f 753/781/749 1551/1599/1547 255/269/251
f 124/136/120 710/737/705 208/222/204
f 310/325/306 710/737/705 124/136/120
f 1066/1099/1062 543/563/539 546/566/542
f 542/562/538 546/566/542 543/563/539
f 1101/1134/1096 1492/1539/1488 1099/1132/1094
f 347/363/343 1099/1132/1094 1492/1539/1488
f 59/63/59 55/57/55 42/43/42
f 59/63/59 42/43/42 41/42/41
f 1042/1074/1038 1892/1945/1888 371/387/367
f 1034/1066/1030 371/387/367 1892/1945/1888
f 1138/1175/1133 1427/1471/1423 1868/1920/1864
f 1868/1920/1864 1139/1176/1134 1138/1175/1133
f 1118/1154/1113 1120/1156/1115 1119/1155/1114
f 180/193/176 1120/1156/1115 1118/1154/1113
f 449/469/445 1722/1774/1718 640/662/636
f 448/468/444 1722/1774/1718 449/469/445
f 1023/1055/1019 1025/1057/1021 1620/1671/1616
f 122/134/118 1023/1055/1019 1620/1671/1616
f 941/972/937 1606/1657/1602 1614/1665/1610
f 941/972/937 1614/1665/1610 1753/1805/1749
f 939/970/935 941/972/937 1753/1805/1749
f 624/646/620 939/970/935 1753/1805/1749
f 74/82/70 669/695/665 1540/1588/1536
f 75/83/71 74/82/70 1540/1588/1536
f 1888/1941/1884 1909/1962/1905 1863/1915/1859
f 1863/1915/1859 1909/1962/1905 111/123/107
f 766/794/762 1154/1191/1149 1842/1894/1838
f 1842/1894/1838 1154/1191/1149 1843/1895/1839
f 398/414/394 111/123/107 1909/1962/1905
f 1888/1941/1884 398/414/394 1909/1962/1905
f 1731/1783/1727 1730/1782/1726 1498/1545/1494
f 1498/1545/1494 944/975/940 973/1004/969
f 1484/1531/1480 1726/1778/1722 1485/1532/1481
f 368/384/364 942/973/938 1729/1781/1725
f 368/384/364 1729/1781/1725 369/385/365
f 1731/1783/1727 1729/1781/1725 1730/1782/1726
f 459/479/455 996/1028/992 457/477/453
f 1538/1586/1534 261/275/257 400/416/396
f 1538/1586/1534 400/416/396 1854/1906/1850
f 1604/1655/1600 814/844/810 808/838/804
f 806/836/802 808/838/804 814/844/810
f 1748/1800/1744 1520/1568/1516 1344/1385/1340
f 1748/1800/1744 642/664/638 1520/1568/1516
f 1041/1073/1037 1621/1672/1617 575/596/571
f 1621/1672/1617 1041/1073/1037 1350/1391/1346
f 897/927/893 896/926/892 184/198/180
f 897/927/893 184/198/180 1284/1324/1280
f 143/156/139 140/153/136 1529/1577/1525
f 1169/1206/1164 143/156/139 1529/1577/1525
f 973/1004/969 1187/1224/1182 1185/1222/1180
f 973/1004/969 974/1005/970 1187/1224/1182
f 491/511/487 1434/1478/1430 1769/1821/1765
f 1434/1478/1430 491/511/487 1433/1477/1429
f 1548/1596/1544 255/269/251 770/799/766
f 753/781/749 255/269/251 1548/1596/1544
f 365/381/361 921/952/917 924/955/920
f 924/955/920 366/382/362 365/381/361
f 102/112/98 1210/1247/1205 1328/1369/1324
f 336/352/332 102/112/98 1897/1950/1893
f 1871/1923/1867 1873/1925/1869 923/954/919
f 924/955/920 923/954/919 1910/1963/1906
f 1328/1369/1324 1897/1950/1893 102/112/98
f 1328/1369/1324 1211/1248/1206 1897/1950/1893
f 1873/1925/1869 1083/1116/1079 1911/1964/1907
f 923/954/919 1873/1925/1869 1911/1964/1907
f 1605/1656/1601 941/972/937 940/971/936
f 1704/1755/1700 1605/1656/1601 940/971/936
f 338/354/334 1395/1439/1391 339/355/335
f 338/354/334 1392/1436/1388 1395/1439/1391
f 494/514/490 497/517/493 1654/1705/1650
f 878/908/874 494/514/490 1654/1705/1650
f 524/544/520 1393/1437/1389 1453/1498/1449
f 1453/1498/1449 1393/1437/1389 338/354/334
f 807/837/803 798/828/794 1424/1468/1420
f 807/837/803 1424/1468/1420 808/838/804
f 1289/1330/1285 1563/1612/1559 1290/1331/1286
f 1563/1612/1559 1466/1513/1462 1290/1331/1286
f 1830/1882/1826 306/321/302 1252/1291/1247
f 1252/1291/1247 306/321/302 1255/1294/1250
f 433/453/429 1241/1280/1236 431/451/427
f 1246/1285/1241 431/451/427 1241/1280/1236
f 1230/1267/1225 887/917/883 1231/1268/1226
f 889/919/885 1231/1268/1226 887/917/883
f 1682/1733/1678 933/964/929 1681/1732/1677
f 933/964/929 1682/1733/1678 824/854/820
f 529/549/525 727/755/723 981/1012/977
f 529/549/525 981/1012/977 980/1011/976
f 632/654/628 920/951/916 633/655/629
f 1423/1467/1419 633/655/629 920/951/916
f 1429/1473/1425 661/685/657 1069/1102/1065
f 1429/1473/1425 1431/1475/1427 661/685/657
f 1467/1514/1463 303/318/299 1250/1289/1245
f 1467/1514/1463 173/186/169 303/318/299
f 607/629/603 596/618/592 1591/1642/1587
f 1591/1642/1587 596/618/592 1592/1643/1588
f 1468/1515/1464 486/506/482 173/186/169
f 486/506/482 1468/1515/1464 1254/1293/1249
f 512/532/508 554/574/550 1762/1814/1758
f 512/532/508 634/656/630 1415/1459/1411
f 167/180/163 166/179/162 513/533/509
f 167/180/163 513/533/509 1761/1813/1757
f 128/140/124 1475/1522/1471 1766/1818/1762
f 1475/1522/1471 1469/1516/1465 1829/1881/1825
f 1237/1275/1232 586/608/582 1716/1767/1712
f 98/107/94 1716/1767/1712 586/608/582
f 110/122/106 1880/1932/1876 111/123/107
f 1739/1791/1735 1825/1877/1821 227/241/223
f 1739/1791/1735 227/241/223 978/1009/974
f 1642/1693/1638 1639/1690/1635 1643/1694/1639
f 1638/1689/1634 1643/1694/1639 1639/1690/1635
f 979/1010/975 1494/1541/1490 1786/1838/1782
f 1493/1540/1489 1101/1134/1096 1103/1136/1098
f 252/266/248 254/268/250 1190/1227/1185
f 254/268/250 95/103/91 1190/1227/1185
f 796/826/792 802/832/798 1715/1766/1711
f 1625/1676/1621 802/832/798 796/826/792
f 1494/1541/1490 1493/1540/1489 1786/1838/1782
f 1494/1541/1490 977/1008/973 1493/1540/1489
f 1301/1342/1297 857/887/853 1302/1343/1298
f 1304/1345/1300 857/887/853 1301/1342/1297
f 479/499/475 782/812/778 87/95/83
f 1351/1392/1347 782/812/778 479/499/475
f 1326/1367/1322 783/813/779 635/657/631
f 249/263/245 783/813/779 1326/1367/1322
f 872/902/868 122/134/118 1134/1171/1129
f 872/902/868 134/147/130 133/146/129
f 916/947/912 249/263/245 1326/1367/1322
f 915/946/911 249/263/245 916/947/912
f 122/134/118 872/902/868 133/146/129
f 133/146/129 123/135/119 122/134/118
f 593/615/589 4/4/4 1793/1845/1789
f 593/615/589 1793/1845/1789 1718/1770/1714
f 1049/1081/1045 370/386/366 367/383/363
f 367/383/363 370/386/366 372/388/368
f 195/209/191 149/162/145 1906/1959/1902
f 747/775/743 149/162/145 148/161/144
f 667/693/663 613/635/609 615/637/611
f 132/145/128 611/633/607 613/635/609
f 130/142/126 132/145/128 667/693/663
f 132/145/128 613/635/609 667/693/663
f 1479/1526/1475 373/389/369 1259/1298/1255
f 1142/1179/1137 1145/1182/1140 1147/1184/1142
f 1142/1179/1137 862/892/858 1145/1182/1140
f 961/992/957 954/985/950 956/987/952
f 956/987/952 954/985/950 1449/1494/1445
f 481/501/477 428/448/424 1221/1258/1216
f 1221/1258/1216 482/502/478 481/501/477
f 428/448/424 1361/1403/1357 429/449/425
f 1361/1403/1357 428/448/424 481/501/477
f 1511/1558/1507 1519/1567/1515 1518/1565/1514
f 1519/1567/1515 72/79/68 1518/1565/1514
f 638/660/634 635/657/631 53/55/53
f 1386/1430/1382 1483/1530/1479 151/164/147
f 1757/1809/1753 915/946/911 1680/1731/1676
f 1757/1809/1753 1027/1059/1023 1021/1053/1017
f 1568/1617/1564 221/235/217 220/234/216
f 1568/1617/1564 1797/1849/1793 221/235/217
f 610/632/606 857/887/853 1304/1345/1300
f 610/632/606 1304/1345/1300 609/631/605
f 859/889/855 460/480/456 1055/1088/1051
f 421/441/417 460/480/456 859/889/855
f 608/630/604 607/629/603 1796/1848/1792
f 608/630/604 1796/1848/1792 610/632/606
f 819/849/815 1214/1251/1209 1859/1911/1855
f 1442/1487/1438 819/849/815 1859/1911/1855
f 1009/1041/1005 458/478/454 1006/1038/1002
f 458/478/454 1007/1039/1003 1006/1038/1002
f 237/251/233 239/253/235 879/909/875
f 879/909/875 239/253/235 883/913/879
f 1540/1588/1536 81/89/77 998/1030/994
f 997/1029/993 1000/1032/996 998/1030/994
f 329/345/325 1203/1240/1198 1783/1835/1779
f 329/345/325 1783/1835/1779 101/111/97
f 282/296/278 1266/1305/1262 1033/1065/1029
f 56/58/56 990/1022/986 54/56/54
f 56/58/56 58/62/58 1589/1639/1585
f 56/58/56 1589/1639/1585 990/1022/986
f 990/1021/986 1589/1640/1585 415/435/411
f 866/896/862 867/897/863 1692/1743/1688
f 1241/1280/1236 433/453/429 1242/1281/1237
f 1261/1300/1257 1418/1462/1414 577/598/573
f 1418/1462/1414 333/349/329 577/598/573
f 293/308/289 1433/1477/1429 1881/1934/1877
f 1062/1095/1058 1058/1091/1054 697/724/693
f 69/75/65 1373/1415/1369 1165/1202/1160
f 69/75/65 1165/1202/1160 70/76/66
f 1274/1314/1270 1156/1193/1151 1143/1180/1138
f 1264/1303/1260 483/503/479 485/505/481
f 483/503/479 1264/1303/1260 552/572/548
f 617/639/613 952/983/948 961/992/957
f 952/983/948 954/985/950 961/992/957
f 257/271/253 1495/1542/1491 772/801/768
f 772/801/768 1497/1544/1493 1764/1816/1760
f 1002/1034/998 1850/1902/1846 1385/1428/1381
f 1852/1904/1848 1325/1366/1321 630/652/626
f 630/652/626 1325/1366/1321 784/814/780
f 967/998/963 969/1000/965 1502/1549/1498
f 1049/1081/1045 967/998/963 1824/1876/1820
f 576/597/572 335/351/331 1313/1354/1309
f 507/527/503 576/597/572 1313/1354/1309
f 1751/1803/1747 181/194/177 570/591/566
f 181/194/177 1751/1803/1747 567/588/563
f 1074/1107/1070 1075/1108/1071 1077/1110/1073
f 287/301/283 1077/1110/1073 1075/1108/1071
f 222/236/218 1652/1703/1648 223/237/219
f 186/200/182 1650/1701/1646 222/236/218
f 454/474/450 1197/1234/1192 984/1015/980
f 1197/1234/1192 1198/1235/1193 984/1015/980
f 1316/1357/1312 1317/1358/1313 1314/1355/1310
f 1317/1358/1313 1315/1356/1311 1314/1355/1310
f 419/439/415 1832/1884/1828 994/1026/990
f 994/1026/990 992/1024/988 419/439/415
f 1069/1102/1065 755/783/751 1430/1474/1426
f 1628/1679/1624 1430/1474/1426 755/783/751
f 683/710/679 682/709/678 1193/1230/1188
f 568/589/564 683/710/679 1597/1648/1593
f 1597/1648/1593 1193/1230/1188 175/188/171
f 1597/1648/1593 683/710/679 1193/1230/1188
f 1574/1623/1570 1573/1622/1569 150/163/146
f 210/224/206 212/226/208 1573/1622/1569
f 945/976/941 158/171/154 1212/1249/1207
f 177/190/173 1212/1249/1207 158/171/154
f 1574/1623/1570 210/224/206 1573/1622/1569
f 905/935/901 210/224/206 1574/1623/1570
f 157/170/153 177/190/173 158/171/154
f 157/170/153 1595/1646/1591 1596/1647/1592
f 875/905/871 471/491/467 476/496/472
f 476/496/472 259/273/255 406/423/402
f 255/269/251 772/801/768 1764/1816/1760
f 874/904/870 1132/1169/1127 875/905/871
f 1611/1662/1607 1132/1169/1127 874/904/870
f 788/818/784 1623/1674/1619 899/929/895
f 788/818/784 899/929/895 357/373/353
f 405/422/401 1886/1939/1882 1885/1938/1881
f 656/678/652 405/422/401 1885/1938/1881
f 1886/1939/1882 1163/1200/1158 1166/1203/1161
f 1162/1199/1157 1166/1203/1161 1163/1200/1158
f 348/364/344 1422/1466/1418 351/367/347
f 351/367/347 1422/1466/1418 361/377/357
f 1420/1464/1416 362/378/358 361/377/357
f 1422/1466/1418 1420/1464/1416 361/377/357
f 295/310/291 721/749/716 723/751/718
f 720/748/715 723/751/718 721/749/716
f 717/745/712 557/577/553 1752/1804/1748
f 559/579/555 1752/1804/1748 557/577/553
f 317/332/313 506/526/502 505/525/501
f 820/850/816 819/849/815 506/526/502
f 505/525/501 1706/1757/1702 1707/1758/1703
f 317/332/313 505/525/501 1707/1758/1703
f 1688/1739/1684 822/852/818 821/851/817
f 822/852/818 1688/1739/1684 1743/1795/1739
f 1838/1890/1834 987/1018/983 1836/1888/1832
f 1840/1892/1836 1912/1965/1908 1836/1888/1832
f 257/271/253 1496/1543/1492 1495/1542/1491
f 257/271/253 256/270/252 1913/1966/1909
f 1838/1890/1834 1836/1888/1832 1912/1965/1908
f 1840/1892/1836 1838/1890/1834 1912/1965/1908
f 1496/1543/1492 257/271/253 1913/1966/1909
f 417/437/413 1216/1253/1211 418/438/414
f 1216/1253/1211 409/426/405 418/438/414
f 1882/1935/1878 665/690/661 1732/1784/1728
f 666/691/662 665/690/661 1882/1935/1878
f 792/822/788 1383/1425/1379 1707/1758/1703
f 791/821/787 1383/1425/1379 792/822/788
f 1787/1839/1783 1100/1133/1095 877/907/873
f 1101/1134/1096 1100/1133/1095 1102/1135/1097
f 1536/1584/1532 1161/1198/1156 1542/1590/1538
f 1536/1584/1532 1542/1590/1538 1541/1589/1537
f 1777/1829/1773 1104/1137/1099 388/404/384
f 1777/1829/1773 388/404/384 907/937/903
f 699/726/695 700/727/696 1914/1967/1910
f 869/899/865 1342/1383/1338 1915/1968/1911
f 1915/1968/1911 1509/1556/1505 1508/1555/1504
f 1265/1304/1261 1580/1630/1576 1228/1265/1223
f 1265/1304/1261 1228/1265/1223 470/490/466
f 1902/1955/1898 1916/1969/1912 1515/1562/1511
f 1916/1969/1912 841/871/837 1515/1562/1511
f 348/364/344 352/368/348 811/841/807
f 348/364/344 811/841/807 1406/1450/1402
f 1870/1922/1866 1407/1451/1403 810/840/806
f 1872/1924/1868 810/840/806 817/847/813
f 1406/1450/1402 810/840/806 1407/1451/1403
f 1407/1451/1403 348/364/344 1406/1450/1402
f 1755/1807/1751 250/264/246 249/263/245
f 760/788/756 852/882/848 754/782/750
f 852/882/848 760/788/756 318/333/314
f 165/178/161 1867/1919/1863 1500/1547/1496
f 168/181/164 170/183/166 165/178/161
f 168/181/164 1500/1547/1496 169/182/165
f 1500/1547/1496 168/181/164 165/178/161
f 1866/1918/1862 838/868/834 457/477/453
f 838/868/834 1866/1918/1862 835/865/831
f 454/474/450 450/470/446 452/472/448
f 454/474/450 984/1015/980 450/470/446
f 1835/1887/1831 438/458/434 1836/1888/1832
f 1835/1887/1831 1321/1362/1317 438/458/434
f 946/977/942 948/979/944 1123/1159/1118
f 1529/1577/1525 1123/1159/1118 948/979/944
f 519/539/515 1570/1619/1566 1569/1618/1565
f 1569/1618/1565 687/714/683 519/539/515
f 918/949/914 515/535/511 514/534/510
f 918/949/914 514/534/510 1501/1548/1497
f 889/919/885 888/918/884 1459/1505/1455
f 1457/1503/1453 889/919/885 1459/1505/1455
f 772/801/768 1495/1542/1491 1497/1544/1493
f 744/772/740 925/956/921 745/773/741
f 925/956/921 747/775/743 745/773/741
f 407/424/403 390/406/386 392/408/388
f 426/446/422 1737/1789/1733 427/447/423
f 1736/1788/1732 1737/1789/1733 1907/1960/1903
f 1737/1789/1733 426/446/422 1907/1960/1903
f 1907/1960/1903 426/446/422 104/115/100
f 1917/1970/1913 1131/1168/1126 1611/1662/1607
f 1696/1747/1692 1917/1970/1913 655/677/651
f 1671/1722/1667 91/99/87 781/811/777
f 1672/1723/1668 1671/1722/1667 781/811/777
f 1917/1970/1913 775/804/771 1131/1168/1126
f 775/804/771 1917/1970/1913 1696/1747/1692
f 942/973/938 944/975/940 1730/1782/1726
f 1498/1545/1494 1730/1782/1726 944/975/940
f 1062/1095/1058 1056/1089/1052 1058/1091/1054
f 892/922/888 1774/1826/1770 264/278/260
f 780/810/776 1672/1723/1668 781/811/777
f 1672/1723/1668 780/810/776 1351/1392/1347
f 1658/1709/1654 1139/1176/1134 138/151/134
f 1146/1183/1141 1139/1176/1134 1658/1709/1654
f 1604/1655/1600 1679/1730/1675 1085/1118/1081
f 1085/1118/1081 1679/1730/1675 88/96/84
f 1189/1226/1184 560/580/556 252/266/248
f 1189/1226/1184 252/266/248 1190/1227/1185
f 1295/1336/1291 1294/1335/1290 1490/1537/1486
f 1490/1537/1486 1489/1536/1485 1295/1336/1291
f 177/190/173 1596/1647/1592 175/188/171
f 157/170/153 1596/1647/1592 177/190/173
f 1687/1738/1683 556/576/552 1362/1404/1358
f 1564/1613/1560 1687/1738/1683 1362/1404/1358
f 656/678/652 655/677/651 1611/1662/1607
f 655/677/651 1917/1970/1913 1611/1662/1607
f 267/281/263 268/282/264 1630/1681/1626
f 1402/1446/1398 267/281/263 1630/1681/1626
f 652/674/648 1847/1899/1843 653/675/649
f 267/281/263 1402/1446/1398 929/960/925
f 929/960/925 1402/1446/1398 348/364/344
f 1269/1309/1265 1616/1667/1612 211/225/207
f 211/225/207 1616/1667/1612 1900/1953/1896
f 844/874/840 313/328/309 845/875/841
f 313/328/309 1760/1812/1756 314/329/310
f 1778/1830/1774 315/330/311 283/297/279
f 1778/1830/1774 1779/1831/1775 315/330/311
f 869/899/865 1915/1968/1911 870/900/866
f 245/259/241 870/900/866 1915/1968/1911
f 512/532/508 1415/1459/1411 554/574/550
f 1263/1302/1259 555/575/551 554/574/550
f 981/1012/977 727/755/723 1114/1149/1109
f 1114/1149/1109 727/755/723 1456/1502/1452
f 1478/1525/1474 1477/1524/1473 1082/1115/1078
f 1478/1525/1474 1082/1115/1078 1581/1631/1577
f 307/322/303 1388/1432/1384 1412/1456/1408
f 307/322/303 1412/1456/1408 1879/1931/1875
f 550/570/546 1221/1258/1216 430/450/426
f 1800/1852/1796 550/570/546 552/572/548
f 550/570/546 1800/1852/1796 1221/1258/1216
f 1221/1258/1216 1800/1852/1796 482/502/478
f 905/935/901 518/538/514 210/224/206
f 1270/1310/1266 905/935/901 301/316/297
f 1902/1955/1898 1517/1564/1513 1916/1969/1912
f 1916/1969/1912 1517/1564/1513 841/871/837
f 1387/1431/1383 1176/1213/1171 1386/1430/1382
f 1387/1431/1383 212/226/208 1176/1213/1171
f 1377/1419/1373 1855/1907/1851 1375/1417/1371
f 290/304/286 1855/1907/1851 1377/1419/1373
f 1133/1170/1128 1200/1237/1195 873/903/869
f 1200/1237/1195 1136/1173/1131 868/898/864
f 1136/1173/1131 1133/1170/1128 1135/1172/1130
f 1200/1237/1195 1133/1170/1128 1136/1173/1131
f 1771/1823/1767 787/817/783 27/27/27
f 27/27/27 787/817/783 357/373/353
f 1838/1890/1834 1898/1951/1894 1834/1886/1830
f 44/45/44 986/1017/982 1898/1951/1894
f 851/881/847 763/791/759 1521/1569/1517
f 763/791/759 478/498/474 1521/1569/1517
f 1803/1855/1799 1106/1140/1101 1481/1528/1477
f 1237/1275/1232 1716/1767/1712 1238/1276/1233
f 763/791/759 1238/1277/1233 1716/1768/1712
f 644/666/640 1146/1183/1141 645/667/641
f 645/667/641 1146/1183/1141 1658/1709/1654
f 152/165/148 1108/1143/1103 1104/1137/1099
f 1104/1137/1099 1108/1143/1103 1105/1139/1100
f 1425/1469/1421 272/286/268 742/770/738
f 1477/1524/1473 1425/1469/1421 1082/1115/1078
f 330/346/326 979/1010/975 978/1009/974
f 330/346/326 329/345/325 1785/1837/1781
f 1198/1235/1193 1196/1233/1191 1636/1687/1632
f 1197/1234/1192 1196/1233/1191 1198/1235/1193
f 1722/1774/1718 1017/1049/1013 641/663/637
f 1017/1049/1013 1520/1568/1516 641/663/637
f 179/192/175 332/348/328 1445/1490/1441
f 332/348/328 179/192/175 178/191/174
f 1203/1240/1198 225/239/221 1207/1244/1202
f 1203/1240/1198 1207/1244/1202 1204/1241/1199
f 1519/1567/1515 68/74/64 72/79/68
f 68/74/64 70/77/66 72/79/68
f 1365/1407/1361 1208/1245/1203 1204/1241/1199
f 1205/1242/1200 1204/1241/1199 1208/1245/1203
f 1365/1407/1361 966/997/962 1209/1246/1204
f 966/997/962 527/547/523 1209/1246/1204
f 1601/1652/1597 280/294/276 1035/1067/1031
f 397/413/393 1601/1652/1597 1035/1067/1031
f 1654/1705/1650 497/517/493 1740/1792/1736
f 1740/1792/1736 497/517/493 246/260/242
f 250/264/246 51/53/51 251/265/247
f 1341/1382/1337 220/234/216 521/541/517
f 1568/1617/1564 220/234/216 1341/1382/1337
f 1433/1477/1429 1384/1427/1380 1881/1934/1877
f 1181/1218/1176 1175/1212/1170 1174/1211/1169
f 1076/1109/1072 789/819/785 1575/1624/1571
f 1076/1109/1072 1575/1624/1571 790/820/786
f 1095/1128/1090 604/626/600 603/625/599
f 603/625/599 1098/1131/1093 1095/1128/1090
f 845/875/841 315/330/311 1779/1831/1775
f 845/875/841 1779/1831/1775 505/525/501
f 693/720/689 1698/1749/1694 539/559/535
f 691/718/687 693/720/689 539/559/535
f 758/786/754 760/788/756 1549/1597/1545
f 758/786/754 1549/1597/1545 769/798/765
f 42/43/42 38/38/38 1310/1351/1306
f 1310/1351/1306 38/38/38 1311/1352/1307
f 1537/1585/1533 1583/1633/1579 1584/1634/1580
f 1162/1199/1157 1537/1585/1533 1584/1634/1580
f 339/355/335 1689/1740/1685 434/454/430
f 339/355/335 1397/1441/1393 1689/1740/1685
f 161/174/157 1626/1677/1622 18/18/18
f 160/173/156 1626/1677/1622 161/174/157
f 643/665/639 137/150/133 1899/1952/1895
f 1899/1952/1895 137/150/133 136/149/132
f 947/978/943 135/148/131 1169/1206/1164
f 141/154/137 1169/1206/1164 135/148/131
f 1240/1279/1235 172/185/168 194/208/190
f 194/208/190 423/443/419 1240/1279/1235
f 1044/1076/1040 423/443/419 1853/1905/1849
f 194/208/190 1853/1905/1849 423/443/419
f 1098/1131/1093 1097/1130/1092 609/631/605
f 1097/1130/1092 593/615/589 606/628/602
f 1768/1820/1764 1287/1328/1283 1047/1079/1043
f 1853/1905/1849 1287/1328/1283 1768/1820/1764
f 1646/1697/1642 1644/1695/1640 959/990/955
f 618/640/614 1644/1695/1640 1646/1697/1642
f 109/121/105 1847/1899/1843 1157/1194/1152
f 1097/1130/1092 606/628/602 609/631/605
f 609/631/605 606/628/602 608/630/604
f 1609/1660/1605 488/508/484 1291/1332/1287
f 1291/1332/1287 488/508/484 1289/1330/1285
f 1667/1718/1663 1051/1083/1047 1666/1717/1662
f 386/402/382 488/508/484 1666/1717/1662
f 783/813/779 251/265/247 51/53/51
f 67/72/63 71/78/67 1553/1601/1549
f 76/84/72 1553/1601/1549 71/78/67
f 689/716/685 686/713/682 1272/1312/1268
f 1271/1311/1267 1272/1312/1268 686/713/682
f 1533/1581/1529 898/928/894 467/487/463
f 1531/1579/1527 898/928/894 1533/1581/1529
f 903/933/899 1624/1675/1620 796/826/792
f 902/932/898 1624/1675/1620 903/933/899
f 187/201/183 1230/1267/1225 1918/1971/1914
f 1918/1971/1914 1230/1267/1225 1533/1581/1529
f 1455/1501/1451 1696/1747/1692 654/676/650
f 654/676/650 1696/1747/1692 655/677/651
f 392/408/388 1864/1916/1860 532/552/528
f 1864/1916/1860 536/556/532 532/552/528
f 583/605/579 1223/1260/1218 1225/1262/1220
f 1223/1260/1218 583/605/579 1891/1944/1887
f 530/550/526 529/549/525 980/1011/976
f 1717/1769/1713 530/550/526 980/1011/976
f 663/687/659 1546/1594/1542 1814/1866/1810
f 751/779/747 663/687/659 1814/1866/1810
f 894/924/890 1532/1580/1528 895/925/891
f 894/924/890 1531/1579/1527 1532/1580/1528
f 583/605/579 1225/1262/1220 1164/1201/1159
f 1225/1262/1220 1370/1412/1366 1164/1201/1159
f 1557/1606/1553 270/284/266 1555/1604/1551
f 1815/1867/1811 1814/1866/1810 270/284/266
f 648/670/644 600/622/596 646/668/642
f 1279/1319/1275 600/622/596 648/670/644
f 1556/1605/1552 1815/1867/1811 1557/1606/1553
f 1815/1867/1811 270/284/266 1557/1606/1553
f 1594/1645/1590 444/464/440 1878/1930/1874
f 1878/1930/1874 444/464/440 446/466/442
f 1300/1341/1296 453/473/449 452/472/448
f 1019/1051/1015 1300/1341/1296 452/472/448
f 470/490/466 469/489/465 829/859/825
f 469/489/465 1426/1470/1422 829/859/825
f 595/617/591 445/465/441 444/464/440
f 595/617/591 597/619/593 445/465/441
f 1299/1340/1295 1841/1893/1837 453/473/449
f 1299/1340/1295 453/473/449 1300/1341/1296
f 1782/1834/1778 446/466/442 1780/1832/1776
f 1780/1832/1776 446/466/442 445/465/441
f 1870/1922/1866 810/840/806 1872/1924/1868
f 1871/1923/1867 1870/1922/1866 1872/1924/1868
f 867/897/863 1242/1281/1237 1692/1743/1688
f 1242/1281/1237 867/897/863 1919/1972/1915
f 130/142/126 668/694/664 413/432/409
f 131/143/127 130/142/126 413/432/409
f 1636/1687/1632 1635/1686/1631 1776/1828/1772
f 1776/1828/1772 1635/1686/1631 1602/1653/1598
f 1683/1734/1679 846/876/842 1867/1919/1863
f 1867/1919/1863 846/876/842 1500/1547/1496
f 35/35/35 46/47/46 36/36/36
f 47/48/47 46/47/46 35/35/35
f 1908/1961/1904 1245/1284/1240 1248/1287/1243
f 1908/1961/1904 1248/1287/1243 1247/1286/1242
f 847/877/843 846/876/842 1683/1734/1679
f 1316/1357/1312 847/877/843 1683/1734/1679
f 733/761/729 732/760/728 578/599/574
f 578/599/574 1339/1380/1335 571/592/567
f 571/592/567 1506/1553/1502 578/599/574
f 1507/1554/1503 579/600/575 1506/1553/1502
f 844/874/840 1760/1812/1756 313/328/309
f 167/180/163 1760/1812/1756 844/874/840
f 1507/1554/1503 1506/1553/1502 571/592/567
f 570/591/566 1507/1554/1503 571/592/567
f 1015/1047/1011 1651/1702/1647 1016/1048/1012
f 1344/1385/1340 1016/1048/1012 1381/1423/1377
f 1431/1475/1427 660/684/656 26/26/26
f 661/685/657 1431/1475/1427 662/686/658
f 1651/1702/1647 1789/1841/1785 1381/1423/1377
f 1016/1048/1012 1651/1702/1647 1381/1423/1377
f 662/686/658 26/26/26 32/32/32
f 1431/1475/1427 26/26/26 662/686/658
f 384/400/380 561/582/557 1670/1721/1666
f 1920/1974/1916 1105/1138/1100 1525/1573/1521
f 999/1031/995 1540/1588/1536 1000/1032/996
f 1000/1032/996 1540/1588/1536 998/1030/994
f 1670/1721/1666 1920/1974/1916 1525/1573/1521
f 394/410/390 1670/1721/1666 1525/1573/1521
f 421/441/417 718/746/713 717/745/712
f 717/745/712 718/746/713 557/577/553
f 1570/1619/1566 1060/1093/1056 215/229/211
f 1060/1093/1056 1273/1313/1269 215/229/211
f 208/222/204 1065/1098/1061 262/276/258
f 1433/1477/1429 50/52/50 1384/1427/1380
f 531/551/527 222/236/218 224/238/220
f 531/551/527 224/238/220 888/918/884
f 262/276/258 1634/1685/1630 1633/1684/1629
f 1066/1099/1062 1634/1685/1630 262/276/258
f 861/891/857 431/451/427 1244/1283/1239
f 1244/1283/1239 189/203/185 861/891/857
f 209/223/205 263/277/259 1633/1684/1629
f 262/276/258 1633/1684/1629 263/277/259
f 1148/1185/1143 1833/1885/1829 861/891/857
f 861/891/857 1833/1885/1829 431/451/427
f 1291/1332/1287 1466/1513/1462 1607/1658/1603
f 173/186/169 1607/1658/1603 1466/1513/1462
f 173/186/169 396/412/392 174/187/170
f 173/186/169 1563/1612/1559 396/412/392
f 502/522/498 1070/1103/1066 498/518/494
f 502/522/498 498/518/494 503/523/499
f 1553/1601/1549 78/86/74 1554/1603/1550
f 1486/1533/1482 1487/1534/1483 326/342/322
f 472/492/468 1486/1533/1482 326/342/322
f 1700/1751/1696 1122/1158/1117 277/291/273
f 277/291/273 353/369/349 278/292/274
f 869/899/865 495/515/491 1343/1384/1339
f 869/899/865 1343/1384/1339 1342/1383/1338
f 1122/1158/1117 354/370/350 353/369/349
f 1122/1158/1117 353/369/349 277/291/273
f 1646/1697/1642 959/990/955 951/982/947
f 959/990/955 949/980/945 951/982/947
f 1787/1839/1783 1102/1135/1097 1100/1133/1095
f 1787/1839/1783 1786/1838/1782 1102/1135/1097
f 1805/1857/1801 1395/1439/1391 1921/1975/1917
f 1921/1975/1917 1400/1444/1396 1805/1857/1801
f 1719/1771/1715 6/6/6 597/619/593
f 4/4/4 6/6/6 1719/1771/1715
f 1404/1448/1400 1921/1975/1917 1395/1439/1391
f 1405/1449/1401 1404/1448/1400 1395/1439/1391
f 1613/1664/1609 1084/1117/1080 815/845/811
f 1084/1117/1080 1086/1119/1082 815/845/811
f 1276/1316/1272 1820/1872/1816 1277/1317/1273
f 1364/1406/1360 1820/1872/1816 1276/1316/1272
f 1403/1447/1399 1400/1444/1396 1921/1975/1917
f 1403/1447/1399 1921/1975/1917 1404/1448/1400
f 1147/1184/1142 644/666/640 1821/1873/1817
f 1820/1872/1816 1821/1873/1817 1277/1317/1273
f 1205/1242/1200 1210/1247/1205 101/111/97
f 1210/1247/1205 1205/1242/1200 1208/1245/1203
f 1086/1119/1082 1090/1123/1085 228/242/224
f 1086/1119/1082 228/242/224 815/845/811
f 687/714/683 1293/1334/1289 1295/1336/1291
f 687/714/683 689/716/685 1293/1334/1289
f 1324/1365/1320 833/863/829 831/861/827
f 398/414/394 1888/1941/1884 831/861/827
f 1922/1976/1918 965/996/961 966/997/962
f 1781/1833/1777 1780/1832/1776 965/996/961
f 1324/1365/1320 831/861/827 1888/1941/1884
f 1721/1773/1717 1324/1365/1320 1888/1941/1884
f 1781/1833/1777 965/996/961 1922/1976/1918
f 1365/1407/1361 1922/1976/1918 966/997/962
f 1399/1443/1395 1861/1913/1857 1254/1293/1249
f 306/321/302 1923/1977/1919 1255/1294/1250
f 1781/1833/1777 1922/1976/1918 1365/1407/1361
f 1782/1834/1778 1781/1833/1777 1365/1407/1361
f 1860/1912/1856 1923/1977/1919 306/321/302
f 1860/1912/1856 306/321/302 305/320/301
f 1663/1714/1659 1662/1713/1658 1823/1875/1819
f 1663/1714/1659 1823/1875/1819 192/206/188
f 1779/1831/1775 1471/1518/1467 1327/1368/1323
f 154/167/150 1327/1368/1323 1471/1518/1467
f 1860/1912/1856 1861/1913/1857 1923/1977/1919
f 1923/1977/1919 1861/1913/1857 1399/1443/1395
f 526/546/522 1663/1714/1659 343/359/339
f 1663/1714/1659 192/206/188 343/359/339
f 1256/1295/1251 1255/1294/1250 1399/1443/1395
f 1923/1977/1919 1399/1443/1395 1255/1294/1250
f 128/140/124 1160/1197/1155 1474/1521/1470
f 128/140/124 1158/1195/1153 1160/1197/1155
f 1817/1869/1813 639/661/635 1819/1871/1815
f 1356/1398/1352 1714/1765/1710 639/661/635
f 358/374/354 1858/1910/1854 199/213/195
f 358/374/354 199/213/195 359/375/355
f 1851/1903/1847 1620/1671/1616 238/252/234
f 237/251/233 1851/1903/1847 238/252/234
f 1063/1096/1059 1059/1092/1055 1061/1094/1057
f 1537/1585/1533 1158/1195/1153 1583/1633/1579
f 128/140/124 1583/1633/1579 1158/1195/1153
f 514/534/510 180/193/176 1705/1756/1701
f 1705/1756/1701 1239/1278/1234 514/534/510
f 1028/1060/1024 1022/1054/1018 1021/1053/1017
f 1022/1054/1018 1028/1060/1024 1677/1728/1673
f 10/10/10 1296/1337/1292 541/561/537
f 908/938/904 541/561/537 1296/1337/1292
f 1586/1636/1582 1413/1457/1409 1414/1458/1410
f 1414/1458/1410 1413/1457/1409 276/290/272
f 1720/1772/1716 119/131/115 1322/1363/1318
f 1322/1363/1318 119/131/115 118/130/114
f 555/575/551 936/967/932 938/969/934
f 555/575/551 938/969/934 556/576/552
f 1415/1459/1411 276/290/272 1263/1302/1259
f 1415/1459/1411 1263/1302/1259 554/574/550
f 1355/1397/1351 1019/1051/1015 1018/1050/1014
f 185/199/181 1355/1397/1351 1018/1050/1014
f 74/82/70 73/81/69 669/695/665
f 73/81/69 677/704/673 669/695/665
f 677/704/673 79/87/75 669/695/665
f 1297/1338/1293 79/87/75 677/704/673
f 39/39/39 1510/1557/1506 40/40/40
f 1510/1557/1506 39/39/39 972/1003/968
f 922/953/918 928/959/924 1869/1921/1865
f 1871/1923/1867 1869/1921/1865 1870/1922/1866
f 1810/1862/1806 377/393/373 40/40/40
f 377/393/373 1810/1862/1806 1511/1558/1507
f 50/52/50 1433/1477/1429 491/511/487
f 1848/1900/1844 1664/1715/1660 1141/1178/1136
f 1141/1178/1136 1664/1715/1660 623/645/619
f 1352/1394/1348 1116/1152/1111 1839/1891/1835
f 1352/1394/1348 1839/1891/1835 1351/1392/1347
f 1890/1943/1886 735/763/731 1849/1901/1845
f 1014/1046/1010 1408/1452/1404 1411/1455/1407
f 1534/1582/1530 1541/1589/1537 1535/1583/1531
f 4/4/4 1541/1589/1537 1534/1582/1530
f 369/385/365 1729/1781/1725 1731/1783/1727
f 369/385/365 1731/1783/1727 968/999/964
f 1734/1786/1730 1732/1784/1728 615/637/611
f 1734/1786/1730 1882/1935/1878 1732/1784/1728
f 507/527/503 1876/1928/1872 576/597/572
f 1619/1670/1615 1618/1669/1614 1876/1928/1872
f 1818/1870/1814 1819/1871/1815 1359/1401/1355
f 1359/1401/1355 1747/1799/1743 1746/1798/1742
f 507/527/503 175/188/171 1619/1670/1615
f 1619/1670/1615 1876/1928/1872 507/527/503
f 1359/1401/1355 1819/1871/1815 1714/1765/1710
f 1819/1871/1815 639/661/635 1714/1765/1710
f 1831/1883/1827 1308/1349/1304 1832/1884/1828
f 1832/1884/1828 1308/1349/1304 535/555/531
f 653/675/649 1847/1899/1843 111/123/107
f 1151/1188/1146 1274/1314/1270 1152/1189/1147
f 1896/1949/1892 117/129/113 1724/1776/1720
f 503/523/499 112/124/108 116/128/112
f 1416/1460/1412 678/705/674 1417/1461/1413
f 678/705/674 731/759/727 1261/1300/1257
f 288/302/284 1380/1422/1376 1379/1421/1375
f 289/303/285 288/302/284 1379/1421/1375
f 678/705/674 1261/1300/1257 1417/1461/1413
f 1261/1300/1257 577/598/573 1417/1461/1413
f 992/1024/988 1330/1371/1326 1725/1777/1721
f 1330/1371/1326 994/1026/990 435/455/431
f 1330/1371/1326 435/455/431 1725/1777/1721
f 1725/1777/1721 435/455/431 437/457/433
f 994/1026/990 1832/1884/1828 436/456/432
f 1832/1884/1828 535/555/531 436/456/432
f 1368/1410/1364 544/564/540 1904/1957/1900
f 1366/1408/1362 1369/1411/1365 1368/1410/1364
f 1575/1624/1571 1576/1625/1572 1924/1978/1920
f 1575/1624/1571 1924/1978/1920 793/823/789
f 1366/1408/1362 1368/1410/1364 1904/1957/1900
f 1904/1957/1900 440/460/436 1366/1408/1362
f 1249/1288/1244 265/279/261 264/278/260
f 1249/1288/1244 1369/1411/1365 265/279/261
f 1695/1746/1691 1523/1571/1519 1522/1570/1518
f 1552/1600/1548 1695/1746/1691 1522/1570/1518
f 337/353/333 1721/1773/1717 1323/1364/1319
f 337/353/333 1323/1364/1319 1226/1263/1221
f 1692/1743/1688 433/453/429 865/895/861
f 1692/1743/1688 1242/1281/1237 433/453/429
f 799/829/795 1704/1755/1700 940/971/936
f 807/837/803 1704/1755/1700 799/829/795
f 86/94/82 1581/1631/1577 628/650/624
f 1581/1631/1577 1080/1113/1076 628/650/624
f 898/928/894 1889/1942/1885 467/487/463
f 898/928/894 897/927/893 1889/1942/1885
f 1596/1647/1592 1595/1646/1591 1597/1648/1593
f 1595/1646/1591 568/589/564 1597/1648/1593
f 1195/1232/1190 1594/1645/1590 1196/1233/1191
f 1593/1644/1589 1594/1645/1590 1195/1232/1190
f 824/854/820 1743/1795/1739 548/568/544
f 1743/1795/1739 549/569/545 548/568/544
f 1416/1460/1412 679/706/675 678/705/674
f 679/706/675 1416/1460/1412 1618/1669/1614
f 823/853/819 547/567/543 934/965/930
f 823/853/819 548/568/544 547/567/543
f 697/724/693 699/726/695 1059/1092/1055
f 1215/1252/1210 1312/1353/1308 1213/1250/1208
f 1212/1249/1207 1215/1252/1210 1213/1250/1208
f 1844/1896/1840 627/649/623 1817/1869/1813
f 1844/1896/1840 86/94/82 627/649/623
f 48/49/48 996/1028/992 1846/1898/1842
f 53/55/53 52/54/52 1385/1428/1381
f 164/177/160 1559/1608/1555 489/509/485
f 164/177/160 801/831/797 1559/1608/1555
f 902/932/898 899/929/895 1623/1674/1619
f 902/932/898 1623/1674/1619 1624/1675/1620
f 1047/1079/1043 1824/1876/1820 1045/1077/1041
f 1824/1876/1820 967/998/963 1502/1549/1498
f 828/858/824 1265/1304/1261 470/490/466
f 828/858/824 470/490/466 829/859/825
f 1572/1621/1568 1588/1638/1584 1216/1253/1211
f 415/435/411 1588/1638/1584 1572/1621/1568
f 1644/1695/1640 617/639/613 960/991/956
f 617/639/613 961/992/957 960/991/956
f 399/415/395 1585/1635/1581 684/711/680
f 1585/1635/1581 399/415/395 1561/1610/1557
f 1163/1200/1158 1886/1939/1882 258/272/254
f 405/422/401 258/272/254 1886/1939/1882
f 489/509/485 1893/1946/1889 1811/1863/1807
f 164/177/160 489/509/485 1811/1863/1807
f 1480/1527/1476 1482/1529/1478 171/184/167
f 1108/1143/1103 171/184/167 1482/1529/1478
f 491/511/487 1893/1946/1889 489/509/485
f 462/482/458 188/202/184 463/483/459
f 712/739/707 188/202/184 462/482/458
f 1147/1184/1142 1140/1177/1135 1142/1179/1137
f 1147/1184/1142 1821/1873/1817 1258/1297/1253
f 1181/1218/1176 1174/1211/1169 1901/1954/1897
f 344/360/340 1901/1954/1897 1174/1211/1169
f 211/225/207 1900/1953/1896 344/360/340
f 344/360/340 1900/1953/1896 1901/1954/1897
f 1830/1882/1826 1799/1851/1795 473/493/469
f 1830/1882/1826 1252/1291/1247 1251/1290/1246
f 556/576/552 553/573/549 1362/1404/1358
f 553/573/549 556/576/552 938/969/934
f 1140/1177/1135 1147/1184/1142 1258/1297/1253
f 626/648/622 1140/1177/1135 1258/1297/1253
f 1364/1406/1360 648/670/644 647/669/643
f 648/670/644 1364/1406/1360 1276/1316/1272
f 109/121/105 111/123/107 1847/1899/1843
f 99/109/95 927/958/923 1699/1750/1695
f 99/109/95 1699/1750/1695 746/774/742
f 409/426/405 411/428/407 1831/1883/1827
f 1831/1883/1827 411/428/407 1308/1349/1304
f 1669/1720/1665 1668/1719/1664 1445/1490/1441
f 1121/1157/1116 1445/1490/1441 1668/1719/1664
f 1648/1699/1644 1374/1416/1370 1649/1700/1645
f 1648/1699/1644 1649/1700/1645 795/825/791
f 786/816/782 785/815/781 1375/1417/1371
f 1375/1417/1371 292/306/288 786/816/782
f 597/619/593 524/544/520 1598/1649/1594
f 597/619/593 6/6/6 524/544/520
f 643/665/639 645/667/641 1659/1710/1655
f 643/665/639 1659/1710/1655 141/154/137
f 1222/1259/1217 1744/1796/1740 1883/1936/1879
f 484/504/480 1883/1936/1879 1744/1796/1740
f 559/579/555 1925/1979/1921 1527/1575/1523
f 139/152/135 864/894/860 1030/1062/1026
f 863/893/859 1030/1062/1026 864/894/860
f 1162/1199/1157 1584/1634/1580 1854/1906/1850
f 684/711/680 1162/1199/1157 1854/1906/1850
f 1335/1376/1331 75/83/71 999/1031/995
f 999/1031/995 75/83/71 1540/1588/1536
f 1749/1801/1745 573/594/569 575/596/571
f 573/594/569 580/601/576 579/600/575
f 733/761/729 573/594/569 1749/1801/1745
f 733/761/729 1749/1801/1745 734/762/730
f 733/761/729 578/599/574 580/601/576
f 733/761/729 580/601/576 573/594/569
f 388/404/384 1105/1139/1100 389/405/385
f 1920/1973/1916 389/405/385 1105/1139/1100
f 1094/1127/1089 1096/1129/1091 601/623/597
f 601/623/597 1096/1129/1091 1304/1345/1300
f 1775/1827/1771 615/637/611 1735/1787/1731
f 139/152/135 1775/1827/1771 1735/1787/1731
f 1782/1834/1778 1365/1407/1361 1207/1244/1202
f 1206/1243/1201 1782/1834/1778 1207/1244/1202
f 695/722/691 364/380/360 696/723/692
f 695/722/691 1233/1270/1228 364/380/360
f 178/191/174 180/193/176 515/535/511
f 1409/1453/1405 331/347/327 178/191/174
f 1409/1453/1405 515/535/511 1410/1454/1406
f 515/535/511 1409/1453/1405 178/191/174
f 1849/1901/1845 1408/1452/1404 1014/1046/1010
f 1408/1452/1404 1849/1901/1845 1409/1453/1405
f 1126/1162/1121 397/413/393 395/411/391
f 395/411/391 394/410/390 1126/1162/1121
f 1849/1901/1845 1014/1046/1010 1890/1943/1886
f 1890/1943/1886 1014/1046/1010 333/349/329
f 445/465/441 963/994/959 1780/1832/1776
f 445/465/441 1598/1649/1594 963/994/959
f 394/410/390 1526/1574/1522 1127/1163/1122
f 1127/1163/1122 1526/1574/1522 1128/1165/1123
f 751/779/747 1814/1866/1810 1556/1605/1552
f 1812/1864/1808 1813/1865/1809 1556/1605/1552
f 1127/1163/1122 1128/1165/1123 1600/1651/1596
f 1128/1165/1123 1107/1142/1102 1600/1651/1596
f 751/779/747 1813/1865/1809 756/784/752
f 1813/1865/1809 751/779/747 1556/1605/1552
f 386/402/382 1052/1085/1048 384/400/380
f 1052/1085/1048 561/582/557 384/400/380
f 332/348/328 739/767/735 1446/1491/1442
f 739/767/735 1655/1706/1651 1446/1491/1442
f 1580/1630/1576 821/851/817 585/607/581
f 585/607/581 821/851/817 99/109/95
f 303/318/299 172/185/168 1788/1840/1784
f 1788/1840/1784 172/185/168 1240/1279/1235
f 1793/1845/1789 1794/1846/1790 1718/1770/1714
f 1718/1770/1714 1794/1846/1790 596/618/592
f 812/842/808 363/379/359 816/846/812
f 650/672/646 1305/1346/1301 311/326/307
f 1477/1524/1473 272/286/268 1425/1469/1421
f 1477/1524/1473 93/101/89 272/286/268
f 1708/1759/1704 1657/1708/1653 323/338/319
f 1029/1061/1025 1657/1708/1653 1708/1759/1704
f 953/984/949 616/638/612 613/635/609
f 619/641/615 616/638/612 953/984/949
f 587/609/583 1370/1412/1366 1373/1415/1369
f 1373/1415/1369 1370/1412/1366 670/696/666
f 1153/1190/1148 766/794/762 765/793/761
f 478/498/474 1153/1190/1148 765/793/761
f 1391/1435/1387 1791/1843/1787 1392/1436/1388
f 1412/1456/1408 1791/1843/1787 1391/1435/1387
f 36/36/36 1349/1390/1345 37/37/37
f 478/498/474 1155/1192/1150 1153/1190/1148
f 98/108/94 1155/1192/1150 478/498/474
f 922/953/918 1869/1921/1865 1871/1923/1867
f 923/954/919 922/953/918 1871/1923/1867
f 1567/1616/1563 300/315/296 1926/1980/1922
f 297/312/293 300/315/296 298/313/294
f 1567/1616/1563 455/475/451 1560/1609/1556
f 1567/1616/1563 1926/1980/1922 455/475/451
f 1277/1317/1273 644/666/640 1278/1318/1274
f 1821/1873/1817 644/666/640 1277/1317/1273
f 1926/1980/1922 300/315/296 297/312/293
f 297/312/293 455/475/451 1926/1980/1922
f 105/117/101 896/926/892 1530/1578/1526
f 1530/1578/1526 896/926/892 898/928/894
f 1270/1310/1266 211/225/207 518/538/514
f 1270/1310/1266 518/538/514 905/935/901
f 1319/1360/1315 1218/1255/1213 1701/1752/1697
f 1701/1752/1697 1218/1255/1213 1615/1666/1611
f 1341/1382/1337 1489/1536/1485 301/316/297
f 1270/1310/1266 301/316/297 1489/1536/1485
f 29/29/29 31/31/31 1711/1762/1707
f 1711/1762/1707 31/31/31 565/586/561
f 381/397/377 1329/1370/1325 382/398/378
f 832/862/828 381/397/377 833/863/829
f 1841/1893/1837 855/885/851 1348/1389/1344
f 453/473/449 1841/1893/1837 1348/1389/1344
f 121/133/117 123/135/119 675/701/671
f 1024/1056/1020 121/133/117 675/701/671
f 673/699/669 134/147/130 1234/1271/1229
f 673/699/669 123/135/119 134/147/130
f 852/882/848 1795/1847/1791 853/883/849
f 1887/1940/1883 962/993/958 955/986/951
f 1887/1940/1883 958/989/954 962/993/958
f 776/806/772 131/144/127 1137/1174/1132
f 776/806/772 1137/1174/1132 774/803/770
f 1435/1479/1431 1437/1481/1433 1602/1653/1598
f 1776/1828/1772 1602/1653/1598 1437/1481/1433
f 1087/1120/1254 196/210/192 1808/1860/1804
f 276/290/272 1808/1860/1804 196/210/192
f 1713/1764/1709 672/698/668 671/697/667
f 1713/1764/1709 671/697/667 592/614/588
f 1779/1831/1775 1327/1368/1323 1706/1757/1702
f 505/525/501 1779/1831/1775 1706/1757/1702
f 1770/1822/1766 8/8/8 1233/1270/1228
f 1770/1822/1766 1233/1270/1228 695/722/691
f 1742/1794/1738 493/513/489 871/901/867
f 493/513/489 1742/1794/1738 494/514/490
f 492/512/488 347/363/343 493/513/489
f 1039/1071/1035 1465/1512/1461 1347/1388/1343
f 1698/1749/1694 1056/1089/1052 1063/1096/1059
f 1061/1094/1057 1698/1749/1694 1063/1096/1059
f 596/618/592 595/617/591 1592/1643/1588
f 595/617/591 1594/1645/1590 1592/1643/1588
f 218/232/214 159/172/155 219/233/215
f 1797/1849/1793 218/232/214 219/233/215
f 1568/1617/1564 216/230/212 1797/1849/1793
f 216/230/212 218/232/214 1797/1849/1793
f 1396/1440/1392 1805/1857/1801 1250/1289/1245
f 1396/1440/1392 1693/1744/1689 1397/1441/1393
f 1396/1440/1392 1250/1289/1245 1693/1744/1689
f 1250/1289/1245 866/896/862 1693/1744/1689
f 561/581/557 563/584/559 389/405/385
f 387/403/383 389/405/385 563/584/559
f 1591/1642/1587 1593/1644/1589 854/884/850
f 855/885/851 854/884/850 1593/1644/1589
f 561/581/557 389/405/385 1920/1973/1916
f 1670/1721/1666 561/582/557 1920/1974/1916
f 1674/1725/1670 1436/1480/1432 1435/1479/1431
f 1674/1725/1670 224/238/220 223/237/219
f 1845/1897/1841 1215/1252/1210 177/190/173
f 1845/1897/1841 508/528/504 1215/1252/1210
f 1482/1529/1478 1827/1879/1823 1108/1143/1103
f 1827/1879/1823 1482/1529/1478 1481/1528/1477
f 892/922/888 1773/1825/1769 1774/1826/1770
f 11/11/11 15/15/15 1627/1678/1623
f 15/15/15 20/20/20 1627/1678/1623
f 11/11/11 1627/1678/1623 1816/1868/1812
f 1627/1678/1623 660/684/656 1816/1868/1812
f 330/346/326 1785/1837/1781 979/1010/975
f 1785/1837/1781 1494/1541/1490 979/1010/975
f 1027/1059/1023 1757/1809/1753 1680/1731/1676
f 1027/1059/1023 1680/1731/1676 914/945/910
f 1178/1215/1173 1667/1718/1663 1666/1717/1662
f 1667/1718/1663 1178/1215/1173 666/692/662
f 1857/1909/1853 1809/1861/1805 1631/1682/1627
f 1631/1682/1627 1809/1861/1805 195/209/191
f 408/425/404 1725/1777/1721 391/407/387
f 390/406/386 408/425/404 391/407/387
f 1837/1889/1833 12/12/12 11/11/11
f 1816/1868/1812 1837/1889/1833 11/11/11
f 1508/1555/1504 347/363/343 1884/1937/1880
f 1884/1937/1880 346/362/342 245/259/241
f 625/647/621 275/289/271 1138/1175/1133
f 625/647/621 273/287/269 275/289/271
f 516/536/512 517/537/513 919/950/915
f 516/536/512 919/950/915 1119/1155/1114
f 245/259/241 1915/1968/1911 1508/1555/1504
f 1884/1937/1880 245/259/241 1508/1555/1504
f 794/824/790 290/304/286 797/827/793
f 797/827/793 290/304/286 1377/1419/1373
f 1488/1535/1484 243/257/239 245/259/241
f 243/257/239 1488/1535/1484 1491/1538/1487
f 1260/1299/1256 618/640/614 1645/1696/1641
f 1123/1159/1118 1260/1299/1256 1645/1696/1641
f 1135/1172/1130 1134/1171/1129 1851/1903/1847
f 1851/1903/1847 1134/1171/1129 1620/1671/1616
f 1807/1859/1803 327/343/323 1609/1660/1605
f 327/343/323 1807/1859/1803 1806/1858/1802
f 1628/1679/1624 268/282/264 1837/1889/1833
f 1816/1868/1812 1628/1679/1624 1837/1889/1833
f 1044/1076/1040 1046/1078/1042 1504/1551/1500
f 1504/1551/1500 1046/1078/1042 1503/1550/1499
f 466/486/462 187/201/183 1918/1971/1914
f 466/486/462 1789/1841/1785 187/201/183
f 519/539/515 540/560/536 1570/1619/1566
f 539/559/535 1570/1619/1566 540/560/536
f 466/486/462 1918/1971/1914 467/487/463
f 1533/1581/1529 467/487/463 1918/1971/1914
f 1247/1286/1242 1246/1285/1241 1243/1282/1238
f 867/897/863 1240/1279/1235 1919/1972/1915
f 456/476/452 838/868/834 1560/1609/1556
f 455/475/451 456/476/452 1560/1609/1556
f 447/467/443 449/469/445 1363/1405/1359
f 647/669/643 646/668/642 447/467/443
f 1358/1400/1354 647/669/643 1363/1405/1359
f 447/467/443 1363/1405/1359 647/669/643
f 1378/1420/1374 47/48/47 715/743/710
f 47/48/47 376/392/372 1332/1373/1328
f 713/740/708 715/743/710 1332/1373/1328
f 1332/1373/1328 715/743/710 47/48/47
f 1571/1620/1567 836/866/832 217/231/213
f 1567/1616/1563 1571/1620/1567 217/231/213
f 1037/1069/1033 1043/1075/1039 1048/1080/1044
f 1048/1080/1044 1043/1075/1039 1049/1081/1045
f 1037/1069/1033 1048/1080/1044 1288/1329/1284
f 174/187/170 1037/1069/1033 1288/1329/1284
f 732/760/728 1464/1511/1460 1463/1510/1459
f 1464/1511/1460 1338/1379/1334 1463/1510/1459
f 1746/1798/1742 766/794/762 1818/1870/1814
f 1359/1401/1355 1746/1798/1742 1818/1870/1814
f 1786/1838/1782 1103/1136/1098 1102/1135/1097
f 1786/1838/1782 1493/1540/1489 1103/1136/1098
f 1543/1591/1539 1545/1593/1541 33/33/33
f 33/33/33 1665/1716/1661 321/336/317
f 1544/1592/1540 722/750/717 724/752/719
f 1545/1593/1541 1544/1592/1540 724/752/719
f 1848/1900/1844 800/830/796 1664/1715/1660
f 1080/1113/1076 800/830/796 1848/1900/1844
f 33/33/33 1545/1593/1541 1665/1716/1661
f 1545/1593/1541 724/752/719 1665/1716/1661
f 49/51/49 1384/1427/1380 50/52/50
f 1762/1814/1758 1761/1813/1757 513/533/509
f 1761/1813/1757 1762/1814/1758 1360/1402/1356
f 657/679/653 654/676/650 1610/1661/1606
f 1168/1205/1163 657/679/653 1610/1661/1606
f 401/417/397 403/419/399 1653/1704/1649
f 401/417/397 1653/1704/1649 658/680/654
f 1927/1981/1923 1650/1701/1646 1438/1482/1434
f 1650/1701/1646 1927/1981/1923 222/236/218
f 1438/1482/1434 1652/1703/1648 1927/1981/1923
f 1927/1981/1923 1652/1703/1648 222/236/218
f 115/127/111 107/119/103 1514/1561/1510
f 1436/1480/1432 223/237/219 1437/1481/1433
f 223/237/219 1436/1480/1432 1674/1725/1670
f 1480/1527/1476 171/184/167 1485/1532/1481
f 1480/1527/1476 1485/1532/1481 1726/1778/1722
f 1458/1504/1454 886/916/882 726/754/722
f 888/918/884 886/916/882 1458/1504/1454
f 1220/1257/1215 1219/1256/1214 378/394/374
f 1219/1256/1214 1220/1257/1215 1518/1565/1514
f 170/183/166 1013/1045/1009 1928/1982/1924
f 1411/1455/1407 1928/1982/1924 1013/1045/1009
f 1411/1455/1407 1750/1802/1746 1928/1982/1924
f 170/183/166 1928/1982/1924 1750/1802/1746
f 1440/1484/1436 912/942/908 1579/1629/1575
f 912/943/908 1440/1485/1436 80/88/76
f 1457/1503/1453 729/757/725 889/919/885
f 889/919/885 729/757/725 1231/1268/1226
f 1915/1968/1911 1342/1383/1338 1509/1556/1505
f 871/901/867 1509/1556/1505 1342/1383/1338
f 1850/1902/1846 53/55/53 1385/1428/1381
f 1758/1810/1754 1825/1877/1821 1739/1791/1735
f 1825/1877/1821 1758/1810/1754 248/262/244
f 231/245/227 1031/1063/1027 1286/1327/1282
f 1031/1063/1027 863/893/859 1286/1327/1282
f 248/262/244 880/910/876 1895/1948/1891
f 1894/1947/1890 248/262/244 1895/1948/1891
f 1824/1876/1820 1502/1549/1498 1045/1077/1041
f 1046/1078/1042 1045/1077/1041 1502/1549/1498
f 1503/1550/1499 969/1000/965 970/1001/966
f 969/1000/965 1503/1550/1499 1502/1549/1498
f 1894/1947/1890 242/256/238 1825/1877/1821
f 1825/1877/1821 248/262/244 1894/1947/1890
f 743/771/739 1906/1959/1902 747/775/743
f 747/775/743 1906/1959/1902 149/162/145
f 574/595/570 579/600/575 183/196/179
f 1041/1073/1037 574/595/570 183/196/179
f 838/868/834 1007/1039/1003 457/477/453
f 1007/1039/1003 458/478/454 457/477/453
f 1733/1785/1729 325/341/321 1882/1935/1878
f 323/338/319 325/341/321 1733/1785/1729
f 1341/1382/1337 520/540/516 1054/1087/1050
f 520/540/516 519/539/515 1054/1087/1050
f 699/726/695 1914/1967/1910 1059/1092/1055
f 826/856/822 1079/1112/1075 482/502/478
f 1380/1422/1376 1079/1112/1075 826/856/822
f 106/118/102 1514/1561/1510 107/119/103
f 1119/1155/1114 1700/1751/1696 1875/1927/1871
f 516/536/512 1119/1155/1114 1875/1927/1871
f 85/93/81 1476/1523/1472 86/94/82
f 1476/1523/1472 1478/1525/1474 86/94/82
f 1666/1717/1662 1051/1083/1047 386/402/382
f 386/402/382 1051/1083/1047 1052/1085/1048
f 1127/1163/1122 1754/1806/1750 1126/1162/1121
f 1126/1162/1121 1754/1806/1750 397/413/393
f 106/118/102 1144/1181/1139 1156/1193/1151
f 1149/1186/1144 1152/1189/1147 1143/1180/1138
f 1339/1380/1335 578/599/574 732/760/728
f 732/760/728 1463/1510/1459 1339/1380/1335
f 233/247/229 1710/1761/1706 1709/1760/1705
f 233/247/229 1709/1760/1705 1029/1061/1025
f 434/454/430 1690/1741/1686 1661/1712/1657
f 434/454/430 1689/1740/1685 1690/1741/1686
f 1227/1264/1222 586/608/582 1237/1275/1232
f 1227/1264/1222 1237/1275/1232 848/878/844
f 1763/1815/1759 1488/1535/1484 345/361/341
f 1038/1070/1034 1865/1917/1861 1622/1673/1618
f 1622/1673/1618 1865/1917/1861 575/596/571
f 983/1014/979 1675/1726/1671 1333/1374/1329
f 1675/1726/1671 1334/1375/1330 1333/1374/1329
f 1150/1187/1145 503/523/499 1151/1188/1146
f 503/523/499 1513/1560/1509 1151/1188/1146
f 1444/1489/1440 1764/1816/1760 1497/1544/1493
f 200/214/196 1497/1544/1493 201/215/197
f 200/214/196 1444/1489/1440 1497/1544/1493
f 200/214/196 1858/1910/1854 1444/1489/1440
f 930/961/926 929/960/925 1407/1451/1403
f 930/961/926 1407/1451/1403 1869/1921/1865
f 564/585/560 1050/1082/1046 324/340/320
f 1050/1082/1046 564/585/560 1053/1086/1049
f 1253/1292/1248 1256/1295/1251 1398/1442/1394
f 1256/1295/1251 1253/1292/1248 1252/1291/1247
f 1040/1072/1036 1655/1706/1651 738/766/734
f 1038/1070/1034 1040/1072/1036 738/766/734
f 12/12/12 7/7/7 9/9/9
f 268/282/264 7/7/7 12/12/12
f 1074/1107/1070 154/167/150 153/166/149
f 1074/1107/1070 1327/1368/1323 154/167/150
f 404/420/400 401/417/397 658/680/654
f 404/421/400 658/681/654 685/712/681
f 1829/1881/1825 621/643/617 1766/1818/1762
f 1829/1881/1825 1766/1818/1762 1475/1522/1471
f 425/445/421 1247/1286/1242 1240/1279/1235
f 1247/1286/1242 1919/1972/1915 1240/1279/1235
f 1544/1592/1540 1376/1418/1372 785/815/781
f 1376/1418/1372 1375/1417/1371 785/815/781
f 1694/1745/1690 722/750/717 356/372/352
f 356/372/352 355/371/351 1694/1745/1690
f 1247/1286/1242 1243/1282/1238 1919/1972/1915
f 1242/1281/1237 1919/1972/1915 1243/1282/1238
f 722/750/717 1544/1592/1540 785/815/781
f 356/372/352 722/750/717 785/815/781
f 774/803/770 3/3/3 1130/1167/1125
f 775/804/771 774/803/770 1130/1167/1125
f 690/717/686 692/719/688 691/718/687
f 690/717/686 908/938/904 692/719/688
f 381/397/377 832/862/828 1329/1370/1325
f 832/862/828 1211/1248/1206 1329/1370/1325
f 1773/1825/1769 1385/1429/1381 49/51/49
f 891/921/887 1385/1429/1381 1773/1825/1769
f 143/156/139 1660/1711/1656 138/151/134
f 1658/1709/1654 138/151/134 1660/1711/1656
f 1830/1882/1826 1251/1290/1246 1799/1851/1795
f 1251/1290/1246 1389/1433/1385 1799/1851/1795
f 1823/1875/1819 1902/1955/1898 192/206/188
f 192/206/188 1902/1955/1898 1515/1562/1511
f 1324/1365/1320 1721/1773/1717 834/864/830
f 1721/1773/1717 337/353/333 834/864/830
f 316/331/312 820/850/816 317/332/313
f 317/332/313 820/850/816 506/526/502
f 969/1000/965 975/1006/971 1647/1698/1643
f 975/1006/971 1185/1222/1180 1647/1698/1643
f 840/870/836 1804/1856/1800 1452/1497/1448
f 1804/1856/1800 1801/1853/1797 1452/1497/1448
f 1410/1454/1406 515/535/511 917/948/913
f 917/948/913 1750/1802/1746 1410/1454/1406
f 383/399/379 1801/1853/1797 1450/1495/1446
f 1804/1856/1800 1450/1495/1446 1801/1853/1797
f 1011/1043/1007 340/356/336 1012/1044/1008
f 338/354/334 340/356/336 1011/1043/1007
f 283/297/279 1282/1322/1278 1903/1956/1899
f 1903/1956/1899 153/166/149 283/297/279
f 571/592/567 1340/1381/1336 572/593/568
f 572/593/568 1340/1381/1336 682/709/678
f 1083/1116/1079 366/382/362 1910/1963/1906
f 366/382/362 924/955/920 1910/1963/1906
f 405/422/401 875/905/871 406/423/402
f 406/423/402 875/905/871 476/496/472
f 923/954/919 1911/1964/1907 1910/1963/1906
f 1083/1116/1079 1910/1963/1906 1911/1964/1907
f 598/620/594 1267/1307/1263 581/603/577
f 1856/1908/1852 54/56/54 990/1022/986
f 1929/1983/1925 54/56/54 1856/1908/1852
f 1929/1983/1925 599/621/595 54/56/54
f 598/620/594 599/621/595 1929/1983/1925
f 709/736/704 208/222/204 710/737/705
f 709/736/704 1065/1098/1061 208/222/204
f 945/976/941 1695/1746/1691 1552/1600/1548
f 1866/1918/1862 1559/1608/1555 835/865/831
f 801/831/797 835/865/831 1559/1608/1555
f 986/1017/982 1834/1886/1830 1898/1951/1894
f 986/1017/982 1309/1350/1305 1834/1886/1830
f 422/442/418 1826/1878/1822 420/440/416
f 1826/1878/1822 422/442/418 858/888/854
f 1930/1984/1926 1931/1985/1927 1932/1986/1928
f 1933/1987/1929 1934/1988/1930 1935/1989/1931
f 1936/1990/1932 1937/1991/1933 1938/1992/1934
f 1939/1993/1935 1940/1994/1936 1941/1995/1937
f 1942/1996/1938 1943/1997/1939 1944/1998/1940
f 1945/1999/1941 1946/2000/1942 1947/2001/1943
f 1948/2002/1944 1945/1999/1941 1947/2001/1943
f 1949/2003/1945 1950/2004/1946 1951/2005/1947
f 1952/2006/1948 1953/2007/1949 1954/2008/1950
f 1955/2009/1951 1956/2010/1952 1957/2011/1953
f 1958/2012/1954 1959/2013/1955 1960/2014/1956
f 1961/2015/1957 1962/2016/1958 1963/2017/1959
f 1964/2018/1960 1965/2019/1961 1966/2020/1962
f 1967/2021/1963 1968/2022/1964 1969/2023/1965
f 1970/2024/1966 1955/2009/1951 1957/2011/1953
f 1971/2025/1967 1972/2026/1968 1973/2027/1969
f 1974/2028/1970 1975/2029/1971 1976/2030/1972
f 1977/2031/1973 1978/2032/1974 1979/2033/1975
f 1980/2034/1976 1981/2035/1977 1982/2036/1978
f 1983/2037/1979 1984/2038/1980 1985/2039/1981
f 1986/2040/1982 1987/2041/1983 1988/2042/1984
f 1989/2043/1985 1968/2022/1964 1990/2044/1986
f 1991/2045/1987 1992/2046/1988 1993/2047/1989
f 1994/2048/1990 1995/2049/1991 1996/2050/1992
f 1967/2021/1963 1969/2023/1965 1997/2051/1993
f 1998/2052/1994 1999/2053/1995 2000/2054/1996
f 2001/2055/1997 2002/2056/1998 2003/2057/1999
f 2004/2058/2000 2005/2059/2001 2006/2060/2002
f 2007/2061/2003 1959/2013/1955 1958/2012/1954
f 2008/2062/2004 2009/2063/2005 1949/2003/1945
f 2010/2064/2006 2009/2063/2005 2011/2065/2007
f 2012/2066/2008 2013/2067/2009 2014/2068/2010
f 2015/2069/2011 2016/2070/2012 2017/2071/2013
f 2018/2072/2014 2019/2073/2015 2020/2074/2016
f 2021/2075/2017 2022/2076/2018 2023/2077/2019
f 2024/2078/2020 2025/2079/2021 2026/2080/2022
f 2027/2081/2023 2028/2082/2024 2029/2083/2025
f 2030/2084/2026 2031/2085/2027 2032/2086/2028
f 1980/2034/1976 1982/2036/1978 2033/2087/2029
f 2034/2088/2030 2035/2089/2031 2036/2090/2032
f 2037/2091/2033 2038/2092/2034 2039/2093/2035
f 2040/2094/2036 1942/1996/1938 2041/2095/2037
f 2042/2096/2038 2043/2097/2039 2044/2098/2040
f 2045/2099/2041 2046/2100/2042 2047/2101/2043
f 2048/2102/2044 2049/2103/2045 2050/2104/2046
f 2001/2055/1997 2003/2057/1999 2051/2105/2047
f 2001/2055/1997 2051/2105/2047 2052/2106/2048
f 1937/1991/1933 1936/1990/1932 2053/2107/2049
f 2028/2082/2024 2027/2081/2023 2054/2108/2050
f 2055/2109/2051 2056/2110/2052 2057/2111/2053
f 2014/2068/2010 2013/2067/2009 2058/2112/2054
f 1977/2031/1973 1979/2033/1975 2059/2113/2055
f 2055/2109/2051 2057/2111/2053 1931/1985/1927
f 2060/2114/2056 2061/2115/2057 2062/2116/2058
f 2063/2117/2059 2064/2118/2060 2065/2119/2061
f 2066/2120/2062 2067/2121/2063 2068/2122/2064
f 2067/2121/2063 2069/2123/2065 2070/2124/2066
f 2068/2122/2064 2071/2125/2067 2066/2120/2062
f 1962/2016/1958 2072/2126/2068 2073/2127/2069
f 2074/2128/2070 2075/2129/2071 2076/2130/2072
f 2077/2131/2073 2062/2116/2058 2061/2115/2057
f 1986/2040/1982 2078/2132/2074 1987/2041/1983
f 2005/2059/2001 2004/2058/2000 2079/2133/2075
f 2080/2134/2076 2081/2135/2077 2082/2136/2078
f 1952/2006/1948 2074/2128/2070 2083/2137/2079
f 1952/2006/1948 2083/2137/2079 2084/2138/2080
f 2018/2072/2014 2085/2139/2081 2019/2073/2015
f 2086/2140/2082 1984/2038/1980 1983/2037/1979
f 2087/2141/2083 1970/2024/1966 2088/2142/2084
f 2089/2143/2085 2090/2144/2086 2091/2145/2087
f 2092/2146/2088 2071/2125/2067 2093/2147/2089
f 2094/2148/2090 2090/2144/2086 2095/2149/2091
f 2093/2147/2089 2096/2150/2092 2097/2151/2093
f 2098/2152/2094 2099/2153/2095 2100/2154/2096
f 2101/2155/2097 2102/2156/2098 2103/2157/2099
f 2035/2089/2031 2104/2158/2100 2036/2090/2032
f 2105/2159/2101 2056/2110/2052 2106/2160/2102
f 2107/2161/2103 2108/2162/2104 2109/2163/2105
f 1976/2030/1972 2110/2164/2106 2111/2165/2107
f 2041/2095/2037 1942/1996/1938 1944/1998/1940
f 2112/2166/2108 2113/2167/2109 2114/2168/2110
f 2115/2169/2111 2116/2170/2112 2117/2171/2113
f 2010/2064/2006 2118/2172/2114 2119/2173/2115
f 2010/2064/2006 2011/2065/2007 2118/2172/2114
f 2120/2174/2116 2121/2175/2117 2122/2176/2118
f 2123/2177/2119 1992/2046/1988 1991/2045/1987
f 2124/2178/2120 2103/2157/2099 2102/2156/2098
f 1984/2038/1980 2084/2138/2080 1985/2039/1981
f 2114/2168/2110 2125/2179/2121 2063/2117/2059
f 2113/2167/2109 2125/2179/2121 2114/2168/2110
f 1940/1994/1936 2108/2162/2104 2107/2161/2103
f 2126/2180/2122 2127/2181/2123 2128/2182/2124
f 2045/2099/2041 2047/2101/2043 2129/2183/2125
f 2127/2181/2123 2120/2174/2116 2128/2182/2124
f 2059/2113/2055 2130/2184/2126 2131/2185/2127
f 2132/2186/2128 2006/2060/2002 2131/2185/2127
f 2121/2175/2117 2133/2187/2129 2122/2176/2118
f 2134/2188/2130 2135/2189/2131 2136/2190/2132
f 2137/2191/2133 2082/2136/2078 1974/2028/1970
f 2136/2190/2132 2138/2192/2134 2133/2187/2129
f 2139/2193/2135 2026/2080/2022 2025/2079/2021
f 2078/2132/2074 2140/2194/2136 2141/2195/2137
f 2142/2196/2138 2143/2197/2139 2144/2198/2140
f 2145/2199/2141 2146/2200/2142 2147/2201/2143
f 1990/2044/1986 2148/2202/2144 2149/2203/2145
f 2092/2146/2088 2150/2204/2146 2071/2125/2067
f 2000/2054/1996 2151/2205/2147 2152/2206/2148
f 2043/2097/2039 2152/2206/2148 2153/2207/2149
f 2154/2208/2150 2117/2171/2113 2155/2209/2151
f 2064/2118/2060 1934/1988/1930 1933/1987/1929
f 1994/2048/1990 2031/2085/2027 2030/2084/2026
f 2156/2210/2152 1994/2048/1990 1996/2050/1992
f 2123/2177/2119 2157/2211/2153 2158/2212/2154
f 2000/2054/1996 1999/2053/1995 2151/2205/2147
f 1999/2053/1995 2159/2213/2155 2149/2203/2145
f 1989/2043/1985 1990/2044/1986 2149/2203/2145
f 2160/2214/2156 2161/2215/2157 2162/2216/2158
f 2162/2216/2158 2163/2217/2159 2160/2214/2156
f 2078/2132/2074 2164/2218/2160 1987/2041/1983
f 2165/2219/2161 2124/2178/2120 2166/2220/2162
f 2167/2221/2163 2168/2222/2164 2169/2223/2165
f 2170/2224/2166 2171/2225/2167 1987/2041/1983
f 2172/2226/2168 2173/2227/2169 1937/1991/1933
f 2174/2228/2170 1937/1991/1933 2173/2227/2169
f 2156/2210/2152 2175/2229/2171 2176/2230/2172
f 2176/2230/2172 2177/2231/2173 2178/2232/2174
f 2179/2233/2175 2180/2234/2176 2177/2231/2173
f 2181/2235/2177 1951/2005/1947 1950/2004/1946
f 2182/2236/2178 2013/2067/2009 2012/2066/2008
f 2056/2110/2052 2183/2237/2179 2057/2111/2053
f 2184/2238/2180 2185/2239/2181 2183/2237/2179
f 2083/2137/2079 2186/2240/2182 2084/2138/2080
f 2075/2129/2071 2186/2240/2182 2076/2130/2072
f 2135/2189/2131 2129/2183/2125 2047/2101/2043
f 2135/2189/2131 2047/2101/2043 2187/2241/2183
f 2188/2242/2184 2071/2125/2067 2068/2122/2064
f 2189/2243/2185 2190/2244/2186 1935/1989/1931
f 2191/2245/2187 2036/2090/2032 2192/2246/2188
f 2193/2247/2189 2009/2063/2005 2010/2064/2006
f 2194/2248/2190 2195/2249/2191 2196/2250/2192
f 2197/2251/2193 2198/2252/2194 2199/2253/2195
f 1972/2026/1968 2200/2254/2196 1973/2027/1969
f 2042/2096/2038 2044/2098/2040 2050/2104/2046
f 2201/2255/2197 1954/2008/1950 1953/2007/1949
f 2161/2215/2157 2160/2214/2156 2202/2256/2198
f 2002/2056/1998 2055/2109/2051 1930/1984/1926
f 2056/2110/2052 2055/2109/2051 2106/2160/2102
f 1982/2036/1978 2203/2257/2199 2033/2087/2029
f 2204/2258/2200 2205/2259/2201 2090/2144/2086
f 2113/2167/2109 2154/2208/2150 2125/2179/2121
f 1959/2013/1955 2119/2173/2115 1960/2014/1956
f 2206/2260/2202 2109/2163/2105 2207/2261/2203
f 2041/2095/2037 1944/1998/1940 2184/2238/2180
f 2111/2165/2107 2110/2164/2106 2208/2262/2204
f 2182/2236/2178 2009/2063/2005 2008/2062/2004
f 2182/2236/2178 2008/2062/2004 2013/2067/2009
f 2006/2060/2002 2005/2059/2001 2209/2263/2205
f 2210/2264/2206 2211/2265/2207 2146/2200/2142
f 2074/2128/2070 2212/2266/2208 2075/2129/2071
f 2035/2089/2031 2213/2267/2209 2104/2158/2100
f 2171/2225/2167 2168/2222/2164 2167/2221/2163
f 1965/2019/1961 2214/2268/2210 1966/2020/1962
f 2101/2155/2097 2215/2269/2211 2216/2270/2212
f 2217/2271/2213 2012/2066/2008 2052/2106/2048
f 2182/2236/2178 2012/2066/2008 2217/2271/2213
f 2218/2272/2214 2032/2086/2028 2178/2232/2174
f 2022/2076/2018 1946/2000/1942 2023/2077/2019
f 1946/2000/1942 2219/2273/2215 2023/2077/2019
f 2021/2075/2017 2023/2077/2019 2070/2124/2066
f 2219/2273/2215 2070/2124/2066 2023/2077/2019
f 2082/2136/2078 2081/2135/2077 1974/2028/1970
f 1974/2028/1970 2081/2135/2077 1975/2029/1971
f 2220/2274/2216 1958/2012/1954 2221/2275/2217
f 2038/2092/2034 2163/2217/2159 2162/2216/2158
f 2221/2275/2217 2222/2276/2218 2223/2277/2219
f 2169/2223/2165 2223/2277/2219 2224/2278/2220
f 2103/2157/2099 1992/2046/1988 2123/2177/2119
f 2103/2157/2099 2123/2177/2119 1989/2043/1985
f 2156/2210/2152 2176/2230/2172 2178/2232/2174
f 2178/2232/2174 2032/2086/2028 2225/2279/2221
f 2226/2280/2222 2146/2200/2142 2211/2265/2207
f 2015/2069/2011 2226/2280/2222 2016/2070/2012
f 2194/2248/2190 2227/2281/2223 2195/2249/2191
f 2228/2282/2224 1995/2049/1991 2229/2283/2225
f 2126/2180/2122 2230/2284/2226 2231/2285/2227
f 2042/2096/2038 2232/2286/2228 2043/2097/2039
f 2176/2230/2172 2175/2229/2171 2158/2212/2154
f 2158/2212/2154 2017/2071/2013 1997/2051/1993
f 2020/2074/2016 2141/2195/2137 2140/2194/2136
f 2020/2074/2016 2140/2194/2136 2233/2287/2229
f 2234/2288/2230 2013/2067/2009 2008/2062/2004
f 2234/2288/2230 2058/2112/2054 2013/2067/2009
f 2135/2189/2131 2235/2289/2231 2136/2190/2132
f 2187/2241/2183 2235/2289/2231 2135/2189/2131
f 2143/2197/2139 2236/2290/2232 2144/2198/2140
f 1985/2039/1981 2237/2291/2233 1983/2037/1979
f 2187/2241/2183 2087/2141/2083 2088/2142/2084
f 2187/2241/2183 2236/2290/2232 2238/2292/2234
f 2239/2293/2235 2082/2136/2078 2137/2191/2133
f 1956/2010/1952 2239/2293/2235 2235/2289/2231
f 2240/2294/2236 1985/2039/1981 2084/2138/2080
f 2241/2295/2237 2084/2138/2080 2186/2240/2182
f 2024/2078/2020 2026/2080/2022 2242/2296/2238
f 2038/2092/2034 2162/2216/2158 2039/2093/2035
f 2162/2216/2158 2161/2215/2157 2018/2072/2014
f 2243/2297/2239 2241/2295/2237 2186/2240/2182
f 2145/2199/2141 2147/2201/2143 2243/2297/2239
f 2144/2198/2140 1981/2035/1977 1980/2034/1976
f 2155/2209/2151 1963/2017/1959 2098/2152/2094
f 2098/2152/2094 1963/2017/1959 2099/2153/2095
f 2244/2298/2240 2245/2299/2241 1999/2053/1995
f 1998/2052/1994 2244/2298/2240 1999/2053/1995
f 2246/2300/2242 2197/2251/2193 2199/2253/2195
f 1930/1984/1926 2055/2109/2051 1931/1985/1927
f 1931/1985/1927 2130/2184/2126 1932/1986/1928
f 2208/2262/2204 2247/2301/2243 2248/2302/2244
f 2132/2186/2128 2247/2301/2243 2006/2060/2002
f 2108/2162/2104 2249/2303/2245 2250/2304/2246
f 1940/1994/1936 2230/2284/2226 2108/2162/2104
f 2251/2305/2247 2105/2159/2101 2106/2160/2102
f 2048/2102/2044 2050/2104/2046 2201/2255/2197
f 2201/2255/2197 2050/2104/2046 1954/2008/1950
f 2252/2306/2248 2086/2140/2082 1983/2037/1979
f 2046/2100/2042 1953/2007/1949 2252/2306/2248
f 2162/2216/2158 2018/2072/2014 2253/2307/2249
f 2018/2072/2014 2020/2074/2016 2254/2308/2250
f 2136/2190/2132 2255/2309/2251 2138/2192/2134
f 2040/2094/2036 2120/2174/2116 1942/1996/1938
f 2205/2259/2201 2256/2310/2252 2090/2144/2086
f 2248/2302/2244 2247/2301/2243 2132/2186/2128
f 2185/2239/2181 2257/2311/2253 2183/2237/2179
f 2258/2312/2254 2033/2087/2029 2259/2313/2255
f 2246/2300/2242 2199/2253/2195 2200/2254/2196
f 2260/2314/2256 2105/2159/2101 2251/2305/2247
f 2261/2315/2257 1941/1995/1937 2262/2316/2258
f 2263/2317/2259 2181/2235/2177 2262/2316/2258
f 2222/2276/2218 1948/2002/1944 2163/2217/2159
f 1964/2018/1960 1966/2020/1962 2245/2299/2241
f 2038/2092/2034 2222/2276/2218 2163/2217/2159
f 1992/2046/1988 1936/1990/1932 1993/2047/1989
f 2244/2298/2240 1964/2018/1960 2245/2299/2241
f 1949/2003/1945 2264/2318/2260 1998/2052/1994
f 2018/2072/2014 2161/2215/2157 2085/2139/2081
f 2052/2106/2048 2051/2105/2047 2115/2169/2111
f 2265/2319/2261 2119/2173/2115 2118/2172/2114
f 2075/2129/2071 2210/2264/2206 2146/2200/2142
f 2075/2129/2071 2146/2200/2142 2145/2199/2141
f 1973/2027/1969 2089/2143/2085 2091/2145/2087
f 2097/2151/2093 2092/2146/2088 2093/2147/2089
f 2091/2145/2087 2094/2148/2090 2097/2151/2093
f 2091/2145/2087 2090/2144/2086 2094/2148/2090
f 2095/2149/2091 2150/2204/2146 2092/2146/2088
f 2107/2161/2103 2109/2163/2105 2206/2260/2202
f 2262/2316/2258 1941/1995/1937 2266/2320/2262
f 1949/2003/1945 2267/2321/2263 1950/2004/1946
f 2268/2322/2264 2269/2323/2265 1939/1993/1935
f 2268/2322/2264 1939/1993/1935 2181/2235/2177
f 2261/2315/2257 1939/1993/1935 1941/1995/1937
f 2166/2220/2162 2124/2178/2120 2102/2156/2098
f 2213/2267/2209 2270/2324/2266 2166/2220/2162
f 2187/2241/2183 2252/2306/2248 1983/2037/1979
f 2187/2241/2183 1983/2037/1979 2236/2290/2232
f 2072/2126/2068 1973/2027/1969 2073/2127/2069
f 1973/2027/1969 2091/2145/2087 2073/2127/2069
f 2260/2314/2256 2206/2260/2202 2105/2159/2101
f 2206/2260/2202 2056/2110/2052 2105/2159/2101
f 2219/2273/2215 2067/2121/2063 2070/2124/2066
f 2064/2118/2060 1933/1987/1929 2065/2119/2061
f 2034/2088/2030 2169/2223/2165 2035/2089/2031
f 2169/2223/2165 2221/2275/2217 2223/2277/2219
f 2101/2155/2097 2216/2270/2212 2102/2156/2098
f 2166/2220/2162 2102/2156/2098 2216/2270/2212
f 2139/2193/2135 2025/2079/2021 2141/2195/2137
f 2141/2195/2137 2077/2131/2073 2061/2115/2057
f 1994/2048/1990 2229/2283/2225 1995/2049/1991
f 2196/2250/2192 2195/2249/2191 2271/2325/2267
f 2265/2319/2261 2272/2326/2268 2119/2173/2115
f 2119/2173/2115 2273/2327/2269 1960/2014/1956
f 2138/2192/2134 2255/2309/2251 1942/1996/1938
f 1943/1997/1939 1942/1996/1938 2255/2309/2251
f 2133/2187/2129 2138/2192/2134 2122/2176/2118
f 2120/2174/2116 2138/2192/2134 1942/1996/1938
f 2249/2303/2245 2040/2094/2036 2250/2304/2246
f 2249/2303/2245 2120/2174/2116 2040/2094/2036
f 2242/2296/2238 2174/2228/2170 2173/2227/2169
f 1971/2025/1967 2274/2328/2270 1972/2026/1968
f 2274/2328/2270 1932/1986/1928 2246/2300/2242
f 2019/2073/2015 2077/2131/2073 2020/2074/2016
f 2077/2131/2073 2141/2195/2137 2020/2074/2016
f 2101/2155/2097 2103/2157/2099 1989/2043/1985
f 1989/2043/1985 2159/2213/2155 2101/2155/2097
f 2269/2323/2265 2268/2322/2264 2267/2321/2263
f 2275/2329/2271 2126/2180/2122 2231/2285/2227
f 1987/2041/1983 2171/2225/2167 2167/2221/2163
f 1988/2042/1984 1987/2041/1983 2037/2091/2033
f 1962/2016/1958 2073/2127/2069 2096/2150/2092
f 1963/2017/1959 1962/2016/1958 2099/2153/2095
f 2129/2183/2125 2134/2188/2130 2133/2187/2129
f 2209/2263/2205 2276/2330/2272 2006/2060/2002
f 2131/2185/2127 2006/2060/2002 2276/2330/2272
f 2109/2163/2105 2184/2238/2180 2207/2261/2203
f 2207/2261/2203 2184/2238/2180 2183/2237/2179
f 2042/2096/2038 2275/2329/2271 2232/2286/2228
f 2269/2323/2265 2267/2321/2263 2275/2329/2271
f 2275/2329/2271 2267/2321/2263 2277/2331/2273
f 2278/2332/2274 2277/2331/2273 2267/2321/2263
f 2136/2190/2132 2133/2187/2129 2134/2188/2130
f 2240/2294/2236 2279/2333/2275 2280/2334/2276
f 2237/2291/2233 2280/2334/2276 2279/2333/2275
f 1982/2036/1978 2281/2335/2277 2279/2333/2275
f 2057/2111/2053 2131/2185/2127 1931/1985/1927
f 2183/2237/2179 2131/2185/2127 2057/2111/2053
f 2172/2226/2168 1937/1991/1933 2053/2107/2049
f 2103/2157/2099 2282/2336/2278 2053/2107/2049
f 2172/2226/2168 2124/2178/2120 2165/2219/2161
f 2053/2107/2049 2282/2336/2278 2172/2226/2168
f 2051/2105/2047 2003/2057/1999 1971/2025/1967
f 2116/2170/2112 1961/2015/1957 1963/2017/1959
f 2117/2171/2113 2116/2170/2112 1963/2017/1959
f 2155/2209/2151 2117/2171/2113 1963/2017/1959
f 2159/2213/2155 1966/2020/1962 2101/2155/2097
f 1966/2020/1962 2215/2269/2211 2101/2155/2097
f 2036/2090/2032 2191/2245/2187 2220/2274/2216
f 2036/2090/2032 2220/2274/2216 2034/2088/2030
f 2283/2337/2279 1940/1994/1936 1939/1993/1935
f 2231/2285/2227 2269/2323/2265 2275/2329/2271
f 2284/2338/2280 2220/2274/2216 2191/2245/2187
f 2220/2274/2216 2007/2061/2003 1958/2012/1954
f 2193/2247/2189 1959/2013/1955 2007/2061/2003
f 2284/2338/2280 2007/2061/2003 2220/2274/2216
f 2155/2209/2151 2098/2152/2094 2189/2243/2185
f 2098/2152/2094 2100/2154/2096 2189/2243/2185
f 2285/2339/2281 2286/2340/2282 2194/2248/2190
f 1960/2014/1956 2113/2167/2109 2112/2166/2108
f 2113/2167/2109 1960/2014/1956 2273/2327/2269
f 2036/2090/2032 2104/2158/2100 2192/2246/2188
f 1966/2020/1962 2214/2268/2210 2215/2269/2211
f 2196/2250/2192 2271/2325/2267 2287/2341/2283
f 2087/2141/2083 2142/2196/2138 1970/2024/1966
f 2177/2231/2173 2180/2234/2176 2218/2272/2214
f 2177/2231/2173 2218/2272/2214 2178/2232/2174
f 2020/2074/2016 2233/2287/2229 2254/2308/2250
f 2233/2287/2229 2288/2342/2284 2289/2343/2285
f 2037/2091/2033 2039/2093/2035 2289/2343/2285
f 2289/2343/2285 2254/2308/2250 2233/2287/2229
f 1944/1998/1940 1974/2028/1970 1976/2030/1972
f 2184/2238/2180 1944/1998/1940 1976/2030/1972
f 1941/1995/1937 1940/1994/1936 2260/2314/2256
f 1941/1995/1937 2260/2314/2256 2266/2320/2262
f 2043/2097/2039 2000/2054/1996 2152/2206/2148
f 2277/2331/2273 2278/2332/2274 2043/2097/2039
f 1948/2002/1944 1947/2001/1943 2160/2214/2156
f 2021/2075/2017 2290/2344/2286 2022/2076/2018
f 2017/2071/2013 2158/2212/2154 2175/2229/2171
f 2156/2210/2152 1996/2050/1992 2175/2229/2171
f 2067/2121/2063 2066/2120/2062 2069/2123/2065
f 2260/2314/2256 2251/2305/2247 2266/2320/2262
f 2266/2320/2262 2251/2305/2247 2106/2160/2102
f 2291/2345/2287 2002/2056/1998 2001/2055/1997
f 2058/2112/2054 2106/2160/2102 2014/2068/2010
f 1968/2022/1964 2123/2177/2119 1969/2023/1965
f 1968/2022/1964 1989/2043/1985 2123/2177/2119
f 1976/2030/1972 1975/2029/1971 2110/2164/2106
f 2121/2175/2117 2045/2099/2041 2133/2187/2129
f 2127/2181/2123 2121/2175/2117 2120/2174/2116
f 2127/2181/2123 2045/2099/2041 2121/2175/2117
f 2045/2099/2041 2048/2102/2044 2201/2255/2197
f 1949/2003/1945 1965/2019/1961 1964/2018/1960
f 1949/2003/1945 1964/2018/1960 2264/2318/2260
f 2054/2108/2050 2025/2079/2021 2024/2078/2020
f 2054/2108/2050 2024/2078/2020 2242/2296/2238
f 2202/2256/2198 2290/2344/2286 2021/2075/2017
f 2096/2150/2092 2292/2346/2288 2097/2151/2093
f 2292/2346/2288 2091/2145/2087 2097/2151/2093
f 2097/2151/2093 2094/2148/2090 2092/2146/2088
f 2095/2149/2091 2092/2146/2088 2094/2148/2090
f 2078/2132/2074 1986/2040/1982 2140/2194/2136
f 2233/2287/2229 2140/2194/2136 1986/2040/1982
f 2164/2218/2160 2170/2224/2166 1987/2041/1983
f 2165/2219/2161 2029/2083/2025 2028/2082/2024
f 1966/2020/1962 2159/2213/2155 2245/2299/2241
f 2106/2160/2102 2055/2109/2051 2002/2056/1998
f 2291/2345/2287 2106/2160/2102 2002/2056/1998
f 1995/2049/1991 2017/2071/2013 1996/2050/1992
f 2017/2071/2013 2175/2229/2171 1996/2050/1992
f 1952/2006/1948 1954/2008/1950 2074/2128/2070
f 2050/2104/2046 2044/2098/2040 1954/2008/1950
f 2209/2263/2205 1977/2031/1973 2276/2330/2272
f 2152/2206/2148 2151/2205/2147 2293/2347/2289
f 2212/2266/2208 2210/2264/2206 2075/2129/2071
f 1954/2008/1950 2044/2098/2040 2074/2128/2070
f 2153/2207/2149 2212/2266/2208 2074/2128/2070
f 2154/2208/2150 2115/2169/2111 2117/2171/2113
f 2272/2326/2268 2265/2319/2261 2115/2169/2111
f 2246/2300/2242 1932/1986/1928 2197/2251/2193
f 2131/2185/2127 2130/2184/2126 1931/1985/1927
f 1953/2007/1949 1952/2006/1948 1984/2038/1980
f 1984/2038/1980 1952/2006/1948 2084/2138/2080
f 2174/2228/2170 1938/1992/1934 1937/1991/1933
f 2037/2091/2033 1987/2041/1983 2224/2278/2220
f 2037/2091/2033 2224/2278/2220 2223/2277/2219
f 2074/2128/2070 2076/2130/2072 2083/2137/2079
f 2083/2137/2079 2076/2130/2072 2186/2240/2182
f 1946/2000/1942 2022/2076/2018 1947/2001/1943
f 1947/2001/1943 2022/2076/2018 2290/2344/2286
f 2112/2166/2108 1945/1999/1941 1948/2002/1944
f 2221/2275/2217 1958/2012/1954 2222/2276/2218
f 2223/2277/2219 2222/2276/2218 2038/2092/2034
f 2223/2277/2219 2038/2092/2034 2037/2091/2033
f 2099/2153/2095 2093/2147/2089 2100/2154/2096
f 2188/2242/2184 2093/2147/2089 2071/2125/2067
f 2100/2154/2096 2093/2147/2089 2188/2242/2184
f 2100/2154/2096 2190/2244/2186 2189/2243/2185
f 2208/2262/2204 2248/2302/2244 2257/2311/2253
f 2257/2311/2253 2248/2302/2244 2132/2186/2128
f 2182/2236/2178 2011/2065/2007 2009/2063/2005
f 2011/2065/2007 2182/2236/2178 2118/2172/2114
f 2208/2262/2204 2079/2133/2075 2247/2301/2243
f 2231/2285/2227 2230/2284/2226 1940/1994/1936
f 2231/2285/2227 1940/1994/1936 2283/2337/2279
f 2047/2101/2043 2252/2306/2248 2187/2241/2183
f 2252/2306/2248 2047/2101/2043 2046/2100/2042
f 2294/2348/2290 2090/2144/2086 2200/2254/2196
f 2090/2144/2086 2294/2348/2290 2295/2349/2291
f 2200/2254/2196 2090/2144/2086 2089/2143/2085
f 1973/2027/1969 2200/2254/2196 2089/2143/2085
f 2271/2325/2267 2030/2084/2026 2287/2341/2283
f 2275/2329/2271 2277/2331/2273 2232/2286/2228
f 2277/2331/2273 2043/2097/2039 2232/2286/2228
f 1998/2052/1994 2278/2332/2274 2267/2321/2263
f 2267/2321/2263 1949/2003/1945 1998/2052/1994
f 2114/2168/2110 2063/2117/2059 1945/1999/1941
f 2112/2166/2108 2114/2168/2110 1945/1999/1941
f 2264/2318/2260 1964/2018/1960 2244/2298/2240
f 1998/2052/1994 2264/2318/2260 2244/2298/2240
f 2183/2237/2179 2132/2186/2128 2131/2185/2127
f 2183/2237/2179 2257/2311/2253 2132/2186/2128
f 2019/2073/2015 2062/2116/2058 2077/2131/2073
f 1970/2024/1966 1957/2011/1953 2088/2142/2084
f 1956/2010/1952 2235/2289/2231 1957/2011/1953
f 2154/2208/2150 2155/2209/2151 2125/2179/2121
f 2064/2118/2060 2155/2209/2151 2189/2243/2185
f 2276/2330/2272 1977/2031/1973 2059/2113/2055
f 2131/2185/2127 2276/2330/2272 2059/2113/2055
f 2226/2280/2222 2147/2201/2143 2146/2200/2142
f 2078/2132/2074 2027/2081/2023 2164/2218/2160
f 2025/2079/2021 2054/2108/2050 2027/2081/2023
f 2009/2063/2005 2284/2338/2280 2191/2245/2187
f 2009/2063/2005 1965/2019/1961 1949/2003/1945
f 2210/2264/2206 2296/2350/2292 2211/2265/2207
f 2296/2350/2292 1967/2021/1963 2297/2351/2293
f 2289/2343/2285 2039/2093/2035 2254/2308/2250
f 2018/2072/2014 2254/2308/2250 2253/2307/2249
f 2297/2351/2293 2226/2280/2222 2298/2352/2294
f 2296/2350/2292 2297/2351/2293 2298/2352/2294
f 2152/2206/2148 2210/2264/2206 2212/2266/2208
f 2153/2207/2149 2152/2206/2148 2212/2266/2208
f 2228/2282/2224 2229/2283/2225 2227/2281/2223
f 2286/2340/2282 2227/2281/2223 2194/2248/2190
f 2286/2340/2282 2228/2282/2224 2227/2281/2223
f 2051/2105/2047 1971/2025/1967 1961/2015/1957
f 1961/2015/1957 2072/2126/2068 1962/2016/1958
f 2220/2274/2216 2221/2275/2217 2034/2088/2030
f 2169/2223/2165 2034/2088/2030 2221/2275/2217
f 2126/2180/2122 2128/2182/2124 2230/2284/2226
f 2128/2182/2124 2120/2174/2116 2249/2303/2245
f 2009/2063/2005 2193/2247/2189 2284/2338/2280
f 2284/2338/2280 2193/2247/2189 2007/2061/2003
f 1983/2037/1979 2237/2291/2233 2236/2290/2232
f 2237/2291/2233 2279/2333/2275 2281/2335/2277
f 1981/2035/1977 2144/2198/2140 2236/2290/2232
f 2281/2335/2277 2236/2290/2232 2237/2291/2233
f 2035/2089/2031 2169/2223/2165 2168/2222/2164
f 2213/2267/2209 2035/2089/2031 2270/2324/2266
f 2166/2220/2162 2171/2225/2167 2170/2224/2166
f 2171/2225/2167 2166/2220/2162 2270/2324/2266
f 2176/2230/2172 2179/2233/2175 2177/2231/2173
f 2158/2212/2154 2157/2211/2153 2176/2230/2172
f 1991/2045/1987 2176/2230/2172 2157/2211/2153
f 2123/2177/2119 1991/2045/1987 2157/2211/2153
f 2262/2316/2258 2266/2320/2262 2058/2112/2054
f 2058/2112/2054 2266/2320/2262 2106/2160/2102
f 1965/2019/1961 2191/2245/2187 2192/2246/2188
f 2009/2063/2005 2191/2245/2187 1965/2019/1961
f 2078/2132/2074 2141/2195/2137 2025/2079/2021
f 2078/2132/2074 2025/2079/2021 2027/2081/2023
f 2129/2183/2125 2135/2189/2131 2134/2188/2130
f 2045/2099/2041 2129/2183/2125 2133/2187/2129
f 2014/2068/2010 2299/2353/2295 2012/2066/2008
f 2012/2066/2008 2299/2353/2295 2052/2106/2048
f 2063/2117/2059 2065/2119/2061 1946/2000/1942
f 1945/1999/1941 2063/2117/2059 1946/2000/1942
f 2125/2179/2121 2064/2118/2060 2063/2117/2059
f 2125/2179/2121 2155/2209/2151 2064/2118/2060
f 2207/2261/2203 2183/2237/2179 2056/2110/2052
f 2206/2260/2202 2207/2261/2203 2056/2110/2052
f 2143/2197/2139 2142/2196/2138 2087/2141/2083
f 2187/2241/2183 2238/2292/2234 2087/2141/2083
f 2014/2068/2010 2291/2345/2287 2299/2353/2295
f 2106/2160/2102 2291/2345/2287 2014/2068/2010
f 2065/2119/2061 2219/2273/2215 1946/2000/1942
f 2065/2119/2061 1933/1987/1929 2219/2273/2215
f 2120/2174/2116 2122/2176/2118 2138/2192/2134
f 2278/2332/2274 2000/2054/1996 2043/2097/2039
f 2278/2332/2274 1998/2052/1994 2000/2054/1996
f 1979/2033/1975 2197/2251/2193 1932/1986/1928
f 1979/2033/1975 1978/2032/1974 2197/2251/2193
f 1967/2021/1963 2148/2202/2144 1990/2044/1986
f 1990/2044/1986 1968/2022/1964 1967/2021/1963
f 2296/2350/2292 2210/2264/2206 2293/2347/2289
f 2152/2206/2148 2293/2347/2289 2210/2264/2206
f 2148/2202/2144 2296/2350/2292 2293/2347/2289
f 1967/2021/1963 2296/2350/2292 2148/2202/2144
f 1956/2010/1952 1955/2009/1951 2080/2134/2076
f 2298/2352/2294 2226/2280/2222 2211/2265/2207
f 2298/2352/2294 2211/2265/2207 2296/2350/2292
f 2073/2127/2069 2292/2346/2288 2096/2150/2092
f 2073/2127/2069 2091/2145/2087 2292/2346/2288
f 2186/2240/2182 2145/2199/2141 2243/2297/2239
f 2075/2129/2071 2145/2199/2141 2186/2240/2182
f 2197/2251/2193 1978/2032/1974 2198/2252/2194
f 2187/2241/2183 2088/2142/2084 2235/2289/2231
f 2235/2289/2231 2088/2142/2084 1957/2011/1953
f 1943/1997/1939 1974/2028/1970 1944/1998/1940
f 1943/1997/1939 2137/2191/2133 1974/2028/1970
f 1943/1997/1939 2255/2309/2251 2137/2191/2133
f 2136/2190/2132 2137/2191/2133 2255/2309/2251
f 2300/2354/2296 2054/2108/2050 2242/2296/2238
f 2054/2108/2050 2300/2354/2296 2172/2226/2168
f 2169/2223/2165 2224/2278/2220 2167/2221/2163
f 1987/2041/1983 2167/2221/2163 2224/2278/2220
f 1999/2053/1995 2245/2299/2241 2159/2213/2155
f 1951/2005/1947 2008/2062/2004 1949/2003/1945
f 1951/2005/1947 2181/2235/2177 2263/2317/2259
f 1951/2005/1947 2263/2317/2259 2008/2062/2004
f 2263/2317/2259 2234/2288/2230 2008/2062/2004
f 2116/2170/2112 2051/2105/2047 1961/2015/1957
f 2115/2169/2111 2051/2105/2047 2116/2170/2112
f 2252/2306/2248 1953/2007/1949 2086/2140/2082
f 1953/2007/1949 1984/2038/1980 2086/2140/2082
f 1967/2021/1963 1997/2051/1993 2297/2351/2293
f 2017/2071/2013 2016/2070/2012 1997/2051/1993
f 1989/2043/1985 2149/2203/2145 2159/2213/2155
f 2103/2157/2099 2053/2107/2049 1992/2046/1988
f 1992/2046/1988 2053/2107/2049 1936/1990/1932
f 2099/2153/2095 2096/2150/2092 2093/2147/2089
f 1962/2016/1958 2096/2150/2092 2099/2153/2095
f 2215/2269/2211 2213/2267/2209 2216/2270/2212
f 2216/2270/2212 2213/2267/2209 2166/2220/2162
f 2214/2268/2210 2104/2158/2100 2215/2269/2211
f 2215/2269/2211 2104/2158/2100 2213/2267/2209
f 2059/2113/2055 1979/2033/1975 2130/2184/2126
f 1979/2033/1975 1932/1986/1928 2130/2184/2126
f 2165/2219/2161 2166/2220/2162 2170/2224/2166
f 2029/2083/2025 2165/2219/2161 2170/2224/2166
f 2054/2108/2050 2172/2226/2168 2028/2082/2024
f 2165/2219/2161 2028/2082/2024 2172/2226/2168
f 1971/2025/1967 1973/2027/1969 2072/2126/2068
f 1961/2015/1957 1971/2025/1967 2072/2126/2068
f 2271/2325/2267 2229/2283/2225 1994/2048/1990
f 2271/2325/2267 1994/2048/1990 2030/2084/2026
f 2172/2226/2168 2300/2354/2296 2173/2227/2169
f 2242/2296/2238 2173/2227/2169 2300/2354/2296
f 2139/2193/2135 2141/2195/2137 2061/2115/2057
f 2060/2114/2056 2139/2193/2135 2061/2115/2057
f 2026/2080/2022 2139/2193/2135 2060/2114/2056
f 2067/2121/2063 1933/1987/1929 1935/1989/1931
f 1933/1987/1929 2067/2121/2063 2219/2273/2215
f 2200/2254/2196 2199/2253/2195 2294/2348/2290
f 2294/2348/2290 2199/2253/2195 2198/2252/2194
f 2108/2162/2104 2250/2304/2246 2109/2163/2105
f 2109/2163/2105 2250/2304/2246 2184/2238/2180
f 2273/2327/2269 2154/2208/2150 2113/2167/2109
f 2115/2169/2111 2154/2208/2150 2273/2327/2269
f 2119/2173/2115 2272/2326/2268 2273/2327/2269
f 2115/2169/2111 2273/2327/2269 2272/2326/2268
f 2299/2353/2295 2291/2345/2287 2001/2055/1997
f 2299/2353/2295 2001/2055/1997 2052/2106/2048
f 1958/2012/1954 1948/2002/1944 2222/2276/2218
f 2163/2217/2159 1948/2002/1944 2160/2214/2156
f 1958/2012/1954 2112/2166/2108 1948/2002/1944
f 1958/2012/1954 1960/2014/1956 2112/2166/2108
f 2017/2071/2013 1995/2049/1991 2015/2069/2011
f 2107/2161/2103 2260/2314/2256 1940/1994/1936
f 2260/2314/2256 2107/2161/2103 2206/2260/2202
f 2190/2244/2186 2068/2122/2064 1935/1989/1931
f 1935/1989/1931 2068/2122/2064 2067/2121/2063
f 1965/2019/1961 2192/2246/2188 2214/2268/2210
f 2214/2268/2210 2192/2246/2188 2104/2158/2100
f 2046/2100/2042 2201/2255/2197 1953/2007/1949
f 2045/2099/2041 2201/2255/2197 2046/2100/2042
f 2253/2307/2249 2254/2308/2250 2039/2093/2035
f 2253/2307/2249 2039/2093/2035 2162/2216/2158
f 2263/2317/2259 2262/2316/2258 2234/2288/2230
f 2234/2288/2230 2262/2316/2258 2058/2112/2054
f 2064/2118/2060 2189/2243/2185 1934/1988/1930
f 2100/2154/2096 2188/2242/2184 2190/2244/2186
f 2190/2244/2186 2188/2242/2184 2068/2122/2064
f 1969/2023/1965 2123/2177/2119 2158/2212/2154
f 2158/2212/2154 1997/2051/1993 1969/2023/1965
f 2003/2057/1999 2274/2328/2270 1971/2025/1967
f 2002/2056/1998 1930/1984/1926 2003/2057/1999
f 2198/2252/2194 2295/2349/2291 2294/2348/2290
f 2198/2252/2194 2205/2259/2201 2295/2349/2291
f 2090/2144/2086 2295/2349/2291 2204/2258/2200
f 2204/2258/2200 2295/2349/2291 2205/2259/2201
f 2240/2294/2236 2280/2334/2276 1985/2039/1981
f 2280/2334/2276 2237/2291/2233 1985/2039/1981
f 2290/2344/2286 2202/2256/2198 2160/2214/2156
f 2160/2214/2156 1947/2001/1943 2290/2344/2286
f 2029/2083/2025 2170/2224/2166 2164/2218/2160
f 2027/2081/2023 2029/2083/2025 2164/2218/2160
f 2230/2284/2226 2249/2303/2245 2108/2162/2104
f 2128/2182/2124 2249/2303/2245 2230/2284/2226
f 2301/2355/2297 2240/2294/2236 2084/2138/2080
f 2247/2301/2243 2004/2058/2000 2006/2060/2002
f 2079/2133/2075 2004/2058/2000 2247/2301/2243
f 2241/2295/2237 2301/2355/2297 2084/2138/2080
f 2246/2300/2242 2200/2254/2196 1972/2026/1968
f 2274/2328/2270 2246/2300/2242 1972/2026/1968
f 2136/2190/2132 2239/2293/2235 2137/2191/2133
f 2235/2289/2231 2239/2293/2235 2136/2190/2132
f 2239/2293/2235 1956/2010/1952 2082/2136/2078
f 1956/2010/1952 2080/2134/2076 2082/2136/2078
f 2271/2325/2267 2195/2249/2191 2229/2283/2225
f 2227/2281/2223 2229/2283/2225 2195/2249/2191
f 2041/2095/2037 2184/2238/2180 2250/2304/2246
f 2040/2094/2036 2041/2095/2037 2250/2304/2246
f 2010/2064/2006 2119/2173/2115 1959/2013/1955
f 1959/2013/1955 2193/2247/2189 2010/2064/2006
f 2126/2180/2122 2049/2103/2045 2127/2181/2123
f 2049/2103/2045 2042/2096/2038 2050/2104/2046
f 2275/2329/2271 2042/2096/2038 2126/2180/2122
f 2126/2180/2122 2042/2096/2038 2049/2103/2045
f 2269/2323/2265 2283/2337/2279 1939/1993/1935
f 2231/2285/2227 2283/2337/2279 2269/2323/2265
f 2049/2103/2045 2048/2102/2044 2127/2181/2123
f 2127/2181/2123 2048/2102/2044 2045/2099/2041
f 2156/2210/2152 2178/2232/2174 2225/2279/2221
f 2032/2086/2028 2031/2085/2027 2225/2279/2221
f 2156/2210/2152 2225/2279/2221 2031/2085/2027
f 2031/2085/2027 1994/2048/1990 2156/2210/2152
f 2044/2098/2040 2043/2097/2039 2153/2207/2149
f 2044/2098/2040 2153/2207/2149 2074/2128/2070
f 1950/2004/1946 2268/2322/2264 2181/2235/2177
f 2268/2322/2264 1950/2004/1946 2267/2321/2263
f 2168/2222/2164 2171/2225/2167 2270/2324/2266
f 2168/2222/2164 2270/2324/2266 2035/2089/2031
f 2258/2312/2254 1980/2034/1976 2033/2087/2029
f 2282/2336/2278 2103/2157/2099 2124/2178/2120
f 2124/2178/2120 2172/2226/2168 2282/2336/2278
f 1939/1993/1935 2261/2315/2257 2181/2235/2177
f 2181/2235/2177 2261/2315/2257 2262/2316/2258
f 1991/2045/1987 2179/2233/2175 2176/2230/2172
f 1991/2045/1987 2302/2356/2298 2179/2233/2175
f 1991/2045/1987 1993/2047/1989 2302/2356/2298
f 2179/2233/2175 2302/2356/2298 2180/2234/2176
f 2180/2234/2176 2302/2356/2298 1993/2047/1989
f 2184/2238/2180 1976/2030/1972 2185/2239/2181
f 1976/2030/1972 2111/2165/2107 2185/2239/2181
f 2208/2262/2204 2257/2311/2253 2111/2165/2107
f 2185/2239/2181 2111/2165/2107 2257/2311/2253
f 1981/2035/1977 2236/2290/2232 2281/2335/2277
f 1982/2036/1978 1981/2035/1977 2281/2335/2277
f 2143/2197/2139 2238/2292/2234 2236/2290/2232
f 2238/2292/2234 2143/2197/2139 2087/2141/2083
f 2189/2243/2185 1935/1989/1931 1934/1988/1930
f 2297/2351/2293 2016/2070/2012 2226/2280/2222
f 2297/2351/2293 1997/2051/1993 2016/2070/2012
f 2274/2328/2270 1930/1984/1926 1932/1986/1928
f 1930/1984/1926 2274/2328/2270 2003/2057/1999
f 2288/2342/2284 1988/2042/1984 2289/2343/2285
f 1988/2042/1984 2037/2091/2033 2289/2343/2285
f 2265/2319/2261 2052/2106/2048 2115/2169/2111
f 2118/2172/2114 2052/2106/2048 2265/2319/2261
f 1986/2040/1982 1988/2042/1984 2288/2342/2284
f 2233/2287/2229 1986/2040/1982 2288/2342/2284
f 2118/2172/2114 2217/2271/2213 2052/2106/2048
f 2118/2172/2114 2182/2236/2178 2217/2271/2213
f 2148/2202/2144 2293/2347/2289 2149/2203/2145
f 2151/2205/2147 2149/2203/2145 2293/2347/2289
f 2151/2205/2147 1999/2053/1995 2149/2203/2145
f 707/734/703 708/735/720 709/736/704
f 196/210/192 1087/1120/1254 995/1027/991
f 197/211/193 196/210/192 1088/1121/1083
f 1109/1144/1104 114/126/110 113/125/109
f 1249/1288/1244 264/278/260 459/479/455
f 1149/1186/1144 1143/1180/1138 652/674/648
f 1712/1763/1708 500/520/496 113/125/109
f 1156/1193/1151 1151/1188/1146 1513/1560/1509
f 459/479/455 1846/1898/1842 996/1028/992
f 650/672/646 1292/1333/1288 1305/1346/1301
f 1149/1186/1144 1150/1187/1145 1152/1189/1147
f 503/523/499 1275/1315/1271 1513/1560/1509
