# Blender 3.4.1
# www.blender.org
o rock_01_Mesh.003
v -0.435831 -0.133056 0.180349
v -0.452027 -0.094497 0.166008
v -0.468857 -0.130619 0.146723
v 0.110137 0.485127 0.037061
v 0.082636 0.492072 0.070012
v 0.102599 0.483966 0.058856
v 0.167851 0.307298 0.316399
v 0.101870 0.328342 0.279034
v 0.149554 0.293079 0.354349
v -0.152661 -0.356289 0.213236
v -0.148055 -0.349177 0.273384
v -0.258204 -0.360516 0.190912
v 0.331977 0.008448 0.237844
v 0.305072 0.061353 0.267801
v 0.268977 0.034642 0.286451
v 0.308172 -0.093772 0.120466
v 0.341314 -0.068842 0.165355
v 0.324210 -0.123180 0.171765
v -0.088723 -0.344696 0.145452
v -0.114923 -0.338461 0.120370
v -0.034346 -0.329717 0.127449
v -0.265165 0.040912 0.303130
v -0.222166 0.095604 0.304106
v -0.292167 0.047662 0.279734
v 0.104190 -0.065415 0.441925
v 0.081594 -0.121834 0.430112
v 0.098188 -0.133678 0.402362
v 0.464397 0.058727 -0.064989
v 0.444241 0.090097 -0.022748
v 0.414298 0.071176 0.008614
v -0.109329 -0.374023 -0.043365
v -0.145694 -0.372978 -0.024499
v -0.150472 -0.394327 -0.026968
v 0.239397 0.469250 0.019125
v 0.185954 0.477431 0.009699
v 0.238904 0.495855 0.063019
v 0.411278 0.017481 0.172333
v 0.367282 0.020671 0.114461
v 0.415592 0.067335 0.122073
v 0.385759 0.426363 0.109398
v 0.418509 0.387373 0.101745
v 0.395686 0.391556 0.087753
v 0.367934 0.287540 0.310201
v 0.333265 0.299757 0.320102
v 0.361695 0.258023 0.308213
v -0.116487 0.296910 0.185270
v -0.170446 0.354853 0.103332
v -0.181300 0.311982 0.125958
v -0.432312 0.285553 -0.106278
v -0.466051 0.229375 -0.097651
v -0.432609 0.230625 -0.088953
v -0.283765 0.432585 -0.032993
v -0.344776 0.413858 -0.101855
v -0.303943 0.396772 -0.065443
v -0.367217 -0.326002 0.246576
v -0.424946 -0.291016 0.154158
v -0.396987 -0.320540 0.176246
v 0.043337 -0.185422 0.432708
v 0.021556 -0.117455 0.452374
v -0.010377 -0.195825 0.433289
v -0.413379 -0.344246 0.118362
v -0.447451 -0.312816 0.057686
v -0.270623 -0.357761 -0.008866
v -0.240801 -0.355940 0.024516
v -0.333385 -0.352164 0.035951
v -0.503444 -0.395959 -0.012030
v -0.470711 -0.415964 -0.027895
v -0.494532 -0.361485 -0.017440
v -0.543258 -0.294133 -0.016707
v -0.506895 -0.320062 -0.005272
v -0.490949 -0.301749 0.014514
v 0.119679 -0.257313 0.033760
v 0.086841 -0.249316 -0.005537
v 0.099599 -0.276914 -0.033947
v 0.219915 -0.199375 0.198966
v 0.288179 -0.183614 0.214380
v 0.319477 -0.179179 0.245564
v 0.112501 -0.273384 0.197652
v 0.147398 -0.264657 0.248502
v 0.146033 -0.291709 0.277774
v 0.143297 -0.054229 0.413116
v 0.117021 -0.119121 0.394281
v 0.168302 -0.086717 0.379902
v 0.298131 0.105827 0.287654
v 0.259792 0.075588 0.314776
v 0.046526 0.266767 0.309468
v 0.096350 0.290433 0.325502
v 0.057885 0.307036 0.283290
v 0.498216 0.064755 -0.139625
v 0.516427 0.111396 -0.143522
v 0.489562 0.095996 -0.114366
v 0.330876 0.519841 -0.154282
v 0.305934 0.490191 -0.103366
v 0.368132 0.486386 -0.131365
v 0.428369 0.401973 -0.063152
v 0.445046 0.406779 -0.022085
v 0.446692 0.423240 -0.089371
v -0.574592 -0.219414 -0.028435
v -0.544564 -0.246989 -0.021159
v -0.552976 -0.215974 -0.025503
v -0.533068 -0.061907 -0.027616
v -0.496851 -0.005806 -0.039647
v -0.538194 -0.028387 -0.039902
v 0.501477 0.210278 -0.010015
v 0.471342 0.244856 0.000173
v 0.461445 0.180863 0.008721
v 0.402020 0.295537 0.096119
v 0.416395 0.309055 0.119286
v 0.407937 0.285823 0.132842
v -0.171473 -0.348643 0.458191
v -0.217900 -0.325120 0.463414
v -0.238900 -0.353895 0.444735
v -0.164994 -0.355593 0.391142
v -0.038826 -0.360150 0.379121
v -0.108536 -0.361033 0.417243
v -0.191864 -0.052175 0.492889
v -0.165503 -0.018646 0.479270
v -0.205358 -0.018793 0.443739
v 0.036878 0.172618 0.385107
v 0.086609 0.211323 0.415533
v 0.045374 0.208844 0.370971
v -0.254419 -0.302135 0.457558
v -0.346236 -0.226610 0.422411
v -0.291299 -0.307301 0.443084
v -0.233358 -0.069392 0.462479
v -0.257916 -0.050538 0.425440
v 0.395123 0.145767 0.240588
v 0.424263 0.075701 0.187692
v 0.439938 0.103704 0.197315
v 0.466221 0.124258 0.180783
v 0.478163 0.154971 0.150802
v 0.466097 0.149918 0.168896
v -0.281027 0.497277 -0.100043
v -0.258356 0.488721 -0.091720
v -0.250204 0.510188 -0.102623
v 0.050368 0.519941 -0.099371
v 0.101414 0.534101 -0.107373
v 0.070544 0.549114 -0.130085
v -0.330380 0.119307 0.165531
v -0.327966 0.146964 0.131951
v -0.357622 0.117189 0.128456
v -0.475040 0.008522 0.070003
v -0.456093 0.023759 0.029058
v -0.470632 -0.042189 0.020199
v -0.162606 0.162170 0.280539
v -0.132899 0.196987 0.242679
v -0.191899 0.172758 0.231495
v -0.057627 0.150551 0.373282
v -0.054483 0.127889 0.411336
v -0.019755 0.151890 0.383304
v -0.010617 -0.324518 -0.031157
v -0.059523 -0.334842 -0.031316
v -0.027858 -0.353739 -0.032991
v 0.067975 -0.330409 0.231621
v 0.001570 -0.317544 0.130600
v 0.100607 -0.304791 0.223374
v 0.262946 -0.225822 0.296314
v 0.286179 -0.200943 0.280341
v 0.306168 -0.054503 0.241752
v 0.346187 -0.035693 0.230981
v 0.315172 -0.020815 0.250493
v -0.357418 -0.297037 0.296040
v -0.393429 -0.252188 0.280566
v -0.409294 -0.263908 0.230280
v -0.340094 0.037787 0.228381
v -0.362097 0.064046 0.166927
v -0.355677 -0.002977 0.222341
v 0.112872 0.065400 0.439070
v 0.088815 0.125808 0.460502
v 0.063429 0.079966 0.467517
v -0.034691 -0.035648 0.513276
v -0.049357 -0.132183 0.471755
v 0.054651 -0.021752 0.476539
v -0.414950 -0.170345 0.245632
v -0.406262 -0.153454 0.226312
v -0.415016 -0.199363 0.224273
v -0.448505 -0.180864 0.154769
v -0.401017 0.100388 0.096671
v -0.396598 0.137785 0.073571
v -0.439582 0.104304 0.037129
v -0.412422 -0.061051 0.203667
v -0.401810 -0.011993 0.171317
v -0.450654 -0.054344 0.169039
v 0.363850 0.458099 -0.102091
v 0.327212 0.445534 -0.051019
v 0.335558 0.415750 -0.044303
v 0.350714 0.400838 0.007912
v 0.286993 0.431763 0.022225
v 0.321379 0.460006 0.063499
v 0.228953 -0.134232 0.320246
v 0.175703 -0.178963 0.327629
v 0.193184 -0.193568 0.320057
v 0.260575 -0.210458 0.305732
v 0.266420 -0.098834 0.304644
v 0.254667 -0.127986 0.311559
v 0.198596 0.332459 0.284750
v 0.202651 0.305882 0.322891
v 0.238036 0.345784 0.287618
v 0.373619 0.373840 0.263389
v 0.423813 0.345096 0.220181
v 0.383799 0.410124 0.218290
v 0.152190 0.468679 0.004373
v 0.161800 0.491811 0.044325
v 0.298209 0.472814 0.173471
v 0.270719 0.491582 0.151620
v 0.252575 0.453668 0.184228
v 0.254327 0.286414 0.369932
v 0.233045 0.265400 0.373819
v 0.305380 0.223725 0.329632
v 0.201626 0.110748 0.368611
v 0.178807 0.086807 0.396061
v 0.202307 0.072227 0.368346
v 0.303132 -0.152406 -0.027743
v 0.251014 -0.145050 -0.007330
v 0.329030 -0.173200 -0.072242
v 0.282809 -0.152915 0.116524
v -0.113246 -0.345023 0.442679
v -0.047340 -0.357991 0.405502
v -0.059734 -0.294109 0.429074
v 0.305221 -0.000321 0.042035
v 0.325118 -0.022803 0.009277
v 0.309136 0.018200 0.019521
v 0.313987 -0.038017 0.076059
v 0.369604 -0.035705 0.166028
v -0.017303 0.106752 0.459266
v 0.005605 0.138217 0.422699
v 0.078051 -0.009534 0.463843
v 0.071571 0.055783 0.461031
v 0.029578 0.015969 0.499582
v -0.304468 -0.144499 0.445189
v -0.275876 -0.099815 0.449091
v -0.315371 -0.114317 0.415741
v -0.378768 -0.201492 0.383842
v -0.349182 -0.107270 0.353950
v -0.354969 -0.075115 0.292612
v 0.239550 -0.265345 -0.078878
v 0.212511 -0.252839 -0.077149
v 0.199272 -0.274729 -0.076134
v -0.403066 0.289462 -0.101214
v -0.301787 0.300043 0.020438
v -0.253464 0.304440 0.067630
v -0.253446 0.343363 0.038596
v 0.196140 0.001202 0.367313
v 0.204388 -0.063262 0.357366
v 0.254954 -0.008329 0.294006
v 0.236843 -0.073816 0.325296
v 0.283321 -0.069681 0.284127
v 0.293072 -0.034560 0.265709
v -0.122786 -0.086829 0.521494
v -0.148148 -0.171016 0.486611
v -0.080695 -0.104396 0.498452
v -0.247870 -0.143457 0.489622
v -0.267617 -0.172187 0.471342
v -0.229036 -0.180148 0.489444
v -0.130823 0.423722 0.115860
v -0.094914 0.415952 0.144172
v -0.130835 0.462551 0.114115
v 0.092001 0.446309 0.155307
v 0.065761 0.478313 0.161059
v 0.039236 0.427834 0.174566
v 0.391559 0.333616 0.290315
v 0.429392 0.311189 0.276659
v 0.419234 0.167888 0.230271
v 0.451656 0.130165 0.199989
v 0.468223 0.191086 0.134170
v 0.503795 0.221039 0.178536
v 0.490228 0.191416 0.174317
v 0.441998 0.289734 0.259431
v 0.459326 0.291904 0.224557
v 0.447951 0.314700 0.227369
v 0.370871 0.409883 0.057946
v 0.345118 0.429362 0.029400
v 0.349844 0.469809 0.091646
v 0.419707 0.370506 -0.055604
v 0.421774 0.407945 -0.107519
v 0.043305 0.367484 0.213796
v 0.091630 0.376457 0.202270
v 0.079766 0.414387 0.167239
v 0.205543 0.369932 0.250099
v 0.202733 0.434087 0.189000
v 0.167535 0.400857 0.196966
v 0.440580 0.250499 0.138803
v 0.479145 0.227489 0.148570
v 0.427352 0.240318 0.042445
v 0.437262 0.184936 0.032844
v 0.447869 0.242593 0.010547
v 0.394885 0.114396 0.053876
v 0.416920 0.135867 0.057887
v 0.430106 0.127464 0.082901
v 0.423970 0.148702 0.080519
v 0.415747 0.183359 0.058060
v 0.403791 0.194987 0.083240
v 0.510407 0.329527 -0.047376
v 0.521316 0.313750 -0.107988
v 0.538027 0.343909 -0.113181
v 0.405965 0.325023 0.056108
v 0.431554 0.262316 0.030416
v 0.439387 0.276030 0.006189
v 0.499222 0.336206 -0.041103
v 0.449762 0.334335 -0.015770
v 0.474926 0.310625 -0.037729
v -0.492086 -0.055740 0.077185
v -0.486837 -0.211709 0.105905
v -0.516576 -0.198755 0.065979
v -0.494235 -0.241328 0.031867
v -0.343320 -0.355623 0.178382
v -0.305032 -0.356784 0.150228
v -0.216789 -0.358751 0.133234
v -0.210090 -0.360694 0.179626
v -0.074080 -0.328729 0.089275
v -0.126422 -0.338007 0.056305
v -0.045722 -0.316146 0.043846
v -0.038824 -0.278507 0.023982
v -0.000778 -0.286491 0.069485
v -0.559063 -0.088332 -0.004469
v -0.099706 -0.160227 0.476345
v -0.102695 -0.230746 0.458539
v -0.163192 -0.203336 0.480229
v -0.147352 -0.337370 0.457121
v 0.536302 0.362744 -0.080735
v 0.513997 0.427390 -0.057229
v 0.524962 0.357117 -0.062768
v 0.465103 0.437134 -0.111785
v 0.461627 0.420512 -0.027225
v 0.504216 0.436842 -0.066766
v -0.345120 -0.264023 0.380533
v -0.380437 -0.233330 0.347353
v -0.380568 -0.172472 0.342994
v -0.365922 -0.103044 0.296771
v 0.429342 0.015740 -0.108619
v 0.369750 0.007009 -0.034874
v 0.419347 -0.022825 -0.096627
v 0.325232 0.008687 0.066746
v 0.399284 0.041011 0.009619
v 0.438679 0.037732 -0.070957
v 0.455422 0.049134 -0.063174
v -0.397580 -0.350408 0.102439
v -0.382459 -0.349178 0.061827
v -0.365795 -0.353194 0.150251
v -0.413893 -0.369721 -0.016754
v -0.458762 -0.385981 -0.027503
v -0.443291 -0.406018 -0.025586
v 0.017624 0.477881 0.055864
v -0.005302 0.453149 0.026773
v 0.001537 0.484739 0.079567
v -0.181518 0.485876 -0.001321
v -0.108498 0.468951 0.119695
v -0.098648 0.494594 0.052892
v -0.141507 0.482959 -0.054296
v -0.167324 0.495759 -0.021358
v -0.116588 0.491523 -0.019449
v -0.168566 0.489996 -0.077376
v -0.130423 0.496242 -0.073060
v -0.163662 0.508904 -0.086164
v 0.125291 -0.253067 0.181116
v 0.144676 -0.254143 0.208684
v -0.221790 -0.351555 0.404294
v -0.349883 -0.245633 0.415496
v -0.316453 -0.296769 0.424549
v 0.333873 -0.115692 0.019841
v 0.345861 -0.132805 -0.044920
v 0.358851 -0.114315 -0.072224
v 0.174190 -0.043426 0.384243
v 0.414853 0.387066 0.146745
v 0.399635 0.420939 0.137228
v 0.388565 0.430431 0.181182
v 0.289467 0.495288 0.143694
v 0.322496 0.456809 0.178333
v -0.328407 0.198118 0.072725
v -0.385325 0.207385 0.011991
v -0.460946 -0.025654 -0.000703
v -0.451406 0.013900 0.005303
v -0.463489 0.010825 -0.024131
v -0.332080 0.089042 0.180241
v -0.369404 0.090812 0.134353
v 0.274656 0.450946 0.029616
v 0.292959 0.476006 0.071552
v 0.337754 0.475256 0.109236
v 0.351842 0.469112 0.122994
v -0.088233 0.444221 0.151260
v 0.009770 0.440562 0.202560
v 0.030633 0.463936 0.176362
v -0.001643 0.348982 0.221515
v -0.043281 0.337936 0.206796
v -0.016943 0.304255 0.246301
v -0.008952 0.434756 0.207150
v -0.040625 0.387488 0.189601
v 0.002942 0.369798 0.206396
v 0.345870 0.111834 0.250674
v 0.383162 0.020988 0.210527
v 0.405480 0.063454 0.196051
v -0.169371 0.211747 0.207808
v -0.069497 0.256846 0.246695
v -0.063023 0.294118 0.223883
v -0.112219 0.266584 0.202591
v -0.017064 0.522708 -0.087560
v 0.010688 0.532198 -0.115431
v -0.041044 0.531181 -0.106085
v 0.308641 0.365898 0.320778
v 0.322663 0.388741 0.296254
v 0.288964 0.409485 0.251029
v 0.400910 0.305382 0.297042
v 0.361763 0.344283 0.302986
v 0.347553 0.319845 0.314167
v 0.391005 0.249687 0.086882
v 0.428804 0.180773 0.099085
v -0.522033 -0.208697 0.032499
v -0.531668 -0.212018 -0.012102
v -0.518557 -0.221946 0.005101
v -0.532340 -0.256629 -0.000973
v -0.509660 -0.106197 -0.005679
v -0.498383 -0.100221 0.023675
v -0.482332 -0.098656 0.010127
v -0.509528 -0.052223 -0.024631
v -0.487965 -0.056600 -0.012135
v -0.474737 -0.024125 -0.029583
v -0.193127 -0.304632 0.472681
v -0.260031 -0.258989 0.457092
v 0.150809 -0.192252 0.099555
v 0.217760 -0.185580 0.085132
v 0.210922 -0.190606 0.131692
v 0.018236 -0.285255 0.094419
v 0.030013 -0.295792 0.129542
v 0.154472 -0.236023 0.033898
v 0.133427 -0.227761 0.043458
v 0.117429 -0.237277 0.044205
v 0.133024 -0.263407 0.023591
v 0.127956 -0.278172 -0.018847
v 0.178055 -0.233940 -0.002483
v 0.241681 -0.176493 0.090339
v -0.475693 -0.335280 0.015008
v -0.468392 -0.352158 -0.016548
v -0.392971 -0.348232 0.018619
v -0.454096 -0.346016 0.022258
v 0.019597 -0.245778 0.058489
v 0.068286 -0.234661 0.096686
v 0.115153 -0.188993 0.010900
v 0.078652 -0.230411 0.020722
v 0.210058 -0.230516 0.239961
v 0.100889 -0.222012 0.122888
v 0.141007 -0.199617 0.132725
v 0.153784 -0.209964 0.161506
v 0.170180 -0.249335 0.247104
v 0.230596 -0.238353 0.293184
v 0.249821 -0.228061 0.307416
v 0.238584 -0.181721 0.316280
v 0.165588 0.270719 0.378586
v 0.040192 0.093814 0.472210
v 0.130759 0.188064 0.444019
v 0.087595 0.160534 0.447305
v 0.297050 -0.182242 -0.069130
v 0.264081 -0.192177 -0.047153
v 0.267608 -0.219923 -0.069640
v 0.157688 -0.193430 0.004944
v 0.188499 -0.220139 0.000304
v 0.190105 -0.200012 -0.009870
v 0.490613 0.307265 -0.043137
v 0.465022 0.294057 -0.050069
v 0.497194 0.288004 -0.060219
v 0.459196 0.271146 -0.023293
v 0.546904 0.263032 -0.107296
v 0.570127 0.292775 -0.136020
v 0.534720 0.286363 -0.111583
v -0.473438 -0.091012 0.137611
v -0.468987 0.000049 0.110720
v -0.500058 -0.081069 0.076633
v -0.436316 0.037175 0.115221
v -0.435859 -0.015853 0.149588
v 0.132911 0.483026 0.101051
v 0.090309 0.489940 0.141833
v 0.156533 0.484844 0.067454
v 0.058357 0.485789 0.058131
v 0.025595 0.492440 0.109360
v 0.056933 0.492124 0.146162
v -0.031224 0.460362 0.167149
v 0.045804 0.489331 0.154795
v -0.023120 0.489955 0.117961
v -0.057063 0.463047 0.012768
v -0.080530 0.475425 -0.044521
v -0.084862 0.488476 -0.004895
v 0.012911 0.452413 0.028033
v 0.037916 0.473475 0.038897
v 0.040035 0.460903 -0.003381
v -0.048709 0.462608 -0.024253
v -0.047804 0.485335 -0.069511
v -0.032904 0.518014 -0.088513
v -0.085990 0.499798 -0.087509
v -0.019537 0.064815 0.493380
v -0.025599 0.031858 0.525326
v 0.016305 0.065047 0.490548
v -0.036911 0.009705 0.529764
v -0.064005 0.021363 0.531101
v -0.081006 -0.004918 0.535242
v 0.421030 0.356546 0.005808
v 0.435914 0.372077 -0.038484
v 0.427584 0.336899 0.023042
v 0.435621 0.319540 0.003350
v 0.014560 0.111439 0.460245
v 0.046905 0.130399 0.456101
v 0.160033 0.239095 0.401204
v 0.125617 0.236018 0.414908
v 0.153105 0.207904 0.426396
v 0.192556 0.185637 0.406844
v 0.222326 0.171512 0.375247
v 0.227323 0.208657 0.367053
v 0.306425 -0.168058 0.208574
v 0.281956 -0.162759 0.130301
v 0.326870 -0.145450 0.194954
v 0.285877 -0.186102 0.290613
v -0.312790 -0.357311 0.232348
v -0.225070 -0.351036 0.271722
v -0.342409 -0.355682 0.216849
v -0.352768 -0.341153 0.248646
v -0.361006 -0.352270 0.192321
v 0.322487 0.421042 -0.012845
v 0.290272 0.424074 -0.006787
v 0.211760 0.465313 0.009242
v 0.225138 0.448226 -0.004255
v -0.059524 -0.319724 -0.029164
v -0.028831 -0.291584 -0.010417
v 0.032678 -0.226517 0.034605
v 0.026011 -0.257109 0.022850
v 0.060556 -0.256038 0.002694
v 0.488545 0.392564 -0.006630
v 0.480428 0.370292 0.017245
v 0.502778 0.362463 -0.024057
v 0.008443 -0.272226 0.415126
v -0.023214 -0.254371 0.426602
v -0.032243 -0.300352 0.414373
v 0.012208 -0.315563 0.405929
v 0.014514 -0.357898 0.363922
v 0.258411 0.204404 0.340201
v 0.369531 0.220089 0.284872
v 0.377610 0.166715 0.264408
v 0.409198 0.206291 0.263491
v 0.345663 -0.015304 -0.040533
v 0.327438 0.053256 0.027608
v 0.334737 0.031316 0.003241
v 0.347007 0.046367 0.010487
v 0.104378 0.244141 0.382760
v 0.131818 0.263213 0.381589
v 0.489849 0.039534 -0.138198
v -0.163018 -0.370067 -0.023328
v -0.303553 -0.406279 -0.065858
v -0.176362 -0.414915 -0.027498
v 0.029018 -0.278871 0.409616
v 0.047068 -0.323825 0.360908
v 0.056717 -0.277591 0.366346
v 0.120669 -0.269419 0.334910
v 0.126830 -0.301861 0.304170
v 0.143253 -0.280488 0.310004
v -0.465534 -0.233087 0.131006
v -0.471845 -0.278095 0.052012
v -0.442717 -0.262251 0.147016
v -0.438452 -0.223343 0.187857
v -0.421669 -0.193265 0.201018
v -0.440185 -0.190272 0.165845
v -0.198840 0.482654 -0.046699
v -0.213062 0.511271 -0.080256
v -0.204594 0.483734 -0.072765
v -0.246851 0.405893 0.008556
v -0.234436 0.463893 -0.029492
v -0.261389 0.433777 -0.020522
v 0.138384 -0.179839 0.348640
v 0.123596 -0.220607 0.351040
v 0.150944 -0.230088 0.333389
v 0.071029 -0.166869 0.424051
v 0.098273 -0.188461 0.380991
v -0.373692 0.347797 -0.105850
v -0.360101 0.423882 -0.103925
v -0.399349 0.341246 -0.108965
v 0.481869 0.271828 0.197693
v 0.484925 0.277065 0.165540
v 0.463966 0.334680 0.162931
v 0.403585 0.388143 0.200713
v 0.460419 0.326663 0.130345
v 0.449741 0.322294 0.113661
v 0.465192 0.290264 0.141519
v 0.427362 0.300973 0.137489
v 0.276360 0.503498 0.116759
v 0.181724 0.483024 0.087489
v 0.171866 0.476533 0.126179
v 0.247177 0.497896 0.130240
v -0.346801 -0.191641 0.431478
v -0.329808 -0.142786 0.420115
v -0.342841 -0.066209 0.338341
v -0.300700 -0.036983 0.356697
v -0.278094 -0.012600 0.354951
v 0.394657 0.384418 0.044172
v 0.376294 0.377143 0.002212
v -0.402720 0.158686 -0.019336
v -0.397509 0.133647 -0.025298
v -0.417344 0.164052 0.012487
v -0.488580 0.139511 -0.095543
v -0.446649 0.112139 -0.072817
v -0.454487 0.154621 -0.086381
v -0.503933 0.089153 -0.074773
v -0.446338 0.087351 -0.050621
v -0.466448 0.097900 -0.077701
v -0.428346 0.105161 0.007450
v -0.419124 0.098486 -0.009963
v -0.431586 0.082730 -0.024961
v 0.141979 0.555505 -0.125374
v 0.340129 -0.075481 0.014357
v 0.318405 -0.025913 0.041434
v 0.269041 -0.104537 0.048811
v 0.248592 -0.135000 0.044401
v 0.271594 -0.138027 0.014065
v 0.248519 -0.128686 0.017296
v 0.216628 -0.176922 0.027587
v 0.236055 -0.173161 0.061960
v -0.498405 -0.128248 0.014723
v -0.522766 -0.159673 0.043594
v -0.514161 -0.118407 0.049460
v -0.494737 -0.122045 0.117581
v -0.246959 0.165955 0.190634
v -0.193593 0.240194 0.157168
v -0.255566 0.179331 0.154288
v -0.244113 0.240097 0.118916
v -0.195857 0.282502 0.126979
v -0.251483 0.265303 0.085738
v -0.368162 -0.034394 0.230000
v -0.403156 -0.151505 0.298778
v -0.380202 -0.097648 0.265712
v -0.130029 -0.014873 0.508234
v -0.115393 0.024973 0.491966
v -0.134138 0.016619 0.473952
v -0.083512 0.085307 0.441412
v -0.030599 0.080277 0.477966
v -0.097468 0.124310 0.405473
v -0.042443 0.039104 0.522710
v -0.111775 0.052711 0.455464
v 0.064727 0.481449 -0.008266
v 0.090821 0.501913 -0.057303
v 0.024854 0.499848 -0.066823
v 0.199627 0.452949 -0.004902
v 0.205975 0.472567 -0.042635
v 0.288919 0.536553 -0.141394
v 0.229175 0.497993 -0.106973
v 0.260988 0.493711 -0.090118
v 0.019549 0.187668 0.360976
v -0.011630 0.232013 0.316501
v -0.016691 0.189258 0.333282
v -0.119225 0.206078 0.245820
v -0.077802 0.234887 0.265631
v -0.126236 0.240190 0.221517
v 0.119555 -0.001429 0.443242
v 0.058384 -0.058038 0.460174
v 0.060828 -0.132413 0.443043
v 0.448779 0.171265 0.113475
v 0.462706 0.114373 0.117945
v 0.453935 0.144435 0.121217
v 0.460050 0.079950 0.143561
v 0.437619 0.060817 0.157036
v 0.449590 0.099388 0.178324
v 0.462539 0.134049 0.147584
v 0.443797 0.071804 0.163981
v -0.500043 0.109276 -0.086722
v 0.002582 0.500058 -0.087737
v 0.067204 0.159540 0.441865
v -0.526674 -0.331455 -0.019659
v -0.524558 -0.375723 -0.021842
v -0.559591 -0.267195 -0.025530
v -0.591610 -0.311852 -0.037032
v 0.153910 0.429792 0.167503
v 0.226118 0.481039 0.143670
v 0.165432 0.461578 0.150100
v -0.560977 -0.146119 -0.004653
v -0.527941 -0.154588 0.005325
v -0.541499 -0.129870 -0.013246
v -0.512560 -0.161516 0.022832
v -0.507801 -0.144004 0.009412
v 0.330256 0.241991 0.319209
v 0.294590 0.347383 0.334062
v 0.290821 0.319438 0.337415
v 0.270968 0.369798 0.289847
v 0.276097 0.322975 0.337421
v -0.068662 0.485974 0.096280
v -0.030593 0.452107 0.016780
v -0.054316 0.482221 0.036259
v -0.024249 0.478390 0.057621
v 0.055982 -0.206592 0.031365
v 0.085246 -0.192794 0.027893
v 0.079404 -0.319183 -0.045873
v 0.039755 -0.315306 -0.037638
v 0.376620 0.437783 0.177887
v 0.319040 0.439805 0.203140
v 0.336379 0.426134 0.241182
v 0.488861 0.179462 -0.016999
v 0.526074 0.168325 -0.093993
v 0.528965 0.205155 -0.078748
v 0.094439 -0.328139 0.256884
v 0.125646 -0.302489 0.272840
v -0.097911 -0.355721 0.283097
v 0.014740 -0.362107 0.344201
v -0.060904 -0.360428 0.331859
v 0.105980 -0.333676 0.304365
v 0.077864 -0.316808 0.328937
v 0.055519 -0.357476 0.343883
v 0.089717 -0.351251 0.277777
v 0.085196 -0.360578 0.316921
v 0.063094 -0.363909 0.270252
v -0.135160 -0.360466 -0.036329
v -0.073951 -0.307066 -0.015453
v -0.497231 -0.114053 0.011325
v -0.515717 -0.121293 -0.000959
v -0.522253 -0.139008 -0.005211
v -0.418431 0.120870 0.000256
v 0.541828 0.311051 -0.124992
v -0.412642 -0.126129 0.204529
v -0.417296 -0.083416 0.211554
v -0.390154 -0.123641 0.275481
v -0.389300 0.233416 -0.045109
v -0.351729 0.290887 -0.045316
v -0.368610 0.295685 -0.076669
v -0.417747 0.158026 0.031263
v -0.405701 0.193944 -0.025888
v 0.234252 -0.242721 0.304780
v 0.200127 -0.227857 0.314285
v 0.211203 -0.249236 0.304393
v 0.189318 0.552886 -0.114390
v 0.207401 0.521291 -0.103006
v 0.234734 0.540531 -0.133603
v 0.164858 0.195631 0.428837
v 0.194524 0.219286 0.398913
v 0.178343 0.120180 0.401734
v 0.142328 0.157739 0.435659
v 0.154916 0.096310 0.419131
v 0.287501 0.147736 0.304984
v 0.285273 0.186656 0.319407
v 0.339620 0.172608 0.278560
v -0.123348 0.150477 0.316445
v -0.119645 0.081017 0.419222
v -0.120851 0.110889 0.398150
v -0.154134 0.063014 0.401000
v -0.309192 -0.356803 0.286447
v -0.260710 -0.349969 0.349318
v -0.182630 -0.353862 0.356552
v 0.428325 0.365370 0.136272
v 0.426580 0.360393 0.197487
v 0.051610 -0.280652 -0.023069
v 0.074704 -0.309156 -0.040355
v 0.179821 -0.255382 -0.065105
v 0.185833 -0.233480 -0.023864
v 0.099801 -0.305245 -0.047242
v 0.128352 -0.317512 -0.063427
v 0.123737 -0.291870 -0.042938
v 0.351349 0.060904 0.021236
v 0.341720 0.047109 0.048628
v 0.396083 0.134724 0.031433
v 0.375924 0.098029 0.047570
v 0.389651 0.098427 0.019395
v -0.536261 -0.181740 -0.001403
v -0.526018 -0.190631 -0.000151
v -0.565560 -0.194524 -0.019389
v -0.548763 -0.200403 -0.016192
v -0.275915 -0.195937 0.459559
v -0.229569 -0.199419 0.475988
v -0.160415 -0.343897 -0.007009
v -0.110544 -0.335513 0.005377
v -0.076925 -0.323897 0.032689
v -0.288826 -0.065035 0.416115
v -0.216283 -0.155373 0.520194
v -0.203616 -0.119657 0.531093
v -0.235291 -0.114481 0.500855
v 0.407777 0.222679 0.059615
v 0.399640 0.268832 0.065621
v 0.058047 0.336516 0.253181
v 0.015853 0.295790 0.270533
v 0.023169 0.355523 0.219894
v -0.385624 0.052008 0.145328
v -0.370157 0.016715 0.184939
v 0.492143 0.263420 -0.037958
v 0.508249 0.242893 -0.037087
v 0.156332 -0.012117 0.410006
v 0.146398 0.040327 0.414362
v 0.234318 0.109266 0.345552
v -0.424185 0.196975 -0.064184
v -0.415526 0.146030 -0.054660
v -0.409948 0.241509 -0.074335
v 0.473300 0.242514 0.234347
v 0.452988 0.225408 0.247844
v 0.493967 0.201512 0.214717
v 0.505026 0.203102 0.191321
v 0.417245 0.279552 0.288815
v 0.441291 0.246834 0.269120
v 0.444856 0.265497 0.249834
v 0.050953 -0.223764 0.419111
v 0.073265 -0.225014 0.393125
v 0.078440 -0.291297 0.340205
v -0.315150 0.333500 -0.028853
v -0.297099 0.370166 -0.040420
v -0.207050 0.403755 0.054848
v -0.323182 -0.010673 0.298563
v -0.324776 0.025803 0.259933
v -0.346312 -0.042092 0.274285
v -0.287848 0.009922 0.328708
v -0.217215 0.185844 0.192212
v -0.309301 0.029959 0.275281
v -0.243127 0.098858 0.278539
v -0.280931 0.084884 0.242866
v 0.009313 -0.238804 0.424796
v -0.216864 0.068220 0.332221
v -0.200851 0.092212 0.337707
v -0.189489 0.036818 0.417822
v -0.149010 0.039076 0.435569
v -0.172643 0.054963 0.389448
v 0.175605 -0.133315 0.343338
v -0.164711 0.073209 0.374091
v -0.200911 0.083671 0.369040
v -0.193253 0.052948 0.383715
v -0.185252 0.109866 0.325135
v -0.151402 0.115203 0.353681
v -0.169268 0.096748 0.350804
v -0.241836 -0.011258 0.396521
v -0.221254 0.040092 0.368024
v 0.297827 -0.062967 0.077025
v 0.280395 -0.089879 0.072612
v 0.294094 -0.084553 0.040115
v 0.328832 -0.047180 0.107572
v -0.208690 0.006858 0.412497
v -0.193350 0.003532 0.431018
v -0.154987 0.012453 0.453733
v -0.175444 0.011009 0.438268
v 0.305974 -0.136293 0.001932
v 0.330231 -0.143839 -0.036466
v 0.284260 -0.114972 0.032228
v -0.016125 -0.346798 0.189313
v 0.035169 -0.357521 0.233155
v -0.052640 -0.358867 0.228537
v -0.072967 -0.357028 0.261825
v 0.026458 -0.360398 0.268388
v 0.041548 -0.364599 0.341198
v -0.134861 -0.356397 0.142991
v -0.139043 -0.357987 0.187226
v -0.278289 -0.142573 0.472780
v -0.396765 0.098956 -0.025421
v -0.422768 0.105814 -0.052386
v -0.021409 -0.260745 0.024271
v -0.006377 -0.265188 0.053076
v -0.325615 0.371156 -0.071413
v -0.333398 0.337781 -0.068840
v 0.105214 -0.187851 0.038387
v 0.101119 -0.193668 0.015231
v 0.362209 -0.044455 -0.076027
v 0.393760 -0.047115 -0.101144
v -0.225329 0.386292 0.045940
v -0.107078 0.365240 0.150703
v -0.169994 0.406758 0.085232
v 0.485753 0.144314 -0.071887
v 0.457716 0.153366 0.000367
v 0.413347 0.130688 0.009894
v 0.420257 0.154029 0.029405
v 0.139737 0.527777 -0.117024
v 0.097389 0.459729 -0.001249
v 0.122911 0.456609 -0.024098
v 0.108770 0.489610 -0.045908
v 0.449315 0.114405 -0.022957
v 0.175860 -0.190794 0.018729
v 0.158060 -0.189522 0.058882
v 0.141162 -0.189478 0.042114
v 0.149132 -0.190090 0.009549
v -0.133882 -0.338341 -0.022190
v -0.526790 -0.276374 0.006931
v 0.326116 0.358301 0.322894
v 0.335952 0.380614 0.300856
v 0.359917 0.422873 0.225472
v 0.412938 0.093019 0.098430
v 0.386614 0.090354 0.071617
v 0.152980 -0.234065 0.173388
v -0.265071 0.473036 -0.067942
v -0.313890 0.451030 -0.061651
v -0.247041 0.472003 -0.046683
v -0.333943 0.435235 -0.088111
v -0.311875 0.494505 -0.099087
v -0.309671 0.469058 -0.063961
v -0.342742 0.465127 -0.098400
v -0.420662 -0.201049 0.289563
v -0.430644 -0.212836 0.255528
v -0.391489 -0.212536 0.343322
v -0.406046 -0.176820 0.321412
v -0.417334 -0.198363 0.310536
v -0.380129 -0.222398 0.374869
v -0.390438 -0.200774 0.349941
v -0.245638 -0.226370 0.467409
v 0.417626 0.357340 0.046850
v 0.395685 0.354353 0.078611
v 0.420941 0.353937 0.099467
v 0.400443 0.316601 0.100567
v 0.185211 0.495415 0.038048
v 0.205930 0.499633 0.071264
v 0.251998 0.505861 0.095222
v -0.019335 -0.144112 0.451548
v 0.122416 0.466792 0.008128
v -0.157385 -0.079824 0.534914
v -0.204548 -0.165618 0.515476
v -0.170426 -0.142934 0.507901
v 0.168304 0.507750 -0.075973
v 0.164056 0.492558 -0.048522
v -0.214767 -0.205391 0.491041
v -0.219701 -0.260833 0.490914
v -0.043275 0.360597 0.191997
v 0.161334 0.532073 -0.114599
v -0.230098 -0.293693 0.481176
v 0.150846 0.493999 -0.055987
v 0.139988 0.479813 -0.038220
v -0.208646 0.060236 0.372018
v -0.231055 0.051317 0.336597
v -0.054522 0.046606 0.510539
v -0.100092 0.027225 0.503099
v -0.086484 0.013379 0.524305
v -0.470662 0.043222 -0.047434
v -0.508443 0.044475 -0.059362
v -0.525270 -0.002100 -0.051463
v -0.512245 -0.146102 0.076450
v -0.494997 -0.152265 0.116520
v 0.389202 0.417803 -0.105877
v 0.432143 0.442098 -0.157319
v 0.406504 0.465090 -0.154693
v -0.047385 -0.349882 0.175791
v -0.039477 -0.319576 0.088239
v -0.073359 -0.356694 0.206283
v -0.085416 -0.358315 0.176215
v 0.236302 -0.143653 0.024227
v 0.224715 -0.150879 0.001176
v 0.229253 -0.209639 -0.048001
v 0.261999 -0.121441 0.070234
v 0.295809 -0.084759 0.096805
v 0.238642 -0.154905 0.050593
v -0.002422 0.445647 0.201659
v -0.220366 0.476059 -0.070931
v -0.222097 0.471107 -0.038793
v -0.246270 0.118382 0.241612
v -0.191854 0.121422 0.289782
v -0.455477 0.076653 -0.037092
v -0.442535 0.057047 -0.025271
v -0.430655 0.069255 -0.002312
v 0.400610 0.371125 0.083881
v 0.434901 0.360433 0.118180
v 0.259386 0.461436 -0.014764
v -0.106773 0.523882 -0.096226
v -0.488694 -0.074955 0.034351
v -0.508289 -0.095085 0.048519
v 0.295988 0.461007 -0.055898
v 0.297427 -0.125052 0.279813
v 0.310100 -0.185644 0.264446
v 0.142056 0.477575 0.122692
v 0.124679 0.408226 0.193942
v 0.109319 0.437347 0.161109
v -0.249421 -0.349866 0.310692
v -0.169424 -0.348714 0.318894
v -0.125775 -0.354766 0.344620
v -0.562347 -0.159676 -0.005401
v -0.535085 -0.169863 0.003819
v -0.443909 -0.239569 0.159600
v -0.363168 -0.182213 0.397803
v -0.358265 -0.208356 0.415243
v 0.574845 0.205610 -0.144578
v 0.591610 0.251914 -0.121841
v 0.577094 0.255525 -0.117972
v 0.368109 0.448048 0.122592
v 0.195117 -0.186742 0.026105
v 0.199493 -0.189122 0.066144
v 0.174000 -0.191238 0.046826
v 0.162429 -0.189875 0.082195
v 0.039661 0.239833 0.339798
v 0.005975 0.267673 0.283654
v -0.040307 -0.187650 0.441715
v -0.295329 -0.351152 0.329541
v 0.034216 -0.248540 0.420422
v 0.350691 -0.128413 0.217362
v 0.347096 -0.136787 0.247716
v 0.330543 -0.168567 0.254308
v 0.368038 -0.093028 0.216758
v 0.356148 -0.097819 0.202921
v -0.341891 -0.336095 0.287647
v -0.336684 -0.292633 0.361582
v -0.324860 -0.336696 0.333393
v -0.320556 -0.335272 0.371009
v -0.105339 0.168803 0.300407
v -0.055461 0.182047 0.321072
v -0.084181 0.186687 0.289125
v -0.050922 0.203133 0.303860
v -0.231169 -0.353871 0.004893
v -0.213346 -0.356243 0.042482
v -0.162038 -0.347078 0.023347
v -0.153918 -0.346423 0.100592
v -0.075152 -0.030506 0.525978
v -0.013120 0.009718 0.521926
v -0.410929 -0.419568 -0.006646
v -0.193638 0.524690 -0.078238
v -0.195516 0.498181 -0.077060
v 0.480381 0.262020 0.221534
v 0.456889 0.323494 0.200820
v -0.464023 0.031644 0.093168
v -0.443203 0.081203 0.059701
v 0.348369 -0.078359 0.236776
v 0.231047 -0.093661 0.331677
v 0.212530 -0.110322 0.334967
v 0.195659 -0.141586 0.327614
v 0.101034 -0.254971 0.148532
v 0.462510 0.103239 0.143823
v -0.151942 -0.054986 0.529178
v 0.424525 0.054561 0.178043
v 0.405577 0.017581 0.185777
v -0.268283 0.121919 0.221997
v -0.003516 0.480482 -0.054722
v 0.287927 0.433863 -0.023588
v 0.279323 0.472653 -0.065898
v 0.214974 0.487811 -0.078341
v 0.228227 0.469227 -0.042006
v 0.257243 0.472364 -0.050211
v 0.014671 -0.271351 0.018048
v -0.022488 -0.275042 0.002743
v 0.011768 -0.296343 -0.005466
v -0.342548 -0.362055 0.005925
v -0.375159 -0.351682 0.009679
v 0.350523 0.450787 0.164679
v 0.373257 0.441833 0.145724
v -0.433252 -0.341532 0.054869
v -0.414320 -0.350514 0.041929
v -0.414968 -0.347977 0.095521
v 0.093352 -0.240844 0.126432
v 0.086466 -0.203703 0.091458
v -0.496175 -0.338752 -0.015368
v -0.263545 0.199277 0.123075
v -0.370439 0.230662 0.000356
v -0.284520 0.133877 0.184670
v -0.285565 0.155739 0.158349
v -0.116546 0.486932 -0.064152
v 0.246648 -0.158570 0.065401
v -0.094873 0.519221 -0.093095
v -0.378247 -0.344778 0.167821
v -0.396333 -0.350811 0.136377
v 0.127695 0.494009 -0.067921
v -0.576985 -0.322502 -0.036120
v -0.544587 -0.326350 -0.027710
v -0.568901 -0.347754 -0.019863
v -0.505463 -0.412967 -0.017863
v -0.565250 -0.351353 -0.014146
v -0.542344 -0.366943 -0.020961
v -0.570903 -0.373557 -0.030917
v -0.587106 -0.348996 -0.035164
v -0.528087 -0.403661 -0.030876
v -0.551544 -0.396638 -0.034517
v 0.139731 0.333757 0.265793
v 0.121409 0.364093 0.243804
v 0.147630 0.388348 0.198263
v 0.121031 0.378904 0.215692
v 0.149637 0.355130 0.247031
v -0.083255 -0.316670 0.009815
v -0.117299 -0.328479 -0.017097
v -0.114467 -0.341798 -0.039820
v 0.369939 -0.121467 -0.104610
v 0.385926 -0.085246 -0.125167
v 0.358694 -0.072826 -0.096100
v 0.348338 -0.045810 -0.028744
v 0.393157 0.300268 0.073492
v 0.394720 0.322175 0.077917
v -0.213779 0.437265 0.025740
v -0.211039 0.469055 0.004732
v -0.196129 0.482850 0.008390
v 0.316608 0.038782 0.026436
v 0.339690 0.010059 -0.007900
v 0.318691 0.020395 0.048306
v 0.367619 0.036921 0.003071
v 0.358900 0.021522 -0.012440
v 0.359326 0.077077 0.047848
v 0.366886 0.057207 0.019935
v 0.381199 0.078391 0.026142
v 0.356950 0.042927 0.072593
v 0.348402 0.059822 0.048996
v 0.462750 0.399188 0.012693
v 0.444166 0.368653 -0.005658
v 0.457151 0.351206 0.010115
v 0.018368 0.470483 -0.010868
v -0.006934 0.439682 -0.002704
v 0.044354 -0.193394 0.044776
v 0.078116 -0.188040 0.042355
v 0.070603 -0.191328 0.065645
v 0.475600 0.142356 0.194895
v -0.401413 -0.137099 0.216002
v -0.391883 -0.117983 0.248220
v -0.402385 -0.097370 0.233667
v -0.382128 -0.078833 0.251505
v -0.195516 -0.099414 0.532935
v -0.081043 -0.361925 -0.045190
v 0.490315 0.147956 0.181616
v 0.493628 0.182042 0.205257
v 0.506683 0.183369 0.189525
v 0.553435 0.152884 -0.137915
v -0.555316 -0.121593 -0.012633
v -0.298480 0.255120 0.053338
v -0.327234 -0.353181 0.288060
v -0.306151 -0.346993 0.384831
v -0.308936 -0.348558 0.329909
v -0.318565 -0.324141 0.391758
v -0.289249 -0.353308 0.399172
v -0.240456 -0.323310 0.459691
v -0.292459 -0.343219 0.433639
v -0.264868 -0.356350 0.438856
v -0.296425 -0.352262 0.416162
v 0.473847 0.414294 -0.012060
v 0.491335 0.418231 -0.024856
v -0.077220 0.375784 0.163923
v -0.153775 0.150413 0.299735
v -0.158039 0.129874 0.323670
v 0.032383 -0.352180 0.356282
v 0.374480 -0.052368 0.207561
v 0.432398 0.289544 0.284047
v 0.312432 -0.077718 0.254186
v -0.235512 0.477461 -0.083672
v -0.219204 0.497043 -0.088718
v -0.228921 0.502917 -0.103682
v -0.464612 -0.049214 -0.003992
v 0.212494 0.249237 0.381617
v 0.188389 0.280379 0.360320
v 0.190514 0.266791 0.395407
v 0.253329 0.136862 0.323941
v 0.195406 0.150613 0.401089
v 0.219343 0.139413 0.364204
v 0.305227 -0.039978 0.055036
v 0.298860 -0.065753 0.043187
v 0.319018 -0.008875 0.066416
v 0.302607 0.483014 0.097369
v 0.378136 0.392668 -0.052725
v 0.391173 0.356251 -0.021168
v 0.402745 0.387711 -0.071644
v 0.405694 0.410003 -0.117452
v -0.005897 0.027860 0.520538
v 0.043030 0.062679 0.475343
v -0.031598 0.172898 0.352695
v -0.059954 0.492170 0.075753
v 0.361067 0.429603 -0.073818
v 0.121596 0.476917 0.128696
v 0.132082 0.450161 0.141836
v 0.450265 0.093669 0.127656
v 0.212666 -0.193273 -0.027123
v 0.238251 -0.177968 -0.029236
v 0.205301 -0.183383 0.001052
v -0.152990 0.428279 0.090969
v -0.113430 -0.362236 0.435517
v -0.184925 -0.357703 0.447355
v -0.192847 -0.194744 0.496828
v 0.444914 0.434955 -0.147110
v 0.336356 -0.096627 0.027940
v -0.355659 0.333365 -0.093738
v -0.269529 0.401946 -0.017484
v -0.507681 0.083294 -0.056145
v -0.315296 -0.075166 0.387376
v -0.321944 -0.041348 0.334995
v -0.335352 -0.043865 0.309048
v 0.420362 0.149892 0.058376
v 0.107953 0.203476 0.418633
v 0.349139 0.461438 0.142871
v 0.459746 0.008798 -0.144611
v 0.137728 -0.191036 0.066544
v 0.108715 -0.189428 0.063392
v -0.410411 0.177614 -0.027027
v 0.200156 -0.198640 0.159194
v 0.192746 -0.211643 0.185172
v 0.353841 0.130337 0.252701
v 0.226262 -0.232707 -0.063721
v 0.205198 -0.224506 -0.046662
v 0.367456 -0.030343 0.216918
v 0.391577 -0.011606 0.199592
v 0.109382 -0.336137 0.291870
v 0.242716 0.424920 0.214485
v 0.236720 0.384201 0.251995
v 0.268343 0.394816 0.259997
v 0.159001 -0.286681 0.296825
v 0.128837 -0.311018 0.290907
v 0.000792 -0.328004 0.143691
v 0.007964 -0.336656 0.176910
v -0.443449 0.049301 0.015547
v -0.438923 0.087346 0.021331
v -0.438595 0.041681 -0.010219
v -0.463672 0.051057 0.062467
v 0.100475 -0.228355 0.366105
v -0.105639 0.328163 0.168653
v 0.263333 -0.185933 0.180700
v 0.261282 -0.175682 0.124787
v 0.178961 0.231175 0.404660
v 0.110681 -0.028861 0.445655
v 0.137424 -0.032390 0.425407
v -0.503972 -0.091180 -0.007745
v -0.474531 -0.065744 0.015762
v -0.072778 0.491107 0.035319
v -0.234210 -0.355953 0.431547
v -0.453929 -0.034924 0.145778
v 0.055082 -0.211296 0.069234
v 0.444735 0.295832 -0.011369
v -0.304729 0.093440 0.223522
v 0.046993 -0.267809 0.124550
v 0.198725 -0.227488 0.211803
v 0.039490 0.145486 0.431750
v -0.428230 -0.163793 0.188846
v 0.296978 0.147470 0.282624
v 0.321132 0.090743 0.265197
v -0.317010 -0.177614 0.445104
v 0.429178 0.277124 0.141343
v 0.474064 0.260352 0.150453
v 0.403790 0.219858 0.104905
v -0.462961 -0.306339 0.033249
v -0.422989 -0.214389 0.222231
v -0.433040 -0.239636 0.192360
v 0.008571 0.166290 0.378143
v -0.424775 -0.233340 0.242715
v 0.235610 0.019234 0.320799
v 0.136791 -0.189742 0.006151
v 0.124266 -0.186915 0.038452
v -0.401666 0.118677 -0.053885
v -0.436244 0.130797 -0.071381
v 0.243973 -0.162562 -0.025290
v 0.050231 0.387714 0.195458
v 0.009788 0.415379 0.213518
v 0.015261 0.381896 0.210617
v 0.028962 0.408229 0.202441
v -0.053391 -0.283215 0.017622
v -0.450753 0.038227 -0.035846
v -0.180749 0.484053 -0.060031
v 0.429677 0.324274 0.108274
v 0.144565 -0.278321 -0.059096
v -0.313947 -0.329495 0.409277
v -0.168891 0.022733 0.433215
v -0.057730 0.105530 0.441981
v 0.493576 0.241841 0.162611
v 0.342088 -0.156831 -0.062504
v 0.352839 -0.170696 -0.081113
v 0.327129 -0.190463 -0.085088
v -0.524975 -0.106727 -0.016357
v -0.521999 -0.081939 -0.018932
v -0.549831 -0.091634 -0.008290
v 0.034717 -0.226023 0.060944
v -0.147248 0.255531 0.182541
v -0.215655 -0.291249 0.484025
v -0.326215 -0.354483 0.014300
v -0.531044 -0.189806 0.030191
v -0.527672 -0.193047 0.044844
v 0.103684 0.190087 0.441319
v 0.067465 0.228050 0.372118
v 0.462877 0.160345 0.131823
v 0.286924 0.265434 0.344742
v 0.243761 0.310118 0.333162
v 0.217568 0.280485 0.373693
v 0.408422 0.369008 0.029955
v 0.405564 0.372412 0.054389
v 0.408461 0.034411 -0.059179
v 0.454195 0.200575 0.236099
v 0.464920 0.161865 0.213186
v -0.446121 0.068828 0.037453
v 0.111922 -0.196266 0.093730
v 0.116145 -0.204967 0.117306
v 0.417865 0.166787 0.057684
v 0.429504 0.167712 0.032249
v -0.334837 0.487675 -0.095590
v -0.507892 -0.227289 0.022522
v -0.480952 -0.273963 0.033171
v -0.511912 -0.245280 0.010271
v -0.176818 0.511398 -0.084862
v 0.538136 0.231006 -0.067620
v 0.260942 0.169534 0.337817
v -0.231540 -0.358545 0.097846
v -0.152983 -0.351546 0.126571
v 0.420509 0.044282 0.158387
v 0.372069 0.026574 -0.037510
v 0.171561 -0.237637 0.189127
v -0.038768 0.450324 -0.017281
v 0.274337 -0.211958 0.295616
v -0.202344 0.131452 0.264646
v 0.378455 -0.053899 0.194001
v 0.394085 -0.017125 0.189029
v -0.098120 -0.355157 -0.043082
v 0.176603 0.036848 0.378036
v 0.366260 -0.010552 -0.052069
v 0.344008 0.400618 -0.023247
v -0.115514 -0.057827 0.529057
v -0.121166 -0.037892 0.534824
v 0.107054 -0.287917 -0.038294
v 0.207247 0.035377 0.353966
v -0.067000 0.447603 0.164714
v -0.060948 0.459210 0.157093
v -0.230569 0.305273 0.086064
v 0.184803 -0.256263 0.283475
v 0.277380 -0.250125 -0.074713
v -0.372699 -0.348452 0.027961
v 0.143124 -0.299403 -0.075709
v 0.109374 -0.331795 -0.047195
v 0.301444 -0.217211 -0.084772
v 0.026488 -0.326445 0.174888
v 0.055114 -0.351413 0.236375
v 0.056360 -0.356414 0.252854
v -0.268562 -0.124821 0.478021
v -0.451379 -0.000737 0.133519
v 0.170096 -0.227999 0.319864
v 0.185763 -0.254990 0.300216
v 0.305217 -0.097222 0.267805
v 0.322853 0.158541 0.278792
v 0.392790 0.224966 0.083469
v -0.003388 0.542379 -0.125496
v -0.416460 -0.221303 0.276149
v 0.266863 0.304999 0.357235
v 0.505907 0.132415 -0.120675
v -0.301109 -0.357488 0.095357
v -0.428154 -0.263060 0.187483
v -0.021966 0.490006 0.096726
v 0.122562 0.296594 0.337619
v -0.102448 0.502098 0.022496
v -0.173672 0.455542 0.064576
v 0.395985 0.495026 -0.159514
v -0.309152 0.109325 0.195176
v -0.412376 -0.211759 0.301975
v -0.026271 0.479559 -0.064323
v -0.165174 0.471183 0.075415
v -0.403834 0.118389 -0.021121
v 0.294533 0.451052 0.190311
v 0.506456 0.319458 -0.063966
v 0.515575 0.295602 -0.097195
v -0.038877 0.220245 0.305826
v -0.067860 0.402221 0.161994
v -0.078592 0.531423 -0.110126
v -0.189252 0.030492 0.448365
v -0.102287 -0.027278 0.534552
v -0.173397 0.527592 -0.091752
vn -0.7371 -0.0562 0.6734
vn -0.7728 -0.0326 0.6338
vn -0.7298 -0.0599 0.6811
vn 0.0515 0.9633 -0.2635
vn 0.0738 0.9963 -0.0444
vn 0.2236 0.9699 0.0966
vn 0.0017 0.8701 0.4930
vn -0.1507 0.7827 0.6039
vn 0.0417 0.8250 0.5636
vn -0.0038 -0.9964 0.0853
vn -0.0521 -0.9977 0.0438
vn -0.0096 -0.9998 0.0199
vn 0.5332 -0.1022 0.8398
vn 0.5478 -0.2190 0.8074
vn 0.6601 -0.1753 0.7304
vn 0.7991 -0.3727 -0.4717
vn 0.7498 -0.4571 -0.4784
vn 0.8125 -0.3467 -0.4687
vn 0.1851 -0.8993 -0.3962
vn 0.2102 -0.9429 -0.2585
vn 0.2273 -0.9224 -0.3122
vn -0.5218 0.6210 0.5849
vn -0.5690 0.6429 0.5127
vn -0.6692 0.6599 0.3416
vn 0.5087 -0.2796 0.8143
vn 0.6757 -0.3467 0.6506
vn 0.6723 -0.3232 0.6660
vn 0.8215 -0.3228 0.4700
vn 0.7942 -0.1572 0.5870
vn 0.6319 -0.1691 0.7563
vn 0.2556 -0.0497 0.9655
vn 0.3699 -0.1963 0.9081
vn 0.1760 -0.1430 0.9740
vn 0.2416 0.8576 -0.4541
vn -0.4052 0.4683 -0.7852
vn 0.2387 0.8785 -0.4137
vn 0.8792 -0.4668 -0.0957
vn 0.7018 -0.5017 -0.5057
vn 0.5971 -0.5741 -0.5603
vn 0.7385 0.6195 -0.2660
vn 0.7706 0.4199 -0.4795
vn 0.7416 0.4754 -0.4733
vn 0.3190 -0.0402 0.9469
vn 0.3138 -0.0082 0.9495
vn 0.3830 -0.2206 0.8970
vn -0.5333 0.4351 0.7255
vn -0.5898 0.3732 0.7161
vn -0.5806 0.4258 0.6940
vn -0.2068 0.2551 0.9445
vn -0.2604 0.1733 0.9498
vn -0.4664 0.2989 0.8325
vn -0.6057 0.2889 0.7414
vn -0.4625 -0.0530 0.8850
vn -0.7213 0.1125 0.6835
vn -0.7706 -0.5531 0.3165
vn -0.8269 -0.4547 0.3309
vn -0.7519 -0.5642 0.3411
vn 0.2508 -0.2423 0.9372
vn 0.1602 -0.2696 0.9496
vn 0.1389 -0.2140 0.9669
vn -0.6624 -0.7077 0.2456
vn -0.8213 -0.4636 0.3324
vn -0.0188 -0.8953 0.4450
vn 0.0375 -0.9987 -0.0354
vn -0.0453 -0.9966 0.0682
vn -0.0623 -0.0971 0.9933
vn 0.1793 -0.0737 0.9810
vn 0.0043 -0.0614 0.9981
vn -0.6349 -0.2109 0.7432
vn -0.4961 -0.4357 0.7510
vn -0.5282 -0.3428 0.7768
vn -0.1735 -0.6999 0.6928
vn -0.1252 -0.7750 0.6194
vn -0.0833 -0.6294 0.7726
vn 0.4299 -0.8516 -0.2999
vn 0.3872 -0.8982 -0.2080
vn 0.5689 -0.7990 -0.1947
vn 0.5916 -0.6668 -0.4532
vn 0.6325 -0.6733 -0.3829
vn 0.5966 -0.7515 -0.2817
vn 0.6397 -0.2878 0.7127
vn 0.5748 -0.4006 0.7136
vn 0.5572 -0.3430 0.7563
vn 0.6631 -0.1172 0.7393
vn 0.6901 -0.1925 0.6976
vn -0.4256 0.6480 0.6317
vn -0.4386 0.6776 0.5903
vn -0.3566 0.6499 0.6712
vn 0.8675 -0.2113 0.4503
vn 0.6769 -0.3615 0.6412
vn 0.8556 -0.2023 0.4765
vn 0.3695 0.7176 0.5903
vn 0.2954 0.7476 0.5949
vn 0.4656 0.6396 0.6117
vn -0.8215 0.5029 0.2688
vn -0.7909 0.4707 0.3911
vn -0.5502 0.8236 0.1379
vn -0.1995 -0.1157 0.9730
vn -0.5653 0.0552 0.8230
vn -0.2630 -0.2152 0.9405
vn 0.0830 0.3691 0.9257
vn -0.3244 0.3068 0.8948
vn -0.1185 0.3755 0.9192
vn 0.7226 -0.0613 0.6886
vn 0.3893 0.5243 0.7573
vn 0.6278 -0.1619 0.7614
vn 0.9553 -0.0310 -0.2941
vn 0.5552 -0.6069 -0.5687
vn 0.7323 -0.1420 -0.6660
vn 0.0571 -0.5411 0.8390
vn -0.1102 -0.4571 0.8826
vn -0.0887 -0.7975 0.5967
vn -0.0603 -0.9974 -0.0395
vn 0.0167 -0.9982 0.0570
vn -0.0196 -0.9973 -0.0714
vn -0.5665 0.5825 0.5829
vn -0.5315 0.6215 0.5756
vn -0.5540 0.6026 0.5744
vn -0.5140 0.6275 0.5849
vn -0.3214 0.6798 0.6592
vn -0.5814 0.4893 0.6500
vn -0.4991 -0.1539 0.8528
vn -0.5484 -0.1574 0.8213
vn -0.4621 -0.1492 0.8742
vn -0.5874 0.5347 0.6075
vn -0.5323 0.6260 0.5699
vn 0.4822 -0.4038 0.7774
vn 0.5907 -0.4036 0.6987
vn 0.5612 -0.4629 0.6861
vn 0.8608 -0.4899 0.1381
vn 0.8364 -0.3315 -0.4365
vn 0.8285 -0.5501 0.1045
vn -0.0406 0.7316 0.6805
vn 0.0165 0.6631 0.7483
vn 0.0219 0.5208 0.8534
vn -0.0614 0.8149 0.5764
vn 0.0374 0.7530 0.6569
vn -0.0808 0.7481 0.6586
vn -0.6383 0.5268 0.5613
vn -0.5435 0.6336 0.5507
vn -0.6527 0.4810 0.5853
vn -0.9644 0.2537 -0.0744
vn -0.9107 0.2447 -0.3327
vn -0.9201 0.2431 -0.3071
vn -0.4377 0.7116 0.5496
vn -0.4542 0.6306 0.6293
vn -0.5004 0.6614 0.5587
vn -0.2540 0.8377 0.4836
vn -0.1862 0.8278 0.5292
vn -0.2430 0.8084 0.5361
vn 0.0659 -0.3821 0.9218
vn -0.0821 -0.2200 0.9720
vn 0.0070 -0.1623 0.9867
vn 0.5750 -0.6759 -0.4609
vn 0.4643 -0.7573 -0.4593
vn 0.5952 -0.6842 -0.4216
vn 0.6220 -0.7615 0.1825
vn 0.7112 -0.6972 0.0901
vn 0.5948 0.0933 0.7984
vn 0.4628 0.0405 0.8855
vn 0.5668 -0.1267 0.8140
vn -0.8180 -0.4609 0.3441
vn -0.7825 -0.5219 0.3396
vn -0.7917 -0.4992 0.3522
vn -0.7875 0.4022 0.4670
vn -0.7211 0.4423 0.5333
vn -0.8223 0.3501 0.4487
vn 0.5081 -0.0372 0.8605
vn 0.3060 0.0260 0.9517
vn 0.3638 -0.0262 0.9311
vn 0.3269 -0.3654 0.8715
vn 0.3583 -0.4138 0.8369
vn 0.4861 -0.2752 0.8295
vn -0.9370 0.3403 -0.0795
vn -0.9441 0.3272 0.0405
vn -0.9452 0.3259 0.0182
vn -0.7716 -0.1043 0.6275
vn -0.6812 0.4315 0.5914
vn -0.6481 0.5033 0.5716
vn -0.9346 0.3459 0.0828
vn -0.6166 0.4489 0.6468
vn -0.5875 0.4855 0.6474
vn -0.7491 0.3029 0.5892
vn 0.5985 0.5247 0.6054
vn 0.5176 0.6503 0.5560
vn 0.6026 0.6392 0.4778
vn 0.5600 0.7962 -0.2290
vn 0.5182 0.7602 -0.3920
vn 0.2464 0.7894 -0.5622
vn 0.3000 -0.1829 0.9362
vn 0.4007 -0.2027 0.8935
vn 0.1999 -0.1480 0.9686
vn 0.4828 -0.1684 0.8594
vn 0.6358 0.0638 0.7692
vn 0.4829 -0.0711 0.8728
vn -0.2279 0.7637 0.6040
vn -0.1651 0.8166 0.5531
vn -0.3698 0.6689 0.6448
vn 0.6484 0.5695 0.5052
vn 0.6883 0.5883 0.4244
vn 0.6593 0.5808 0.4774
vn -0.0122 0.9855 -0.1692
vn -0.1048 0.9877 -0.1161
vn 0.1743 0.7262 0.6651
vn -0.1067 0.8260 0.5535
vn -0.1521 0.7136 0.6838
vn 0.3001 0.1960 0.9336
vn 0.3653 -0.0706 0.9282
vn 0.4461 -0.3078 0.8404
vn 0.6878 -0.1513 0.7099
vn 0.7138 -0.1280 0.6886
vn 0.6788 -0.1436 0.7202
vn 0.2090 -0.8660 0.4543
vn 0.2124 -0.8515 0.4794
vn 0.3116 -0.6658 0.6779
vn 0.7403 -0.4934 -0.4566
vn 0.3644 -0.2753 0.8896
vn 0.2701 -0.7685 0.5800
vn 0.3867 -0.2155 0.8967
vn 0.9891 0.0385 -0.1422
vn 0.8991 0.2850 0.3324
vn 0.9114 -0.2389 0.3350
vn 0.8062 -0.4094 -0.4271
vn 0.7247 -0.4899 -0.4845
vn -0.2064 0.7158 0.6671
vn -0.2743 0.8044 0.5269
vn 0.4963 -0.0784 0.8646
vn 0.4936 0.0427 0.8686
vn 0.5392 0.0193 0.8420
vn -0.6786 0.3401 0.6510
vn -0.6337 0.4451 0.6327
vn -0.7001 0.4053 0.5879
vn -0.8917 0.1176 0.4370
vn -0.9034 0.3081 0.2982
vn -0.8613 0.3966 0.3175
vn 0.0023 -0.3367 0.9416
vn 0.1431 -0.3757 0.9156
vn 0.2210 -0.2002 0.9545
vn -0.3818 0.3332 0.8621
vn -0.7726 0.3641 0.5201
vn -0.6237 0.3893 0.6778
vn -0.6608 0.4325 0.6134
vn 0.7307 0.0257 0.6822
vn 0.6680 -0.0572 0.7420
vn 0.6879 0.0101 0.7258
vn 0.6761 0.1048 0.7293
vn 0.7110 0.1568 0.6855
vn 0.7046 -0.0300 0.7090
vn 0.2978 -0.3703 0.8799
vn 0.3063 -0.3625 0.8802
vn 0.3122 -0.4073 0.8583
vn -0.5812 -0.1462 0.8005
vn -0.4597 -0.2712 0.8456
vn -0.5767 -0.3900 0.7179
vn -0.6855 0.0857 0.7231
vn -0.5752 0.0884 0.8132
vn -0.5759 0.4392 0.6896
vn 0.2085 0.3506 0.9130
vn 0.2938 0.4529 0.8418
vn 0.5158 0.3025 0.8015
vn 0.5666 0.5054 0.6507
vn 0.7037 0.4659 0.5364
vn 0.4751 -0.3914 0.7881
vn 0.5036 -0.4300 0.7493
vn 0.7201 0.0817 -0.6891
vn 0.9800 0.0599 -0.1900
vn 0.8191 -0.1453 -0.5550
vn 0.9177 0.1379 0.3727
vn 0.8086 0.3449 0.4767
vn 0.7824 0.4833 0.3928
vn 0.7367 0.5850 -0.3393
vn 0.2155 0.6471 -0.7314
vn 0.5377 0.7929 -0.2868
vn -0.2843 0.7913 0.5412
vn -0.3747 0.8544 0.3599
vn 0.0272 0.6624 0.7486
vn -0.1929 0.7313 0.6542
vn 0.0263 0.5027 0.8640
vn -0.3495 0.6528 0.6721
vn -0.3022 0.6543 0.6932
vn -0.3751 0.6143 0.6942
vn 0.4010 0.2604 -0.8783
vn 0.5882 0.0965 -0.8030
vn 0.7522 0.0819 0.6538
vn 0.7276 -0.1079 0.6774
vn 0.7021 0.2348 0.6723
vn 0.6491 -0.5785 -0.4939
vn 0.8057 -0.3211 -0.4977
vn 0.7469 -0.2227 -0.6265
vn 0.8849 0.1890 -0.4257
vn 0.8982 0.1547 0.4114
vn 0.9111 0.3931 -0.1238
vn 0.7111 -0.2870 0.6418
vn 0.8081 -0.1308 0.5744
vn 0.8210 -0.3689 0.4357
vn 0.8536 -0.0554 0.5180
vn 0.8248 0.1786 0.5365
vn 0.8472 0.2651 0.4605
vn 0.5615 -0.3207 0.7628
vn 0.6099 -0.4732 0.6357
vn 0.4467 -0.4264 0.7865
vn -0.9468 0.3214 -0.0146
vn -0.8063 -0.3392 0.4845
vn -0.8420 -0.3488 0.4115
vn -0.7896 -0.4230 0.4444
vn -0.1007 -0.9949 -0.0037
vn -0.0499 -0.9985 -0.0218
vn 0.0305 -0.9985 -0.0459
vn 0.0147 -0.9995 0.0295
vn 0.2037 -0.9709 -0.1262
vn 0.2428 -0.9698 -0.0214
vn 0.5171 -0.7584 -0.3968
vn 0.6362 -0.7411 -0.2144
vn 0.6903 -0.5248 -0.4981
vn 0.3964 0.0983 0.9128
vn 0.3037 -0.3626 0.8811
vn 0.3283 -0.1859 0.9261
vn 0.3237 -0.2473 0.9133
vn 0.2589 -0.2720 0.9268
vn 0.8856 -0.1971 0.4206
vn 0.6432 0.5329 0.5498
vn 0.8425 -0.0715 0.5340
vn -0.4505 0.8751 0.1769
vn -0.3236 0.8911 0.3183
vn 0.0084 0.9474 0.3200
vn -0.8177 -0.5182 0.2508
vn -0.8098 -0.5139 0.2832
vn -0.7744 0.4340 0.4604
vn -0.8012 0.4459 0.3991
vn 0.6837 -0.4386 0.5832
vn 0.5978 -0.3554 0.7185
vn 0.7160 -0.3845 0.5826
vn 0.7423 -0.3904 -0.5445
vn 0.3848 -0.6589 0.6464
vn 0.3759 -0.8711 0.3161
vn 0.5961 -0.6912 0.4084
vn -0.1303 -0.9915 -0.0007
vn -0.0325 -0.9994 -0.0140
vn -0.1554 -0.9860 0.0601
vn -0.0842 -0.4639 0.8819
vn -0.0144 -0.1495 0.9887
vn -0.2527 0.0329 0.9670
vn -0.2259 0.8536 -0.4694
vn -0.0487 0.9240 -0.3793
vn -0.0429 0.9553 -0.2925
vn -0.2402 0.9615 0.1332
vn -0.3025 0.8006 0.5172
vn -0.0984 0.9702 0.2214
vn 0.0367 0.9963 0.0777
vn -0.2553 0.9664 -0.0309
vn 0.1444 0.9593 -0.2428
vn 0.1795 0.7681 0.6146
vn -0.0400 0.7139 0.6991
vn 0.0433 0.4193 0.9068
vn 0.4695 -0.7921 -0.3900
vn 0.4721 -0.8415 -0.2627
vn -0.0295 -0.9953 -0.0924
vn -0.7622 -0.3553 0.5411
vn -0.7879 -0.3167 0.5281
vn 0.5908 -0.5402 0.5993
vn 0.8449 -0.4253 0.3244
vn 0.9601 -0.0925 0.2638
vn 0.6844 -0.1245 0.7184
vn 0.8687 0.4720 0.1506
vn 0.7670 0.6408 -0.0309
vn 0.6830 0.6897 0.2405
vn 0.2421 0.9075 0.3433
vn 0.3442 0.7568 0.5557
vn -0.4928 0.6560 0.5717
vn -0.6650 0.6062 0.4363
vn -0.9772 0.1963 0.0814
vn -0.9446 0.3255 -0.0426
vn -0.7294 0.3523 0.5865
vn -0.7184 0.4630 0.5192
vn -0.6616 0.4465 0.6024
vn 0.5451 0.7242 -0.4225
vn 0.3535 0.8080 -0.4714
vn 0.3548 0.9328 -0.0632
vn 0.6216 0.7685 0.1518
vn -0.5801 0.1949 0.7909
vn 0.3829 0.4495 0.8070
vn 0.4129 0.3351 0.8469
vn -0.2707 0.5943 0.7573
vn -0.4600 0.5014 0.7327
vn -0.4294 0.5166 0.7407
vn -0.2976 0.3128 0.9020
vn -0.5178 0.0744 0.8522
vn -0.3428 0.2651 0.9012
vn 0.5379 -0.1966 0.8198
vn 0.6378 -0.1090 0.7625
vn 0.6026 -0.1798 0.7775
vn -0.5057 0.5968 0.6230
vn -0.4654 0.6059 0.6451
vn -0.5001 0.4963 0.7096
vn -0.5339 0.5146 0.6710
vn 0.1311 0.7256 0.6755
vn -0.0165 0.7098 0.7042
vn -0.0868 0.7754 0.6255
vn -0.0976 0.6827 0.7241
vn 0.0180 0.7917 0.6107
vn -0.2129 0.8155 0.5382
vn 0.4295 0.1670 0.8875
vn 0.4713 0.2958 0.8309
vn 0.3707 0.0854 0.9248
vn 1.0000 0.0049 0.0068
vn 0.6080 0.3375 -0.7186
vn -0.8276 -0.5264 0.1948
vn -0.7134 -0.1422 0.6862
vn -0.8115 -0.2999 0.5015
vn -0.7277 0.0976 0.6789
vn -0.3048 0.8871 0.3465
vn -0.7912 0.4945 -0.3598
vn -0.7551 0.6501 0.0845
vn -0.3016 0.3760 0.8762
vn -0.4853 0.4852 0.7274
vn -0.5532 0.2789 0.7850
vn 0.1695 -0.2842 0.9437
vn -0.4960 -0.0466 0.8671
vn 0.1245 -0.9830 -0.1351
vn 0.2791 -0.9566 -0.0835
vn 0.1886 -0.9700 -0.1532
vn 0.6110 -0.6448 -0.4592
vn 0.6069 -0.6418 -0.4689
vn 0.6512 -0.1575 0.7423
vn 0.1686 0.1845 0.9683
vn -0.2230 -0.0601 0.9730
vn 0.2818 -0.8374 0.4683
vn 0.2279 -0.8988 0.3744
vn 0.6907 -0.5220 0.5004
vn 0.5015 -0.8352 -0.2259
vn -0.5134 -0.5135 0.6875
vn -0.1660 -0.6292 0.7593
vn -0.0379 -0.9738 0.2244
vn -0.4183 -0.8049 0.4209
vn 0.7372 -0.6311 -0.2415
vn 0.5875 -0.5521 -0.5915
vn -0.3023 -0.5040 0.8091
vn -0.1448 -0.4086 0.9012
vn 0.4776 -0.8186 -0.3190
vn 0.6090 -0.5174 -0.6012
vn 0.3277 -0.8832 -0.3356
vn 0.4339 -0.6671 -0.6056
vn 0.4510 -0.8538 -0.2599
vn 0.4034 -0.8679 -0.2898
vn 0.4152 -0.5589 0.7178
vn 0.2408 -0.0772 0.9675
vn -0.0949 0.7621 0.6405
vn 0.1221 0.3128 0.9419
vn 0.1564 0.3872 0.9086
vn -0.2313 0.4226 0.8763
vn 0.3792 -0.5179 0.7668
vn 0.4616 -0.4149 0.7841
vn 0.3557 -0.3087 0.8822
vn 0.3920 -0.5134 0.7634
vn 0.6200 -0.1829 0.7630
vn 0.6818 -0.4395 0.5848
vn 0.4450 -0.4247 0.7884
vn 0.5883 -0.0751 0.8051
vn 0.7663 0.0678 0.6389
vn 0.6534 0.4666 0.5961
vn 0.5258 0.5260 0.6685
vn 0.4584 0.3835 0.8018
vn 0.6084 0.3680 0.7032
vn -0.8354 0.1398 0.5316
vn -0.8503 0.3039 0.4297
vn -0.9350 0.2431 0.2581
vn -0.5141 0.6585 0.5497
vn -0.5104 0.4661 0.7227
vn 0.0865 0.9901 0.1102
vn 0.3343 0.8058 0.4888
vn -0.0927 0.9801 0.1756
vn -0.2002 0.9678 -0.1527
vn -0.0183 0.9971 -0.0739
vn 0.0770 0.9539 0.2899
vn -0.2363 0.8036 0.5463
vn 0.0017 0.8520 0.5235
vn -0.1163 0.9670 0.2269
vn 0.5485 0.7794 -0.3029
vn 0.2480 0.9499 0.1902
vn 0.4679 0.8440 -0.2621
vn -0.1327 0.9698 -0.2048
vn -0.4020 0.8516 -0.3363
vn -0.3175 0.9229 0.2181
vn 0.4803 0.8523 0.2069
vn 0.0010 0.7328 0.6804
vn -0.2255 0.6451 0.7300
vn 0.1387 0.6204 0.7720
vn 0.0289 0.6718 0.7401
vn 0.1953 0.3611 0.9119
vn 0.2880 0.4382 0.8515
vn 0.2178 -0.0873 0.9721
vn -0.1715 0.4156 0.8932
vn -0.0928 0.0727 0.9930
vn -0.0699 0.9962 -0.0513
vn -0.7141 0.5798 0.3922
vn 0.8281 -0.1517 0.5397
vn 0.8552 -0.0654 0.5141
vn -0.1474 0.6490 0.7464
vn -0.2561 0.5663 0.7834
vn 0.0370 0.5794 0.8142
vn -0.2379 0.5753 0.7826
vn 0.1438 0.5107 0.8477
vn 0.6689 0.0214 0.7430
vn 0.7246 -0.1019 0.6815
vn 0.6856 0.0181 0.7277
vn 0.6075 -0.7295 -0.3142
vn 0.6241 -0.7067 -0.3334
vn 0.7337 -0.5942 -0.3295
vn 0.6734 -0.1356 0.7267
vn -0.0358 -0.9987 0.0363
vn 0.0322 -0.9971 0.0690
vn -0.2726 -0.9564 0.1048
vn -0.6668 -0.7114 0.2222
vn -0.4504 -0.8810 0.1449
vn 0.5008 0.8312 0.2413
vn 0.4076 0.9081 0.0961
vn 0.2058 0.6003 -0.7729
vn -0.0490 0.9887 -0.1414
vn 0.0367 -0.4407 0.8969
vn 0.0822 -0.6937 0.7156
vn 0.7694 -0.4921 0.4073
vn 0.5893 -0.5806 0.5618
vn 0.3212 -0.6412 0.6969
vn 0.7581 0.2936 0.5824
vn 0.3632 -0.1194 0.9240
vn 0.8508 -0.1524 0.5030
vn 0.1505 -0.2633 0.9529
vn 0.2166 -0.2135 0.9526
vn 0.2691 -0.2448 0.9315
vn 0.4196 -0.3856 0.8217
vn 0.3326 -0.8442 0.4204
vn 0.5321 -0.1983 0.8232
vn 0.3898 -0.3915 0.8335
vn 0.3880 -0.4006 0.8301
vn 0.4176 -0.4146 0.8086
vn 0.7790 -0.2647 0.5685
vn 0.5924 -0.8047 0.0389
vn 0.5058 -0.4256 0.7504
vn 0.1795 -0.5997 0.7798
vn -0.4571 0.6779 0.5758
vn -0.2355 0.7093 0.6644
vn 0.7258 -0.5351 0.4323
vn -0.0813 -0.3435 0.9356
vn 0.0726 -0.6631 0.7450
vn -0.2009 -0.0313 0.9791
vn 0.5436 -0.3174 0.7770
vn 0.6933 -0.2996 0.6554
vn 0.6851 -0.3788 0.6222
vn 0.4576 -0.4628 0.7592
vn 0.5786 -0.5312 0.6189
vn 0.4889 -0.5016 0.7137
vn -0.8356 -0.2628 0.4825
vn -0.8409 -0.4395 0.3157
vn -0.8485 -0.3917 0.3557
vn -0.9566 0.0411 0.2885
vn -0.8868 0.2175 0.4077
vn -0.8641 0.0163 0.5030
vn -0.2737 0.9500 0.1504
vn -0.5171 0.1498 0.8427
vn -0.7720 0.4303 0.4679
vn -0.6948 0.3791 0.6112
vn -0.4578 0.7669 0.4498
vn -0.4844 0.4705 0.7376
vn 0.5596 -0.2433 0.7923
vn 0.5528 -0.2307 0.8008
vn 0.5268 -0.2816 0.8019
vn 0.6336 -0.2778 0.7221
vn 0.6760 -0.2628 0.6885
vn -0.3330 0.1084 0.9367
vn -0.3182 -0.0880 0.9439
vn -0.1528 0.1140 0.9817
vn 0.8973 0.3783 0.2275
vn 0.9335 0.2582 -0.2488
vn 0.8315 0.5533 0.0490
vn 0.8202 0.5092 0.2606
vn 0.8685 0.2738 -0.4132
vn 0.5462 -0.2213 -0.8079
vn 0.4698 -0.2329 -0.8515
vn 0.2372 -0.5237 -0.8182
vn 0.2091 0.9779 -0.0066
vn -0.2091 0.9453 0.2505
vn -0.1436 0.9336 0.3283
vn -0.2036 0.9106 0.3597
vn -0.6450 0.0583 0.7620
vn -0.7069 0.4019 0.5820
vn -0.8283 0.4511 0.3323
vn -0.6240 0.5989 0.5019
vn -0.6249 0.5107 0.5904
vn 0.6768 0.7118 -0.1878
vn 0.6430 0.7575 -0.1129
vn -0.9611 -0.2719 -0.0494
vn -0.9956 -0.0013 -0.0938
vn -0.7259 0.6875 -0.0204
vn -0.2964 0.2428 0.9237
vn -0.4210 0.3743 0.8262
vn -0.4550 0.1314 0.8807
vn -0.0688 0.8031 0.5919
vn -0.3903 0.7626 0.5158
vn -0.2897 0.5133 0.8078
vn -0.8737 0.2666 -0.4069
vn -0.5880 0.6483 -0.4836
vn -0.7727 0.5041 0.3859
vn -0.0297 0.3813 0.9240
vn 0.8913 0.1095 0.4400
vn 0.9477 0.1232 0.2945
vn 0.7381 -0.6059 0.2968
vn 0.8007 -0.5948 -0.0708
vn 0.0964 -0.8730 0.4781
vn 0.2706 -0.9506 0.1518
vn 0.6512 -0.7358 -0.1856
vn 0.6660 -0.6874 -0.2897
vn -0.9584 0.2318 0.1667
vn -0.9657 0.2473 -0.0785
vn -0.9712 0.2160 -0.1003
vn -0.8588 0.1185 0.4984
vn -0.5549 0.6603 0.5061
vn -0.5490 0.5321 0.6446
vn -0.5643 0.6739 0.4769
vn -0.5951 0.4530 0.6638
vn -0.5969 0.3988 0.6962
vn -0.5976 0.4743 0.6465
vn -0.7696 0.4562 0.4468
vn -0.8283 0.4681 0.3079
vn -0.8173 0.3826 0.4308
vn -0.5801 0.5415 0.6085
vn -0.5808 0.6128 0.5358
vn -0.6327 0.5897 0.5019
vn -0.4473 0.5691 0.6899
vn -0.2596 0.6732 0.6924
vn -0.3802 0.7299 0.5680
vn -0.0442 0.6156 0.7868
vn -0.4941 0.6569 0.5695
vn -0.0971 0.9777 0.1861
vn 0.1189 0.8599 0.4964
vn -0.2349 0.8507 0.4703
vn 0.2292 0.9652 -0.1259
vn 0.2780 0.8478 0.4516
vn 0.2503 0.6724 0.6966
vn 0.2650 0.7192 0.6423
vn 0.0335 0.8317 0.5543
vn -0.5060 0.5138 0.6928
vn -0.4559 0.5720 0.6819
vn -0.4246 0.6016 0.6766
vn -0.5374 0.4975 0.6810
vn -0.5037 0.5555 0.6616
vn -0.5288 0.5664 0.6321
vn 0.5583 0.0161 0.8295
vn 0.3644 -0.2670 0.8921
vn 0.3683 -0.2634 0.8916
vn 0.7236 0.0835 -0.6852
vn 0.9044 -0.1112 -0.4119
vn 0.8818 0.0533 -0.4685
vn 0.8422 -0.5212 -0.1376
vn 0.6893 -0.7243 0.0187
vn 0.8085 -0.4358 0.3954
vn 0.9182 -0.2894 -0.2705
vn 0.6803 -0.5480 0.4866
vn -0.1665 0.3950 0.9035
vn 0.0877 0.7552 0.6496
vn -0.4440 0.5767 0.6858
vn -0.2481 -0.1306 0.9599
vn -0.1941 -0.1029 0.9756
vn -0.3335 -0.0219 0.9425
vn -0.1446 -0.0680 0.9871
vn -0.1895 0.6432 0.7418
vn -0.2034 0.7428 0.6378
vn -0.2786 0.6982 0.6594
vn -0.1396 0.2504 0.9580
vn -0.4229 0.4685 0.7756
vn -0.0815 0.3076 0.9480
vn -0.8462 0.5231 0.1010
vn -0.7081 0.4152 0.5711
vn 0.3130 0.1223 0.9419
vn -0.1228 0.4099 0.9038
vn 0.3816 0.1704 0.9085
vn -0.4532 0.6406 0.6199
vn -0.2201 0.6267 0.7475
vn -0.1878 0.9427 0.2757
vn 0.3489 0.8646 -0.3616
vn 0.4619 0.8073 -0.3673
vn 0.2746 0.8631 -0.4238
vn 0.2958 -0.4799 0.8260
vn 0.3310 -0.7207 0.6091
vn 0.1864 -0.2631 0.9466
vn 0.2424 -0.3913 0.8877
vn 0.3937 0.8885 0.2357
vn 0.0598 0.8736 0.4830
vn 0.1464 0.8572 0.4938
vn 0.7205 -0.4756 0.5046
vn 0.7076 -0.4868 0.5122
vn 0.7990 -0.3753 0.4698
vn 0.6143 -0.6446 -0.4550
vn 0.6145 -0.7214 -0.3194
vn -0.0952 -0.9944 -0.0462
vn 0.0348 -0.9843 0.1729
vn -0.0457 -0.9987 -0.0240
vn 0.7218 -0.4063 0.5603
vn 0.6149 -0.2326 0.7536
vn 0.4821 -0.5253 0.7012
vn 0.5909 -0.7329 -0.3373
vn 0.5753 -0.7308 0.3675
vn 0.2155 -0.9367 -0.2760
vn 0.5991 -0.0747 0.7972
vn 0.3788 -0.8212 0.4268
vn -0.9315 -0.0714 0.3565
vn -0.5913 0.2428 0.7690
vn -0.4126 0.3254 0.8508
vn -0.7840 0.2174 -0.5815
vn 0.5940 0.1202 0.7955
vn -0.7682 -0.1135 0.6301
vn -0.7472 0.1209 0.6535
vn -0.9340 0.3560 -0.0315
vn -0.7439 0.4943 0.4499
vn -0.7234 0.4956 0.4808
vn -0.6630 0.4853 0.5700
vn -0.7856 0.4979 0.3673
vn -0.8595 0.4242 0.2852
vn 0.4665 -0.8246 0.3200
vn 0.1538 -0.2395 0.9586
vn 0.2649 -0.8449 0.4647
vn 0.0774 0.5567 0.8271
vn 0.4610 0.5104 0.7260
vn 0.3219 0.4949 0.8071
vn 0.4679 0.1611 0.8690
vn 0.6136 0.1641 0.7724
vn 0.6751 -0.1962 0.7111
vn 0.4921 -0.1218 0.8620
vn 0.5860 -0.1252 0.8006
vn 0.7755 -0.1236 0.6191
vn 0.4703 -0.3842 0.7945
vn 0.3781 -0.4175 0.8263
vn -0.3573 0.8060 0.4719
vn -0.5372 0.5434 0.6451
vn -0.5789 0.5730 0.5801
vn -0.6221 0.5797 0.5263
vn -0.0671 -0.9944 0.0818
vn 0.0080 -0.9998 -0.0193
vn -0.0326 -0.9976 -0.0616
vn 0.7841 0.6111 0.1081
vn 0.7246 0.6176 0.3058
vn 0.3329 -0.5846 0.7399
vn 0.2050 -0.4002 0.8932
vn 0.4467 -0.6044 0.6597
vn 0.6508 -0.7075 0.2755
vn 0.2633 -0.3277 0.9074
vn 0.6023 -0.2947 0.7419
vn 0.4038 -0.6708 0.6221
vn 0.0241 -0.9777 0.2088
vn 0.6530 -0.6340 -0.4143
vn 0.7963 -0.5911 0.1289
vn 0.8363 -0.5464 -0.0459
vn 0.6807 -0.1383 0.7194
vn -0.6783 -0.3981 0.6176
vn -0.8404 -0.4610 0.2850
vn -0.3161 -0.3135 0.8955
vn -0.3396 -0.3888 0.8565
vn -0.3936 -0.2084 0.8954
vn -0.5736 -0.2164 0.7900
vn 0.2604 -0.8768 0.4043
vn 0.3486 -0.9073 -0.2352
vn 0.3380 -0.9192 -0.2022
vn -0.6093 0.5629 0.5586
vn -0.3940 -0.3344 0.8561
vn -0.2924 -0.0911 0.9519
vn -0.6607 0.2797 0.6966
vn 0.7878 0.0945 0.6086
vn 0.8926 0.0116 0.4506
vn -0.2323 0.7340 0.6381
vn -0.3964 0.5568 0.7299
vn -0.1729 0.5705 0.8029
vn -0.6493 0.4412 0.6195
vn -0.7342 0.3913 0.5548
vn 0.5697 0.5454 0.6148
vn 0.6866 0.4437 0.5759
vn 0.7105 -0.0340 0.7029
vn 0.6659 -0.0248 0.7457
vn 0.6937 -0.0782 0.7160
vn -0.7841 0.2375 0.5734
vn -0.7682 -0.1801 0.6143
vn -0.6408 0.4308 0.6355
vn 0.7426 0.0304 0.6690
vn 0.6483 -0.2635 0.7144
vn 0.7530 -0.1233 0.6463
vn 0.9996 0.0020 0.0270
vn 0.3896 -0.1608 0.9068
vn 0.6362 -0.1632 0.7540
vn 0.8235 0.2509 0.5089
vn 0.5825 -0.3328 0.7416
vn 0.6649 -0.3879 0.6383
vn 0.5267 -0.4188 0.7397
vn -0.7283 0.4548 0.5126
vn -0.7085 0.4097 0.5746
vn -0.6359 0.3767 0.6736
vn -0.7755 0.4605 0.4319
vn -0.7143 0.4717 0.5170
vn -0.8365 0.3912 0.3837
vn -0.6334 0.5739 0.5191
vn -0.4851 0.6408 0.5950
vn -0.6714 0.5635 0.4813
vn -0.5562 0.6775 0.4812
vn -0.5360 0.5876 0.6061
vn 0.1027 -0.2108 0.9721
vn -0.7449 0.5284 0.4073
vn -0.5919 0.7050 0.3906
vn -0.5596 0.6966 0.4491
vn -0.5078 0.6044 0.6139
vn -0.3694 0.7577 0.5380
vn 0.5006 -0.3966 0.7695
vn -0.4303 0.6053 0.6697
vn -0.4741 0.6480 0.5961
vn -0.4195 0.5717 0.7051
vn -0.4782 0.7408 0.4717
vn -0.6358 0.6008 0.4845
vn -0.4146 0.6967 0.5855
vn -0.5954 0.5862 0.5494
vn -0.6515 0.5230 0.5496
vn 0.8507 -0.4721 -0.2312
vn 0.8225 -0.5500 -0.1450
vn 0.5647 -0.4432 0.6962
vn 0.7708 -0.4449 -0.4560
vn -0.6391 0.5281 0.5592
vn -0.6524 0.4019 0.6426
vn -0.5552 0.6027 0.5732
vn -0.2751 0.3124 0.9093
vn 0.2683 -0.8185 0.5080
vn 0.5255 -0.7109 0.4674
vn 0.3080 -0.5732 0.7593
vn 0.1449 -0.9459 -0.2902
vn 0.1842 -0.9423 -0.2796
vn 0.0148 -0.9963 -0.0842
vn -0.0538 -0.9984 0.0151
vn -0.0190 -0.9967 -0.0786
vn 0.0971 -0.9257 0.3656
vn 0.1251 -0.9522 -0.2785
vn 0.0126 -0.9997 0.0227
vn -0.5632 -0.0254 0.8260
vn -0.8404 0.5088 -0.1868
vn -0.4124 0.6628 0.6251
vn 0.3118 -0.9460 0.0888
vn 0.6009 -0.7098 -0.3675
vn -0.6784 0.2978 0.6716
vn -0.7801 0.3629 0.5097
vn -0.0324 -0.9981 0.0529
vn 0.4124 -0.5664 0.7135
vn 0.7322 -0.4161 0.5392
vn 0.4410 -0.5535 0.7065
vn -0.6740 0.3339 0.6590
vn -0.5500 0.2946 0.7815
vn -0.6269 0.3181 0.7112
vn 0.7769 -0.4838 0.4029
vn 0.6397 -0.4641 0.6127
vn 0.5806 -0.3986 0.7100
vn 0.6740 -0.6213 0.3996
vn 0.0353 0.5919 0.8052
vn 0.3465 0.9295 -0.1261
vn -0.0352 0.9215 0.3868
vn 0.2345 0.8019 0.5495
vn 0.7382 -0.3206 0.5935
vn 0.0955 -0.9854 0.1409
vn -0.0287 -0.9996 -0.0006
vn -0.0653 -0.9977 -0.0191
vn 0.0285 -0.6054 0.7954
vn 0.4975 -0.6509 0.5735
vn -0.6212 -0.1466 0.7698
vn 0.3585 0.3441 0.8678
vn 0.4108 0.6381 0.6513
vn 0.4642 0.7394 0.4876
vn 0.5870 -0.5331 -0.6094
vn 0.6653 -0.5163 -0.5392
vn 0.5066 -0.5681 -0.6486
vn -0.1296 0.8285 0.5448
vn -0.5915 0.1498 0.7923
vn -0.1577 0.8962 0.4147
vn -0.6861 -0.0450 0.7262
vn -0.0863 0.7984 0.5959
vn -0.2640 0.4502 0.8530
vn -0.7037 0.1176 0.7007
vn -0.9775 -0.0180 0.2100
vn -0.9955 -0.0391 0.0860
vn -0.8904 -0.2498 0.3805
vn -0.7790 0.3563 0.5160
vn -0.9310 -0.0799 0.3561
vn -0.8770 -0.3405 0.3390
vn -0.9103 0.0979 0.4022
vn -0.4974 -0.0311 0.8670
vn 0.8746 0.2824 0.3940
vn 0.9841 -0.1388 -0.1105
vn 0.6312 -0.0043 -0.7756
vn 0.7905 -0.1219 -0.6002
vn -0.0716 0.9477 -0.3109
vn -0.1743 0.9828 0.0607
vn 0.0876 0.9893 -0.1168
vn 0.2947 -0.3518 0.8885
vn -0.1000 0.8850 -0.4548
vn 0.0544 -0.0819 0.9952
vn 0.0501 -0.4835 0.8739
vn 0.3708 -0.4116 0.8325
vn 0.0617 0.8023 0.5938
vn 0.1148 0.8825 0.4561
vn -0.4941 -0.1512 0.8562
vn -0.2017 -0.0936 0.9750
vn -0.4655 0.3398 0.8172
vn -0.3086 0.5745 0.7581
vn -0.3875 -0.3087 0.8686
vn -0.2159 0.8598 0.4627
vn -0.3141 0.8005 0.5104
vn -0.7014 0.3326 0.6304
vn -0.6432 0.6552 0.3963
vn -0.3200 0.7351 0.5978
vn -0.4740 0.6675 0.5742
vn -0.4846 0.4731 0.7357
vn -0.4180 0.1195 0.9005
vn -0.3114 0.0947 0.9455
vn -0.2941 0.4072 0.8647
vn -0.9414 0.0939 0.3241
vn -0.8161 -0.0976 0.5695
vn 0.6495 0.5128 0.5614
vn 0.3120 0.7317 0.6060
vn 0.6055 0.4404 0.6629
vn 0.1820 -0.9547 -0.2354
vn 0.3854 -0.8905 -0.2419
vn 0.0669 -0.9953 -0.0698
vn 0.1296 -0.9773 -0.1674
vn 0.7273 -0.6717 -0.1409
vn 0.6661 -0.7062 0.2400
vn 0.3320 -0.5592 0.7596
vn 0.8441 -0.3969 -0.3606
vn 0.7629 -0.4136 -0.4969
vn 0.7774 -0.4818 -0.4043
vn -0.1190 0.6360 0.7625
vn -0.2796 0.8889 0.3628
vn -0.3997 0.9048 0.1469
vn -0.5182 0.6440 0.5627
vn -0.5436 0.7053 0.4552
vn -0.4930 0.4959 0.7149
vn -0.8196 -0.0097 0.5729
vn -0.9758 0.2168 -0.0276
vn 0.8849 0.1202 -0.4500
vn 0.8283 0.4670 -0.3096
vn 0.3225 0.9290 0.1812
vn 0.0485 0.6420 0.7652
vn -0.8155 0.4168 -0.4015
vn -0.9235 0.3427 -0.1724
vn 0.2357 0.7606 0.6049
vn 0.6195 0.0502 0.7834
vn 0.6545 -0.6772 0.3362
vn -0.0032 0.8860 0.4637
vn -0.0345 0.6317 0.7744
vn -0.0346 0.6334 0.7730
vn 0.0306 -0.9991 0.0298
vn -0.0285 -0.9976 -0.0635
vn -0.0690 -0.9965 -0.0475
vn -0.3507 -0.1416 0.9257
vn -0.7177 0.0490 0.6947
vn -0.8970 -0.1589 0.4126
vn -0.8095 0.3419 0.4773
vn -0.8080 -0.0518 0.5869
vn 0.7577 -0.3871 0.5254
vn 0.7333 -0.1063 0.6716
vn 0.3702 0.6353 0.6777
vn 0.7528 0.6569 0.0436
vn 0.3219 -0.9454 0.0506
vn 0.1966 -0.9797 -0.0394
vn 0.0490 -0.9987 0.0149
vn 0.0068 -0.9964 -0.0844
vn -0.4160 0.6724 0.6123
vn -0.4156 0.6116 0.6733
vn 0.2967 -0.2668 0.9169
vn -0.0645 -0.9956 0.0680
vn 0.4200 -0.3470 0.8385
vn 0.8282 -0.4899 -0.2721
vn 0.8379 -0.2186 0.5001
vn 0.7912 -0.4715 0.3895
vn 0.9600 -0.2746 0.0546
vn 0.7502 -0.3972 -0.5286
vn -0.7838 -0.5325 0.3195
vn -0.8721 -0.4055 0.2739
vn -0.7566 -0.6152 0.2213
vn -0.8331 -0.5179 0.1944
vn -0.3625 0.7767 0.5151
vn -0.3979 0.7363 0.5473
vn -0.4671 0.6355 0.6147
vn -0.5336 0.4589 0.7104
vn 0.1233 -0.9736 0.1920
vn 0.1003 -0.9922 -0.0744
vn 0.1900 -0.9796 -0.0647
vn 0.2102 -0.9727 -0.0984
vn 0.2527 -0.3154 0.9147
vn 0.3665 -0.1832 0.9122
vn 0.0708 0.2023 0.9768
vn 0.1384 0.0342 0.9898
vn 0.1911 0.5991 0.7776
vn 0.8226 0.3283 0.4643
vn 0.7803 0.5056 0.3680
vn -0.7890 0.4596 0.4078
vn -0.8074 0.5066 0.3025
vn 0.5464 0.1816 0.8176
vn 0.5744 -0.1312 0.8080
vn 0.4357 -0.3909 0.8108
vn 0.3693 -0.2768 0.8872
vn 0.4280 -0.8143 -0.3921
vn 0.9442 -0.0442 0.3265
vn -0.4251 0.4688 0.7743
vn 0.8071 -0.3379 0.4842
vn 0.8186 -0.2346 0.5243
vn -0.5177 0.6254 0.5839
vn -0.2936 0.7826 0.5489
vn 0.4321 0.7697 0.4700
vn 0.2969 0.8096 0.5063
vn 0.2697 0.8171 0.5095
vn -0.0624 0.8954 0.4410
vn 0.1089 0.9255 0.3627
vn 0.2662 -0.7755 0.5725
vn 0.2327 -0.7329 0.6393
vn 0.1601 -0.6591 0.7348
vn -0.0825 -0.8991 0.4300
vn 0.0045 -0.8759 0.4824
vn 0.3879 0.8502 0.3561
vn 0.6004 0.7982 0.0486
vn -0.6296 -0.7253 0.2785
vn -0.1100 -0.9938 0.0145
vn -0.3779 -0.9201 0.1033
vn 0.5868 -0.5264 -0.6152
vn 0.4487 -0.6531 -0.6100
vn -0.3229 -0.4633 0.8253
vn -0.5607 0.5595 0.6104
vn -0.6512 0.5917 0.4752
vn -0.5402 0.6659 0.5145
vn -0.5106 0.6706 0.5381
vn 0.0824 0.9062 0.4147
vn 0.7812 -0.4648 -0.4168
vn 0.1397 0.6073 0.7821
vn -0.5510 -0.7871 0.2774
vn -0.4139 -0.8776 0.2420
vn 0.0560 0.8584 0.5099
vn -0.2148 0.0879 0.9727
vn -0.3423 0.1770 0.9228
vn -0.6014 0.2457 0.7602
vn -0.1551 -0.3040 0.9400
vn -0.4132 0.0253 0.9103
vn -0.0467 -0.2584 0.9649
vn -0.3758 -0.3946 0.8385
vn -0.5532 0.0245 0.8327
vn -0.3944 -0.2635 0.8803
vn -0.2408 -0.3403 0.9089
vn -0.0077 0.7670 0.6417
vn -0.0160 0.8125 0.5828
vn -0.0188 0.6802 0.7327
vn -0.0878 0.7823 0.6166
vn -0.0006 0.7711 0.6367
vn 0.5851 -0.7468 -0.3162
vn 0.3782 -0.9144 0.1445
vn 0.2557 -0.4554 0.8528
vn 0.8904 -0.0027 0.4552
vn 0.6762 -0.3287 0.6593
vn 0.8386 -0.2021 0.5059
vn 0.9474 0.1336 0.2908
vn 0.9881 0.0726 0.1357
vn 0.9945 -0.0605 0.0857
vn -0.7506 0.3558 0.5568
vn -0.7153 0.5536 0.4265
vn -0.4432 0.8520 0.2788
vn 0.8572 -0.5044 0.1036
vn 0.4844 -0.5539 0.6772
vn 0.7681 -0.4474 -0.4581
vn -0.0084 -0.6632 0.7484
vn 0.3923 -0.8318 0.3927
vn 0.8136 -0.5811 0.0187
vn 0.1903 -0.6772 0.7107
vn 0.5817 -0.3065 0.7534
vn 0.6817 -0.5108 -0.5238
vn 0.8611 -0.5065 -0.0434
vn -0.2350 0.4578 0.8574
vn -0.5527 0.6364 0.5381
vn 0.1679 -0.2820 0.9446
vn -0.1967 0.8825 0.4271
vn -0.2791 0.9583 0.0620
vn 0.6875 -0.7184 0.1057
vn 0.1678 -0.9645 0.2037
vn 0.3243 -0.8551 -0.4045
vn 0.6301 -0.6580 0.4124
vn -0.9094 0.0679 0.4104
vn -0.9431 0.1444 0.2995
vn -0.8392 0.0424 0.5421
vn -0.6696 0.4089 0.6201
vn -0.3886 0.2446 0.8884
vn -0.0430 -0.3267 0.9442
vn 0.7113 -0.6986 -0.0773
vn 0.6661 -0.3368 0.6655
vn 0.9850 -0.1627 -0.0574
vn 0.6586 -0.4530 0.6008
vn 0.1827 0.0512 0.9818
vn -0.6248 0.4601 0.6308
vn -0.4651 -0.8635 0.1949
vn -0.6007 -0.7933 0.0993
vn -0.3612 -0.9197 0.1538
vn -0.9074 -0.3522 0.2292
vn -0.1418 -0.9887 -0.0480
vn -0.3106 -0.3717 0.8749
vn -0.5657 -0.4567 0.6866
vn -0.2029 -0.8308 0.5182
vn -0.5298 -0.8186 0.2217
vn 0.0660 0.8587 0.5081
vn 0.4527 0.6783 0.5788
vn -0.5111 0.2803 0.8125
vn -0.4255 0.7121 0.5585
vn -0.5080 0.7238 0.4669
vn 0.3766 -0.6465 0.6634
vn 0.8500 -0.1159 0.5138
vn 0.6921 0.0793 0.7174
vn 0.5318 0.4236 0.7333
vn -0.1407 0.8101 0.5692
vn -0.6862 0.3045 0.6606
vn -0.2330 0.5499 0.8021
vn -0.8372 0.4702 0.2793
vn 0.5465 -0.0747 0.8342
vn -0.0990 0.8800 0.4645
vn 0.1022 0.5481 0.8302
vn 0.6445 -0.2173 0.7331
vn 0.6579 -0.2316 0.7166
vn 0.6962 -0.2729 0.6639
vn 0.9010 -0.3756 0.2171
vn 0.7718 -0.3058 0.5575
vn 0.9003 -0.2082 -0.3823
vn 0.3321 0.8571 -0.3939
vn 0.4855 0.8080 0.3338
vn 0.5053 0.8483 0.1582
vn 0.3729 0.7930 0.4818
vn 0.3361 0.6180 0.7108
vn 0.3907 0.1789 0.9030
vn 0.4597 0.1780 0.8701
vn -0.2606 0.8076 0.5290
vn 0.0455 0.9987 0.0226
vn 0.6079 0.5406 0.5815
vn 0.3582 0.6852 0.6342
vn 0.0126 0.6430 0.7658
vn 0.4616 -0.5554 -0.6917
vn 0.5015 -0.6432 0.5786
vn 0.4630 -0.4938 0.7361
vn 0.6636 -0.7090 0.2387
vn -0.7164 0.1585 0.6795
vn 0.1865 -0.8470 0.4978
vn -0.0480 -0.9206 0.3876
vn 0.2381 -0.3463 0.9074
vn -0.1402 0.8723 0.4684
vn 0.6743 -0.1262 0.7276
vn -0.6081 0.2763 0.7442
vn -0.7449 0.1792 0.6426
vn -0.1994 0.6168 0.7614
vn -0.7284 0.4783 0.4906
vn -0.6814 0.5839 0.4414
vn -0.8384 0.4627 0.2879
vn 0.9711 -0.1314 -0.1991
vn -0.0600 0.7019 0.7098
vn 0.5448 0.7678 0.3372
vn 0.6576 -0.5126 0.5521
vn 0.0250 -0.9951 -0.0961
vn 0.0033 -0.9888 -0.1490
vn -0.9842 0.0011 0.1772
vn 0.2546 -0.9318 -0.2586
vn 0.4826 -0.7282 -0.4866
vn 0.4182 -0.3757 0.8270
vn 0.2109 -0.5266 0.8235
vn 0.5362 -0.6046 0.5890
vn 0.6084 0.0057 0.7936
vn 0.7761 -0.1749 0.6059
vn 0.7762 -0.6282 -0.0534
vn -0.2124 0.7353 0.6436
vn -0.3664 0.6471 0.6686
vn -0.3386 0.7152 0.6115
vn 0.6341 -0.7085 0.3098
vn 0.7513 -0.6594 0.0262
vn 0.3987 -0.8066 -0.4364
vn 0.3052 -0.8771 -0.3710
vn -0.9082 0.2591 -0.3286
vn -0.9214 0.1959 -0.3357
vn -0.9347 0.3349 0.1193
vn -0.9104 0.4127 -0.0310
vn 0.5822 -0.3408 0.7382
vn -0.5061 0.4635 0.7274
vn 0.3189 -0.9293 -0.1862
vn 0.4662 -0.8522 -0.2373
vn 0.3088 0.3401 0.8882
vn 0.4885 -0.1466 0.8602
vn 0.6492 -0.1539 0.7448
vn -0.4928 0.2896 0.8205
vn -0.9338 0.3347 -0.1268
vn 0.3417 0.9349 -0.0957
vn -0.0157 -0.9998 -0.0123
vn -0.7581 0.3358 0.5590
vn 0.6427 -0.4887 -0.5900
vn 0.8367 0.0646 0.5438
vn -0.5772 0.5794 0.5754
vn 0.6199 -0.6357 -0.4600
vn 0.6011 -0.7026 -0.3809
vn -0.4175 0.7438 0.5220
vn -0.8068 0.0069 0.5908
vn 0.6714 -0.2163 0.7089
vn 0.5783 -0.1937 0.7925
vn -0.4682 -0.0208 0.8834
vn 0.2926 0.0449 -0.9552
vn 0.5073 0.0873 -0.8573
vn 0.7121 0.3238 -0.6229
vn -0.7131 -0.3994 0.5761
vn -0.9236 0.3622 0.1255
vn -0.9394 -0.2438 0.2410
vn -0.3142 0.7653 0.5618
vn -0.9129 -0.3396 0.2266
vn 0.7132 -0.1894 0.6749
vn 0.3188 -0.3076 0.8965
vn -0.0273 -0.9855 0.1672
vn -0.7904 0.1638 0.5903
vn -0.5074 0.0721 0.8587
vn 0.4498 -0.5568 0.6984
vn 0.2980 0.5333 0.7917
vn 0.0852 0.0954 0.9918
vn -0.0434 0.1493 0.9878
vn 0.5863 0.2750 0.7620
vn 0.5164 -0.8397 -0.1678
vn -0.6751 0.2411 0.6973
vn -0.1303 0.9548 0.2673
vn 0.2449 -0.4376 -0.8652
vn 0.6182 -0.6315 0.4680
vn -0.8792 -0.3778 0.2903
vn -0.1428 0.5721 0.8076
vn -0.2941 0.7055 0.6448
vn 0.8190 0.1273 -0.5595
vn 0.6770 -0.4928 0.5466
vn 0.6320 -0.3806 0.6751
vn 0.3237 -0.5062 0.7994
vn -0.2268 0.2145 0.9500
vn -0.1364 0.2872 0.9481
vn 0.3362 0.0597 0.9399
vn 0.6985 -0.6234 -0.3515
vn -0.5534 0.5208 0.6501
vn 0.0891 -0.3350 0.9380
vn 0.1379 -0.9428 0.3036
vn -0.9862 -0.0689 0.1503
vn -0.9370 -0.1972 0.2882
vn -0.1383 0.5813 0.8019
vn -0.5057 0.6426 0.5756
vn 0.7873 -0.1512 -0.5977
vn 0.5765 0.0132 0.8170
vn -0.2891 0.7887 0.5425
vn 0.0197 0.6975 0.7163
vn 0.6434 0.7556 -0.1224
vn 0.8095 0.5468 0.2139
vn 0.4223 -0.8309 0.3623
vn 0.4166 -0.4200 0.8063
vn 0.3896 -0.4310 0.8139
vn -0.9288 0.2875 -0.2340
vn 0.1914 -0.9156 -0.3537
vn 0.4564 -0.7853 -0.4183
vn 0.9955 0.0695 0.0641
vn 0.7002 -0.4031 0.5893
vn -0.5030 0.5080 0.6992
vn -0.7956 -0.4933 0.3517
vn -0.7389 -0.3243 0.5906
vn -0.6387 -0.0301 0.7688
vn 0.2274 0.3638 0.9033
vn 0.8153 0.0161 0.5789
vn 0.7087 -0.1629 0.6864
vn 0.0426 -0.9987 -0.0283
vn 0.1625 -0.9427 -0.2913
vn 0.8091 -0.5424 -0.2259
vn 0.5875 -0.5650 0.5793
vn 0.4806 -0.7267 -0.4909
vn 0.4753 0.8596 0.1877
vn 0.7323 -0.4139 0.5408
vn -0.5461 0.6545 0.5229
vn 0.8918 -0.4088 -0.1941
vn 0.9073 -0.4203 0.0071
vn 0.0401 -0.2133 0.9762
vn 0.7201 -0.0540 0.6917
vn 0.4495 -0.6215 0.6417
vn 0.4954 0.8608 0.1166
vn 0.2709 -0.2823 0.9203
vn -0.1729 0.2097 0.9624
vn -0.0124 -0.5618 0.8272
vn 0.6853 -0.1038 0.7208
vn -0.5111 0.3553 0.7826
vn -0.2900 0.7534 0.5901
vn -0.5994 0.4011 0.6927
vn 0.5286 -0.8174 -0.2289
vn 0.2359 -0.1622 0.9581
vn -0.0675 -0.9956 0.0652
vn 0.6704 -0.4480 0.5916
vn 0.3705 0.1352 0.9189
vn 0.4101 -0.2874 0.8656
vn 0.4966 -0.7457 -0.4442
vn 0.5797 -0.7231 -0.3757
vn 0.3432 -0.8639 -0.3687
vn -0.6226 0.2750 0.7326
vn -0.5675 0.4201 0.7082
vn 0.3941 -0.3130 0.8641
vn 0.3670 -0.7607 0.5353
vn 0.5848 0.2364 0.7760
vn 0.3663 -0.4527 0.8130
vn 0.9798 0.1834 0.0794
vn 0.0492 0.7470 0.6630
vn -0.8048 -0.4766 0.3538
vn 0.1617 0.5845 0.7951
vn 0.6767 -0.4841 0.5548
vn -0.0493 -0.9984 -0.0286
vn -0.8633 -0.3977 0.3106
vn 0.1417 0.9867 -0.0798
vn -0.3304 0.7536 0.5682
vn 0.0808 0.9966 0.0182
vn -0.8540 0.0066 0.5203
vn 0.5283 0.5096 0.6791
vn -0.6006 0.6140 0.5121
vn -0.8247 -0.4781 0.3021
vn -0.1446 0.7048 0.6945
vn -0.6059 0.6096 0.5112
vn -0.8874 0.1000 -0.4500
vn 0.0043 0.6815 0.7318
vn 0.7834 -0.5144 0.3489
vn 0.8161 0.2021 0.5414
vn -0.5298 0.4455 0.7217
vn -0.5997 0.1053 0.7933
vn -0.0257 0.8241 0.5659
vn -0.3038 0.4703 0.8286
vn -0.0324 0.0758 0.9966
vn 0.1111 0.3374 0.9348
vt 0.710410 0.432600
vt 0.716230 0.423830
vt 0.719210 0.434950
vt 0.583480 0.254860
vt 0.592030 0.258420
vt 0.585940 0.257580
vt 0.578660 0.323870
vt 0.593690 0.314890
vt 0.581870 0.330700
vt 0.623350 0.496350
vt 0.622550 0.485140
vt 0.649400 0.496710
vt 0.524230 0.395420
vt 0.533280 0.383870
vt 0.540090 0.388770
vt 0.501060 0.436500
vt 0.505600 0.421940
vt 0.512120 0.433870
vt 0.604930 0.508450
vt 0.610370 0.514770
vt 0.589180 0.508720
vt 0.673430 0.377940
vt 0.665600 0.364530
vt 0.680540 0.378180
vt 0.579860 0.403150
vt 0.581780 0.414500
vt 0.576460 0.418370
vt 0.448660 0.390500
vt 0.455280 0.382530
vt 0.460130 0.389790
vt 0.609890 0.549410
vt 0.622360 0.545010
vt 0.626510 0.548950
vt 0.545690 0.261080
vt 0.560970 0.257030
vt 0.550390 0.268230
vt 0.503410 0.394020
vt 0.490720 0.403170
vt 0.490820 0.385710
vt 0.515980 0.295320
vt 0.507040 0.304750
vt 0.505810 0.298590
vt 0.536350 0.336770
vt 0.543040 0.334540
vt 0.536500 0.342640
vt 0.650840 0.311940
vt 0.668070 0.295210
vt 0.670110 0.306430
vt 0.742340 0.311200
vt 0.751800 0.326160
vt 0.744120 0.326490
vt 0.699110 0.273610
vt 0.715530 0.277180
vt 0.707800 0.282560
vt 0.673110 0.472540
vt 0.695900 0.475750
vt 0.685440 0.480010
vt 0.588140 0.425940
vt 0.593400 0.412660
vt 0.597300 0.427650
vt 0.691240 0.492630
vt 0.708430 0.492490
vt 0.657390 0.534070
vt 0.647690 0.528960
vt 0.675400 0.519330
vt 0.726450 0.517530
vt 0.718810 0.523600
vt 0.722930 0.510360
vt 0.736660 0.491820
vt 0.725680 0.499170
vt 0.722620 0.493540
vt 0.528490 0.514240
vt 0.538940 0.519680
vt 0.535130 0.526040
vt 0.533050 0.458560
vt 0.526990 0.443590
vt 0.528120 0.434600
vt 0.557230 0.478110
vt 0.555370 0.464440
vt 0.561560 0.460800
vt 0.571350 0.402150
vt 0.572890 0.415970
vt 0.564030 0.409760
vt 0.538100 0.374510
vt 0.545930 0.379760
vt 0.606780 0.326950
vt 0.594370 0.326150
vt 0.604060 0.317920
vt 0.438930 0.387220
vt 0.439390 0.372580
vt 0.444110 0.379040
vt 0.515170 0.243220
vt 0.522610 0.249430
vt 0.505360 0.252330
vt 0.482880 0.282820
vt 0.474980 0.286360
vt 0.477430 0.279600
vt 0.751030 0.474150
vt 0.742170 0.479730
vt 0.746780 0.471760
vt 0.761880 0.420130
vt 0.759890 0.400220
vt 0.766510 0.410980
vt 0.452790 0.343470
vt 0.460820 0.334310
vt 0.459960 0.353550
vt 0.487290 0.322080
vt 0.493240 0.320940
vt 0.490880 0.327060
vt 0.626800 0.449690
vt 0.634380 0.446180
vt 0.637350 0.452010
vt 0.625850 0.462900
vt 0.603430 0.461890
vt 0.616290 0.457290
vt 0.639120 0.398770
vt 0.636850 0.391640
vt 0.647160 0.391550
vt 0.606570 0.349680
vt 0.593180 0.348040
vt 0.604640 0.342730
vt 0.641310 0.443120
vt 0.660510 0.435660
vt 0.647290 0.445720
vt 0.648440 0.402130
vt 0.656570 0.399230
vt 0.520100 0.365550
vt 0.506060 0.380070
vt 0.506420 0.372610
vt 0.501940 0.366830
vt 0.496070 0.360100
vt 0.499700 0.362170
vt 0.695670 0.256590
vt 0.690180 0.257730
vt 0.688910 0.252250
vt 0.597620 0.231770
vt 0.582190 0.230350
vt 0.590160 0.225800
vt 0.700980 0.360680
vt 0.704570 0.352250
vt 0.710710 0.361620
vt 0.735640 0.397870
vt 0.742060 0.391280
vt 0.745110 0.409920
vt 0.655570 0.347180
vt 0.652750 0.335720
vt 0.666460 0.342800
vt 0.626080 0.352980
vt 0.622330 0.360420
vt 0.617770 0.353020
vt 0.572150 0.540280
vt 0.589160 0.542890
vt 0.579370 0.547290
vt 0.573920 0.479650
vt 0.579540 0.504740
vt 0.564830 0.476520
vt 0.543090 0.440490
vt 0.537190 0.437120
vt 0.528470 0.407490
vt 0.520420 0.404770
vt 0.527900 0.400790
vt 0.670280 0.461440
vt 0.680610 0.454080
vt 0.687670 0.461420
vt 0.694980 0.382200
vt 0.706760 0.376010
vt 0.698480 0.392530
vt 0.581890 0.378050
vt 0.590130 0.366210
vt 0.593500 0.374390
vt 0.608090 0.396440
vt 0.606130 0.414890
vt 0.591170 0.394050
vt 0.695010 0.437280
vt 0.699240 0.433700
vt 0.697060 0.445430
vt 0.711810 0.447380
vt 0.722510 0.368130
vt 0.724490 0.357420
vt 0.734850 0.369040
vt 0.707120 0.411320
vt 0.711520 0.397690
vt 0.716880 0.413220
vt 0.505940 0.258950
vt 0.515980 0.259980
vt 0.512260 0.266370
vt 0.509990 0.276680
vt 0.528390 0.265390
vt 0.528300 0.277220
vt 0.549350 0.421710
vt 0.558840 0.431210
vt 0.555690 0.434330
vt 0.543730 0.437190
vt 0.541580 0.415100
vt 0.544340 0.420650
vt 0.572530 0.317200
vt 0.571320 0.325930
vt 0.563910 0.317390
vt 0.533180 0.318340
vt 0.519990 0.321440
vt 0.528690 0.309420
vt 0.569430 0.249880
vt 0.569850 0.260400
vt 0.543860 0.290840
vt 0.548470 0.284080
vt 0.555150 0.291330
vt 0.559900 0.336610
vt 0.563410 0.340440
vt 0.546100 0.349370
vt 0.561810 0.371470
vt 0.567650 0.375270
vt 0.560510 0.378900
vt 0.483290 0.468270
vt 0.495580 0.474190
vt 0.476250 0.473590
vt 0.509510 0.451800
vt 0.616880 0.450890
vt 0.605720 0.457220
vt 0.606540 0.444280
vt 0.478390 0.420440
vt 0.473210 0.426840
vt 0.474020 0.416860
vt 0.487580 0.427940
vt 0.504080 0.410980
vt 0.611420 0.367850
vt 0.609650 0.359250
vt 0.586880 0.391830
vt 0.590380 0.379130
vt 0.598290 0.386780
vt 0.656960 0.419020
vt 0.654740 0.409600
vt 0.663220 0.413930
vt 0.670060 0.434650
vt 0.676080 0.414720
vt 0.687510 0.409540
vt 0.494180 0.507710
vt 0.501590 0.508710
vt 0.503830 0.515640
vt 0.735560 0.309810
vt 0.708060 0.308150
vt 0.692320 0.307340
vt 0.693740 0.296570
vt 0.559550 0.392920
vt 0.556450 0.406010
vt 0.542330 0.396940
vt 0.548170 0.409290
vt 0.536720 0.409810
vt 0.533170 0.403010
vt 0.622140 0.405600
vt 0.623400 0.420810
vt 0.613430 0.409140
vt 0.644610 0.416600
vt 0.647710 0.422290
vt 0.639830 0.422360
vt 0.653210 0.280810
vt 0.643110 0.284670
vt 0.649660 0.272260
vt 0.592590 0.280630
vt 0.599340 0.275200
vt 0.605360 0.285580
vt 0.532000 0.327500
vt 0.524860 0.331580
vt 0.517060 0.360610
vt 0.506760 0.366630
vt 0.492450 0.352330
vt 0.502900 0.345890
vt 0.499910 0.351930
vt 0.520710 0.334700
vt 0.514760 0.333200
vt 0.517090 0.328720
vt 0.510080 0.287810
vt 0.517050 0.278630
vt 0.526550 0.284640
vt 0.489660 0.284090
vt 0.488070 0.276160
vt 0.607720 0.300120
vt 0.595930 0.297690
vt 0.596640 0.287490
vt 0.569950 0.307880
vt 0.567460 0.291110
vt 0.577280 0.295240
vt 0.492620 0.337230
vt 0.497210 0.344180
vt 0.471400 0.336160
vt 0.466260 0.353620
vt 0.465760 0.335100
vt 0.474230 0.379310
vt 0.474920 0.369860
vt 0.480850 0.369960
vt 0.478380 0.364130
vt 0.472750 0.354120
vt 0.477690 0.349290
vt 0.457890 0.308190
vt 0.451570 0.316970
vt 0.447970 0.309730
vt 0.484240 0.310860
vt 0.471670 0.329450
vt 0.470040 0.325210
vt 0.460950 0.306800
vt 0.472840 0.310040
vt 0.464460 0.315640
vt 0.734600 0.416680
vt 0.720560 0.460080
vt 0.729690 0.457880
vt 0.727230 0.475450
vt 0.670490 0.490670
vt 0.662510 0.500690
vt 0.639430 0.510230
vt 0.637360 0.501010
vt 0.597700 0.517580
vt 0.612170 0.525040
vt 0.588130 0.521310
vt 0.578380 0.526180
vt 0.572720 0.515110
vt 0.765310 0.432530
vt 0.614700 0.419400
vt 0.614290 0.431680
vt 0.625490 0.426080
vt 0.622690 0.448350
vt 0.451480 0.301740
vt 0.457160 0.285940
vt 0.455080 0.302130
vt 0.473990 0.275080
vt 0.470060 0.285370
vt 0.460070 0.282020
vt 0.663060 0.446490
vt 0.672750 0.443560
vt 0.677740 0.430090
vt 0.686880 0.415960
vt 0.448870 0.409590
vt 0.460590 0.416990
vt 0.449340 0.421180
vt 0.482440 0.415170
vt 0.460460 0.398700
vt 0.450400 0.400360
vt 0.449450 0.393890
vt 0.688450 0.498290
vt 0.686830 0.507100
vt 0.677700 0.493060
vt 0.702470 0.518790
vt 0.714880 0.517930
vt 0.712000 0.523530
vt 0.609490 0.255250
vt 0.615880 0.249790
vt 0.614260 0.259680
vt 0.664040 0.261210
vt 0.643530 0.271250
vt 0.641690 0.260470
vt 0.653650 0.249300
vt 0.659790 0.258200
vt 0.646520 0.252860
vt 0.661350 0.250500
vt 0.651070 0.244910
vt 0.660880 0.245540
vt 0.551420 0.478180
vt 0.551050 0.470920
vt 0.635240 0.460140
vt 0.660520 0.439360
vt 0.652750 0.446070
vt 0.478330 0.452700
vt 0.472740 0.458960
vt 0.467770 0.453570
vt 0.563930 0.401120
vt 0.513460 0.308190
vt 0.517340 0.300740
vt 0.525270 0.303210
vt 0.544020 0.284160
vt 0.538800 0.294940
vt 0.711440 0.336670
vt 0.728950 0.336180
vt 0.748840 0.403980
vt 0.747040 0.392800
vt 0.752880 0.393590
vt 0.700000 0.368230
vt 0.712210 0.369050
vt 0.534800 0.264790
vt 0.536480 0.274310
vt 0.530670 0.285110
vt 0.528760 0.289010
vt 0.638470 0.279160
vt 0.613900 0.285230
vt 0.607960 0.278910
vt 0.619210 0.304170
vt 0.630550 0.304970
vt 0.623180 0.314410
vt 0.618170 0.286440
vt 0.628940 0.294160
vt 0.618280 0.299100
vt 0.526810 0.373810
vt 0.513050 0.393060
vt 0.509350 0.383340
vt 0.663260 0.332260
vt 0.636720 0.323250
vt 0.635690 0.314610
vt 0.649770 0.318980
vt 0.618840 0.230690
vt 0.608640 0.227750
vt 0.625730 0.228160
vt 0.548660 0.321710
vt 0.544950 0.316740
vt 0.550430 0.307000
vt 0.530590 0.332980
vt 0.537960 0.325870
vt 0.540670 0.330720
vt 0.481070 0.333990
vt 0.482500 0.354480
vt 0.733830 0.463090
vt 0.742180 0.469260
vt 0.736520 0.471050
vt 0.736040 0.481330
vt 0.751620 0.429430
vt 0.744430 0.429350
vt 0.748200 0.424540
vt 0.758130 0.415090
vt 0.753310 0.414560
vt 0.754160 0.403810
vt 0.630470 0.442390
vt 0.644180 0.436470
vt 0.530640 0.484190
vt 0.516000 0.472770
vt 0.524130 0.468150
vt 0.569720 0.509060
vt 0.571140 0.501280
vt 0.521460 0.507120
vt 0.526090 0.507080
vt 0.529310 0.510720
vt 0.525590 0.514800
vt 0.526430 0.521620
vt 0.514850 0.505090
vt 0.512560 0.466240
vt 0.714930 0.500900
vt 0.716080 0.509810
vt 0.693300 0.513290
vt 0.708160 0.502390
vt 0.559870 0.514220
vt 0.553010 0.499530
vt 0.532630 0.503280
vt 0.539790 0.514540
vt 0.542660 0.455910
vt 0.546310 0.489980
vt 0.536980 0.481460
vt 0.539080 0.475630
vt 0.550810 0.460800
vt 0.547190 0.445760
vt 0.545820 0.440550
vt 0.547720 0.431320
vt 0.577780 0.337000
vt 0.598930 0.371500
vt 0.583570 0.355170
vt 0.591640 0.359230
vt 0.483580 0.480150
vt 0.491410 0.486020
vt 0.489620 0.493440
vt 0.519160 0.496170
vt 0.512590 0.500890
vt 0.510790 0.494390
vt 0.460140 0.315840
vt 0.465760 0.321680
vt 0.457340 0.322410
vt 0.465270 0.327100
vt 0.444780 0.329330
vt 0.439770 0.322530
vt 0.448100 0.323780
vt 0.723320 0.424770
vt 0.729390 0.400340
vt 0.734000 0.424160
vt 0.724920 0.387920
vt 0.718960 0.401790
vt 0.579910 0.266950
vt 0.592810 0.271470
vt 0.572280 0.263020
vt 0.598240 0.255360
vt 0.608150 0.264060
vt 0.600940 0.270980
vt 0.623410 0.277650
vt 0.603810 0.272610
vt 0.620910 0.266280
vt 0.629240 0.249450
vt 0.635930 0.245300
vt 0.637870 0.252890
vt 0.611470 0.248720
vt 0.603730 0.251360
vt 0.604370 0.244280
vt 0.627210 0.244680
vt 0.627240 0.239560
vt 0.623100 0.231730
vt 0.638120 0.239360
vt 0.609650 0.376930
vt 0.609430 0.384510
vt 0.602530 0.377250
vt 0.610620 0.388480
vt 0.615690 0.386960
vt 0.617910 0.391470
vt 0.489180 0.293100
vt 0.485270 0.290510
vt 0.479620 0.306660
vt 0.474520 0.313130
vt 0.604990 0.367300
vt 0.598960 0.364210
vt 0.578010 0.344150
vt 0.584780 0.344820
vt 0.579380 0.351150
vt 0.570140 0.355830
vt 0.561750 0.359190
vt 0.561520 0.351990
vt 0.523140 0.439490
vt 0.512850 0.451760
vt 0.518070 0.434520
vt 0.538170 0.433260
vt 0.660600 0.483900
vt 0.639960 0.483080
vt 0.668140 0.483450
vt 0.668980 0.475360
vt 0.673850 0.485550
vt 0.517170 0.266250
vt 0.525060 0.262300
vt 0.553020 0.256880
vt 0.548240 0.253850
vt 0.588290 0.539600
vt 0.576110 0.532810
vt 0.551810 0.514270
vt 0.557020 0.520590
vt 0.546890 0.521260
vt 0.463280 0.293140
vt 0.465480 0.297100
vt 0.460290 0.299880
vt 0.594380 0.442150
vt 0.599810 0.438050
vt 0.601730 0.446670
vt 0.594680 0.450370
vt 0.593630 0.461500
vt 0.553800 0.353460
vt 0.531970 0.350540
vt 0.526100 0.361180
vt 0.523620 0.352380
vt 0.465120 0.424620
vt 0.473190 0.407760
vt 0.468990 0.412650
vt 0.468760 0.407270
vt 0.590940 0.339690
vt 0.584710 0.337600
vt 0.438630 0.395220
vt 0.627490 0.542950
vt 0.672795 0.539381
vt 0.636050 0.551400
vt 0.590880 0.443900
vt 0.586320 0.455760
vt 0.582500 0.447530
vt 0.569650 0.448750
vt 0.567880 0.457930
vt 0.564560 0.453340
vt 0.711750 0.463220
vt 0.718020 0.484310
vt 0.702990 0.469190
vt 0.700990 0.455500
vt 0.701550 0.445890
vt 0.708420 0.448780
vt 0.670910 0.258010
vt 0.674880 0.250070
vt 0.675750 0.256680
vt 0.691620 0.280530
vt 0.682510 0.265760
vt 0.693020 0.273420
vt 0.566100 0.430400
vt 0.569160 0.438300
vt 0.563580 0.441510
vt 0.583010 0.423160
vt 0.575070 0.430100
vt 0.726450 0.294010
vt 0.718310 0.274160
vt 0.732660 0.295390
vt 0.508370 0.336540
vt 0.503630 0.334530
vt 0.508130 0.322530
vt 0.522380 0.312180
vt 0.503180 0.321680
vt 0.500000 0.320210
vt 0.500460 0.329580
vt 0.494990 0.325180
vt 0.545240 0.278600
vt 0.567150 0.268300
vt 0.571110 0.274450
vt 0.552530 0.278530
vt 0.661460 0.429640
vt 0.663140 0.419950
vt 0.678750 0.406670
vt 0.671730 0.397740
vt 0.668980 0.391400
vt 0.500520 0.293860
vt 0.501180 0.282500
vt 0.741000 0.349120
vt 0.743540 0.354640
vt 0.734970 0.350250
vt 0.762510 0.350500
vt 0.754830 0.358770
vt 0.754180 0.346820
vt 0.765760 0.367870
vt 0.753050 0.367730
vt 0.758200 0.363010
vt 0.740000 0.366640
vt 0.744660 0.365770
vt 0.748370 0.369960
vt 0.569070 0.227170
vt 0.475600 0.441820
vt 0.479580 0.427740
vt 0.492980 0.454400
vt 0.498760 0.464810
vt 0.491540 0.465650
vt 0.496770 0.469260
vt 0.508370 0.480150
vt 0.509270 0.470530
vt 0.745340 0.437580
vt 0.736590 0.447900
vt 0.737140 0.435650
vt 0.726880 0.434710
vt 0.681830 0.345300
vt 0.672840 0.324080
vt 0.687650 0.340330
vt 0.687300 0.324390
vt 0.674660 0.313310
vt 0.691860 0.317090
vt 0.698510 0.400990
vt 0.686990 0.429590
vt 0.693640 0.416970
vt 0.628210 0.391900
vt 0.627460 0.384320
vt 0.632380 0.384760
vt 0.625700 0.370410
vt 0.612840 0.373230
vt 0.630920 0.361900
vt 0.612550 0.383480
vt 0.629900 0.376970
vt 0.595100 0.244520
vt 0.587060 0.238100
vt 0.605650 0.236110
vt 0.554920 0.251620
vt 0.552430 0.247750
vt 0.526750 0.238600
vt 0.544320 0.244030
vt 0.535700 0.246920
vt 0.611400 0.344890
vt 0.619450 0.333370
vt 0.620810 0.341910
vt 0.649330 0.333860
vt 0.637530 0.329120
vt 0.651810 0.326010
vt 0.578840 0.390940
vt 0.588760 0.401310
vt 0.586070 0.415790
vt 0.487020 0.357120
vt 0.490500 0.370600
vt 0.489240 0.363490
vt 0.496320 0.376890
vt 0.499060 0.382790
vt 0.502360 0.373050
vt 0.495230 0.365460
vt 0.500240 0.379650
vt 0.765420 0.360510
vt 0.611790 0.234690
vt 0.595980 0.358500
vt 0.731110 0.502010
vt 0.730710 0.512350
vt 0.743670 0.486210
vt 0.748050 0.498000
vt 0.578830 0.286380
vt 0.558760 0.280800
vt 0.573930 0.279650
vt 0.755640 0.449370
vt 0.747590 0.448660
vt 0.754890 0.441240
vt 0.742150 0.447630
vt 0.745990 0.442490
vt 0.542000 0.345770
vt 0.551650 0.325250
vt 0.552210 0.330250
vt 0.556150 0.315830
vt 0.555570 0.328730
vt 0.633370 0.264860
vt 0.622500 0.249250
vt 0.629820 0.255560
vt 0.621340 0.257280
vt 0.544470 0.510850
vt 0.538610 0.506010
vt 0.541560 0.536800
vt 0.554790 0.537030
vt 0.527390 0.301030
vt 0.541230 0.299470
vt 0.539660 0.307010
vt 0.453730 0.353130
vt 0.444080 0.355870
vt 0.445300 0.346230
vt 0.570880 0.472450
vt 0.564970 0.464630
vt 0.611900 0.482480
vt 0.592890 0.465210
vt 0.606430 0.471460
vt 0.573380 0.462770
vt 0.578290 0.457300
vt 0.585680 0.462510
vt 0.575590 0.470360
vt 0.579420 0.465390
vt 0.580540 0.474650
vt 0.615650 0.544460
vt 0.591580 0.535650
vt 0.746350 0.433640
vt 0.750220 0.436620
vt 0.749810 0.442340
vt 0.740300 0.361060
vt 0.446620 0.318120
vt 0.704970 0.428480
vt 0.705930 0.417270
vt 0.691630 0.423200
vt 0.733820 0.326540
vt 0.723120 0.310420
vt 0.727710 0.308410
vt 0.732580 0.352580
vt 0.737100 0.339090
vt 0.548290 0.443800
vt 0.554240 0.441520
vt 0.551740 0.446230
vt 0.555210 0.230360
vt 0.550680 0.237980
vt 0.541810 0.234990
vt 0.576930 0.353770
vt 0.570400 0.349250
vt 0.569420 0.368700
vt 0.579860 0.360950
vt 0.574130 0.372830
vt 0.543460 0.365790
vt 0.546760 0.357510
vt 0.533650 0.360740
vt 0.644510 0.349880
vt 0.634460 0.370150
vt 0.636190 0.364080
vt 0.642810 0.372730
vt 0.657150 0.474460
vt 0.644620 0.467620
vt 0.629310 0.469330
vt 0.508550 0.311820
vt 0.517390 0.317460
vt 0.550220 0.528330
vt 0.543240 0.534270
vt 0.510010 0.513470
vt 0.511680 0.505350
vt 0.534640 0.532340
vt 0.525430 0.533340
vt 0.527350 0.526780
vt 0.470230 0.403430
vt 0.476500 0.404070
vt 0.469320 0.374940
vt 0.472850 0.386870
vt 0.467020 0.385460
vt 0.745530 0.458750
vt 0.742850 0.462220
vt 0.751240 0.465700
vt 0.747160 0.466110
vt 0.648930 0.426740
vt 0.640130 0.425870
vt 0.623540 0.537030
vt 0.607030 0.532510
vt 0.596670 0.526330
vt 0.661430 0.403820
vt 0.636760 0.417120
vt 0.635540 0.411300
vt 0.643130 0.411150
vt 0.474600 0.341590
vt 0.479610 0.327970
vt 0.604250 0.309800
vt 0.614630 0.317960
vt 0.613030 0.302670
vt 0.713420 0.380100
vt 0.705700 0.388240
vt 0.457320 0.329200
vt 0.452890 0.334540
vt 0.569810 0.394080
vt 0.573130 0.383600
vt 0.554400 0.372380
vt 0.743610 0.336700
vt 0.746960 0.350440
vt 0.738740 0.323790
vt 0.513290 0.343220
vt 0.516720 0.347160
vt 0.507930 0.350140
vt 0.504100 0.349390
vt 0.527010 0.337590
vt 0.520820 0.343160
vt 0.518570 0.338900
vt 0.586490 0.433670
vt 0.580700 0.435890
vt 0.577550 0.452070
vt 0.712730 0.299050
vt 0.707820 0.289150
vt 0.677930 0.282010
vt 0.682840 0.392930
vt 0.688540 0.384410
vt 0.689550 0.401270
vt 0.673740 0.386980
vt 0.675300 0.339180
vt 0.684190 0.382770
vt 0.672170 0.364040
vt 0.683200 0.367560
vt 0.594030 0.435770
vt 0.662130 0.370920
vt 0.657850 0.366130
vt 0.647360 0.380170
vt 0.638400 0.378830
vt 0.647470 0.373890
vt 0.559690 0.421150
vt 0.647480 0.369450
vt 0.654390 0.370210
vt 0.651810 0.375520
vt 0.656080 0.361070
vt 0.646520 0.360600
vt 0.650530 0.364100
vt 0.658370 0.390190
vt 0.658460 0.378500
vt 0.490390 0.436430
vt 0.493670 0.446130
vt 0.487190 0.446440
vt 0.494190 0.424830
vt 0.651480 0.385880
vt 0.646900 0.386840
vt 0.637870 0.384610
vt 0.642700 0.385090
vt 0.483490 0.461570
vt 0.477030 0.463040
vt 0.489100 0.456590
vt 0.589930 0.495620
vt 0.582930 0.483380
vt 0.600550 0.491010
vt 0.606180 0.485580
vt 0.587090 0.478140
vt 0.587980 0.464420
vt 0.617350 0.510320
vt 0.619610 0.501590
vt 0.650460 0.417600
vt 0.746610 0.360780
vt 0.751100 0.360650
vt 0.571450 0.525150
vt 0.568340 0.519350
vt 0.714660 0.288890
vt 0.718030 0.297200
vt 0.535260 0.500870
vt 0.535190 0.505180
vt 0.462130 0.432450
vt 0.454410 0.430950
vt 0.684360 0.285980
vt 0.648570 0.295520
vt 0.666490 0.282670
vt 0.450310 0.365210
vt 0.458870 0.362530
vt 0.464770 0.374240
vt 0.467580 0.365620
vt 0.571030 0.233180
vt 0.584570 0.245840
vt 0.578370 0.244780
vt 0.581570 0.239930
vt 0.456140 0.375340
vt 0.516030 0.491310
vt 0.524160 0.488800
vt 0.526340 0.494320
vt 0.521290 0.496690
vt 0.613950 0.539300
vt 0.732450 0.486300
vt 0.545500 0.323660
vt 0.542740 0.318970
vt 0.533980 0.307100
vt 0.484310 0.380910
vt 0.478310 0.386180
vt 0.544120 0.474520
vt 0.691520 0.263310
vt 0.704610 0.268600
vt 0.686560 0.263910
vt 0.711500 0.272300
vt 0.703280 0.257410
vt 0.702920 0.264600
vt 0.711620 0.264670
vt 0.685890 0.441810
vt 0.690480 0.447050
vt 0.675640 0.439600
vt 0.682040 0.434190
vt 0.682830 0.439680
vt 0.669940 0.438980
vt 0.675560 0.436580
vt 0.642600 0.430460
vt 0.489050 0.300360
vt 0.494200 0.304920
vt 0.499850 0.309770
vt 0.490690 0.316630
vt 0.563620 0.262510
vt 0.559430 0.267690
vt 0.549370 0.273530
vt 0.599800 0.417750
vt 0.578440 0.249610
vt 0.628770 0.404340
vt 0.634580 0.419000
vt 0.628560 0.415650
vt 0.562770 0.239910
vt 0.564810 0.243260
vt 0.636000 0.426220
vt 0.635470 0.434830
vt 0.630730 0.299530
vt 0.565130 0.233260
vt 0.636660 0.440310
vt 0.568620 0.241710
vt 0.572760 0.243390
vt 0.655640 0.374590
vt 0.663880 0.375330
vt 0.615300 0.381560
vt 0.623890 0.384690
vt 0.619790 0.388070
vt 0.756750 0.383800
vt 0.765070 0.385270
vt 0.766420 0.401030
vt 0.731520 0.442850
vt 0.725060 0.442990
vt 0.497670 0.269360
vt 0.487080 0.265400
vt 0.494540 0.258460
vt 0.596510 0.500250
vt 0.587760 0.515000
vt 0.604480 0.495940
vt 0.606100 0.502130
vt 0.500490 0.472310
vt 0.500710 0.478560
vt 0.499490 0.494660
vt 0.498800 0.456010
vt 0.496160 0.439500
vt 0.504330 0.468870
vt 0.616430 0.284230
vt 0.679850 0.259060
vt 0.678340 0.263170
vt 0.676840 0.357990
vt 0.661330 0.356530
vt 0.754010 0.373560
vt 0.750590 0.379130
vt 0.746010 0.375460
vt 0.499720 0.302070
vt 0.505130 0.312030
vt 0.537750 0.256570
vt 0.645380 0.236120
vt 0.742430 0.421040
vt 0.738170 0.428760
vt 0.525070 0.255110
vt 0.534720 0.421250
vt 0.531950 0.434300
vt 0.578660 0.272100
vt 0.586770 0.292270
vt 0.588800 0.283100
vt 0.643770 0.474830
vt 0.627180 0.476410
vt 0.618590 0.471160
vt 0.753830 0.453650
vt 0.746340 0.454070
vt 0.704200 0.462210
vt 0.667850 0.429500
vt 0.663760 0.433380
vt 0.434130 0.345290
vt 0.434290 0.332330
vt 0.437590 0.331910
vt 0.523230 0.292620
vt 0.512240 0.486370
vt 0.516760 0.479540
vt 0.519270 0.487590
vt 0.526080 0.484510
vt 0.607020 0.334600
vt 0.617060 0.323990
vt 0.602660 0.425700
vt 0.652280 0.468080
vt 0.589770 0.437920
vt 0.519080 0.426390
vt 0.524370 0.425340
vt 0.528090 0.431030
vt 0.516600 0.418090
vt 0.514430 0.421690
vt 0.664750 0.469550
vt 0.661870 0.453460
vt 0.658140 0.463890
vt 0.654620 0.458190
vt 0.642160 0.344480
vt 0.629910 0.342640
vt 0.638550 0.339570
vt 0.629830 0.337490
vt 0.645490 0.533340
vt 0.639030 0.526140
vt 0.623920 0.530410
vt 0.621320 0.518550
vt 0.615800 0.395800
vt 0.606310 0.388090
vt 0.703480 0.530440
vt 0.670560 0.245370
vt 0.669660 0.251540
vt 0.511490 0.339310
vt 0.513140 0.326140
vt 0.731730 0.391380
vt 0.733180 0.376060
vt 0.521230 0.413730
vt 0.549790 0.413070
vt 0.553110 0.416440
vt 0.555410 0.423390
vt 0.553560 0.486940
vt 0.495490 0.371990
vt 0.629070 0.400100
vt 0.503570 0.384820
vt 0.506280 0.393700
vt 0.683060 0.357860
vt 0.615040 0.238680
vt 0.526020 0.259620
vt 0.530610 0.252520
vt 0.548980 0.245180
vt 0.546140 0.250250
vt 0.537500 0.252010
vt 0.561270 0.524350
vt 0.572680 0.529070
vt 0.563030 0.532160
vt 0.680300 0.525290
vt 0.689450 0.518880
vt 0.531600 0.296030
vt 0.524410 0.296520
vt 0.701070 0.499080
vt 0.696640 0.504500
vt 0.693200 0.496550
vt 0.551270 0.491200
vt 0.544190 0.496290
vt 0.723200 0.505190
vt 0.692380 0.334520
vt 0.726630 0.328440
vt 0.690380 0.354350
vt 0.693340 0.348190
vt 0.646490 0.246250
vt 0.506140 0.465790
vt 0.641690 0.236000
vt 0.680000 0.487100
vt 0.685670 0.491800
vt 0.575840 0.239370
vt 0.744260 0.499740
vt 0.736170 0.500080
vt 0.740870 0.505780
vt 0.727360 0.521300
vt 0.739590 0.506670
vt 0.734620 0.510160
vt 0.741770 0.511800
vt 0.745920 0.506060
vt 0.732810 0.518640
vt 0.737740 0.516930
vt 0.585280 0.312930
vt 0.588980 0.305620
vt 0.582340 0.296550
vt 0.588780 0.299570
vt 0.582740 0.307740
vt 0.596370 0.530800
vt 0.607690 0.537630
vt 0.607690 0.542630
vt 0.461870 0.455060
vt 0.454750 0.443140
vt 0.461920 0.440880
vt 0.468520 0.433710
vt 0.484480 0.319090
vt 0.487880 0.313300
vt 0.677880 0.273480
vt 0.673200 0.266190
vt 0.667740 0.263470
vt 0.473860 0.411750
vt 0.467060 0.417520
vt 0.478580 0.413860
vt 0.464920 0.405810
vt 0.464420 0.412300
vt 0.473880 0.394540
vt 0.468190 0.399940
vt 0.467740 0.391910
vt 0.481310 0.401560
vt 0.475310 0.400130
vt 0.468550 0.291360
vt 0.479970 0.295120
vt 0.473560 0.300860
vt 0.609750 0.242790
vt 0.617700 0.245330
vt 0.546290 0.508220
vt 0.540620 0.504280
vt 0.543860 0.501960
vt 0.504320 0.362120
vt 0.701750 0.430040
vt 0.696650 0.423180
vt 0.700610 0.419110
vt 0.696250 0.412810
vt 0.634690 0.408020
vt 0.598720 0.548420
vt 0.502010 0.359350
vt 0.506470 0.353750
vt 0.503650 0.352740
vt 0.436240 0.358510
vt 0.758780 0.440590
vt 0.705880 0.320250
vt 0.660660 0.472410
vt 0.650730 0.458120
vt 0.654850 0.466660
vt 0.653830 0.453990
vt 0.646880 0.457590
vt 0.638020 0.446060
vt 0.645840 0.451180
vt 0.641140 0.452320
vt 0.646890 0.454280
vt 0.466300 0.288530
vt 0.462490 0.288300
vt 0.640150 0.294470
vt 0.652160 0.350210
vt 0.650740 0.355800
vt 0.589970 0.461120
vt 0.513320 0.409840
vt 0.524630 0.335550
vt 0.529000 0.412400
vt 0.684130 0.258970
vt 0.679480 0.253630
vt 0.683320 0.252360
vt 0.750050 0.410090
vt 0.566780 0.343700
vt 0.573470 0.333770
vt 0.572230 0.340200
vt 0.550160 0.367570
vt 0.567860 0.362660
vt 0.559700 0.365920
vt 0.483830 0.431920
vt 0.485270 0.440560
vt 0.483580 0.420620
vt 0.536880 0.278880
vt 0.500490 0.274860
vt 0.494870 0.283360
vt 0.493960 0.277880
vt 0.493400 0.272390
vt 0.605790 0.384900
vt 0.596730 0.377500
vt 0.622450 0.346870
vt 0.631340 0.261220
vt 0.505690 0.265380
vt 0.584210 0.272260
vt 0.582610 0.278920
vt 0.492140 0.376020
vt 0.504050 0.491470
vt 0.498050 0.485100
vt 0.506980 0.487340
vt 0.660310 0.278420
vt 0.617320 0.454020
vt 0.628870 0.452050
vt 0.631930 0.424380
vt 0.483230 0.269160
vt 0.477980 0.447610
vt 0.723170 0.297980
vt 0.698820 0.281500
vt 0.766130 0.373620
vt 0.668370 0.406710
vt 0.677380 0.399910
vt 0.682890 0.401160
vt 0.473840 0.365180
vt 0.588730 0.349650
vt 0.530410 0.292170
vt 0.440760 0.408420
vt 0.529430 0.491300
vt 0.535210 0.496500
vt 0.739910 0.343440
vt 0.530340 0.467060
vt 0.536050 0.465530
vt 0.526780 0.369840
vt 0.499470 0.501120
vt 0.505130 0.501330
vt 0.515290 0.404270
vt 0.509570 0.400250
vt 0.572360 0.464970
vt 0.559140 0.297920
vt 0.562650 0.307620
vt 0.555430 0.308860
vt 0.561190 0.455690
vt 0.567160 0.461380
vt 0.581890 0.502430
vt 0.583210 0.495670
vt 0.742980 0.382800
vt 0.738730 0.372830
vt 0.748070 0.383470
vt 0.735090 0.385840
vt 0.574230 0.438640
vt 0.648570 0.304240
vt 0.524400 0.451780
vt 0.515280 0.457870
vt 0.574080 0.346660
vt 0.579840 0.396090
vt 0.573800 0.397470
vt 0.753260 0.425110
vt 0.747590 0.416130
vt 0.635010 0.256900
vt 0.636760 0.454830
vt 0.721350 0.408400
vt 0.549650 0.504750
vt 0.470030 0.319850
vt 0.689500 0.367150
vt 0.563300 0.499160
vt 0.540750 0.461540
vt 0.602350 0.359200
vt 0.706220 0.439710
vt 0.539300 0.366550
vt 0.531380 0.377850
vt 0.656920 0.425430
vt 0.493590 0.330560
vt 0.499170 0.336730
vt 0.482380 0.342610
vt 0.714840 0.492880
vt 0.695960 0.449680
vt 0.698070 0.459120
vt 0.612580 0.349970
vt 0.690590 0.452760
vt 0.548770 0.390720
vt 0.523760 0.497330
vt 0.529770 0.498780
vt 0.747980 0.356660
vt 0.752110 0.353550
vt 0.496580 0.480550
vt 0.605030 0.294800
vt 0.614510 0.290410
vt 0.614490 0.297010
vt 0.610050 0.291440
vt 0.582540 0.528490
vt 0.752430 0.384420
vt 0.665320 0.254210
vt 0.497050 0.317420
vt 0.519440 0.522890
vt 0.651170 0.452310
vt 0.641760 0.382100
vt 0.620630 0.366970
vt 0.501340 0.341510
vt 0.473650 0.466640
vt 0.470310 0.470470
vt 0.476030 0.479330
vt 0.754870 0.432210
vt 0.757710 0.424700
vt 0.762810 0.432040
vt 0.554060 0.510290
vt 0.659810 0.320770
vt 0.634450 0.439770
vt 0.674070 0.525530
vt 0.737980 0.457460
vt 0.734460 0.457400
vt 0.588840 0.354150
vt 0.599550 0.340330
vt 0.491550 0.359530
vt 0.551800 0.340950
vt 0.562680 0.328280
vt 0.567060 0.336950
vt 0.494070 0.295450
vt 0.496350 0.298700
vt 0.455160 0.406130
vt 0.514740 0.352110
vt 0.508910 0.359250
vt 0.737570 0.378800
vt 0.538320 0.491780
vt 0.540620 0.487840
vt 0.472920 0.359520
vt 0.466970 0.359920
vt 0.708790 0.259570
vt 0.731590 0.471290
vt 0.722190 0.485050
vt 0.732060 0.477430
vt 0.664830 0.246580
vt 0.445730 0.338000
vt 0.551900 0.360430
vt 0.643830 0.516800
vt 0.621700 0.513550
vt 0.499660 0.388160
vt 0.461030 0.412200
vt 0.543270 0.469270
vt 0.624110 0.244620
vt 0.540910 0.437860
vt 0.665860 0.353580
vt 0.510710 0.411050
vt 0.507770 0.402160
vt 0.603810 0.546220
vt 0.564320 0.385470
vt 0.460710 0.422340
vt 0.509460 0.270950
vt 0.622130 0.400480
vt 0.624080 0.397170
vt 0.532600 0.527700
vt 0.557080 0.386540
vt 0.632460 0.279920
vt 0.630770 0.276960
vt 0.685400 0.307310
vt 0.553800 0.452910
vt 0.486030 0.499780
vt 0.686930 0.515020
vt 0.518820 0.528940
vt 0.531550 0.537940
vt 0.481540 0.489390
vt 0.578280 0.494200
vt 0.579010 0.480690
vt 0.580050 0.478040
vt 0.649430 0.414170
vt 0.723740 0.399420
vt 0.559420 0.442120
vt 0.555630 0.449360
vt 0.531740 0.416050
vt 0.535490 0.363910
vt 0.479080 0.340560
vt 0.612170 0.224720
vt 0.685850 0.447430
vt 0.557420 0.332980
vt 0.444070 0.367970
vt 0.663570 0.511160
vt 0.695500 0.465290
vt 0.620770 0.263100
vt 0.588040 0.327440
vt 0.642780 0.257620
vt 0.663740 0.271160
vt 0.498140 0.250690
vt 0.693700 0.362600
vt 0.682740 0.443230
vt 0.621110 0.239350
vt 0.659100 0.268320
vt 0.743650 0.358700
vt 0.545910 0.295100
vt 0.456860 0.313410
vt 0.452920 0.321280
vt 0.626460 0.334610
vt 0.636620 0.289110
vt 0.637450 0.230410
vt 0.644370 0.383460
vt 0.621120 0.395230
vt 0.664440 0.242180
s 1
f 1/1/1 2/2/2 3/3/3
f 4/4/4 5/5/5 6/6/6
f 7/7/7 8/8/8 9/9/9
f 10/10/10 11/11/11 12/12/12
f 13/13/13 14/14/14 15/15/15
f 16/16/16 17/17/17 18/18/18
f 19/19/19 20/20/20 21/21/21
f 22/22/22 23/23/23 24/24/24
f 25/25/25 26/26/26 27/27/27
f 28/28/28 29/29/29 30/30/30
f 31/31/31 32/32/32 33/33/33
f 34/34/34 35/35/35 36/36/36
f 37/37/37 38/38/38 39/39/39
f 40/40/40 41/41/41 42/42/42
f 43/43/43 44/44/44 45/45/45
f 46/46/46 47/47/47 48/48/48
f 49/49/49 50/50/50 51/51/51
f 52/52/52 53/53/53 54/54/54
f 55/55/55 56/56/56 57/57/57
f 58/58/58 59/59/59 60/60/60
f 61/61/61 56/56/56 62/62/62
f 63/63/63 64/64/64 65/65/65
f 66/66/66 67/67/67 68/68/68
f 69/69/69 70/70/70 71/71/71
f 72/72/72 73/73/73 74/74/74
f 75/75/75 76/76/76 77/77/77
f 78/78/78 79/79/79 80/80/80
f 81/81/81 82/82/82 83/83/83
f 84/84/84 85/85/85 15/15/15
f 86/86/86 87/87/87 88/88/88
f 89/89/89 90/90/90 91/91/91
f 92/92/92 93/93/93 94/94/94
f 95/95/95 96/96/96 97/97/97
f 98/98/98 99/99/99 100/100/100
f 101/101/101 102/102/102 103/103/103
f 104/104/104 105/105/105 106/106/106
f 107/107/107 108/108/108 109/109/109
f 110/110/110 111/111/111 112/112/112
f 113/113/113 114/114/114 115/115/115
f 116/116/116 117/117/117 118/118/118
f 119/119/119 120/120/120 121/121/121
f 122/122/122 123/123/123 124/124/124
f 125/125/125 118/118/118 126/126/126
f 127/127/127 128/128/128 129/129/129
f 130/130/130 131/131/131 132/132/132
f 133/133/133 134/134/134 135/135/135
f 136/136/136 137/137/137 138/138/138
f 139/139/139 140/140/140 141/141/141
f 142/142/142 143/143/143 144/144/144
f 145/145/145 146/146/146 147/147/147
f 148/148/148 149/149/149 150/150/150
f 151/151/151 152/152/152 153/153/153
f 154/154/154 155/155/155 156/156/156
f 157/157/157 75/75/75 158/158/158
f 159/159/159 160/160/160 161/161/161
f 162/162/162 163/163/163 164/164/164
f 165/165/165 166/166/166 167/167/167
f 168/168/168 169/169/169 170/170/170
f 171/171/171 172/172/172 173/173/173
f 174/174/174 175/175/175 176/176/176
f 1/1/1 3/3/3 177/177/177
f 178/178/178 179/179/179 180/180/180
f 181/181/181 182/182/182 183/183/183
f 184/184/184 185/185/185 186/186/186
f 187/187/187 188/188/188 189/189/189
f 190/190/190 191/191/191 192/192/192
f 193/193/193 194/194/194 195/195/195
f 196/196/196 197/197/197 198/198/198
f 199/199/199 200/200/200 201/201/201
f 202/202/202 4/4/4 203/203/203
f 204/204/204 205/205/205 206/206/206
f 207/207/207 208/208/208 209/209/209
f 210/210/210 211/211/211 212/212/212
f 213/213/213 214/214/214 215/215/215
f 16/16/16 18/18/18 216/216/216
f 217/217/217 218/218/218 219/219/219
f 114/114/114 218/218/218 115/115/115
f 220/220/220 221/221/221 222/222/222
f 223/223/223 38/38/38 224/224/224
f 149/149/149 225/225/225 226/226/226
f 227/227/227 228/228/228 229/229/229
f 230/230/230 231/231/231 232/232/232
f 233/233/233 234/234/234 235/235/235
f 236/236/236 237/237/237 238/238/238
f 239/239/239 49/49/49 51/51/51
f 240/240/240 241/241/241 242/242/242
f 243/243/243 244/244/244 245/245/245
f 246/246/246 247/247/247 248/248/248
f 249/249/249 250/250/250 251/251/251
f 252/252/252 253/253/253 254/254/254
f 255/255/255 256/256/256 257/257/257
f 258/258/258 259/259/259 260/260/260
f 261/261/261 262/262/262 200/200/200
f 263/263/263 127/127/127 264/264/264
f 265/265/265 266/266/266 267/267/267
f 268/268/268 269/269/269 270/270/270
f 271/271/271 272/272/272 273/273/273
f 274/274/274 95/95/95 275/275/275
f 276/276/276 277/277/277 278/278/278
f 279/279/279 280/280/280 281/281/281
f 265/265/265 282/282/282 283/283/283
f 284/284/284 285/285/285 286/286/286
f 287/287/287 288/288/288 289/289/289
f 290/290/290 291/291/291 292/292/292
f 293/293/293 294/294/294 295/295/295
f 296/296/296 297/297/297 298/298/298
f 299/299/299 300/300/300 301/301/301
f 142/142/142 144/144/144 302/302/302
f 303/303/303 304/304/304 305/305/305
f 306/306/306 307/307/307 12/12/12
f 307/307/307 308/308/308 309/309/309
f 310/310/310 20/20/20 311/311/311
f 312/312/312 313/313/313 314/314/314
f 315/315/315 101/101/101 103/103/103
f 251/251/251 250/250/250 316/316/316
f 317/317/317 318/318/318 319/319/319
f 320/320/320 321/321/321 322/322/322
f 323/323/323 324/324/324 325/325/325
f 326/326/326 327/327/327 163/163/163
f 328/328/328 233/233/233 329/329/329
f 330/330/330 331/331/331 332/332/332
f 333/333/333 38/38/38 223/223/223
f 334/334/334 335/335/335 336/336/336
f 337/337/337 338/338/338 339/339/339
f 340/340/340 341/341/341 342/342/342
f 343/343/343 344/344/344 345/345/345
f 346/346/346 347/347/347 348/348/348
f 349/349/349 350/350/350 351/351/351
f 352/352/352 353/353/353 354/354/354
f 78/78/78 355/355/355 356/356/356
f 357/357/357 113/113/113 115/115/115
f 358/358/358 326/326/326 359/359/359
f 360/360/360 361/361/361 362/362/362
f 244/244/244 243/243/243 363/363/363
f 227/227/227 168/168/168 228/228/228
f 364/364/364 365/365/365 366/366/366
f 367/367/367 204/204/204 368/368/368
f 179/179/179 369/369/369 370/370/370
f 371/371/371 372/372/372 373/373/373
f 165/165/165 374/374/374 166/166/166
f 374/374/374 141/141/141 375/375/375
f 376/376/376 36/36/36 377/377/377
f 378/378/378 367/367/367 379/379/379
f 256/256/256 380/380/380 257/257/257
f 381/381/381 260/260/260 382/382/382
f 383/383/383 384/384/384 385/385/385
f 386/386/386 387/387/387 388/388/388
f 389/389/389 390/390/390 391/391/391
f 38/38/38 37/37/37 224/224/224
f 147/147/147 146/146/146 392/392/392
f 393/393/393 394/394/394 395/395/395
f 396/396/396 397/397/397 398/398/398
f 399/399/399 400/400/400 401/401/401
f 402/402/402 403/403/403 404/404/404
f 405/405/405 107/107/107 109/109/109
f 265/265/265 406/406/406 282/282/282
f 407/407/407 408/408/408 409/409/409
f 410/410/410 408/408/408 99/99/99
f 411/411/411 412/412/412 413/413/413
f 414/414/414 415/415/415 416/416/416
f 417/417/417 319/319/319 318/318/318
f 122/122/122 418/418/418 123/123/123
f 419/419/419 420/420/420 421/421/421
f 155/155/155 422/422/422 423/423/423
f 424/424/424 425/425/425 426/426/426
f 427/427/427 428/428/428 429/429/429
f 424/424/424 427/427/427 429/429/429
f 421/421/421 420/420/420 430/430/430
f 431/431/431 71/71/71 70/70/70
f 432/432/432 433/433/433 434/434/434
f 422/422/422 435/435/435 436/436/436
f 437/437/437 438/438/438 426/426/426
f 439/439/439 75/75/75 157/157/157
f 440/440/440 441/441/441 442/442/442
f 443/443/443 439/439/439 444/444/444
f 192/192/192 445/445/445 446/446/446
f 7/7/7 9/9/9 447/447/447
f 448/448/448 449/449/449 450/450/450
f 451/451/451 452/452/452 453/453/453
f 454/454/454 455/455/455 456/456/456
f 457/457/457 458/458/458 459/459/459
f 297/297/297 286/286/286 460/460/460
f 461/461/461 462/462/462 463/463/463
f 464/464/464 465/465/465 466/466/466
f 182/182/182 467/467/467 468/468/468
f 469/469/469 6/6/6 470/470/470
f 6/6/6 469/469/469 471/471/471
f 472/472/472 473/473/473 474/474/474
f 475/475/475 476/476/476 477/477/477
f 478/478/478 479/479/479 480/480/480
f 481/481/481 482/482/482 483/483/483
f 479/479/479 484/484/484 485/485/485
f 486/486/486 398/398/398 487/487/487
f 488/488/488 489/489/489 490/490/490
f 491/491/491 492/492/492 493/493/493
f 494/494/494 495/495/495 274/274/274
f 496/496/496 296/296/296 497/497/497
f 488/488/488 448/448/448 498/498/498
f 450/450/450 499/499/499 448/448/448
f 500/500/500 501/501/501 502/502/502
f 503/503/503 504/504/504 505/505/505
f 506/506/506 507/507/507 508/508/508
f 509/509/509 194/194/194 193/193/193
f 510/510/510 12/12/12 511/511/511
f 512/512/512 513/513/513 514/514/514
f 515/515/515 516/516/516 188/188/188
f 517/517/517 34/34/34 518/518/518
f 519/519/519 151/151/151 520/520/520
f 521/521/521 522/522/522 523/523/523
f 524/524/524 322/322/322 321/321/321
f 524/524/524 525/525/525 526/526/526
f 527/527/527 528/528/528 529/529/529
f 530/530/530 218/218/218 531/531/531
f 208/208/208 532/532/532 209/209/209
f 533/533/533 534/534/534 535/535/535
f 222/222/222 221/221/221 536/536/536
f 537/537/537 538/538/538 539/539/539
f 540/540/540 87/87/87 86/86/86
f 541/541/541 501/501/501 500/500/500
f 89/89/89 91/91/91 28/28/28
f 336/336/336 335/335/335 542/542/542
f 543/543/543 544/544/544 545/545/545
f 546/546/546 547/547/547 548/548/548
f 549/549/549 550/550/550 551/551/551
f 552/552/552 553/553/553 554/554/554
f 555/555/555 556/556/556 557/557/557
f 558/558/558 559/559/559 560/560/560
f 561/561/561 562/562/562 563/563/563
f 564/564/564 565/565/565 566/566/566
f 27/27/27 567/567/567 568/568/568
f 569/569/569 570/570/570 571/571/571
f 572/572/572 573/573/573 574/574/574
f 575/575/575 364/364/364 366/366/366
f 576/576/576 574/574/574 573/573/573
f 577/577/577 578/578/578 579/579/579
f 378/378/378 580/580/580 367/367/367
f 581/581/581 582/582/582 583/583/583
f 584/584/584 585/585/585 586/586/586
f 587/587/587 126/126/126 588/588/588
f 589/589/589 590/590/590 187/187/187
f 187/187/187 515/515/515 188/188/188
f 591/591/591 592/592/592 593/593/593
f 594/594/594 595/595/595 596/596/596
f 597/597/597 598/598/598 599/599/599
f 600/600/600 601/601/601 602/602/602
f 603/603/603 138/138/138 137/137/137
f 604/604/604 221/221/221 605/605/605
f 606/606/606 607/607/607 608/608/608
f 608/608/608 609/609/609 214/214/214
f 420/420/420 610/610/610 611/611/611
f 612/612/612 613/613/613 614/614/614
f 615/615/615 464/464/464 466/466/466
f 616/616/616 617/617/617 618/618/618
f 619/619/619 620/620/620 621/621/621
f 181/181/181 622/622/622 182/182/182
f 623/623/623 329/329/329 624/624/624
f 625/625/625 626/626/626 627/627/627
f 628/628/628 629/629/629 630/630/630
f 488/488/488 631/631/631 489/489/489
f 626/626/626 629/629/629 632/632/632
f 633/633/633 483/483/483 482/482/482
f 633/633/633 634/634/634 635/635/635
f 636/636/636 518/518/518 637/637/637
f 638/638/638 639/639/639 640/640/640
f 641/641/641 642/642/642 643/643/643
f 644/644/644 645/645/645 646/646/646
f 647/647/647 168/168/168 227/227/227
f 648/648/648 649/649/649 25/25/25
f 290/290/290 406/406/406 650/650/650
f 651/651/651 290/290/290 652/652/652
f 39/39/39 653/653/653 654/654/654
f 655/655/655 653/653/653 656/656/656
f 655/655/655 129/129/129 128/128/128
f 655/655/655 657/657/657 653/653/653
f 597/597/597 599/599/599 658/658/658
f 396/396/396 659/659/659 397/397/397
f 486/486/486 487/487/487 485/485/485
f 660/660/660 120/120/120 119/119/119
f 149/149/149 226/226/226 150/150/150
f 68/68/68 661/661/661 662/662/662
f 663/663/663 98/98/98 664/664/664
f 280/280/280 665/665/665 281/281/281
f 206/206/206 666/666/666 667/667/667
f 668/668/668 669/669/669 670/670/670
f 671/671/671 672/672/672 669/669/669
f 673/673/673 674/674/674 675/675/675
f 674/674/674 676/676/676 677/677/677
f 678/678/678 348/348/348 347/347/347
f 679/679/679 680/680/680 681/681/681
f 441/441/441 419/419/419 421/421/421
f 682/682/682 438/438/438 683/683/683
f 684/684/684 685/685/685 153/153/153
f 686/686/686 687/687/687 688/688/688
f 687/687/687 401/401/401 688/688/688
f 689/689/689 690/690/690 691/691/691
f 692/692/692 156/156/156 693/693/693
f 694/694/694 695/695/695 696/696/696
f 697/697/697 698/698/698 699/699/699
f 700/700/700 701/701/701 702/702/702
f 32/32/32 31/31/31 703/703/703
f 520/520/520 704/704/704 519/519/519
f 612/612/612 705/705/705 706/706/706
f 669/669/669 672/672/672 707/707/707
f 593/593/593 600/600/600 180/180/180
f 593/593/593 708/708/708 600/600/600
f 295/295/295 294/294/294 709/709/709
f 2/2/2 710/710/710 711/711/711
f 712/712/712 175/175/175 623/623/623
f 713/713/713 714/714/714 715/715/715
f 716/716/716 370/370/370 717/717/717
f 718/718/718 719/719/719 720/720/720
f 549/549/549 551/551/551 566/566/566
f 721/721/721 722/722/722 723/723/723
f 724/724/724 503/503/503 725/725/725
f 726/726/726 727/727/727 728/728/728
f 729/729/729 85/85/85 84/84/84
f 209/209/209 730/730/730 731/731/731
f 433/433/433 432/432/432 340/340/340
f 732/732/732 630/630/630 148/148/148
f 733/733/733 734/734/734 735/735/735
f 511/511/511 736/736/736 510/510/510
f 357/357/357 737/737/737 738/738/738
f 574/574/574 739/739/739 740/740/740
f 262/262/262 270/270/270 200/200/200
f 73/73/73 523/523/523 74/74/74
f 438/438/438 682/682/682 523/523/523
f 74/74/74 741/741/741 742/742/742
f 428/428/428 743/743/743 744/744/744
f 745/745/745 746/746/746 747/747/747
f 537/537/537 748/748/748 749/749/749
f 750/750/750 751/751/751 752/752/752
f 407/407/407 753/753/753 754/754/754
f 753/753/753 755/755/755 756/756/756
f 253/253/253 757/757/757 758/758/758
f 759/759/759 544/544/544 543/543/543
f 760/760/760 761/761/761 311/311/311
f 231/231/231 125/125/125 762/762/762
f 763/763/763 764/764/764 765/765/765
f 766/766/766 292/292/292 291/291/291
f 767/767/767 107/107/107 405/405/405
f 768/768/768 277/277/277 276/276/276
f 769/769/769 88/88/88 770/770/770
f 182/182/182 771/771/771 467/467/467
f 772/772/772 771/771/771 182/182/182
f 286/286/286 773/773/773 460/460/460
f 104/104/104 774/774/774 105/105/105
f 775/775/775 243/243/243 776/776/776
f 212/212/212 85/85/85 777/777/777
f 778/778/778 596/596/596 779/779/779
f 715/715/715 780/780/780 713/713/713
f 781/781/781 782/782/782 783/783/783
f 784/784/784 266/266/266 572/572/572
f 785/785/785 45/45/45 786/786/786
f 268/268/268 786/786/786 787/787/787
f 788/788/788 548/548/548 789/789/789
f 549/549/549 790/790/790 550/550/550
f 791/791/791 242/242/242 792/792/792
f 793/793/793 562/562/562 561/561/561
f 794/794/794 795/795/795 796/796/796
f 588/588/588 797/797/797 587/587/587
f 147/147/147 392/392/392 798/798/798
f 799/799/799 800/800/800 801/801/801
f 567/567/567 788/788/788 789/789/789
f 58/58/58 60/60/60 802/802/802
f 803/803/803 804/804/804 23/23/23
f 805/805/805 806/806/806 807/807/807
f 83/83/83 82/82/82 808/808/808
f 82/82/82 568/568/568 564/564/564
f 809/809/809 810/810/810 811/811/811
f 23/23/23 804/804/804 812/812/812
f 735/735/735 734/734/734 813/813/813
f 814/814/814 810/810/810 809/809/809
f 815/815/815 816/816/816 797/797/797
f 811/811/811 805/805/805 807/807/807
f 817/817/817 818/818/818 819/819/819
f 17/17/17 16/16/16 820/820/820
f 821/821/821 805/805/805 811/811/811
f 822/822/822 823/823/823 824/824/824
f 825/825/825 826/826/826 360/360/360
f 606/606/606 827/827/827 819/819/819
f 828/828/828 829/829/829 830/830/830
f 831/831/831 832/832/832 833/833/833
f 834/834/834 309/309/309 308/308/308
f 309/309/309 834/834/834 835/835/835
f 253/253/253 836/836/836 757/757/757
f 592/592/592 591/591/591 779/779/779
f 598/598/598 837/837/837 838/838/838
f 839/839/839 840/840/840 313/313/313
f 435/435/435 840/840/840 522/522/522
f 791/791/791 841/841/841 842/842/842
f 841/841/841 53/53/53 569/569/569
f 843/843/843 683/683/683 844/844/844
f 845/845/845 846/846/846 536/536/536
f 242/242/242 847/847/847 792/792/792
f 47/47/47 848/848/848 849/849/849
f 106/106/106 286/286/286 285/285/285
f 287/287/287 750/750/750 288/288/288
f 850/850/850 851/851/851 91/91/91
f 852/852/852 851/851/851 853/853/853
f 603/603/603 137/137/137 854/854/854
f 855/855/855 856/856/856 857/857/857
f 851/851/851 852/852/852 858/858/858
f 30/30/30 29/29/29 852/852/852
f 454/454/454 456/456/456 859/859/859
f 860/860/860 861/861/861 862/862/862
f 863/863/863 759/759/759 32/32/32
f 863/863/863 32/32/32 703/703/703
f 864/864/864 410/410/410 69/69/69
f 552/552/552 305/305/305 553/553/553
f 865/865/865 403/403/403 866/866/866
f 199/199/199 201/201/201 867/867/867
f 4/4/4 6/6/6 203/203/203
f 868/868/868 289/289/289 651/651/651
f 868/868/868 869/869/869 289/289/289
f 440/440/440 442/442/442 870/870/870
f 443/443/443 356/356/356 439/439/439
f 871/871/871 872/872/872 52/52/52
f 562/562/562 873/873/873 563/563/563
f 872/872/872 874/874/874 52/52/52
f 871/871/871 875/875/875 876/876/876
f 53/53/53 570/570/570 569/569/569
f 877/877/877 874/874/874 872/872/872
f 878/878/878 174/174/174 879/879/879
f 880/880/880 881/881/881 882/882/882
f 330/330/330 542/542/542 335/335/335
f 883/883/883 233/233/233 884/884/884
f 885/885/885 757/757/757 123/123/123
f 886/886/886 296/296/296 496/496/496
f 887/887/887 888/888/888 889/889/889
f 36/36/36 35/35/35 890/890/890
f 891/891/891 583/583/583 892/892/892
f 117/117/117 627/627/627 823/823/823
f 219/219/219 317/317/317 217/217/217
f 172/172/172 893/893/893 173/173/173
f 894/894/894 855/855/855 4/4/4
f 855/855/855 894/894/894 856/856/856
f 895/895/895 896/896/896 897/897/897
f 252/252/252 254/254/254 763/763/763
f 722/722/722 721/721/721 898/898/898
f 636/636/636 637/637/637 899/899/899
f 896/896/896 254/254/254 900/900/900
f 901/901/901 900/900/900 758/758/758
f 848/848/848 256/256/256 255/255/255
f 388/388/388 387/387/387 902/902/902
f 721/721/721 603/603/603 903/903/903
f 417/417/417 111/111/111 110/110/110
f 418/418/418 122/122/122 904/904/904
f 721/721/721 903/903/903 898/898/898
f 202/202/202 905/905/905 906/906/906
f 803/803/803 907/907/907 810/810/810
f 816/816/816 908/908/908 797/797/797
f 626/626/626 909/909/909 629/629/629
f 492/492/492 910/910/910 911/911/911
f 912/912/912 913/913/913 914/914/914
f 915/915/915 614/614/614 613/613/613
f 916/916/916 304/304/304 303/303/303
f 917/917/917 918/918/918 919/919/919
f 806/806/806 733/733/733 735/735/735
f 627/627/627 626/626/626 632/632/632
f 920/920/920 21/21/21 828/828/828
f 155/155/155 921/921/921 422/422/422
f 922/922/922 920/920/920 828/828/828
f 923/923/923 835/835/835 834/834/834
f 924/924/924 610/610/610 925/925/925
f 452/452/452 926/926/926 453/453/453
f 927/927/927 928/928/928 216/216/216
f 610/610/610 929/929/929 611/611/611
f 476/476/476 475/475/475 930/930/930
f 380/380/380 347/347/347 257/257/257
f 931/931/931 932/932/932 558/558/558
f 350/350/350 346/346/346 348/348/348
f 801/801/801 800/800/800 933/933/933
f 934/934/934 23/23/23 812/812/812
f 935/935/935 936/936/936 937/937/937
f 935/935/935 913/913/913 912/912/912
f 117/117/117 625/625/625 627/627/627
f 41/41/41 888/888/888 938/938/938
f 576/576/576 939/939/939 574/574/574
f 188/188/188 940/940/940 376/376/376
f 188/188/188 376/376/376 189/189/189
f 941/941/941 354/354/354 353/353/353
f 614/614/614 915/915/915 466/466/466
f 302/302/302 942/942/942 943/943/943
f 944/944/944 94/94/94 93/93/93
f 516/516/516 940/940/940 188/188/188
f 945/945/945 509/509/509 946/946/946
f 158/158/158 75/75/75 946/946/946
f 581/581/581 947/947/947 582/582/582
f 948/948/948 665/665/665 949/949/949
f 950/950/950 511/511/511 951/951/951
f 694/694/694 952/952/952 11/11/11
f 320/320/320 293/293/293 295/295/295
f 953/953/953 755/755/755 954/954/954
f 916/916/916 303/303/303 177/177/177
f 557/557/557 552/552/552 955/955/955
f 955/955/955 555/555/555 557/557/557
f 55/55/55 164/164/164 56/56/56
f 956/956/956 584/584/584 234/234/234
f 957/957/957 584/584/584 956/956/956
f 691/691/691 958/958/958 959/959/959
f 462/462/462 461/461/461 960/960/960
f 40/40/40 271/271/271 273/273/273
f 273/273/273 379/379/379 961/961/961
f 962/962/962 963/963/963 964/964/964
f 964/964/964 963/963/963 965/965/965
f 966/966/966 540/540/540 86/86/86
f 393/393/393 385/385/385 394/394/394
f 645/645/645 393/393/393 646/646/646
f 642/642/642 967/967/967 393/393/393
f 802/802/802 60/60/60 528/528/528
f 219/219/219 968/968/968 317/317/317
f 950/950/950 737/737/737 969/969/969
f 970/970/970 546/546/546 548/548/548
f 802/802/802 528/528/528 527/527/527
f 971/971/971 972/972/972 973/973/973
f 974/974/974 972/972/972 971/971/971
f 950/950/950 738/738/738 737/737/737
f 939/939/939 577/577/577 888/888/888
f 108/108/108 577/577/577 579/579/579
f 820/820/820 224/224/224 17/17/17
f 17/17/17 975/975/975 18/18/18
f 162/162/162 164/164/164 976/976/976
f 977/977/977 978/978/978 979/979/979
f 980/980/980 981/981/981 982/982/982
f 982/982/982 983/983/983 645/645/645
f 759/759/759 984/984/984 544/544/544
f 985/985/985 986/986/986 987/987/987
f 636/636/636 202/202/202 203/203/203
f 202/202/202 636/636/636 899/899/899
f 491/491/491 988/988/988 171/171/171
f 173/173/173 989/989/989 171/171/171
f 990/990/990 340/340/340 342/342/342
f 991/991/991 559/559/559 992/992/992
f 786/786/786 993/993/993 787/787/787
f 269/269/269 572/572/572 994/994/994
f 995/995/995 142/142/142 302/302/302
f 995/995/995 771/771/771 996/996/996
f 945/945/945 973/973/973 972/972/972
f 972/972/972 997/997/997 945/945/945
f 195/195/195 194/194/194 998/998/998
f 999/999/999 1000/1000/1000 190/190/190
f 355/355/355 1001/1001/1001 870/870/870
f 155/155/155 423/423/423 156/156/156
f 1002/1002/1002 652/652/652 656/656/656
f 131/131/131 265/265/265 267/267/267
f 114/114/114 696/696/696 695/695/695
f 698/698/698 547/547/547 699/699/699
f 1003/1003/1003 117/117/117 116/116/116
f 988/988/988 491/491/491 493/493/493
f 1004/1004/1004 1005/1005/1005 37/37/37
f 655/655/655 128/128/128 657/657/657
f 933/933/933 147/147/147 1006/1006/1006
f 934/934/934 145/145/145 147/147/147
f 1007/1007/1007 659/659/659 396/396/396
f 483/483/483 633/633/633 635/635/635
f 1008/1008/1008 1009/1009/1009 940/940/940
f 1010/1010/1010 1011/1011/1011 1012/1012/1012
f 1013/1013/1013 1014/1014/1014 1015/1015/1015
f 839/839/839 1013/1013/1013 840/840/840
f 307/307/307 339/339/339 338/338/338
f 544/544/544 1016/1016/1016 1017/1017/1017
f 687/687/687 686/686/686 1018/1018/1018
f 1019/1019/1019 1018/1018/1018 686/686/686
f 1020/1020/1020 61/61/61 62/62/62
f 1021/1021/1021 1022/1022/1022 1020/1020/1020
f 440/440/440 870/870/870 1023/1023/1023
f 1024/1024/1024 440/440/440 1023/1023/1023
f 431/431/431 1025/1025/1025 432/432/432
f 1025/1025/1025 661/661/661 68/68/68
f 369/369/369 1026/1026/1026 1027/1027/1027
f 1028/1028/1028 1029/1029/1029 140/140/140
f 401/401/401 400/400/400 688/688/688
f 866/866/866 199/199/199 867/867/867
f 589/589/589 187/187/187 271/271/271
f 887/887/887 296/296/296 886/886/886
f 479/479/479 1030/1030/1030 351/351/351
f 479/479/479 485/485/485 487/487/487
f 1031/1031/1031 216/216/216 430/430/430
f 507/507/507 506/506/506 76/76/76
f 1030/1030/1030 479/479/479 487/487/487
f 1030/1030/1030 487/487/487 1032/1032/1032
f 339/339/339 1033/1033/1033 1034/1034/1034
f 57/57/57 56/56/56 61/61/61
f 905/905/905 854/854/854 1035/1035/1035
f 1035/1035/1035 854/854/854 137/137/137
f 180/180/180 179/179/179 716/716/716
f 179/179/179 370/370/370 716/716/716
f 966/966/966 86/86/86 642/642/642
f 641/641/641 121/121/121 642/642/642
f 663/663/663 1036/1036/1036 1037/1037/1037
f 69/69/69 410/410/410 99/99/99
f 1037/1037/1037 1036/1036/1036 1038/1038/1038
f 1039/1039/1039 67/67/67 66/66/66
f 68/68/68 662/662/662 66/66/66
f 661/661/661 1040/1040/1040 1041/1041/1041
f 1042/1042/1042 1038/1038/1038 1043/1043/1043
f 662/662/662 1044/1044/1044 66/66/66
f 1042/1042/1042 1041/1041/1041 1040/1040/1040
f 1041/1041/1041 1045/1045/1045 1044/1044/1044
f 8/8/8 1046/1046/1046 1047/1047/1047
f 665/665/665 948/948/948 1048/1048/1048
f 311/311/311 761/761/761 310/310/310
f 921/921/921 312/312/312 314/314/314
f 948/948/948 949/949/949 277/277/277
f 1047/1047/1047 277/277/277 768/768/768
f 1049/1049/1049 1050/1050/1050 1048/1048/1048
f 196/196/196 279/279/279 1048/1048/1048
f 45/45/45 44/44/44 673/673/673
f 209/209/209 731/731/731 533/533/533
f 760/760/760 1051/1051/1051 761/761/761
f 704/704/704 1052/1052/1052 1053/1053/1053
f 1054/1054/1054 1055/1055/1055 1056/1056/1056
f 362/362/362 1057/1057/1057 604/604/604
f 767/767/767 1058/1058/1058 107/107/107
f 1059/1059/1059 887/887/887 889/889/889
f 1060/1060/1060 1061/1061/1061 562/562/562
f 932/932/932 1062/1062/1062 558/558/558
f 1063/1063/1063 222/222/222 1064/1064/1064
f 222/222/222 1065/1065/1065 220/220/220
f 334/334/334 1066/1066/1066 1067/1067/1067
f 30/30/30 334/334/334 336/336/336
f 1068/1068/1068 1069/1069/1069 1070/1070/1070
f 334/334/334 1070/1070/1070 1069/1069/1069
f 1071/1071/1071 869/869/869 39/39/39
f 1068/1068/1068 1072/1072/1072 1069/1069/1069
f 1073/1073/1073 1074/1074/1074 525/525/525
f 525/525/525 1075/1075/1075 299/299/299
f 886/886/886 496/496/496 1074/1074/1074
f 1075/1075/1075 525/525/525 1074/1074/1074
f 741/741/741 685/685/685 742/742/742
f 1015/1015/1015 741/741/741 1013/1013/1013
f 1076/1076/1076 659/659/659 1007/1007/1007
f 1077/1077/1077 1076/1076/1076 1007/1007/1007
f 521/521/521 435/435/435 522/522/522
f 1078/1078/1078 1079/1079/1079 1080/1080/1080
f 5/5/5 472/472/472 474/474/474
f 633/633/633 472/472/472 5/5/5
f 165/165/165 167/167/167 796/796/796
f 624/624/624 796/796/796 167/167/167
f 1081/1081/1081 130/130/130 132/132/132
f 783/783/783 784/784/784 781/781/781
f 1082/1082/1082 1083/1083/1083 1084/1084/1084
f 1085/1085/1085 622/622/622 181/181/181
f 901/901/901 758/758/758 885/885/885
f 885/885/885 758/758/758 757/757/757
f 1086/1086/1086 1003/1003/1003 116/116/116
f 765/765/765 1086/1086/1086 125/125/125
f 153/153/153 152/152/152 1087/1087/1087
f 131/131/131 267/267/267 1088/1088/1088
f 1089/1089/1089 1088/1088/1088 1090/1090/1090
f 1091/1091/1091 958/958/958 691/691/691
f 850/850/850 690/690/690 689/689/689
f 668/668/668 670/670/670 1092/1092/1092
f 1027/1027/1027 714/714/714 713/713/713
f 1026/1026/1026 1093/1093/1093 1027/1027/1027
f 1093/1093/1093 714/714/714 1027/1027/1027
f 621/621/621 241/241/241 240/240/240
f 990/990/990 544/544/544 340/340/340
f 433/433/433 340/340/340 544/544/544
f 1094/1094/1094 513/513/513 512/512/512
f 1095/1095/1095 978/978/978 1096/1096/1096
f 977/977/977 163/163/163 162/162/162
f 977/977/977 162/162/162 976/976/976
f 1097/1097/1097 359/359/359 977/977/977
f 1098/1098/1098 737/737/737 357/357/357
f 1099/1099/1099 1100/1100/1100 1101/1101/1101
f 1101/1101/1101 1100/1100/1100 1102/1102/1102
f 524/524/524 1073/1073/1073 525/525/525
f 325/325/325 1103/1103/1103 1104/1104/1104
f 902/902/902 387/387/387 1105/1105/1105
f 394/394/394 385/385/385 384/384/384
f 1106/1106/1106 980/980/980 146/146/146
f 732/732/732 1107/1107/1107 630/630/630
f 530/530/530 1108/1108/1108 547/547/547
f 547/547/547 1108/1108/1108 699/699/699
f 1094/1094/1094 1096/1096/1096 978/978/978
f 511/511/511 950/950/950 736/736/736
f 161/161/161 13/13/13 15/15/15
f 246/246/246 248/248/248 245/245/245
f 160/160/160 13/13/13 161/161/161
f 972/972/972 1109/1109/1109 997/997/997
f 402/402/402 262/262/262 261/261/261
f 1110/1110/1110 785/785/785 786/786/786
f 247/247/247 159/159/159 248/248/248
f 1111/1111/1111 997/997/997 159/159/159
f 1112/1112/1112 932/932/932 931/931/931
f 1112/1112/1112 1113/1113/1113 1114/1114/1114
f 159/159/159 247/247/247 1111/1111/1111
f 509/509/509 945/945/945 194/194/194
f 415/415/415 1115/1115/1115 416/416/416
f 144/144/144 942/942/942 302/302/302
f 544/544/544 984/984/984 63/63/63
f 208/208/208 1116/1116/1116 532/532/532
f 500/500/500 447/447/447 541/541/541
f 7/7/7 447/447/447 1117/1117/1117
f 1116/1116/1116 208/208/208 1118/1118/1118
f 51/51/51 50/50/50 596/596/596
f 778/778/778 51/51/51 596/596/596
f 85/85/85 729/729/729 1119/1119/1119
f 1120/1120/1120 1121/1121/1121 504/504/504
f 1122/1122/1122 1123/1123/1123 604/604/604
f 360/360/360 819/819/819 827/827/827
f 818/818/818 927/927/927 606/606/606
f 606/606/606 819/819/819 818/818/818
f 1122/1122/1122 817/817/817 1123/1123/1123
f 1124/1124/1124 223/223/223 1122/1122/1122
f 189/189/189 1125/1125/1125 273/273/273
f 272/272/272 189/189/189 273/273/273
f 377/377/377 892/892/892 1125/1125/1125
f 580/580/580 892/892/892 583/583/583
f 187/187/187 590/590/590 1126/1126/1126
f 1127/1127/1127 590/590/590 494/494/494
f 617/617/617 620/620/620 619/619/619
f 395/395/395 46/46/46 48/48/48
f 316/316/316 317/317/317 968/968/968
f 317/317/317 316/316/316 318/318/318
f 590/590/590 1128/1128/1128 1126/1126/1126
f 1128/1128/1128 275/275/275 1129/1129/1129
f 798/798/798 392/392/392 617/617/617
f 646/646/646 393/393/393 395/395/395
f 169/169/169 448/448/448 170/170/170
f 1130/1130/1130 1131/1131/1131 490/490/490
f 980/980/980 148/148/148 981/981/981
f 1132/1132/1132 148/148/148 150/150/150
f 423/423/423 78/78/78 156/156/156
f 156/156/156 78/78/78 80/80/80
f 472/472/472 345/345/345 473/473/473
f 348/348/348 678/678/678 1133/1133/1133
f 917/917/917 184/184/184 1134/1134/1134
f 1126/1126/1126 1128/1128/1128 1129/1129/1129
f 29/29/29 28/28/28 91/91/91
f 851/851/851 858/858/858 91/91/91
f 768/768/768 8/8/8 1047/1047/1047
f 87/87/87 8/8/8 88/88/88
f 258/258/258 1135/1135/1135 259/259/259
f 949/949/949 665/665/665 1136/1136/1136
f 775/775/775 363/363/363 243/243/243
f 25/25/25 82/82/82 81/81/81
f 821/821/821 816/816/816 815/815/815
f 126/126/126 118/118/118 815/815/815
f 868/868/868 651/651/651 1137/1137/1137
f 1002/1002/1002 651/651/651 652/652/652
f 705/705/705 612/612/612 943/943/943
f 943/943/943 942/942/942 412/412/412
f 1138/1138/1138 1139/1139/1139 1140/1140/1140
f 962/962/962 859/859/859 456/456/456
f 848/848/848 1141/1141/1141 849/849/849
f 1141/1141/1141 1061/1061/1061 849/849/849
f 42/42/42 589/589/589 271/271/271
f 42/42/42 271/271/271 40/40/40
f 217/217/217 1142/1142/1142 218/218/218
f 110/110/110 112/112/112 1143/1143/1143
f 1144/1144/1144 901/901/901 318/318/318
f 896/896/896 1144/1144/1144 897/897/897
f 93/93/93 92/92/92 638/638/638
f 882/882/882 881/881/881 623/623/623
f 328/328/328 329/329/329 623/623/623
f 20/20/20 19/19/19 834/834/834
f 20/20/20 987/987/987 311/311/311
f 1145/1145/1145 1129/1129/1129 275/275/275
f 97/97/97 324/324/324 323/323/323
f 604/604/604 1146/1146/1146 362/362/362
f 1146/1146/1146 604/604/604 1123/1123/1123
f 715/715/715 239/239/239 780/780/780
f 841/841/841 569/569/569 1147/1147/1147
f 275/275/275 323/323/323 1145/1145/1145
f 791/791/791 792/792/792 841/841/841
f 52/52/52 54/54/54 1148/1148/1148
f 935/935/935 1149/1149/1149 913/913/913
f 1150/1150/1150 1151/1151/1151 586/586/586
f 586/586/586 1151/1151/1151 1152/1152/1152
f 587/587/587 797/797/797 799/799/799
f 797/797/797 22/22/22 24/24/24
f 750/750/750 853/853/853 1153/1153/1153
f 766/766/766 291/291/291 285/285/285
f 1154/1154/1154 502/502/502 501/501/501
f 501/501/501 541/541/541 540/540/540
f 1155/1155/1155 367/367/367 368/368/368
f 1019/1019/1019 1155/1155/1155 1018/1018/1018
f 846/846/846 1056/1056/1056 1055/1055/1055
f 1156/1156/1156 332/332/332 1055/1055/1055
f 860/860/860 1157/1157/1157 861/861/861
f 437/437/437 844/844/844 438/438/438
f 1079/1079/1079 1158/1158/1158 1080/1080/1080
f 1158/1158/1158 843/843/843 437/437/437
f 370/370/370 713/713/713 717/717/717
f 778/778/778 779/779/779 1159/1159/1159
f 441/441/441 1160/1160/1160 1161/1161/1161
f 421/421/421 430/430/430 75/75/75
f 728/728/728 727/727/727 169/169/169
f 1154/1154/1154 449/449/449 502/502/502
f 835/835/835 923/923/923 922/922/922
f 831/831/831 11/11/11 10/10/10
f 812/812/812 1107/1107/1107 934/934/934
f 809/809/809 813/813/813 814/814/814
f 333/333/333 1071/1071/1071 38/38/38
f 1071/1071/1071 39/39/39 38/38/38
f 1162/1162/1162 128/128/128 127/127/127
f 533/533/533 731/731/731 534/534/534
f 1063/1063/1063 1065/1065/1065 222/222/222
f 1065/1065/1065 537/537/537 749/749/749
f 743/743/743 1163/1163/1163 1164/1164/1164
f 926/926/926 1164/1164/1164 1163/1163/1163
f 978/978/978 977/977/977 976/976/976
f 978/978/978 976/976/976 1094/1094/1094
f 390/390/390 1005/1005/1005 1004/1004/1004
f 1165/1165/1165 1109/1109/1109 1166/1166/1166
f 1167/1167/1167 701/701/701 700/700/700
f 692/692/692 693/693/693 700/700/700
f 401/401/401 687/687/687 1168/1168/1168
f 1169/1169/1169 1170/1170/1170 1168/1168/1168
f 693/693/693 1167/1167/1167 700/700/700
f 693/693/693 1171/1171/1171 1172/1172/1172
f 21/21/21 1173/1173/1173 828/828/828
f 828/828/828 1174/1174/1174 829/829/829
f 937/937/937 1175/1175/1175 1176/1176/1176
f 1177/1177/1177 937/937/937 936/936/936
f 372/372/372 1177/1177/1177 373/373/373
f 1175/1175/1175 143/143/143 1178/1178/1178
f 1179/1179/1179 790/790/790 549/549/549
f 565/565/565 549/549/549 566/566/566
f 902/902/902 1105/1105/1105 1180/1180/1180
f 1180/1180/1180 848/848/848 47/47/47
f 506/506/506 508/508/508 971/971/971
f 18/18/18 975/975/975 971/971/971
f 1181/1181/1181 1182/1182/1182 507/507/507
f 75/75/75 1182/1182/1182 1181/1181/1181
f 1116/1116/1116 1118/1118/1118 1183/1183/1183
f 724/724/724 725/725/725 1183/1183/1183
f 151/151/151 153/153/153 685/685/685
f 741/741/741 1015/1015/1015 685/685/685
f 137/137/137 136/136/136 634/634/634
f 1035/1035/1035 137/137/137 634/634/634
f 322/322/322 293/293/293 320/320/320
f 526/526/526 525/525/525 299/299/299
f 227/227/227 648/648/648 1184/1184/1184
f 893/893/893 59/59/59 173/173/173
f 81/81/81 1185/1185/1185 25/25/25
f 1184/1184/1184 648/648/648 25/25/25
f 647/647/647 776/776/776 168/168/168
f 728/728/728 169/169/169 168/168/168
f 411/411/411 413/413/413 1186/1186/1186
f 413/413/413 1187/1187/1187 415/415/415
f 479/479/479 351/351/351 480/480/480
f 1188/1188/1188 348/348/348 1133/1133/1133
f 484/484/484 479/479/479 478/478/478
f 1076/1076/1076 1077/1077/1077 344/344/344
f 1189/1189/1189 1098/1098/1098 357/357/357
f 1189/1189/1189 357/357/357 115/115/115
f 363/363/363 83/83/83 244/244/244
f 83/83/83 808/808/808 999/999/999
f 638/638/638 723/723/723 639/639/639
f 358/358/358 883/883/883 326/326/326
f 883/883/883 957/957/957 233/233/233
f 297/297/297 296/296/296 767/767/767
f 285/285/285 284/284/284 766/766/766
f 2/2/2 711/711/711 183/183/183
f 464/464/464 1190/1190/1190 465/465/465
f 1073/1073/1073 495/495/495 1074/1074/1074
f 494/494/494 1074/1074/1074 495/495/495
f 1078/1078/1078 1080/1080/1080 1191/1191/1191
f 1191/1191/1191 1024/1024/1024 436/436/436
f 4/4/4 202/202/202 894/894/894
f 856/856/856 894/894/894 202/202/202
f 265/265/265 283/283/283 266/266/266
f 578/578/578 576/576/576 573/573/573
f 673/673/673 44/44/44 674/674/674
f 404/404/404 403/403/403 865/865/865
f 765/765/765 125/125/125 231/231/231
f 763/763/763 765/765/765 252/252/252
f 830/830/830 831/831/831 10/10/10
f 831/831/831 830/830/830 832/832/832
f 784/784/784 572/572/572 993/993/993
f 269/269/269 993/993/993 572/572/572
f 1192/1192/1192 301/301/301 300/300/300
f 459/459/459 458/458/458 460/460/460
f 1120/1120/1120 726/726/726 1121/1121/1121
f 726/726/726 1120/1120/1120 727/727/727
f 165/165/165 1193/1193/1193 374/374/374
f 1028/1028/1028 616/616/616 1029/1029/1029
f 590/590/590 1127/1127/1127 1128/1128/1128
f 512/512/512 12/12/12 510/510/510
f 510/510/510 1094/1094/1094 512/512/512
f 1194/1194/1194 1001/1001/1001 355/355/355
f 436/436/436 1024/1024/1024 1023/1023/1023
f 1194/1194/1194 436/436/436 1001/1001/1001
f 1194/1194/1194 422/422/422 436/436/436
f 319/319/319 417/417/417 110/110/110
f 319/319/319 110/110/110 1142/1142/1142
f 667/667/667 582/582/582 947/947/947
f 582/582/582 667/667/667 583/583/583
f 1195/1195/1195 1161/1161/1161 75/75/75
f 1161/1161/1161 1160/1160/1160 75/75/75
f 1104/1104/1104 321/321/321 325/325/325
f 450/450/450 660/660/660 499/499/499
f 1196/1196/1196 660/660/660 119/119/119
f 225/225/225 498/498/498 226/226/226
f 499/499/499 660/660/660 1196/1196/1196
f 557/557/557 556/556/556 1197/1197/1197
f 1082/1082/1082 175/175/175 1083/1083/1083
f 1198/1198/1198 729/729/729 84/84/84
f 390/390/390 389/389/389 1199/1199/1199
f 1200/1200/1200 584/584/584 123/123/123
f 230/230/230 585/585/585 584/584/584
f 1201/1201/1201 1202/1202/1202 282/282/282
f 1203/1203/1203 109/109/109 282/282/282
f 434/434/434 1204/1204/1204 71/71/71
f 56/56/56 553/553/553 62/62/62
f 1205/1205/1205 556/556/556 555/555/555
f 555/555/555 955/955/955 1206/1206/1206
f 1196/1196/1196 119/119/119 1207/1207/1207
f 1207/1207/1207 641/641/641 643/643/643
f 163/163/163 1208/1208/1208 164/164/164
f 1206/1206/1206 1208/1208/1208 555/555/555
f 161/161/161 15/15/15 245/245/245
f 1209/1209/1209 245/245/245 15/15/15
f 862/862/862 1210/1210/1210 425/425/425
f 1158/1158/1158 437/437/437 1211/1211/1211
f 779/779/779 1212/1212/1212 592/592/592
f 596/596/596 1213/1213/1213 779/779/779
f 451/451/451 1214/1214/1214 452/452/452
f 925/925/925 1140/1140/1140 1139/1139/1139
f 276/276/276 278/278/278 1215/1215/1215
f 1216/1216/1216 1217/1217/1217 1218/1218/1218
f 1218/1218/1218 260/260/260 381/381/381
f 1215/1215/1215 278/278/278 260/260/260
f 1051/1051/1051 1219/1219/1219 312/312/312
f 1219/1219/1219 704/704/704 520/520/520
f 1219/1219/1219 1051/1051/1051 704/704/704
f 1052/1052/1052 704/704/704 1051/1051/1051
f 595/595/595 594/594/594 658/658/658
f 1127/1127/1127 494/494/494 274/274/274
f 912/912/912 914/914/914 102/102/102
f 373/373/373 1177/1177/1177 1220/1220/1220
f 797/797/797 908/908/908 22/22/22
f 22/22/22 803/803/803 23/23/23
f 463/463/463 462/462/462 709/709/709
f 799/799/799 801/801/801 795/795/795
f 799/799/799 795/795/795 794/794/794
f 427/427/427 72/72/72 74/74/74
f 424/424/424 72/72/72 427/427/427
f 1165/1165/1165 1166/1166/1166 13/13/13
f 14/14/14 13/13/13 1166/1166/1166
f 432/432/432 341/341/341 340/340/340
f 67/67/67 341/341/341 68/68/68
f 1194/1194/1194 78/78/78 423/423/423
f 423/423/423 422/422/422 1194/1194/1194
f 432/432/432 1025/1025/1025 68/68/68
f 68/68/68 341/341/341 432/432/432
f 1079/1079/1079 843/843/843 1158/1158/1158
f 682/682/682 683/683/683 1079/1079/1079
f 173/173/173 227/227/227 229/229/229
f 173/173/173 648/648/648 227/227/227
f 496/496/496 497/497/497 300/300/300
f 299/299/299 1075/1075/1075 300/300/300
f 1075/1075/1075 496/496/496 300/300/300
f 1075/1075/1075 1074/1074/1074 496/496/496
f 383/383/383 388/388/388 902/902/902
f 1215/1215/1215 1217/1217/1217 276/276/276
f 350/350/350 1221/1221/1221 346/346/346
f 349/349/349 352/352/352 350/350/350
f 889/889/889 888/888/888 1222/1222/1222
f 577/577/577 1222/1222/1222 888/888/888
f 747/747/747 746/746/746 1223/1223/1223
f 743/743/743 238/238/238 237/237/237
f 1095/1095/1095 979/979/979 978/978/978
f 1100/1100/1100 1224/1224/1224 1102/1102/1102
f 750/750/750 752/752/752 852/852/852
f 853/853/853 750/750/750 852/852/852
f 867/867/867 201/201/201 366/366/366
f 201/201/201 575/575/575 366/366/366
f 580/580/580 583/583/583 367/367/367
f 206/206/206 205/205/205 666/666/666
f 823/823/823 806/806/806 1225/1225/1225
f 823/823/823 632/632/632 806/806/806
f 801/801/801 933/933/933 1006/1006/1006
f 1193/1193/1193 1006/1006/1006 1028/1028/1028
f 473/473/473 477/477/477 474/474/474
f 345/345/345 477/477/477 473/473/473
f 940/940/940 34/34/34 376/376/376
f 376/376/376 34/34/34 36/36/36
f 488/488/488 498/498/498 225/225/225
f 629/629/629 225/225/225 1226/1226/1226
f 266/266/266 573/573/573 572/572/572
f 1202/1202/1202 573/573/573 1227/1227/1227
f 1228/1228/1228 1229/1229/1229 1054/1054/1054
f 1214/1214/1214 451/451/451 215/215/215
f 1230/1230/1230 1229/1229/1229 215/215/215
f 672/672/672 706/706/706 707/707/707
f 1231/1231/1231 1092/1092/1092 670/670/670
f 1231/1231/1231 1232/1232/1232 1233/1233/1233
f 1231/1231/1231 1186/1186/1186 1232/1232/1232
f 516/516/516 1008/1008/1008 940/940/940
f 516/516/516 515/515/515 185/185/185
f 398/398/398 1032/1032/1032 487/487/487
f 1022/1022/1022 1021/1021/1021 338/338/338
f 544/544/544 1017/1017/1017 433/433/433
f 554/554/554 1206/1206/1206 955/955/955
f 554/554/554 955/955/955 552/552/552
f 436/436/436 1234/1234/1234 1191/1191/1191
f 521/521/521 1191/1191/1191 1234/1234/1234
f 1/1/1 710/710/710 2/2/2
f 556/556/556 1082/1082/1082 1197/1197/1197
f 313/313/313 840/840/840 314/314/314
f 840/840/840 435/435/435 422/422/422
f 617/617/617 1235/1235/1235 620/620/620
f 392/392/392 1235/1235/1235 617/617/617
f 392/392/392 646/646/646 1235/1235/1235
f 146/146/146 646/646/646 392/392/392
f 122/122/122 1100/1100/1100 1099/1099/1099
f 904/904/904 122/122/122 1099/1099/1099
f 318/318/318 1236/1236/1236 417/417/417
f 111/111/111 417/417/417 1236/1236/1236
f 1100/1100/1100 359/359/359 1224/1224/1224
f 359/359/359 124/124/124 358/358/358
f 63/63/63 65/65/65 1237/1237/1237
f 65/65/65 1017/1017/1017 1016/1016/1016
f 82/82/82 564/564/564 808/808/808
f 564/564/564 566/566/566 191/191/191
f 984/984/984 759/759/759 986/986/986
f 986/986/986 759/759/759 1052/1052/1052
f 1238/1238/1238 669/669/669 954/954/954
f 669/669/669 953/953/953 954/954/954
f 1238/1238/1238 671/671/671 669/669/669
f 915/915/915 613/613/613 1239/1239/1239
f 1107/1107/1107 1106/1106/1106 934/934/934
f 732/732/732 1106/1106/1106 1107/1107/1107
f 928/928/928 820/820/820 16/16/16
f 405/405/405 109/109/109 1203/1203/1203
f 290/290/290 292/292/292 406/406/406
f 606/606/606 927/927/927 607/607/607
f 610/610/610 924/924/924 929/929/929
f 406/406/406 292/292/292 1203/1203/1203
f 282/282/282 406/406/406 1203/1203/1203
f 1240/1240/1240 120/120/120 660/660/660
f 120/120/120 540/540/540 1241/1241/1241
f 1242/1242/1242 265/265/265 131/131/131
f 406/406/406 265/265/265 650/650/650
f 1243/1243/1243 675/675/675 207/207/207
f 198/198/198 197/197/197 1244/1244/1244
f 344/344/344 1077/1077/1077 679/679/679
f 344/344/344 679/679/679 681/681/681
f 546/546/546 530/530/530 547/547/547
f 530/530/530 527/527/527 529/529/529
f 1244/1244/1244 677/677/677 198/198/198
f 198/198/198 677/677/677 676/676/676
f 208/208/208 207/207/207 1245/1245/1245
f 208/208/208 1245/1245/1245 1118/1118/1118
f 632/632/632 733/733/733 806/806/806
f 632/632/632 629/629/629 628/628/628
f 77/77/77 506/506/506 971/971/971
f 76/76/76 506/506/506 77/77/77
f 1246/1246/1246 494/494/494 590/590/590
f 1247/1247/1247 887/887/887 886/886/886
f 887/887/887 938/938/938 888/888/888
f 1247/1247/1247 938/938/938 887/887/887
f 895/895/895 1003/1003/1003 1086/1086/1086
f 895/895/895 764/764/764 896/896/896
f 1086/1086/1086 116/116/116 125/125/125
f 125/125/125 116/116/116 118/118/118
f 528/528/528 219/219/219 529/529/529
f 219/219/219 528/528/528 968/968/968
f 1010/1010/1010 1012/1012/1012 639/639/639
f 639/639/639 723/723/723 722/722/722
f 727/727/727 449/449/449 169/169/169
f 448/448/448 169/169/169 449/449/449
f 997/997/997 1109/1109/1109 1165/1165/1165
f 160/160/160 159/159/159 997/997/997
f 1042/1042/1042 1045/1045/1045 1041/1041/1041
f 559/559/559 1114/1114/1114 1113/1113/1113
f 222/222/222 536/536/536 1064/1064/1064
f 330/330/330 1248/1248/1248 331/331/331
f 459/459/459 460/460/460 773/773/773
f 463/463/463 709/709/709 294/294/294
f 598/598/598 838/838/838 595/595/595
f 1213/1213/1213 596/596/596 595/595/595
f 1089/1089/1089 1081/1081/1081 1088/1088/1088
f 1249/1249/1249 1250/1250/1250 1089/1089/1089
f 1068/1068/1068 869/869/869 1071/1071/1071
f 751/751/751 1068/1068/1068 1070/1070/1070
f 260/260/260 259/259/259 382/382/382
f 259/259/259 1135/1135/1135 470/470/470
f 928/928/928 16/16/16 216/216/216
f 995/995/995 996/996/996 1178/1178/1178
f 1251/1251/1251 1175/1175/1175 1178/1178/1178
f 1080/1080/1080 1158/1158/1158 1252/1252/1252
f 440/440/440 1024/1024/1024 1252/1252/1252
f 1253/1253/1253 419/419/419 441/441/441
f 1253/1253/1253 441/441/441 440/440/440
f 1153/1153/1153 1254/1254/1254 290/290/290
f 1254/1254/1254 1153/1153/1153 853/853/853
f 1033/1033/1033 57/57/57 1034/1034/1034
f 55/55/55 57/57/57 1033/1033/1033
f 1254/1254/1254 853/853/853 1255/1255/1255
f 1255/1255/1255 853/853/853 851/851/851
f 334/334/334 1069/1069/1069 1066/1066/1066
f 537/537/537 539/539/539 748/748/748
f 1046/1046/1046 8/8/8 7/7/7
f 1050/1050/1050 196/196/196 1048/1048/1048
f 875/875/875 1256/1256/1256 876/876/876
f 1049/1049/1049 1047/1047/1047 1050/1050/1050
f 1049/1049/1049 277/277/277 1047/1047/1047
f 1144/1144/1144 900/900/900 901/901/901
f 900/900/900 1144/1144/1144 896/896/896
f 711/711/711 181/181/181 183/183/183
f 1084/1084/1084 1085/1085/1085 181/181/181
f 305/305/305 407/407/407 1257/1257/1257
f 1258/1258/1258 305/305/305 1259/1259/1259
f 712/712/712 623/623/623 624/624/624
f 1083/1083/1083 624/624/624 1084/1084/1084
f 235/235/235 796/796/796 624/624/624
f 586/586/586 1152/1152/1152 235/235/235
f 789/789/789 790/790/790 1179/1179/1179
f 568/568/568 565/565/565 564/564/564
f 124/124/124 123/123/123 358/358/358
f 883/883/883 358/358/358 957/957/957
f 940/940/940 518/518/518 34/34/34
f 1011/1011/1011 940/940/940 1012/1012/1012
f 558/558/558 346/346/346 1221/1221/1221
f 1260/1260/1260 992/992/992 1221/1221/1221
f 518/518/518 1010/1010/1010 637/637/637
f 1010/1010/1010 899/899/899 637/637/637
f 609/609/609 924/924/924 214/214/214
f 929/929/929 924/924/924 609/609/609
f 278/278/278 258/258/258 260/260/260
f 277/277/277 949/949/949 278/278/278
f 104/104/104 689/689/689 691/691/691
f 1261/1261/1261 691/691/691 959/959/959
f 623/623/623 175/175/175 174/174/174
f 623/623/623 174/174/174 878/878/878
f 476/476/476 382/382/382 259/259/259
f 382/382/382 476/476/476 930/930/930
f 86/86/86 88/88/88 769/769/769
f 642/642/642 86/86/86 967/967/967
f 1216/1216/1216 386/386/386 1217/1217/1217
f 930/930/930 381/381/381 382/382/382
f 1262/1262/1262 1119/1119/1119 729/729/729
f 1262/1262/1262 532/532/532 505/505/505
f 342/342/342 341/341/341 67/67/67
f 699/699/699 701/701/701 697/697/697
f 701/701/701 833/833/833 702/702/702
f 460/460/460 458/458/458 1192/1192/1192
f 297/297/297 460/460/460 298/298/298
f 218/218/218 114/114/114 531/531/531
f 114/114/114 695/695/695 531/531/531
f 65/65/65 64/64/64 1263/1263/1263
f 1263/1263/1263 985/985/985 987/987/987
f 275/275/275 95/95/95 97/97/97
f 275/275/275 97/97/97 323/323/323
f 740/740/740 994/994/994 574/574/574
f 572/572/572 574/574/574 994/994/994
f 1264/1264/1264 987/987/987 20/20/20
f 1263/1263/1263 987/987/987 1264/1264/1264
f 817/817/817 928/928/928 818/818/818
f 927/927/927 818/818/818 928/928/928
f 45/45/45 209/209/209 533/533/533
f 45/45/45 533/533/533 535/535/535
f 731/731/731 1162/1162/1162 534/534/534
f 389/389/389 1198/1198/1198 84/84/84
f 770/770/770 383/383/383 769/769/769
f 770/770/770 388/388/388 383/383/383
f 1156/1156/1156 330/330/330 332/332/332
f 330/330/330 1156/1156/1156 542/542/542
f 1004/1004/1004 1265/1265/1265 654/654/654
f 1265/1265/1265 39/39/39 654/654/654
f 334/334/334 1266/1266/1266 1248/1248/1248
f 1248/1248/1248 1266/1266/1266 331/331/331
f 535/535/535 127/127/127 263/263/263
f 263/263/263 1250/1250/1250 1249/1249/1249
f 578/578/578 1202/1202/1202 1201/1201/1201
f 1202/1202/1202 578/578/578 573/573/573
f 263/263/263 1249/1249/1249 535/535/535
f 786/786/786 782/782/782 781/781/781
f 961/961/961 40/40/40 273/273/273
f 366/366/366 365/365/365 1019/1019/1019
f 994/994/994 740/740/740 200/200/200
f 200/200/200 575/575/575 201/201/201
f 663/663/663 664/664/664 1036/1036/1036
f 1038/1038/1038 1036/1036/1036 1043/1043/1043
f 356/356/356 1267/1267/1267 439/439/439
f 439/439/439 1195/1195/1195 75/75/75
f 663/663/663 1037/1037/1037 69/69/69
f 69/69/69 661/661/661 70/70/70
f 1268/1268/1268 679/679/679 1077/1077/1077
f 1007/1007/1007 1268/1268/1268 1077/1077/1077
f 1131/1131/1131 448/448/448 490/490/490
f 488/488/488 490/490/490 448/448/448
f 262/262/262 268/268/268 270/270/270
f 402/402/402 1110/1110/1110 262/262/262
f 635/635/635 634/634/634 136/136/136
f 136/136/136 397/397/397 635/635/635
f 1168/1168/1168 1170/1170/1170 401/401/401
f 399/399/399 401/401/401 1170/1170/1170
f 771/771/771 178/178/178 996/996/996
f 772/772/772 166/166/166 771/771/771
f 196/196/196 198/198/198 279/279/279
f 198/198/198 676/676/676 1169/1169/1169
f 63/63/63 1237/1237/1237 544/544/544
f 509/509/509 1269/1269/1269 158/158/158
f 509/509/509 158/158/158 946/946/946
f 596/596/596 50/50/50 594/594/594
f 1176/1176/1176 600/600/600 937/937/937
f 937/937/937 600/600/600 602/602/602
f 937/937/937 602/602/602 935/935/935
f 601/601/601 598/598/598 602/602/602
f 40/40/40 1019/1019/1019 365/365/365
f 365/365/365 41/41/41 40/40/40
f 934/934/934 1270/1270/1270 800/800/800
f 934/934/934 147/147/147 1270/1270/1270
f 729/729/729 532/532/532 1262/1262/1262
f 730/730/730 729/729/729 1198/1198/1198
f 17/17/17 224/224/224 1271/1271/1271
f 37/37/37 1272/1272/1272 224/224/224
f 548/548/548 547/547/547 698/698/698
f 789/789/789 548/548/548 790/790/790
f 5/5/5 474/474/474 470/470/470
f 474/474/474 259/259/259 470/470/470
f 741/741/741 74/74/74 523/523/523
f 522/522/522 741/741/741 523/523/523
f 438/438/438 73/73/73 72/72/72
f 438/438/438 523/523/523 73/73/73
f 1053/1053/1053 519/519/519 704/704/704
f 152/152/152 1273/1273/1273 1087/1087/1087
f 31/31/31 1087/1087/1087 1273/1273/1273
f 950/950/950 969/969/969 736/736/736
f 969/969/969 737/737/737 1098/1098/1098
f 122/122/122 124/124/124 1100/1100/1100
f 1100/1100/1100 124/124/124 359/359/359
f 952/952/952 951/951/951 11/11/11
f 951/951/951 738/738/738 950/950/950
f 243/243/243 1274/1274/1274 776/776/776
f 776/776/776 212/212/212 211/211/211
f 536/536/536 846/846/846 1275/1275/1275
f 536/536/536 331/331/331 1064/1064/1064
f 738/738/738 951/951/951 952/952/952
f 952/952/952 114/114/114 113/113/113
f 556/556/556 176/176/176 175/175/175
f 556/556/556 175/175/175 1082/1082/1082
f 246/246/246 998/998/998 194/194/194
f 244/244/244 83/83/83 998/998/998
f 845/845/845 1056/1056/1056 846/846/846
f 362/362/362 1056/1056/1056 1057/1057/1057
f 1252/1252/1252 1158/1158/1158 1157/1157/1157
f 1157/1157/1157 1158/1158/1158 1211/1211/1211
f 1130/1130/1130 229/229/229 1131/1131/1131
f 229/229/229 989/989/989 173/173/173
f 120/120/120 1241/1241/1241 121/121/121
f 121/121/121 966/966/966 642/642/642
f 960/960/960 461/461/461 1261/1261/1261
f 1261/1261/1261 461/461/461 774/774/774
f 1009/1009/1009 944/944/944 93/93/93
f 638/638/638 640/640/640 93/93/93
f 187/187/187 1126/1126/1126 1276/1276/1276
f 1276/1276/1276 1126/1126/1126 917/917/917
f 27/27/27 26/26/26 567/567/567
f 58/58/58 788/788/788 567/567/567
f 224/224/224 1272/1272/1272 1271/1271/1271
f 974/974/974 1109/1109/1109 972/972/972
f 1260/1260/1260 991/991/991 992/992/992
f 1277/1277/1277 249/249/249 251/251/251
f 1277/1277/1277 1278/1278/1278 895/895/895
f 171/171/171 251/251/251 172/172/172
f 171/171/171 988/988/988 251/251/251
f 1279/1279/1279 74/74/74 742/742/742
f 427/427/427 74/74/74 428/428/428
f 15/15/15 85/85/85 1209/1209/1209
f 212/212/212 1280/1280/1280 85/85/85
f 963/963/963 962/962/962 610/610/610
f 925/925/925 610/610/610 1140/1140/1140
f 777/777/777 85/85/85 1119/1119/1119
f 1262/1262/1262 1121/1121/1121 1119/1119/1119
f 1272/1272/1272 1166/1166/1166 1109/1109/1109
f 1272/1272/1272 1109/1109/1109 1271/1271/1271
f 130/130/130 656/656/656 131/131/131
f 656/656/656 1242/1242/1242 131/131/131
f 1281/1281/1281 387/387/387 386/386/386
f 1281/1281/1281 386/386/386 1282/1282/1282
f 896/896/896 763/763/763 254/254/254
f 896/896/896 764/764/764 763/763/763
f 242/242/242 47/47/47 847/847/847
f 1283/1283/1283 47/47/47 242/242/242
f 48/48/48 47/47/47 1283/1283/1283
f 621/621/621 620/620/620 1283/1283/1283
f 444/444/444 720/720/720 1284/1284/1284
f 1171/1171/1171 80/80/80 1284/1284/1284
f 982/982/982 645/645/645 644/644/644
f 980/980/980 982/982/982 644/644/644
f 833/833/833 701/701/701 699/699/699
f 833/833/833 699/699/699 1108/1108/1108
f 11/11/11 511/511/511 12/12/12
f 11/11/11 951/951/951 511/511/511
f 261/261/261 200/200/200 199/199/199
f 199/199/199 866/866/866 261/261/261
f 862/862/862 425/425/425 424/424/424
f 454/454/454 424/424/424 429/429/429
f 528/528/528 60/60/60 968/968/968
f 893/893/893 60/60/60 59/59/59
f 577/577/577 576/576/576 578/578/578
f 577/577/577 939/939/939 576/576/576
f 845/845/845 536/536/536 1057/1057/1057
f 1057/1057/1057 1056/1056/1056 845/845/845
f 521/521/521 1078/1078/1078 1191/1191/1191
f 1079/1079/1079 1078/1078/1078 682/682/682
f 633/633/633 855/855/855 634/634/634
f 855/855/855 633/633/633 4/4/4
f 343/343/343 345/345/345 472/472/472
f 633/633/633 482/482/482 472/472/472
f 1285/1285/1285 453/453/453 1163/1163/1163
f 453/453/453 926/926/926 1163/1163/1163
f 1030/1030/1030 349/349/349 351/351/351
f 1032/1032/1032 353/353/353 1030/1030/1030
f 1029/1029/1029 1026/1026/1026 369/369/369
f 618/618/618 617/617/617 1026/1026/1026
f 821/821/821 811/811/811 816/816/816
f 811/811/811 810/810/810 907/907/907
f 215/215/215 1229/1229/1229 1228/1228/1228
f 213/213/213 215/215/215 826/826/826
f 1073/1073/1073 96/96/96 495/495/495
f 97/97/97 96/96/96 324/324/324
f 1104/1104/1104 1103/1103/1103 1073/1073/1073
f 1073/1073/1073 324/324/324 96/96/96
f 469/469/469 947/947/947 581/581/581
f 469/469/469 470/470/470 1135/1135/1135
f 944/944/944 184/184/184 94/94/94
f 184/184/184 917/917/917 919/919/919
f 535/535/535 1249/1249/1249 786/786/786
f 535/535/535 786/786/786 45/45/45
f 1014/1014/1014 520/520/520 1015/1015/1015
f 313/313/313 520/520/520 1014/1014/1014
f 895/895/895 1278/1278/1278 1003/1003/1003
f 1278/1278/1278 626/626/626 625/625/625
f 197/197/197 196/196/196 7/7/7
f 7/7/7 196/196/196 1046/1046/1046
f 865/865/865 674/674/674 404/404/404
f 399/399/399 865/865/865 866/866/866
f 1021/1021/1021 433/433/433 1286/1286/1286
f 434/434/434 433/433/433 1021/1021/1021
f 1020/1020/1020 1204/1204/1204 434/434/434
f 1021/1021/1021 1020/1020/1020 434/434/434
f 727/727/727 724/724/724 449/449/449
f 724/724/724 727/727/727 1120/1120/1120
f 597/597/597 935/935/935 598/598/598
f 935/935/935 602/602/602 598/598/598
f 598/598/598 601/601/601 837/837/837
f 592/592/592 708/708/708 593/593/593
f 1058/1058/1058 767/767/767 296/296/296
f 887/887/887 1059/1059/1059 296/296/296
f 1214/1214/1214 215/215/215 214/214/214
f 925/925/925 1139/1139/1139 1214/1214/1214
f 187/187/187 1276/1276/1276 515/515/515
f 184/184/184 186/186/186 1134/1134/1134
f 1036/1036/1036 664/664/664 1043/1043/1043
f 25/25/25 1185/1185/1185 1184/1184/1184
f 647/647/647 775/775/775 776/776/776
f 801/801/801 1006/1006/1006 1193/1193/1193
f 795/795/795 801/801/801 1193/1193/1193
f 569/569/569 571/571/571 239/239/239
f 1147/1147/1147 569/569/569 239/239/239
f 814/814/814 1107/1107/1107 812/812/812
f 804/804/804 814/814/814 812/812/812
f 151/151/151 685/685/685 1015/1015/1015
f 520/520/520 151/151/151 1015/1015/1015
f 804/804/804 810/810/810 814/814/814
f 803/803/803 810/810/810 804/804/804
f 792/792/792 1148/1148/1148 54/54/54
f 792/792/792 847/847/847 561/561/561
f 917/917/917 1145/1145/1145 918/918/918
f 922/922/922 923/923/923 920/920/920
f 923/923/923 834/834/834 19/19/19
f 1223/1223/1223 746/746/746 1287/1287/1287
f 1094/1094/1094 510/510/510 736/736/736
f 1096/1096/1096 1094/1094/1094 736/736/736
f 1279/1279/1279 742/742/742 745/745/745
f 1288/1288/1288 746/746/746 745/745/745
f 184/184/184 944/944/944 185/185/185
f 185/185/185 1008/1008/1008 516/516/516
f 1285/1285/1285 1289/1289/1289 453/453/453
f 1288/1288/1288 745/745/745 684/684/684
f 1290/1290/1290 154/154/154 1291/1291/1291
f 1292/1292/1292 692/692/692 700/700/700
f 1185/1185/1185 81/81/81 363/363/363
f 81/81/81 83/83/83 363/363/363
f 328/328/328 623/623/623 881/881/881
f 880/880/880 884/884/884 881/881/881
f 220/220/220 1065/1065/1065 333/333/333
f 333/333/333 1065/1065/1065 1071/1071/1071
f 488/488/488 225/225/225 629/629/629
f 631/631/631 488/488/488 629/629/629
f 129/129/129 655/655/655 130/130/130
f 655/655/655 656/656/656 130/130/130
f 829/829/829 832/832/832 830/830/830
f 1292/1292/1292 700/700/700 702/702/702
f 230/230/230 584/584/584 1200/1200/1200
f 1293/1293/1293 230/230/230 1200/1200/1200
f 177/177/177 303/303/303 552/552/552
f 552/552/552 303/303/303 305/305/305
f 465/465/465 995/995/995 302/302/302
f 1294/1294/1294 995/995/995 465/465/465
f 713/713/713 780/780/780 778/778/778
f 713/713/713 778/778/778 717/717/717
f 443/443/443 444/444/444 1284/1284/1284
f 79/79/79 1284/1284/1284 80/80/80
f 1295/1295/1295 1171/1171/1171 1296/1296/1296
f 1171/1171/1171 1284/1284/1284 1296/1296/1296
f 1192/1192/1192 458/458/458 301/301/301
f 457/457/457 301/301/301 458/458/458
f 667/667/667 280/280/280 206/206/206
f 206/206/206 1168/1168/1168 687/687/687
f 1134/1134/1134 186/186/186 1276/1276/1276
f 1276/1276/1276 917/917/917 1134/1134/1134
f 1016/1016/1016 544/544/544 1237/1237/1237
f 1016/1016/1016 1237/1237/1237 65/65/65
f 194/194/194 945/945/945 1297/1297/1297
f 945/945/945 997/997/997 1297/1297/1297
f 437/437/437 843/843/843 844/844/844
f 518/518/518 1011/1011/1011 1010/1010/1010
f 1011/1011/1011 518/518/518 940/940/940
f 178/178/178 180/180/180 996/996/996
f 600/600/600 1176/1176/1176 180/180/180
f 1298/1298/1298 1198/1198/1198 389/389/389
f 730/730/730 1198/1198/1198 1298/1298/1298
f 1261/1261/1261 774/774/774 104/104/104
f 104/104/104 691/691/691 1261/1261/1261
f 194/194/194 1111/1111/1111 247/247/247
f 246/246/246 194/194/194 247/247/247
f 1203/1203/1203 292/292/292 1299/1299/1299
f 292/292/292 766/766/766 1299/1299/1299
f 1140/1140/1140 456/456/456 1138/1138/1138
f 456/456/456 1164/1164/1164 1138/1138/1138
f 373/373/373 912/912/912 102/102/102
f 371/371/371 373/373/373 416/416/416
f 373/373/373 102/102/102 416/416/416
f 414/414/414 416/416/416 102/102/102
f 166/166/166 374/374/374 375/375/375
f 166/166/166 375/375/375 771/771/771
f 1150/1150/1150 762/762/762 587/587/587
f 232/232/232 231/231/231 762/762/762
f 415/415/415 1232/1232/1232 1186/1186/1186
f 413/413/413 415/415/415 1186/1186/1186
f 1187/1187/1187 1115/1115/1115 415/415/415
f 143/143/143 371/371/371 144/144/144
f 587/587/587 799/799/799 794/794/794
f 1150/1150/1150 587/587/587 1151/1151/1151
f 410/410/410 409/409/409 408/408/408
f 305/305/305 1257/1257/1257 1259/1259/1259
f 1259/1259/1259 864/864/864 1258/1258/1258
f 864/864/864 69/69/69 71/71/71
f 1204/1204/1204 1258/1258/1258 71/71/71
f 1258/1258/1258 864/864/864 71/71/71
f 849/849/849 793/793/793 47/47/47
f 849/849/849 1061/1061/1061 1060/1060/1060
f 928/928/928 817/817/817 223/223/223
f 1122/1122/1122 223/223/223 817/817/817
f 793/793/793 1060/1060/1060 562/562/562
f 1251/1251/1251 1178/1178/1178 996/996/996
f 1251/1251/1251 996/996/996 180/180/180
f 372/372/372 1175/1175/1175 1177/1177/1177
f 937/937/937 1177/1177/1177 1175/1175/1175
f 367/367/367 583/583/583 205/205/205
f 367/367/367 205/205/205 204/204/204
f 579/579/579 578/578/578 1201/1201/1201
f 109/109/109 108/108/108 579/579/579
f 762/762/762 126/126/126 587/587/587
f 125/125/125 126/126/126 762/762/762
f 397/397/397 136/136/136 1300/1300/1300
f 398/398/398 397/397/397 1300/1300/1300
f 138/138/138 1300/1300/1300 136/136/136
f 88/88/88 768/768/768 770/770/770
f 8/8/8 768/768/768 88/88/88
f 744/744/744 743/743/743 1164/1164/1164
f 456/456/456 455/455/455 1164/1164/1164
f 886/886/886 494/494/494 1246/1246/1246
f 886/886/886 1074/1074/1074 494/494/494
f 649/649/649 58/58/58 567/567/567
f 649/649/649 59/59/59 58/58/58
f 377/377/377 36/36/36 892/892/892
f 36/36/36 891/891/891 892/892/892
f 174/174/174 176/176/176 879/879/879
f 1301/1301/1301 879/879/879 1208/1208/1208
f 28/28/28 542/542/542 89/89/89
f 904/904/904 901/901/901 885/885/885
f 318/318/318 901/901/901 1236/1236/1236
f 1205/1205/1205 1208/1208/1208 879/879/879
f 1208/1208/1208 1205/1205/1205 555/555/555
f 836/836/836 1200/1200/1200 757/757/757
f 1200/1200/1200 123/123/123 757/757/757
f 254/254/254 758/758/758 900/900/900
f 254/254/254 253/253/253 758/758/758
f 783/783/783 1249/1249/1249 1089/1089/1089
f 370/370/370 1027/1027/1027 713/713/713
f 369/369/369 1027/1027/1027 370/370/370
f 686/686/686 688/688/688 867/867/867
f 400/400/400 867/867/867 688/688/688
f 867/867/867 400/400/400 866/866/866
f 399/399/399 866/866/866 400/400/400
f 871/871/871 134/134/134 133/133/133
f 1112/1112/1112 135/135/135 134/134/134
f 873/873/873 871/871/871 52/52/52
f 1112/1112/1112 134/134/134 871/871/871
f 1168/1168/1168 206/206/206 280/280/280
f 280/280/280 1169/1169/1169 1168/1168/1168
f 1112/1112/1112 1114/1114/1114 135/135/135
f 906/906/906 905/905/905 1035/1035/1035
f 857/857/857 906/906/906 1035/1035/1035
f 372/372/372 371/371/371 143/143/143
f 143/143/143 1175/1175/1175 372/372/372
f 856/856/856 202/202/202 906/906/906
f 857/857/857 856/856/856 906/906/906
f 674/674/674 677/677/677 675/675/675
f 1302/1302/1302 675/675/675 677/677/677
f 924/924/924 925/925/925 214/214/214
f 214/214/214 925/925/925 1214/1214/1214
f 962/962/962 456/456/456 1140/1140/1140
f 962/962/962 1140/1140/1140 610/610/610
f 1250/1250/1250 263/263/263 264/264/264
f 264/264/264 130/130/130 1081/1081/1081
f 102/102/102 914/914/914 103/103/103
f 426/426/426 438/438/438 72/72/72
f 424/424/424 426/426/426 72/72/72
f 836/836/836 253/253/253 252/252/252
f 765/765/765 1293/1293/1293 252/252/252
f 289/289/289 290/290/290 651/651/651
f 288/288/288 290/290/290 289/289/289
f 1194/1194/1194 355/355/355 78/78/78
f 78/78/78 356/356/356 79/79/79
f 888/888/888 41/41/41 939/939/939
f 939/939/939 41/41/41 365/365/365
f 1266/1266/1266 1064/1064/1064 331/331/331
f 538/538/538 1067/1067/1067 1066/1066/1066
f 795/795/795 1193/1193/1193 165/165/165
f 796/796/796 795/795/795 165/165/165
f 197/197/197 1245/1245/1245 1244/1244/1244
f 1117/1117/1117 1118/1118/1118 1245/1245/1245
f 1221/1221/1221 350/350/350 352/352/352
f 1221/1221/1221 352/352/352 1260/1260/1260
f 1091/1091/1091 1303/1303/1303 90/90/90
f 90/90/90 1303/1303/1303 91/91/91
f 1303/1303/1303 1091/1091/1091 690/690/690
f 1091/1091/1091 691/691/691 690/690/690
f 512/512/512 514/514/514 306/306/306
f 512/512/512 306/306/306 12/12/12
f 604/604/604 1057/1057/1057 221/221/221
f 221/221/221 1057/1057/1057 536/536/536
f 1183/1183/1183 500/500/500 502/502/502
f 1118/1118/1118 500/500/500 1183/1183/1183
f 1167/1167/1167 697/697/697 701/701/701
f 551/551/551 550/550/550 1172/1172/1172
f 697/697/697 550/550/550 790/790/790
f 550/550/550 697/697/697 1172/1172/1172
f 394/394/394 384/384/384 1180/1180/1180
f 46/46/46 1180/1180/1180 47/47/47
f 445/445/445 719/719/719 718/718/718
f 444/444/444 439/439/439 157/157/157
f 1269/1269/1269 509/509/509 193/193/193
f 445/445/445 444/444/444 157/157/157
f 338/338/338 65/65/65 1304/1304/1304
f 65/65/65 1263/1263/1263 1304/1304/1304
f 338/338/338 1304/1304/1304 307/307/307
f 307/307/307 1304/1304/1304 308/308/308
f 244/244/244 246/246/246 245/245/245
f 244/244/244 998/998/998 246/246/246
f 234/234/234 586/586/586 235/235/235
f 584/584/584 586/586/586 234/234/234
f 299/299/299 322/322/322 526/526/526
f 524/524/524 526/526/526 322/322/322
f 1154/1154/1154 501/501/501 540/540/540
f 1154/1154/1154 540/540/540 120/120/120
f 1305/1305/1305 164/164/164 1208/1208/1208
f 164/164/164 1305/1305/1305 56/56/56
f 851/851/851 850/850/850 689/689/689
f 285/285/285 851/851/851 106/106/106
f 665/665/665 667/667/667 1136/1136/1136
f 280/280/280 667/667/667 665/665/665
f 681/681/681 680/680/680 1306/1306/1306
f 345/345/345 344/344/344 681/681/681
f 345/345/345 681/681/681 1306/1306/1306
f 345/345/345 1306/1306/1306 477/477/477
f 649/649/649 648/648/648 59/59/59
f 59/59/59 648/648/648 173/173/173
f 808/808/808 564/564/564 191/191/191
f 808/808/808 1000/1000/1000 999/999/999
f 319/319/319 1142/1142/1142 217/217/217
f 317/317/317 319/319/319 217/217/217
f 784/784/784 783/783/783 1089/1089/1089
f 1144/1144/1144 318/318/318 250/250/250
f 316/316/316 250/250/250 318/318/318
f 781/781/781 784/784/784 993/993/993
f 786/786/786 781/781/781 993/993/993
f 471/471/471 469/469/469 581/581/581
f 581/581/581 583/583/583 891/891/891
f 349/349/349 1030/1030/1030 353/353/353
f 352/352/352 349/349/349 353/353/353
f 209/209/209 45/45/45 673/673/673
f 673/673/673 675/675/675 1243/1243/1243
f 207/207/207 209/209/209 1243/1243/1243
f 209/209/209 673/673/673 1243/1243/1243
f 167/167/167 166/166/166 772/772/772
f 622/622/622 772/772/772 182/182/182
f 84/84/84 1199/1199/1199 389/389/389
f 84/84/84 15/15/15 14/14/14
f 33/33/33 543/543/543 545/545/545
f 1031/1031/1031 927/927/927 216/216/216
f 607/607/607 927/927/927 1031/1031/1031
f 362/362/362 1228/1228/1228 1054/1054/1054
f 1056/1056/1056 362/362/362 1054/1054/1054
f 3/3/3 464/464/464 615/615/615
f 916/916/916 915/915/915 304/304/304
f 3/3/3 2/2/2 464/464/464
f 2/2/2 183/183/183 464/464/464
f 172/172/172 316/316/316 968/968/968
f 251/251/251 316/316/316 172/172/172
f 447/447/447 1118/1118/1118 1117/1117/1117
f 1118/1118/1118 447/447/447 500/500/500
f 8/8/8 1307/1307/1307 9/9/9
f 9/9/9 541/541/541 447/447/447
f 965/965/965 1157/1157/1157 860/860/860
f 1252/1252/1252 1157/1157/1157 419/419/419
f 504/504/504 1121/1121/1121 1262/1262/1262
f 1262/1262/1262 505/505/505 504/504/504
f 1307/1307/1307 541/541/541 9/9/9
f 540/540/540 541/541/541 87/87/87
f 335/335/335 1248/1248/1248 330/330/330
f 335/335/335 334/334/334 1248/1248/1248
f 756/756/756 755/755/755 98/98/98
f 921/921/921 314/314/314 422/422/422
f 840/840/840 422/422/422 314/314/314
f 69/69/69 99/99/99 663/663/663
f 98/98/98 663/663/663 99/99/99
f 817/817/817 819/819/819 1123/1123/1123
f 1146/1146/1146 1123/1123/1123 819/819/819
f 296/296/296 298/298/298 1192/1192/1192
f 460/460/460 1192/1192/1192 298/298/298
f 1188/1188/1188 1308/1308/1308 348/348/348
f 350/350/350 348/348/348 1308/1308/1308
f 65/65/65 1286/1286/1286 1017/1017/1017
f 1286/1286/1286 433/433/433 1017/1017/1017
f 932/932/932 1061/1061/1061 1062/1062/1062
f 1309/1309/1309 1061/1061/1061 1141/1141/1141
f 1106/1106/1106 732/732/732 980/980/980
f 980/980/980 732/732/732 148/148/148
f 1310/1310/1310 92/92/92 94/94/94
f 184/184/184 919/919/919 94/94/94
f 759/759/759 863/863/863 1052/1052/1052
f 1052/1052/1052 863/863/863 1053/1053/1053
f 1310/1310/1310 94/94/94 919/919/919
f 118/118/118 821/821/821 815/815/815
f 822/822/822 805/805/805 821/821/821
f 703/703/703 1053/1053/1053 863/863/863
f 1273/1273/1273 703/703/703 31/31/31
f 118/118/118 823/823/823 822/822/822
f 118/118/118 822/822/822 821/821/821
f 239/239/239 571/571/571 49/49/49
f 54/54/54 53/53/53 841/841/841
f 54/54/54 841/841/841 792/792/792
f 243/243/243 1280/1280/1280 1274/1274/1274
f 1280/1280/1280 243/243/243 245/245/245
f 212/212/212 1274/1274/1274 1280/1280/1280
f 776/776/776 1274/1274/1274 212/212/212
f 1295/1295/1295 720/720/720 719/719/719
f 192/192/192 191/191/191 1295/1295/1295
f 489/489/489 492/492/492 491/491/491
f 1130/1130/1130 989/989/989 229/229/229
f 661/661/661 1037/1037/1037 1040/1040/1040
f 661/661/661 69/69/69 1037/1037/1037
f 140/140/140 1029/1029/1029 369/369/369
f 140/140/140 369/369/369 179/179/179
f 238/238/238 743/743/743 1287/1287/1287
f 139/139/139 1028/1028/1028 140/140/140
f 1193/1193/1193 1028/1028/1028 1311/1311/1311
f 1006/1006/1006 147/147/147 616/616/616
f 1028/1028/1028 1006/1006/1006 616/616/616
f 327/327/327 1312/1312/1312 163/163/163
f 623/623/623 878/878/878 882/882/882
f 1166/1166/1166 1005/1005/1005 390/390/390
f 390/390/390 1199/1199/1199 1166/1166/1166
f 962/962/962 964/964/964 859/859/859
f 567/567/567 789/789/789 568/568/568
f 568/568/568 789/789/789 1179/1179/1179
f 25/25/25 27/27/27 82/82/82
f 27/27/27 568/568/568 82/82/82
f 1026/1026/1026 619/619/619 1093/1093/1093
f 617/617/617 619/619/619 1026/1026/1026
f 1093/1093/1093 621/621/621 240/240/240
f 619/619/619 621/621/621 1093/1093/1093
f 186/186/186 185/185/185 515/515/515
f 515/515/515 1276/1276/1276 186/186/186
f 1182/1182/1182 430/430/430 216/216/216
f 75/75/75 430/430/430 1182/1182/1182
f 521/521/521 523/523/523 682/682/682
f 1078/1078/1078 521/521/521 682/682/682
f 734/734/734 630/630/630 1107/1107/1107
f 733/733/733 630/630/630 734/734/734
f 630/630/630 149/149/149 148/148/148
f 629/629/629 1226/1226/1226 630/630/630
f 489/489/489 631/631/631 492/492/492
f 492/492/492 909/909/909 910/910/910
f 1296/1296/1296 1284/1284/1284 720/720/720
f 1295/1295/1295 1296/1296/1296 720/720/720
f 884/884/884 233/233/233 328/328/328
f 884/884/884 328/328/328 881/881/881
f 1231/1231/1231 1233/1233/1233 1092/1092/1092
f 315/315/315 1233/1233/1233 101/101/101
f 183/183/183 182/182/182 468/468/468
f 183/183/183 1190/1190/1190 464/464/464
f 315/315/315 1092/1092/1092 1233/1233/1233
f 1294/1294/1294 467/467/467 995/995/995
f 467/467/467 771/771/771 995/995/995
f 605/605/605 220/220/220 1124/1124/1124
f 220/220/220 605/605/605 221/221/221
f 434/434/434 431/431/431 432/432/432
f 431/431/431 434/434/434 71/71/71
f 1212/1212/1212 595/595/595 838/838/838
f 837/837/837 1212/1212/1212 838/838/838
f 141/141/141 140/140/140 179/179/179
f 178/178/178 141/141/141 179/179/179
f 558/558/558 992/992/992 559/559/559
f 558/558/558 1221/1221/1221 992/992/992
f 597/597/597 1149/1149/1149 935/935/935
f 568/568/568 1179/1179/1179 565/565/565
f 1179/1179/1179 549/549/549 565/565/565
f 1007/1007/1007 1313/1313/1313 1268/1268/1268
f 1007/1007/1007 396/396/396 1313/1313/1313
f 1268/1268/1268 485/485/485 484/484/484
f 679/679/679 1268/1268/1268 484/484/484
f 921/921/921 155/155/155 21/21/21
f 310/310/310 312/312/312 921/921/921
f 310/310/310 21/21/21 20/20/20
f 21/21/21 310/310/310 921/921/921
f 873/873/873 52/52/52 563/563/563
f 563/563/563 52/52/52 1148/1148/1148
f 216/216/216 18/18/18 508/508/508
f 508/508/508 18/18/18 971/971/971
f 431/431/431 70/70/70 1025/1025/1025
f 70/70/70 661/661/661 1025/1025/1025
f 1050/1050/1050 1046/1046/1046 196/196/196
f 1050/1050/1050 1047/1047/1047 1046/1046/1046
f 407/407/407 1238/1238/1238 753/753/753
f 305/305/305 304/304/304 407/407/407
f 407/407/407 754/754/754 408/408/408
f 754/754/754 753/753/753 756/756/756
f 754/754/754 756/756/756 408/408/408
f 408/408/408 100/100/100 99/99/99
f 278/278/278 949/949/949 258/258/258
f 258/258/258 949/949/949 1135/1135/1135
f 1010/1010/1010 898/898/898 899/899/899
f 905/905/905 898/898/898 854/854/854
f 636/636/636 203/203/203 35/35/35
f 517/517/517 35/35/35 34/34/34
f 680/680/680 478/478/478 480/480/480
f 480/480/480 1308/1308/1308 1188/1188/1188
f 606/606/606 608/608/608 827/827/827
f 360/360/360 827/827/827 825/825/825
f 1235/1235/1235 395/395/395 48/48/48
f 646/646/646 395/395/395 1235/1235/1235
f 394/394/394 1180/1180/1180 46/46/46
f 395/395/395 394/394/394 46/46/46
f 1068/1068/1068 751/751/751 869/869/869
f 750/750/750 287/287/287 751/751/751
f 386/386/386 388/388/388 1217/1217/1217
f 770/770/770 1217/1217/1217 388/388/388
f 1133/1133/1133 678/678/678 477/477/477
f 678/678/678 347/347/347 477/477/477
f 1281/1281/1281 1282/1282/1282 347/347/347
f 347/347/347 1282/1282/1282 477/477/477
f 1106/1106/1106 146/146/146 145/145/145
f 934/934/934 1106/1106/1106 145/145/145
f 1080/1080/1080 1252/1252/1252 1024/1024/1024
f 1191/1191/1191 1080/1080/1080 1024/1024/1024
f 4/4/4 633/633/633 5/5/5
f 6/6/6 5/5/5 470/470/470
f 724/724/724 1120/1120/1120 503/503/503
f 503/503/503 1120/1120/1120 504/504/504
f 104/104/104 106/106/106 689/689/689
f 689/689/689 106/106/106 851/851/851
f 226/226/226 498/498/498 499/499/499
f 499/499/499 498/498/498 448/448/448
f 346/346/346 1314/1314/1314 347/347/347
f 1309/1309/1309 1062/1062/1062 1061/1061/1061
f 1283/1283/1283 242/242/242 241/241/241
f 621/621/621 1283/1283/1283 241/241/241
f 532/532/532 730/730/730 209/209/209
f 729/729/729 730/730/730 532/532/532
f 1162/1162/1162 127/127/127 534/534/534
f 535/535/535 534/534/534 127/127/127
f 767/767/767 405/405/405 766/766/766
f 767/767/767 766/766/766 284/284/284
f 1159/1159/1159 593/593/593 716/716/716
f 593/593/593 180/180/180 716/716/716
f 613/613/613 1238/1238/1238 1239/1239/1239
f 407/407/407 1239/1239/1239 1238/1238/1238
f 1271/1271/1271 1109/1109/1109 974/974/974
f 17/17/17 1271/1271/1271 975/975/975
f 612/612/612 671/671/671 613/613/613
f 613/613/613 671/671/671 1238/1238/1238
f 187/187/187 189/189/189 272/272/272
f 271/271/271 187/187/187 272/272/272
f 283/283/283 282/282/282 1202/1202/1202
f 283/283/283 1202/1202/1202 1227/1227/1227
f 266/266/266 1227/1227/1227 573/573/573
f 283/283/283 1227/1227/1227 266/266/266
f 942/942/942 413/413/413 412/412/412
f 942/942/942 1187/1187/1187 413/413/413
f 1223/1223/1223 1287/1287/1287 743/743/743
f 428/428/428 1223/1223/1223 743/743/743
f 743/743/743 237/237/237 1163/1163/1163
f 1163/1163/1163 237/237/237 236/236/236
f 1312/1312/1312 1301/1301/1301 163/163/163
f 1301/1301/1301 1208/1208/1208 163/163/163
f 1219/1219/1219 313/313/313 312/312/312
f 313/313/313 1219/1219/1219 520/520/520
f 359/359/359 326/326/326 977/977/977
f 326/326/326 163/163/163 977/977/977
f 870/870/870 442/442/442 1267/1267/1267
f 355/355/355 870/870/870 1267/1267/1267
f 847/847/847 793/793/793 561/561/561
f 47/47/47 793/793/793 847/847/847
f 1127/1127/1127 274/274/274 1128/1128/1128
f 128/128/128 1004/1004/1004 654/654/654
f 391/391/391 128/128/128 389/389/389
f 1125/1125/1125 580/580/580 378/378/378
f 1125/1125/1125 892/892/892 580/580/580
f 1162/1162/1162 389/389/389 128/128/128
f 1298/1298/1298 389/389/389 1162/1162/1162
f 273/273/273 1125/1125/1125 378/378/378
f 273/273/273 378/378/378 379/379/379
f 1146/1146/1146 819/819/819 360/360/360
f 1146/1146/1146 360/360/360 362/362/362
f 592/592/592 1315/1315/1315 708/708/708
f 1315/1315/1315 592/592/592 1212/1212/1212
f 1311/1311/1311 1028/1028/1028 139/139/139
f 374/374/374 139/139/139 141/141/141
f 1182/1182/1182 216/216/216 507/507/507
f 507/507/507 216/216/216 508/508/508
f 702/702/702 833/833/833 832/832/832
f 832/832/832 1292/1292/1292 702/702/702
f 829/829/829 1290/1290/1290 1291/1291/1291
f 832/832/832 829/829/829 1292/1292/1292
f 872/872/872 876/876/876 877/877/877
f 871/871/871 876/876/876 872/872/872
f 1065/1065/1065 749/749/749 1071/1071/1071
f 1072/1072/1072 1068/1068/1068 1071/1071/1071
f 1278/1278/1278 910/910/910 626/626/626
f 626/626/626 910/910/910 909/909/909
f 960/960/960 1261/1261/1261 959/959/959
f 287/287/287 289/289/289 869/869/869
f 869/869/869 751/751/751 287/287/287
f 706/706/706 670/670/670 707/707/707
f 669/669/669 707/707/707 670/670/670
f 687/687/687 1018/1018/1018 368/368/368
f 1155/1155/1155 368/368/368 1018/1018/1018
f 946/946/946 75/75/75 77/77/77
f 945/945/945 946/946/946 973/973/973
f 248/248/248 161/161/161 245/245/245
f 161/161/161 248/248/248 159/159/159
f 1316/1316/1316 687/687/687 368/368/368
f 206/206/206 687/687/687 1316/1316/1316
f 204/204/204 206/206/206 1316/1316/1316
f 1316/1316/1316 368/368/368 204/204/204
f 893/893/893 968/968/968 60/60/60
f 172/172/172 968/968/968 893/893/893
f 468/468/468 467/467/467 1294/1294/1294
f 1190/1190/1190 1294/1294/1294 465/465/465
f 735/735/735 813/813/813 809/809/809
f 809/809/809 811/811/811 807/807/807
f 728/728/728 168/168/168 776/776/776
f 776/776/776 211/211/211 728/728/728
f 93/93/93 640/640/640 1009/1009/1009
f 640/640/640 639/639/639 1012/1012/1012
f 274/274/274 275/275/275 1128/1128/1128
f 1185/1185/1185 363/363/363 775/775/775
f 1094/1094/1094 976/976/976 55/55/55
f 976/976/976 164/164/164 55/55/55
f 635/635/635 397/397/397 659/659/659
f 1076/1076/1076 635/635/635 659/659/659
f 481/481/481 483/483/483 1076/1076/1076
f 483/483/483 635/635/635 1076/1076/1076
f 1069/1069/1069 539/539/539 1066/1066/1066
f 538/538/538 1066/1066/1066 539/539/539
f 541/541/541 1307/1307/1307 87/87/87
f 87/87/87 1307/1307/1307 8/8/8
f 1253/1253/1253 1252/1252/1252 419/419/419
f 440/440/440 1252/1252/1252 1253/1253/1253
f 868/868/868 1137/1137/1137 39/39/39
f 869/869/869 868/868/868 39/39/39
f 1076/1076/1076 344/344/344 481/481/481
f 481/481/481 344/344/344 343/343/343
f 1126/1126/1126 1129/1129/1129 917/917/917
f 1145/1145/1145 917/917/917 1129/1129/1129
f 111/111/111 1099/1099/1099 1101/1101/1101
f 1236/1236/1236 1099/1099/1099 111/111/111
f 110/110/110 1143/1143/1143 1142/1142/1142
f 115/115/115 1143/1143/1143 1189/1189/1189
f 1317/1317/1317 459/459/459 1318/1318/1318
f 459/459/459 773/773/773 1318/1318/1318
f 1143/1143/1143 115/115/115 1142/1142/1142
f 1142/1142/1142 115/115/115 218/218/218
f 647/647/647 1185/1185/1185 775/775/775
f 142/142/142 995/995/995 1178/1178/1178
f 142/142/142 1178/1178/1178 143/143/143
f 293/293/293 1317/1317/1317 294/294/294
f 299/299/299 301/301/301 457/457/457
f 117/117/117 823/823/823 118/118/118
f 627/627/627 632/632/632 823/823/823
f 1141/1141/1141 1314/1314/1314 1309/1309/1309
f 1309/1309/1309 1314/1314/1314 1062/1062/1062
f 1280/1280/1280 245/245/245 1209/1209/1209
f 1280/1280/1280 1209/1209/1209 85/85/85
f 769/769/769 393/393/393 967/967/967
f 967/967/967 86/86/86 769/769/769
f 358/358/358 123/123/123 957/957/957
f 957/957/957 123/123/123 584/584/584
f 321/321/321 1104/1104/1104 524/524/524
f 1104/1104/1104 1073/1073/1073 524/524/524
f 981/981/981 983/983/983 982/982/982
f 1132/1132/1132 1207/1207/1207 643/643/643
f 444/444/444 718/718/718 720/720/720
f 445/445/445 718/718/718 444/444/444
f 605/605/605 1122/1122/1122 604/604/604
f 605/605/605 1124/1124/1124 1122/1122/1122
f 1293/1293/1293 765/765/765 231/231/231
f 1293/1293/1293 231/231/231 230/230/230
f 313/313/313 1014/1014/1014 839/839/839
f 1013/1013/1013 839/839/839 1014/1014/1014
f 964/964/964 454/454/454 859/859/859
f 769/769/769 383/383/383 385/385/385
f 393/393/393 769/769/769 385/385/385
f 698/698/698 697/697/697 790/790/790
f 548/548/548 698/698/698 790/790/790
f 77/77/77 973/973/973 946/946/946
f 77/77/77 971/971/971 973/973/973
f 480/480/480 351/351/351 1308/1308/1308
f 351/351/351 350/350/350 1308/1308/1308
f 1312/1312/1312 878/878/878 1301/1301/1301
f 879/879/879 1301/1301/1301 878/878/878
f 513/513/513 55/55/55 514/514/514
f 1094/1094/1094 55/55/55 513/513/513
f 1033/1033/1033 514/514/514 55/55/55
f 1033/1033/1033 339/339/339 514/514/514
f 643/643/643 642/642/642 1319/1319/1319
f 1319/1319/1319 642/642/642 393/393/393
f 779/779/779 1213/1213/1213 1212/1212/1212
f 1212/1212/1212 1213/1213/1213 595/595/595
f 146/146/146 644/644/644 646/646/646
f 980/980/980 644/644/644 146/146/146
f 119/119/119 121/121/121 641/641/641
f 1207/1207/1207 119/119/119 641/641/641
f 495/495/495 96/96/96 95/95/95
f 495/495/495 95/95/95 274/274/274
f 1220/1220/1220 912/912/912 373/373/373
f 936/936/936 935/935/935 912/912/912
f 200/200/200 740/740/740 575/575/575
f 740/740/740 364/364/364 575/575/575
f 1105/1105/1105 387/387/387 1320/1320/1320
f 387/387/387 1281/1281/1281 1320/1320/1320
f 840/840/840 1013/1013/1013 522/522/522
f 522/522/522 1013/1013/1013 741/741/741
f 933/933/933 1270/1270/1270 147/147/147
f 933/933/933 800/800/800 1270/1270/1270
f 1319/1319/1319 393/393/393 645/645/645
f 983/983/983 1319/1319/1319 645/645/645
f 256/256/256 848/848/848 1105/1105/1105
f 1105/1105/1105 848/848/848 1180/1180/1180
f 725/725/725 505/505/505 1116/1116/1116
f 1042/1042/1042 1040/1040/1040 1038/1038/1038
f 1040/1040/1040 1037/1037/1037 1038/1038/1038
f 66/66/66 1044/1044/1044 1039/1039/1039
f 1041/1041/1041 1044/1044/1044 662/662/662
f 661/661/661 1041/1041/1041 662/662/662
f 767/767/767 284/284/284 297/297/297
f 286/286/286 297/297/297 284/284/284
f 947/947/947 469/469/469 1135/1135/1135
f 949/949/949 1136/1136/1136 1135/1135/1135
f 79/79/79 443/443/443 1284/1284/1284
f 79/79/79 356/356/356 443/443/443
f 667/667/667 947/947/947 1136/1136/1136
f 1135/1135/1135 1136/1136/1136 947/947/947
f 43/43/43 402/402/402 404/404/404
f 43/43/43 45/45/45 785/785/785
f 877/877/877 570/570/570 874/874/874
f 554/554/554 553/553/553 56/56/56
f 56/56/56 1305/1305/1305 554/554/554
f 785/785/785 402/402/402 43/43/43
f 1110/1110/1110 402/402/402 785/785/785
f 874/874/874 570/570/570 53/53/53
f 52/52/52 874/874/874 53/53/53
f 679/679/679 484/484/484 478/478/478
f 1085/1085/1085 167/167/167 622/622/622
f 622/622/622 167/167/167 772/772/772
f 441/441/441 421/421/421 1160/1160/1160
f 1160/1160/1160 421/421/421 75/75/75
f 1093/1093/1093 240/240/240 791/791/791
f 240/240/240 242/242/242 791/791/791
f 694/694/694 11/11/11 831/831/831
f 833/833/833 694/694/694 831/831/831
f 1093/1093/1093 791/791/791 714/714/714
f 714/714/714 791/791/791 842/842/842
f 952/952/952 694/694/694 696/696/696
f 114/114/114 952/952/952 696/696/696
f 1147/1147/1147 239/239/239 715/715/715
f 714/714/714 1147/1147/1147 715/715/715
f 842/842/842 1147/1147/1147 714/714/714
f 841/841/841 1147/1147/1147 842/842/842
f 600/600/600 708/708/708 601/601/601
f 601/601/601 708/708/708 1315/1315/1315
f 1246/1246/1246 590/590/590 589/589/589
f 886/886/886 1246/1246/1246 1247/1247/1247
f 656/656/656 652/652/652 1242/1242/1242
f 290/290/290 650/650/650 652/652/652
f 268/268/268 787/787/787 269/269/269
f 787/787/787 993/993/993 269/269/269
f 436/436/436 1023/1023/1023 1001/1001/1001
f 1023/1023/1023 870/870/870 1001/1001/1001
f 656/656/656 653/653/653 1002/1002/1002
f 651/651/651 1002/1002/1002 653/653/653
f 1020/1020/1020 62/62/62 1204/1204/1204
f 62/62/62 553/553/553 1204/1204/1204
f 1232/1232/1232 101/101/101 1233/1233/1233
f 415/415/415 414/414/414 1232/1232/1232
f 402/402/402 261/261/261 403/403/403
f 403/403/403 261/261/261 866/866/866
f 970/970/970 548/548/548 788/788/788
f 58/58/58 970/970/970 788/788/788
f 1267/1267/1267 1161/1161/1161 1195/1195/1195
f 1267/1267/1267 1195/1195/1195 439/439/439
f 505/505/505 532/532/532 1116/1116/1116
f 725/725/725 1116/1116/1116 1183/1183/1183
f 651/651/651 653/653/653 1137/1137/1137
f 39/39/39 1137/1137/1137 653/653/653
f 1263/1263/1263 308/308/308 1304/1304/1304
f 308/308/308 1263/1263/1263 1264/1264/1264
f 880/880/880 883/883/883 884/884/884
f 883/883/883 327/327/327 326/326/326
f 747/747/747 1223/1223/1223 428/428/428
f 428/428/428 74/74/74 1279/1279/1279
f 957/957/957 956/956/956 233/233/233
f 234/234/234 233/233/233 956/956/956
f 782/782/782 1249/1249/1249 783/783/783
f 620/620/620 48/48/48 1283/1283/1283
f 1235/1235/1235 48/48/48 620/620/620
f 471/471/471 581/581/581 891/891/891
f 36/36/36 890/890/890 891/891/891
f 6/6/6 471/471/471 203/203/203
f 890/890/890 471/471/471 891/891/891
f 63/63/63 984/984/984 64/64/64
f 984/984/984 986/986/986 64/64/64
f 213/213/213 608/608/608 214/214/214
f 827/827/827 608/608/608 825/825/825
f 725/725/725 503/503/503 505/505/505
f 30/30/30 1070/1070/1070 334/334/334
f 30/30/30 852/852/852 752/752/752
f 30/30/30 336/336/336 28/28/28
f 28/28/28 336/336/336 542/542/542
f 793/793/793 849/849/849 1060/1060/1060
f 396/396/396 485/485/485 1313/1313/1313
f 1268/1268/1268 1313/1313/1313 485/485/485
f 679/679/679 478/478/478 680/680/680
f 722/722/722 898/898/898 1010/1010/1010
f 1010/1010/1010 639/639/639 722/722/722
f 1008/1008/1008 944/944/944 1009/1009/1009
f 185/185/185 944/944/944 1008/1008/1008
f 895/895/895 1086/1086/1086 764/764/764
f 764/764/764 1086/1086/1086 765/765/765
f 270/270/270 269/269/269 994/994/994
f 994/994/994 200/200/200 270/270/270
f 449/449/449 1154/1154/1154 1240/1240/1240
f 1240/1240/1240 1154/1154/1154 120/120/120
f 398/398/398 1321/1321/1321 1032/1032/1032
f 1032/1032/1032 941/941/941 353/353/353
f 941/941/941 1032/1032/1032 1321/1321/1321
f 177/177/177 3/3/3 916/916/916
f 916/916/916 3/3/3 615/615/615
f 357/357/357 738/738/738 113/113/113
f 952/952/952 113/113/113 738/738/738
f 632/632/632 628/628/628 733/733/733
f 628/628/628 630/630/630 733/733/733
f 1271/1271/1271 974/974/974 975/975/975
f 975/975/975 974/974/974 971/971/971
f 1034/1034/1034 57/57/57 61/61/61
f 1020/1020/1020 1022/1022/1022 61/61/61
f 337/337/337 339/339/339 1034/1034/1034
f 337/337/337 1034/1034/1034 61/61/61
f 337/337/337 61/61/61 1022/1022/1022
f 338/338/338 337/337/337 1022/1022/1022
f 616/616/616 618/618/618 1029/1029/1029
f 1029/1029/1029 618/618/618 1026/1026/1026
f 466/466/466 302/302/302 943/943/943
f 465/465/465 302/302/302 466/466/466
f 753/753/753 954/954/954 755/755/755
f 1238/1238/1238 954/954/954 753/753/753
f 1197/1197/1197 1/1/1 177/177/177
f 1/1/1 1197/1197/1197 710/710/710
f 557/557/557 177/177/177 552/552/552
f 557/557/557 1197/1197/1197 177/177/177
f 264/264/264 129/129/129 130/130/130
f 127/127/127 129/129/129 264/264/264
f 1250/1250/1250 1081/1081/1081 1089/1089/1089
f 264/264/264 1081/1081/1081 1250/1250/1250
f 904/904/904 885/885/885 418/418/418
f 123/123/123 418/418/418 885/885/885
f 807/807/807 735/735/735 809/809/809
f 806/806/806 735/735/735 807/807/807
f 964/964/964 965/965/965 860/860/860
f 860/860/860 454/454/454 964/964/964
f 226/226/226 499/499/499 1196/1196/1196
f 226/226/226 1196/1196/1196 1207/1207/1207
f 834/834/834 1264/1264/1264 20/20/20
f 308/308/308 1264/1264/1264 834/834/834
f 1245/1245/1245 197/197/197 1117/1117/1117
f 7/7/7 1117/1117/1117 197/197/197
f 396/396/396 398/398/398 486/486/486
f 396/396/396 486/486/486 485/485/485
f 943/943/943 412/412/412 705/705/705
f 412/412/412 1231/1231/1231 705/705/705
f 128/128/128 654/654/654 657/657/657
f 657/657/657 654/654/654 653/653/653
f 922/922/922 10/10/10 835/835/835
f 835/835/835 10/10/10 12/12/12
f 329/329/329 235/235/235 624/624/624
f 233/233/233 235/235/235 329/329/329
f 228/228/228 168/168/168 170/170/170
f 229/229/229 228/228/228 1131/1131/1131
f 669/669/669 668/668/668 953/953/953
f 835/835/835 12/12/12 309/309/309
f 12/12/12 307/307/307 309/309/309
f 1173/1173/1173 1174/1174/1174 828/828/828
f 1290/1290/1290 155/155/155 154/154/154
f 219/219/219 218/218/218 529/529/529
f 530/530/530 529/529/529 218/218/218
f 780/780/780 239/239/239 51/51/51
f 780/780/780 51/51/51 778/778/778
f 374/374/374 1311/1311/1311 139/139/139
f 1193/1193/1193 1311/1311/1311 374/374/374
f 409/409/409 1259/1259/1259 1257/1257/1257
f 1257/1257/1257 407/407/407 409/409/409
f 794/794/794 796/796/796 1152/1152/1152
f 1152/1152/1152 796/796/796 235/235/235
f 1151/1151/1151 794/794/794 1152/1152/1152
f 1151/1151/1151 587/587/587 794/794/794
f 446/446/446 190/190/190 192/192/192
f 193/193/193 195/195/195 446/446/446
f 195/195/195 998/998/998 190/190/190
f 195/195/195 190/190/190 446/446/446
f 969/969/969 1098/1098/1098 1095/1095/1095
f 1224/1224/1224 1095/1095/1095 1102/1102/1102
f 736/736/736 969/969/969 1096/1096/1096
f 969/969/969 1095/1095/1095 1096/1096/1096
f 814/814/814 813/813/813 1107/1107/1107
f 813/813/813 734/734/734 1107/1107/1107
f 1124/1124/1124 333/333/333 223/223/223
f 220/220/220 333/333/333 1124/1124/1124
f 731/731/731 1298/1298/1298 1162/1162/1162
f 730/730/730 1298/1298/1298 731/731/731
f 1249/1249/1249 782/782/782 786/786/786
f 288/288/288 1153/1153/1153 290/290/290
f 750/750/750 1153/1153/1153 288/288/288
f 144/144/144 1187/1187/1187 942/942/942
f 1187/1187/1187 144/144/144 1115/1115/1115
f 386/386/386 930/930/930 475/475/475
f 381/381/381 930/930/930 386/386/386
f 948/948/948 277/277/277 1049/1049/1049
f 1049/1049/1049 1048/1048/1048 948/948/948
f 1051/1051/1051 312/312/312 761/761/761
f 761/761/761 312/312/312 310/310/310
f 876/876/876 1256/1256/1256 877/877/877
f 922/922/922 828/828/828 830/830/830
f 10/10/10 922/922/922 830/830/830
f 1112/1112/1112 871/871/871 873/873/873
f 562/562/562 1112/1112/1112 873/873/873
f 311/311/311 986/986/986 760/760/760
f 311/311/311 987/987/987 986/986/986
f 805/805/805 1225/1225/1225 806/806/806
f 822/822/822 1322/1322/1322 805/805/805
f 121/121/121 1241/1241/1241 966/966/966
f 1241/1241/1241 540/540/540 966/966/966
f 805/805/805 1322/1322/1322 1225/1225/1225
f 822/822/822 824/824/824 1322/1322/1322
f 1322/1322/1322 824/824/824 1225/1225/1225
f 823/823/823 1225/1225/1225 824/824/824
f 1004/1004/1004 37/37/37 1265/1265/1265
f 39/39/39 1265/1265/1265 37/37/37
f 771/771/771 375/375/375 178/178/178
f 375/375/375 141/141/141 178/178/178
f 1302/1302/1302 1244/1244/1244 1245/1245/1245
f 1302/1302/1302 677/677/677 1244/1244/1244
f 305/305/305 1258/1258/1258 553/553/553
f 553/553/553 1258/1258/1258 1204/1204/1204
f 1302/1302/1302 1245/1245/1245 207/207/207
f 1302/1302/1302 207/207/207 675/675/675
f 1021/1021/1021 1286/1286/1286 338/338/338
f 1286/1286/1286 65/65/65 338/338/338
f 624/624/624 1085/1085/1085 1084/1084/1084
f 624/624/624 167/167/167 1085/1085/1085
f 636/636/636 35/35/35 517/517/517
f 636/636/636 517/517/517 518/518/518
f 1199/1199/1199 14/14/14 1166/1166/1166
f 84/84/84 14/14/14 1199/1199/1199
f 826/826/826 361/361/361 360/360/360
f 362/362/362 361/361/361 1228/1228/1228
f 826/826/826 1228/1228/1228 361/361/361
f 1228/1228/1228 826/826/826 215/215/215
f 24/24/24 23/23/23 800/800/800
f 23/23/23 934/934/934 800/800/800
f 1231/1231/1231 670/670/670 706/706/706
f 1231/1231/1231 706/706/706 705/705/705
f 412/412/412 411/411/411 1231/1231/1231
f 1231/1231/1231 411/411/411 1186/1186/1186
f 777/777/777 1119/1119/1119 1121/1121/1121
f 726/726/726 210/210/210 1121/1121/1121
f 777/777/777 1121/1121/1121 210/210/210
f 212/212/212 777/777/777 210/210/210
f 414/414/414 101/101/101 1232/1232/1232
f 102/102/102 101/101/101 414/414/414
f 815/815/815 797/797/797 588/588/588
f 126/126/126 815/815/815 588/588/588
f 147/147/147 798/798/798 616/616/616
f 798/798/798 617/617/617 616/616/616
f 574/574/574 939/939/939 739/739/739
f 739/739/739 939/939/939 365/365/365
f 1181/1181/1181 507/507/507 76/76/76
f 75/75/75 1181/1181/1181 76/76/76
f 561/561/561 563/563/563 1148/1148/1148
f 792/792/792 561/561/561 1148/1148/1148
f 111/111/111 1101/1101/1101 112/112/112
f 1098/1098/1098 1189/1189/1189 1101/1101/1101
f 649/649/649 26/26/26 25/25/25
f 649/649/649 567/567/567 26/26/26
f 1101/1101/1101 1189/1189/1189 112/112/112
f 1189/1189/1189 1143/1143/1143 112/112/112
f 1108/1108/1108 695/695/695 833/833/833
f 694/694/694 833/833/833 695/695/695
f 530/530/530 531/531/531 1108/1108/1108
f 1108/1108/1108 531/531/531 695/695/695
f 1214/1214/1214 1139/1139/1139 452/452/452
f 452/452/452 1139/1139/1139 926/926/926
f 1081/1081/1081 132/132/132 1088/1088/1088
f 131/131/131 1088/1088/1088 132/132/132
f 1234/1234/1234 436/436/436 435/435/435
f 521/521/521 1234/1234/1234 435/435/435
f 21/21/21 155/155/155 1173/1173/1173
f 1173/1173/1173 155/155/155 1290/1290/1290
f 829/829/829 1174/1174/1174 1290/1290/1290
f 1174/1174/1174 1173/1173/1173 1290/1290/1290
f 489/489/489 989/989/989 1130/1130/1130
f 489/489/489 1130/1130/1130 490/490/490
f 429/429/429 428/428/428 744/744/744
f 843/843/843 1079/1079/1079 683/683/683
f 844/844/844 683/683/683 438/438/438
f 255/255/255 1314/1314/1314 1141/1141/1141
f 848/848/848 255/255/255 1141/1141/1141
f 255/255/255 257/257/257 1314/1314/1314
f 257/257/257 347/347/347 1314/1314/1314
f 1205/1205/1205 176/176/176 556/556/556
f 879/879/879 176/176/176 1205/1205/1205
f 1320/1320/1320 1281/1281/1281 380/380/380
f 380/380/380 1281/1281/1281 347/347/347
f 133/133/133 875/875/875 871/871/871
f 1172/1172/1172 697/697/697 1167/1167/1167
f 693/693/693 1172/1172/1172 1167/1167/1167
f 551/551/551 1172/1172/1172 1171/1171/1171
f 1295/1295/1295 551/551/551 1171/1171/1171
f 489/489/489 491/491/491 989/989/989
f 171/171/171 989/989/989 491/491/491
f 215/215/215 451/451/451 1230/1230/1230
f 453/453/453 1230/1230/1230 451/451/451
f 551/551/551 1295/1295/1295 566/566/566
f 1295/1295/1295 191/191/191 566/566/566
f 386/386/386 475/475/475 1282/1282/1282
f 477/477/477 1282/1282/1282 475/475/475
f 299/299/299 293/293/293 322/322/322
f 293/293/293 299/299/299 457/457/457
f 213/213/213 825/825/825 608/608/608
f 213/213/213 826/826/826 825/825/825
f 595/595/595 658/658/658 599/599/599
f 595/595/595 599/599/599 598/598/598
f 883/883/883 880/880/880 327/327/327
f 880/880/880 1312/1312/1312 327/327/327
f 1312/1312/1312 882/882/882 878/878/878
f 880/880/880 882/882/882 1312/1312/1312
f 453/453/453 1289/1289/1289 1230/1230/1230
f 1285/1285/1285 1163/1163/1163 236/236/236
f 463/463/463 1318/1318/1318 773/773/773
f 461/461/461 463/463/463 773/773/773
f 1005/1005/1005 1166/1166/1166 1272/1272/1272
f 37/37/37 1005/1005/1005 1272/1272/1272
f 391/391/391 1004/1004/1004 128/128/128
f 390/390/390 1004/1004/1004 391/391/391
f 929/929/929 609/609/609 607/607/607
f 608/608/608 607/607/607 609/609/609
f 693/693/693 80/80/80 1171/1171/1171
f 156/156/156 80/80/80 693/693/693
f 227/227/227 1184/1184/1184 647/647/647
f 647/647/647 1184/1184/1184 1185/1185/1185
f 24/24/24 800/800/800 799/799/799
f 797/797/797 24/24/24 799/799/799
f 860/860/860 862/862/862 454/454/454
f 454/454/454 862/862/862 424/424/424
f 724/724/724 502/502/502 449/449/449
f 502/502/502 724/724/724 1183/1183/1183
f 527/527/527 530/530/530 546/546/546
f 527/527/527 546/546/546 970/970/970
f 680/680/680 1133/1133/1133 1306/1306/1306
f 1133/1133/1133 477/477/477 1306/1306/1306
f 671/671/671 612/612/612 672/672/672
f 672/672/672 612/612/612 706/706/706
f 107/107/107 889/889/889 108/108/108
f 1058/1058/1058 889/889/889 107/107/107
f 152/152/152 1053/1053/1053 1273/1273/1273
f 1273/1273/1273 1053/1053/1053 703/703/703
f 108/108/108 1222/1222/1222 577/577/577
f 889/889/889 1222/1222/1222 108/108/108
f 381/381/381 386/386/386 1216/1216/1216
f 1218/1218/1218 381/381/381 1216/1216/1216
f 936/936/936 912/912/912 1220/1220/1220
f 1177/1177/1177 936/936/936 1220/1220/1220
f 232/232/232 762/762/762 1150/1150/1150
f 1150/1150/1150 586/586/586 232/232/232
f 585/585/585 232/232/232 586/586/586
f 230/230/230 232/232/232 585/585/585
f 614/614/614 943/943/943 612/612/612
f 466/466/466 943/943/943 614/614/614
f 1131/1131/1131 170/170/170 448/448/448
f 228/228/228 170/170/170 1131/1131/1131
f 339/339/339 307/307/307 306/306/306
f 339/339/339 306/306/306 514/514/514
f 1169/1169/1169 280/280/280 279/279/279
f 1169/1169/1169 279/279/279 198/198/198
f 1084/1084/1084 181/181/181 711/711/711
f 1084/1084/1084 711/711/711 710/710/710
f 929/929/929 607/607/607 1031/1031/1031
f 611/611/611 929/929/929 1031/1031/1031
f 468/468/468 1294/1294/1294 1190/1190/1190
f 183/183/183 468/468/468 1190/1190/1190
f 1293/1293/1293 1200/1200/1200 836/836/836
f 252/252/252 1293/1293/1293 836/836/836
f 1052/1052/1052 1051/1051/1051 760/760/760
f 986/986/986 1052/1052/1052 760/760/760
f 915/915/915 615/615/615 466/466/466
f 916/916/916 615/615/615 915/915/915
f 756/756/756 100/100/100 408/408/408
f 756/756/756 98/98/98 100/100/100
f 666/666/666 583/583/583 667/667/667
f 583/583/583 666/666/666 205/205/205
f 630/630/630 1226/1226/1226 149/149/149
f 149/149/149 1226/1226/1226 225/225/225
f 226/226/226 1207/1207/1207 150/150/150
f 1132/1132/1132 150/150/150 1207/1207/1207
f 1082/1082/1082 710/710/710 1197/1197/1197
f 1084/1084/1084 710/710/710 1082/1082/1082
f 931/931/931 558/558/558 560/560/560
f 1112/1112/1112 931/931/931 1113/1113/1113
f 850/850/850 91/91/91 1303/1303/1303
f 850/850/850 1303/1303/1303 690/690/690
f 985/985/985 1263/1263/1263 64/64/64
f 64/64/64 986/986/986 985/985/985
f 1323/1323/1323 1278/1278/1278 1277/1277/1277
f 1323/1323/1323 910/910/910 1278/1278/1278
f 745/745/745 742/742/742 684/684/684
f 742/742/742 685/685/685 684/684/684
f 674/674/674 399/399/399 676/676/676
f 865/865/865 399/399/399 674/674/674
f 676/676/676 1170/1170/1170 1169/1169/1169
f 676/676/676 399/399/399 1170/1170/1170
f 105/105/105 286/286/286 106/106/106
f 286/286/286 105/105/105 773/773/773
f 858/858/858 29/29/29 91/91/91
f 858/858/858 852/852/852 29/29/29
f 419/419/419 963/963/963 420/420/420
f 963/963/963 610/610/610 420/420/420
f 965/965/965 963/963/963 419/419/419
f 419/419/419 1157/1157/1157 965/965/965
f 455/455/455 429/429/429 744/744/744
f 938/938/938 1247/1247/1247 589/589/589
f 1247/1247/1247 1246/1246/1246 589/589/589
f 938/938/938 42/42/42 41/41/41
f 938/938/938 589/589/589 42/42/42
f 774/774/774 773/773/773 105/105/105
f 461/461/461 773/773/773 774/774/774
f 1110/1110/1110 268/268/268 262/262/262
f 268/268/268 1110/1110/1110 786/786/786
f 482/482/482 343/343/343 472/472/472
f 343/343/343 482/482/482 481/481/481
f 717/717/717 1159/1159/1159 716/716/716
f 1159/1159/1159 717/717/717 778/778/778
f 1217/1217/1217 770/770/770 276/276/276
f 768/768/768 276/276/276 770/770/770
f 409/409/409 410/410/410 1259/1259/1259
f 1259/1259/1259 410/410/410 864/864/864
f 192/192/192 719/719/719 445/445/445
f 719/719/719 192/192/192 1295/1295/1295
f 210/210/210 726/726/726 211/211/211
f 726/726/726 728/728/728 211/211/211
f 1292/1292/1292 154/154/154 692/692/692
f 154/154/154 156/156/156 692/692/692
f 1292/1292/1292 1291/1291/1291 154/154/154
f 829/829/829 1291/1291/1291 1292/1292/1292
f 1095/1095/1095 1098/1098/1098 1102/1102/1102
f 1102/1102/1102 1098/1098/1098 1101/1101/1101
f 1224/1224/1224 1097/1097/1097 1095/1095/1095
f 1224/1224/1224 359/359/359 1097/1097/1097
f 1097/1097/1097 979/979/979 1095/1095/1095
f 979/979/979 1097/1097/1097 977/977/977
f 293/293/293 457/457/457 1317/1317/1317
f 1317/1317/1317 457/457/457 459/459/459
f 1317/1317/1317 1318/1318/1318 294/294/294
f 463/463/463 294/294/294 1318/1318/1318
f 355/355/355 1267/1267/1267 356/356/356
f 808/808/808 191/191/191 1000/1000/1000
f 190/190/190 1000/1000/1000 191/191/191
f 998/998/998 999/999/999 190/190/190
f 83/83/83 999/999/999 998/998/998
f 562/562/562 1061/1061/1061 932/932/932
f 562/562/562 932/932/932 1112/1112/1112
f 430/430/430 611/611/611 1031/1031/1031
f 420/420/420 611/611/611 430/430/430
f 428/428/428 1279/1279/1279 747/747/747
f 745/745/745 747/747/747 1279/1279/1279
f 816/816/816 811/811/811 907/907/907
f 908/908/908 816/816/816 907/907/907
f 908/908/908 907/907/907 803/803/803
f 908/908/908 803/803/803 22/22/22
f 928/928/928 223/223/223 820/820/820
f 1058/1058/1058 1059/1059/1059 889/889/889
f 1059/1059/1059 1058/1058/1058 296/296/296
f 624/624/624 1083/1083/1083 712/712/712
f 712/712/712 1083/1083/1083 175/175/175
f 846/846/846 332/332/332 1275/1275/1275
f 332/332/332 846/846/846 1055/1055/1055
f 1240/1240/1240 450/450/450 449/449/449
f 1240/1240/1240 660/660/660 450/450/450
f 643/643/643 1319/1319/1319 983/983/983
f 981/981/981 643/643/643 983/983/983
f 1132/1132/1132 643/643/643 981/981/981
f 148/148/148 1132/1132/1132 981/981/981
f 19/19/19 920/920/920 923/923/923
f 19/19/19 21/21/21 920/920/920
f 1176/1176/1176 1251/1251/1251 180/180/180
f 1251/1251/1251 1176/1176/1176 1175/1175/1175
f 554/554/554 1305/1305/1305 1206/1206/1206
f 1305/1305/1305 1208/1208/1208 1206/1206/1206
f 291/291/291 1255/1255/1255 285/285/285
f 285/285/285 1255/1255/1255 851/851/851
f 291/291/291 290/290/290 1254/1254/1254
f 291/291/291 1254/1254/1254 1255/1255/1255
f 425/425/425 1211/1211/1211 437/437/437
f 425/425/425 437/437/437 426/426/426
f 425/425/425 1210/1210/1210 1211/1211/1211
f 861/861/861 1210/1210/1210 862/862/862
f 970/970/970 802/802/802 527/527/527
f 970/970/970 58/58/58 802/802/802
f 861/861/861 1157/1157/1157 1211/1211/1211
f 861/861/861 1211/1211/1211 1210/1210/1210
f 194/194/194 1297/1297/1297 1111/1111/1111
f 1297/1297/1297 997/997/997 1111/1111/1111
f 193/193/193 446/446/446 445/445/445
f 193/193/193 445/445/445 157/157/157
f 158/158/158 1269/1269/1269 157/157/157
f 193/193/193 157/157/157 1269/1269/1269
f 997/997/997 1165/1165/1165 160/160/160
f 160/160/160 1165/1165/1165 13/13/13
f 189/189/189 377/377/377 1125/1125/1125
f 189/189/189 376/376/376 377/377/377
f 820/820/820 223/223/223 224/224/224
f 144/144/144 371/371/371 1115/1115/1115
f 1115/1115/1115 371/371/371 416/416/416
f 961/961/961 1155/1155/1155 1019/1019/1019
f 40/40/40 961/961/961 1019/1019/1019
f 961/961/961 379/379/379 1155/1155/1155
f 379/379/379 367/367/367 1155/1155/1155
f 1236/1236/1236 901/901/901 904/904/904
f 1236/1236/1236 904/904/904 1099/1099/1099
f 601/601/601 1315/1315/1315 837/837/837
f 837/837/837 1315/1315/1315 1212/1212/1212
f 331/331/331 1275/1275/1275 332/332/332
f 331/331/331 536/536/536 1275/1275/1275
f 857/857/857 1035/1035/1035 634/634/634
f 855/855/855 857/857/857 634/634/634
f 1215/1215/1215 1218/1218/1218 1217/1217/1217
f 1218/1218/1218 1215/1215/1215 260/260/260
f 560/560/560 559/559/559 1113/1113/1113
f 560/560/560 1113/1113/1113 931/931/931
f 1065/1065/1065 1063/1063/1063 537/537/537
f 537/537/537 1063/1063/1063 538/538/538
f 477/477/477 476/476/476 474/474/474
f 474/474/474 476/476/476 259/259/259
f 1063/1063/1063 1064/1064/1064 538/538/538
f 538/538/538 1064/1064/1064 1067/1067/1067
f 334/334/334 1067/1067/1067 1266/1266/1266
f 1266/1266/1266 1067/1067/1067 1064/1064/1064
f 1088/1088/1088 267/267/267 1090/1090/1090
f 267/267/267 266/266/266 784/784/784
f 784/784/784 1089/1089/1089 1090/1090/1090
f 267/267/267 784/784/784 1090/1090/1090
f 759/759/759 543/543/543 32/32/32
f 32/32/32 543/543/543 33/33/33
f 1299/1299/1299 405/405/405 1203/1203/1203
f 405/405/405 1299/1299/1299 766/766/766
f 898/898/898 905/905/905 899/899/899
f 202/202/202 899/899/899 905/905/905
f 558/558/558 1062/1062/1062 346/346/346
f 1314/1314/1314 346/346/346 1062/1062/1062
f 603/603/603 854/854/854 903/903/903
f 903/903/903 854/854/854 898/898/898
f 1320/1320/1320 256/256/256 1105/1105/1105
f 1320/1320/1320 380/380/380 256/256/256
f 492/492/492 631/631/631 909/909/909
f 909/909/909 631/631/631 629/629/629
f 1003/1003/1003 625/625/625 117/117/117
f 1278/1278/1278 625/625/625 1003/1003/1003
f 941/941/941 1324/1324/1324 354/354/354
f 1260/1260/1260 352/352/352 354/354/354
f 354/354/354 1324/1324/1324 1260/1260/1260
f 739/739/739 365/365/365 364/364/364
f 740/740/740 739/739/739 364/364/364
f 1048/1048/1048 279/279/279 281/281/281
f 281/281/281 665/665/665 1048/1048/1048
f 492/492/492 911/911/911 493/493/493
f 1323/1323/1323 911/911/911 910/910/910
f 366/366/366 1019/1019/1019 686/686/686
f 867/867/867 366/366/366 686/686/686
f 988/988/988 493/493/493 1323/1323/1323
f 1323/1323/1323 493/493/493 911/911/911
f 1277/1277/1277 251/251/251 988/988/988
f 1323/1323/1323 1277/1277/1277 988/988/988
f 652/652/652 650/650/650 1242/1242/1242
f 650/650/650 265/265/265 1242/1242/1242
f 1277/1277/1277 895/895/895 249/249/249
f 897/897/897 249/249/249 895/895/895
f 249/249/249 897/897/897 250/250/250
f 897/897/897 1144/1144/1144 250/250/250
f 404/404/404 674/674/674 44/44/44
f 404/404/404 44/44/44 43/43/43
f 1159/1159/1159 591/591/591 593/593/593
f 591/591/591 1159/1159/1159 779/779/779
f 1071/1071/1071 749/749/749 1072/1072/1072
f 1069/1069/1069 1072/1072/1072 749/749/749
f 324/324/324 1103/1103/1103 325/325/325
f 1073/1073/1073 1103/1103/1103 324/324/324
f 30/30/30 752/752/752 1070/1070/1070
f 1070/1070/1070 752/752/752 751/751/751
f 1069/1069/1069 749/749/749 748/748/748
f 1069/1069/1069 748/748/748 539/539/539
f 890/890/890 203/203/203 471/471/471
f 35/35/35 203/203/203 890/890/890
f 940/940/940 1009/1009/1009 1012/1012/1012
f 1012/1012/1012 1009/1009/1009 640/640/640
f 109/109/109 579/579/579 1201/1201/1201
f 1201/1201/1201 282/282/282 109/109/109
f 1192/1192/1192 300/300/300 497/497/497
f 1192/1192/1192 497/497/497 296/296/296
f 680/680/680 1188/1188/1188 1133/1133/1133
f 680/680/680 480/480/480 1188/1188/1188
f 902/902/902 1180/1180/1180 384/384/384
f 383/383/383 902/902/902 384/384/384
f 1138/1138/1138 926/926/926 1139/1139/1139
f 926/926/926 1138/1138/1138 1164/1164/1164
f 441/441/441 1161/1161/1161 442/442/442
f 442/442/442 1161/1161/1161 1267/1267/1267
f 304/304/304 1239/1239/1239 407/407/407
f 304/304/304 915/915/915 1239/1239/1239
f 151/151/151 519/519/519 152/152/152
f 1053/1053/1053 152/152/152 519/519/519
f 454/454/454 429/429/429 455/455/455
f 455/455/455 744/744/744 1164/1164/1164
