# Blender 3.4.1
# www.blender.org
o rock_02_Mesh.005
v -0.469711 -0.006916 0.203401
v -0.461816 -0.039174 0.176933
v -0.447074 -0.034532 0.205687
v -0.210709 -0.393481 0.152082
v -0.173924 -0.416439 0.139284
v -0.178559 -0.405716 0.168617
v 0.233363 0.016978 0.368687
v 0.247809 0.003647 0.350769
v 0.251833 0.028086 0.345582
v 0.255220 0.018511 0.321905
v -0.317079 0.124319 0.006883
v -0.394463 0.158719 0.113172
v -0.366108 0.170767 0.095750
v 0.097546 -0.470923 0.308196
v 0.047498 -0.506001 0.325692
v 0.066479 -0.511720 0.278977
v 0.100595 0.295924 0.241407
v 0.067943 0.367786 0.183936
v 0.043728 0.290809 0.234473
v 0.249270 0.423435 0.123512
v 0.217687 0.442657 0.133988
v 0.266224 0.425555 0.146070
v 0.307344 0.108715 0.297539
v 0.285051 0.064595 0.313663
v 0.291135 0.061884 0.282545
v 0.264130 0.411269 0.108507
v 0.293506 0.396968 0.149658
v 0.284729 0.373017 0.110380
v -0.298586 0.340167 0.175876
v -0.322577 0.298504 0.146426
v -0.373097 0.301372 0.213189
v -0.499585 0.005192 0.196266
v -0.496063 -0.023027 0.157836
v -0.198002 0.370626 0.224581
v -0.151026 0.348693 0.213123
v -0.194398 0.423410 0.190294
v -0.351745 0.298641 0.282706
v -0.308463 0.340413 0.255530
v -0.352223 0.326316 0.239960
v -0.436504 0.096173 0.304334
v -0.482146 0.133195 0.279354
v -0.469404 0.081273 0.250073
v -0.230118 0.245939 0.314060
v -0.182394 0.250054 0.277221
v -0.221453 0.267556 0.287230
v 0.146267 -0.234939 0.384304
v 0.119416 -0.208381 0.452973
v 0.110466 -0.276242 0.413885
v -0.091998 -0.042253 0.513329
v -0.155637 -0.064201 0.520379
v -0.135895 -0.075981 0.532051
v 0.149451 -0.405263 0.332463
v 0.178287 -0.353855 0.297427
v 0.118827 -0.356321 0.359810
v 0.243947 -0.449839 0.203366
v 0.239353 -0.445746 0.225783
v 0.200380 -0.489010 0.227339
v 0.554715 0.205315 -0.068080
v 0.569533 0.196054 -0.045903
v 0.536969 0.188278 -0.064974
v 0.301255 -0.068545 0.250942
v 0.361751 -0.120761 0.210006
v 0.346586 -0.067839 0.221227
v -0.359752 -0.055392 -0.032578
v -0.423649 -0.036668 0.001973
v -0.347098 -0.043914 -0.051086
v -0.245176 -0.241807 -0.057147
v -0.278647 -0.221275 -0.030257
v -0.263009 -0.199556 -0.054028
v -0.121172 -0.492976 0.108026
v -0.147901 -0.473224 0.106974
v -0.179260 -0.463361 0.075805
v 0.407767 0.401139 -0.063760
v 0.350461 0.381735 -0.061855
v 0.370624 0.400577 -0.055215
v 0.426418 -0.185325 0.096054
v 0.410705 -0.203349 0.149681
v 0.408837 -0.218838 0.077438
v 0.506898 0.042941 0.045066
v 0.487521 0.023033 -0.001720
v 0.475032 0.092592 0.057742
v 0.539717 -0.086115 -0.050295
v 0.529127 -0.107351 -0.061674
v 0.499425 -0.060078 -0.064011
v 0.398747 0.190240 0.098930
v 0.417354 0.171169 0.100798
v 0.400235 0.161900 0.058032
v 0.394648 0.275420 0.223465
v 0.396396 0.227278 0.168376
v 0.371474 0.255497 0.154415
v 0.452765 0.194630 0.051436
v 0.455781 0.171805 0.022911
v 0.483171 0.191557 0.061372
v 0.284016 0.353346 -0.024713
v 0.283845 0.326187 -0.060355
v 0.260552 0.264081 -0.050009
v 0.168892 0.067400 0.373024
v 0.184641 0.111679 0.345834
v 0.130741 0.097133 0.347601
v -0.115474 0.040816 0.443456
v -0.176112 0.060367 0.427053
v -0.143920 0.021063 0.457557
v 0.079521 -0.321874 0.407133
v 0.065698 -0.303787 0.456007
v 0.044697 -0.368358 0.441352
v -0.180572 -0.097083 0.521349
v -0.147334 -0.099314 0.535129
v -0.186171 -0.059730 0.517237
v -0.420706 0.173880 0.153223
v -0.373930 0.222123 0.145432
v -0.502226 0.045921 0.213654
v -0.472826 0.066126 0.228740
v -0.493291 0.072559 0.216864
v -0.016733 -0.371465 0.445389
v -0.032298 -0.328925 0.447019
v -0.045712 -0.368281 0.412900
v 0.020715 -0.398724 0.396863
v -0.028718 -0.390782 0.381738
v -0.020013 -0.410022 0.340094
v 0.525342 0.327034 -0.064925
v 0.510609 0.338341 -0.064652
v 0.535329 0.329308 -0.069615
v 0.467558 0.297772 0.034233
v 0.418692 0.306370 0.025542
v 0.441961 0.274345 0.044023
v 0.336840 0.294982 0.163395
v 0.375755 0.284529 0.191917
v 0.149753 0.335242 0.221862
v 0.179820 0.394606 0.174232
v 0.123973 0.376307 0.187466
v 0.293091 -0.004227 0.253564
v 0.362547 0.020288 0.217483
v 0.316230 0.047243 0.246979
v 0.261506 0.014894 0.300396
v 0.281430 0.023513 0.271720
v -0.103857 0.304586 -0.032906
v -0.109776 0.293647 -0.051507
v -0.144080 0.290378 -0.050577
v 0.128294 0.415766 0.155068
v 0.112888 0.431373 0.115681
v 0.088425 0.422565 0.142998
v 0.469212 0.024579 -0.065846
v 0.484465 0.001892 -0.070533
v 0.485853 0.089510 -0.060461
v 0.487398 -0.056587 -0.064592
v -0.139446 0.445204 0.119932
v -0.169534 0.409712 0.096953
v -0.186291 0.434028 0.149393
v -0.012434 0.405919 -0.018800
v -0.041418 0.353047 -0.051407
v -0.043008 0.355377 -0.039394
v 0.120405 -0.510492 0.249427
v 0.130101 -0.471841 0.279057
v 0.082428 -0.522545 0.253426
v -0.060724 -0.220999 0.528726
v -0.095524 -0.184759 0.525411
v -0.146951 -0.184533 0.468509
v -0.054169 -0.186651 0.552927
v -0.032424 -0.193237 0.563179
v -0.046015 -0.159799 0.531773
v -0.337141 -0.022166 -0.052121
v -0.349907 -0.032722 -0.050958
v -0.418043 -0.004961 0.011081
v -0.284104 -0.235102 0.261916
v -0.299895 -0.207301 0.263255
v -0.321259 -0.212899 0.208175
v -0.051957 -0.348175 0.409807
v -0.062113 -0.306452 0.444210
v -0.330921 0.146432 0.392082
v -0.303705 0.126711 0.388556
v -0.249215 0.166681 0.369611
v -0.398315 0.121690 0.412743
v -0.449765 0.168293 0.366762
v -0.450378 0.151220 0.358014
v -0.307100 -0.020670 0.441496
v -0.343964 -0.024460 0.393924
v -0.296523 -0.049183 0.438309
v -0.170817 -0.141139 0.507936
v -0.127229 -0.157230 0.522070
v 0.420612 0.260708 0.283284
v 0.366991 0.271170 0.275499
v 0.370145 0.229105 0.304452
v 0.364541 0.183065 0.312061
v 0.332479 0.163086 0.326481
v 0.351338 0.157915 0.275739
v 0.170878 -0.455794 0.271362
v 0.199562 -0.460985 0.259569
v 0.221309 -0.407051 0.249383
v 0.205186 -0.320851 0.273045
v 0.229664 -0.294424 0.260328
v 0.198269 -0.272415 0.277961
v -0.228405 -0.238419 0.329445
v -0.254626 -0.225349 0.304939
v -0.239464 -0.268980 0.307710
v -0.237950 -0.165394 0.376772
v -0.275876 -0.168311 0.323186
v -0.241312 -0.179990 0.352520
v 0.556374 0.310029 -0.064659
v 0.560987 0.289387 -0.062385
v 0.560775 0.235851 -0.069802
v 0.062500 -0.148265 0.508971
v 0.086548 -0.169693 0.494502
v 0.105372 -0.145242 0.479977
v 0.128041 0.006082 0.407159
v 0.167569 0.005207 0.403124
v 0.130431 0.019914 0.387799
v -0.064461 0.106232 0.388380
v -0.007392 0.084602 0.375807
v -0.054835 0.122906 0.357962
v -0.071965 0.366476 0.170155
v -0.115363 0.322630 0.219739
v -0.071855 0.334800 0.200637
v 0.485213 -0.154738 -0.007143
v 0.532019 -0.115021 0.019073
v 0.483241 -0.130367 0.067352
v 0.499082 -0.000120 0.131831
v 0.544512 -0.011888 0.094587
v 0.474448 0.049607 0.145910
v -0.010670 0.489068 0.040073
v 0.039121 0.497294 0.069236
v 0.014190 0.403951 -0.032243
v 0.132456 0.349029 -0.051292
v 0.158269 0.391727 -0.000583
v 0.154445 0.330726 -0.050469
v 0.037723 -0.494516 0.337105
v 0.030882 -0.448751 0.380654
v 0.017687 -0.461187 0.332087
v 0.244349 0.365922 0.201124
v 0.206730 0.318903 0.230982
v 0.294958 0.332491 0.144335
v 0.269050 -0.112083 0.267268
v 0.317774 -0.127540 0.233062
v 0.277157 -0.076615 0.260895
v 0.217271 -0.119526 0.314523
v 0.216391 -0.105858 0.336213
v 0.208427 -0.147344 0.309734
v 0.465900 0.368313 -0.062607
v 0.491127 0.348889 -0.051489
v -0.102256 -0.464394 0.173064
v -0.099238 -0.452662 0.228274
v -0.123685 -0.430881 0.210843
v -0.098596 -0.262441 0.435516
v -0.142480 -0.285235 0.381882
v -0.116095 -0.304491 0.412084
v -0.277525 0.046230 0.448097
v -0.268213 0.087457 0.408149
v -0.331786 0.049371 0.428898
v -0.274995 -0.029043 0.450277
v -0.294652 -0.008159 0.454837
v -0.439756 0.219784 0.220577
v -0.505705 0.163072 0.240115
v -0.489285 0.198546 0.259555
v -0.460184 0.139660 0.328940
v 0.053878 -0.477124 0.379718
v 0.064165 -0.392573 0.410541
v 0.094267 -0.401632 0.398726
v 0.081899 -0.367138 0.396893
v 0.488792 0.049759 0.122277
v 0.486373 0.076722 0.094574
v 0.394871 0.181569 0.236700
v 0.412928 0.195907 0.251607
v 0.376197 0.171556 0.236804
v 0.514314 0.202850 0.058938
v 0.531628 0.192696 -0.002223
v 0.559216 0.202056 0.009165
v 0.516477 0.327037 -0.052738
v 0.524834 0.300535 -0.034487
v -0.008122 0.457957 0.124078
v 0.025298 0.439296 0.119544
v 0.039865 0.476663 0.096555
v 0.006420 0.425928 0.139912
v -0.054594 0.432885 0.132388
v -0.045883 0.374343 0.164850
v 0.411316 -0.215909 0.054734
v 0.446855 -0.165681 0.075260
v 0.167257 -0.029463 0.445148
v 0.177855 -0.045469 0.449931
v 0.206031 -0.016392 0.414377
v 0.240461 -0.035457 0.346266
v 0.234124 -0.054854 0.303718
v 0.246952 -0.003295 0.320083
v 0.414209 0.249574 0.040113
v 0.425951 0.265662 0.048787
v 0.405008 0.290182 0.032160
v 0.320141 0.286585 0.124171
v 0.442548 0.392988 -0.061670
v 0.430677 0.404157 -0.063113
v 0.412760 0.411508 -0.066672
v 0.318035 0.380356 -0.021155
v 0.269200 0.304181 -0.032569
v 0.364255 0.367752 -0.017914
v 0.239077 0.362398 0.014318
v 0.211735 0.281341 -0.051911
v 0.188590 0.313490 -0.050026
v -0.214566 -0.273780 -0.058854
v -0.231388 -0.286364 -0.047138
v -0.227522 -0.257861 -0.059420
v -0.000765 -0.304650 0.515342
v -0.025016 -0.267281 0.520693
v -0.052931 -0.293447 0.464686
v 0.038925 -0.209683 0.543674
v 0.090500 -0.193833 0.503434
v -0.255811 -0.242194 -0.041337
v -0.263645 -0.346051 0.142906
v -0.299635 -0.351746 0.083844
v -0.251157 -0.394610 0.120046
v -0.109605 0.096105 0.397098
v -0.079388 0.098321 0.401206
v -0.111837 0.141981 0.348972
v -0.192783 0.172138 0.351496
v -0.188961 0.214355 0.306870
v -0.233011 0.187723 0.349124
v -0.379567 0.049353 0.373296
v -0.395870 0.092876 0.372011
v -0.384111 0.023957 0.324424
v -0.302195 0.089616 0.400932
v -0.341349 0.070491 0.419420
v 0.102952 -0.532582 0.185142
v 0.158609 -0.510904 0.213440
v 0.140828 -0.510816 0.237773
v 0.206775 -0.474650 0.249079
v 0.397596 0.155529 0.036366
v 0.416534 0.132903 0.006415
v 0.421019 0.155714 0.007738
v 0.461185 0.125652 -0.052389
v 0.481702 0.056539 -0.056498
v -0.159441 -0.413841 0.206638
v -0.216620 -0.367303 0.184844
v -0.231561 -0.341472 0.227809
v -0.270079 -0.330973 0.175095
v 0.005886 -0.213460 0.550428
v 0.045132 -0.147577 0.512742
v 0.028814 -0.135303 0.493067
v 0.097631 -0.018536 0.453379
v 0.034582 0.020258 0.404149
v -0.276789 -0.160383 -0.051981
v -0.285659 -0.164133 -0.042993
v -0.312227 -0.145094 -0.049707
v -0.115179 -0.010658 0.491287
v -0.062653 -0.029852 0.506770
v -0.072717 0.022441 0.450032
v -0.062363 -0.086138 0.522088
v -0.070365 -0.059111 0.521652
v -0.104356 -0.101271 0.544772
v 0.104905 -0.061337 0.474373
v 0.067304 -0.056523 0.466698
v -0.048279 -0.037460 0.506047
v -0.029545 -0.069541 0.510072
v -0.002430 -0.034257 0.481172
v -0.199685 -0.199628 0.410395
v -0.174575 -0.221020 0.402076
v -0.192835 -0.179520 0.445110
v -0.213655 -0.039504 0.499913
v -0.261545 -0.093045 0.442473
v -0.239960 -0.101133 0.468517
v -0.332905 -0.125713 0.256601
v -0.360242 -0.079382 0.276350
v -0.397566 -0.094714 0.205468
v -0.310809 -0.096783 0.339470
v -0.289746 -0.121215 0.374405
v -0.313964 -0.079141 0.380163
v 0.268420 0.304425 0.013913
v 0.228238 0.245804 -0.051280
v 0.224186 0.251456 -0.056008
v 0.303968 0.274152 0.025963
v 0.318775 0.247360 0.027886
v 0.331474 0.250800 0.017210
v 0.354504 0.224435 0.024396
v 0.370655 0.281790 0.029483
v 0.328836 0.283942 0.006496
v 0.326235 0.280918 0.073919
v 0.326372 0.255783 0.051541
v 0.300243 0.300520 0.052241
v 0.384955 0.185137 0.058145
v 0.397655 0.228859 0.046759
v 0.358004 0.207289 0.030528
v 0.360098 0.211845 0.053757
v -0.064858 0.485762 0.077217
v -0.112698 0.459797 0.094104
v 0.424963 0.164766 0.144987
v 0.421932 0.178277 0.177232
v 0.428894 0.127674 0.168961
v 0.414463 0.185888 0.125960
v 0.351917 0.123348 0.214469
v 0.402137 0.111171 0.192262
v 0.414144 0.158310 0.188870
v 0.384107 0.059325 0.193426
v 0.354454 0.103197 0.215227
v 0.552618 -0.111149 -0.044262
v 0.539911 -0.136192 -0.056689
v 0.537198 -0.124588 -0.061118
v -0.005876 0.391941 -0.051450
v -0.150898 -0.209573 0.431866
v -0.118074 -0.248248 0.426711
v -0.157274 -0.246237 0.388907
v -0.167843 -0.287645 0.357433
v -0.096778 -0.342367 0.403555
v -0.069003 -0.359507 0.392731
v -0.056104 -0.394157 0.347420
v -0.088454 -0.412069 0.314592
v -0.060595 -0.419272 0.299089
v 0.110076 -0.522997 0.214583
v 0.054546 -0.552196 0.240308
v 0.033322 -0.535652 0.270938
v -0.008458 -0.536681 0.204341
v 0.035303 -0.555119 0.232119
v 0.199004 -0.359210 0.274202
v 0.195636 -0.392211 0.264712
v 0.228320 -0.370465 0.258338
v 0.147751 -0.443192 0.292819
v 0.165793 -0.414730 0.296151
v 0.145167 -0.426623 0.341599
v 0.272670 -0.333970 0.236689
v 0.363598 -0.301314 0.142015
v 0.358614 -0.296712 0.182719
v 0.351559 -0.323699 0.179145
v 0.544568 -0.056918 0.080521
v 0.498997 -0.070471 0.116375
v 0.496046 -0.106480 0.085553
v 0.453799 -0.122827 0.141490
v 0.470998 -0.119753 0.113305
v 0.577849 0.221849 -0.054526
v 0.574209 0.238264 -0.070622
v 0.582142 0.256039 -0.041800
v 0.545709 0.228465 0.063974
v 0.574532 0.245858 0.031319
v 0.571265 0.276407 -0.009608
v 0.207447 0.014780 0.391937
v 0.220000 0.003385 0.378540
v 0.225871 0.038623 0.390377
v -0.359324 -0.170464 -0.001411
v -0.358941 -0.142793 -0.010548
v -0.342073 -0.189050 0.171850
v -0.395206 -0.142733 0.144148
v -0.388125 -0.193327 0.094992
v 0.516920 0.168994 -0.066098
v 0.547210 0.199496 -0.064727
v -0.426465 0.246285 0.308450
v -0.419486 0.234824 0.342037
v -0.387074 0.269433 0.300948
v -0.387522 0.157867 0.393930
v -0.351526 0.209296 0.350363
v -0.411076 0.177517 0.377175
v 0.478233 0.139930 -0.059276
v 0.475100 0.172619 -0.002126
v -0.250515 0.242517 0.325082
v -0.277515 0.320898 0.271001
v -0.290808 0.269298 0.318202
v -0.389667 0.217291 0.344798
v 0.039445 -0.291006 0.529918
v 0.055782 -0.249459 0.521183
v 0.023642 -0.274095 0.554969
v 0.050564 -0.331006 0.491806
v 0.128753 0.445812 0.009463
v 0.104168 0.374374 -0.053624
v 0.102119 0.402843 -0.028029
v 0.079254 0.451375 0.106688
v 0.409214 0.252039 0.217054
v 0.387834 0.278137 0.248158
v 0.366925 0.280753 0.256348
v -0.441126 0.108601 0.122006
v -0.482132 0.080658 0.139792
v -0.455431 0.133920 0.164971
v -0.479439 -0.048296 0.143912
v -0.504747 -0.021233 0.141494
v -0.486936 -0.036824 0.126206
v 0.141576 -0.267118 0.343258
v 0.153432 -0.233925 0.317012
v 0.167022 -0.301079 0.297493
v 0.140025 -0.083637 0.460554
v 0.166239 -0.064748 0.457070
v 0.204326 -0.135358 0.349436
v 0.167111 -0.183957 0.367918
v 0.188495 -0.183984 0.310494
v 0.253232 -0.216264 0.260788
v 0.239038 -0.173741 0.266870
v 0.215756 -0.214439 0.277228
v 0.167051 -0.206216 0.318593
v -0.351002 0.094403 0.416263
v -0.415485 0.118861 0.367429
v -0.076467 -0.424410 0.278836
v -0.094099 -0.446020 0.250774
v -0.067491 -0.479638 0.205145
v 0.024034 -0.504357 0.297074
v 0.005289 -0.483867 0.294062
v -0.021444 -0.518740 0.207404
v -0.475892 -0.071729 0.113722
v -0.417934 -0.104412 0.172819
v -0.416766 -0.058571 0.222561
v -0.458208 -0.082453 0.155608
v -0.340907 -0.224154 0.144966
v -0.348379 -0.243115 0.044726
v -0.265251 -0.175947 -0.053664
v 0.253346 0.336294 0.222831
v 0.298783 0.362759 0.181522
v 0.299518 0.387115 0.170169
v 0.330050 0.327147 0.220093
v 0.349829 0.290050 0.252915
v 0.370887 0.290208 0.227579
v 0.258215 0.345913 0.028904
v 0.303623 0.312125 0.122371
v 0.293396 0.351472 0.098529
v 0.256323 0.426622 0.154206
v 0.196554 0.437402 0.143971
v 0.214146 0.407865 0.173732
v 0.273670 0.391369 0.176075
v -0.429121 0.258284 0.238214
v -0.478624 0.231224 0.272075
v -0.477894 0.216578 0.313479
v 0.524420 0.022047 0.072683
v 0.501865 0.059785 0.061916
v 0.467608 0.111534 0.084110
v 0.549442 -0.077247 0.043288
v 0.512941 -0.104880 0.067581
v -0.512341 0.097778 0.206141
v -0.526919 0.044384 0.182439
v -0.517481 0.046817 0.199102
v -0.411475 0.025064 0.286492
v -0.431526 0.072578 0.289459
v -0.444499 0.052624 0.246063
v -0.300131 -0.169835 0.270245
v -0.330150 -0.164710 0.218956
v -0.316271 -0.187398 0.231715
v 0.278373 0.293605 -0.060630
v 0.269636 0.265747 -0.059663
v 0.116883 0.056558 0.370152
v -0.036656 0.140044 0.338771
v 0.011847 0.104412 0.346879
v 0.014127 0.144926 0.321148
v 0.216981 -0.039300 0.417280
v 0.240060 -0.022152 0.372607
v 0.209203 -0.084672 0.389648
v 0.194012 -0.070165 0.433389
v 0.178464 -0.098287 0.434519
v 0.084718 -0.468326 0.333837
v 0.078189 -0.454875 0.387223
v 0.055923 -0.495636 0.346379
v 0.054387 -0.414904 0.421817
v 0.059643 -0.458615 0.401005
v 0.085442 -0.438027 0.407879
v 0.015046 0.009889 0.435718
v 0.039670 0.003321 0.435326
v -0.025996 -0.000604 0.463540
v 0.027996 -0.010567 0.452610
v 0.072303 -0.127081 0.497308
v 0.098187 -0.099607 0.480254
v 0.059506 -0.103267 0.494365
v -0.275656 -0.257059 0.255682
v -0.282068 -0.273097 0.220319
v -0.188478 -0.289407 0.331762
v 0.572488 0.281987 -0.043618
v 0.554594 0.289676 -0.040370
v -0.485444 0.027062 0.216533
v -0.454368 0.018343 0.224689
v -0.418286 -0.005748 0.252761
v 0.426308 0.250809 0.254262
v 0.434021 0.229692 0.254241
v 0.417249 0.205457 0.180865
v 0.391215 0.210629 0.298152
v 0.424378 0.252683 0.284704
v 0.384345 0.221493 0.301944
v 0.362445 0.193304 0.329353
v 0.178142 0.146378 0.324300
v 0.212221 0.204563 0.305334
v 0.147226 0.178083 0.301607
v 0.550093 -0.126293 -0.034871
v 0.555542 -0.037317 0.068246
v 0.554016 -0.061285 0.033811
v 0.548234 -0.017271 0.050351
v 0.456653 0.118669 0.055888
v 0.414349 0.142316 0.043721
v 0.436274 0.144331 0.088277
v 0.444739 0.126622 0.109429
v 0.445070 0.100175 0.139079
v 0.333845 -0.352389 0.120765
v 0.349308 -0.325078 0.110483
v 0.337662 -0.349379 0.154586
v -0.013841 0.176949 0.297943
v -0.067698 0.162311 0.318918
v -0.237657 -0.402514 0.119351
v -0.211494 -0.439807 0.093147
v -0.242054 -0.428105 0.080469
v -0.210607 -0.431346 0.060526
v -0.186820 -0.433625 0.054116
v -0.152645 0.384796 0.190607
v -0.156942 0.424846 0.177489
v -0.157914 0.444267 0.148949
v -0.200721 0.431285 0.188797
v -0.178702 -0.446567 0.024254
v -0.199791 -0.379823 0.008479
v -0.063913 0.482536 0.108827
v -0.100458 0.460468 0.120061
v -0.088106 0.446903 0.126293
v 0.387094 0.404042 -0.015922
v -0.307642 0.320341 0.276802
v -0.242659 0.401179 0.211530
v 0.349428 -0.310310 0.193041
v 0.350609 -0.273846 0.200536
v 0.318749 -0.297667 0.210224
v 0.406766 -0.113685 0.178075
v 0.390954 -0.028927 0.197186
v -0.316376 -0.305505 0.116958
v -0.313733 -0.294896 0.154098
v -0.337878 -0.260604 0.121010
v -0.297729 -0.317129 0.158889
v -0.314711 -0.329577 0.092891
v 0.388254 -0.265998 0.137366
v 0.388409 -0.258955 0.171350
v 0.364687 -0.279912 0.185009
v 0.352080 -0.221443 0.208443
v 0.373122 -0.245485 0.213161
v 0.381334 -0.223944 0.191166
v -0.167782 0.020897 0.465433
v -0.213734 0.057225 0.446875
v -0.152129 -0.129925 0.528986
v -0.112401 -0.152179 0.538839
v -0.127624 -0.116900 0.546767
v -0.089330 -0.129599 0.540037
v -0.058631 -0.134837 0.527699
v -0.205350 0.091463 0.417227
v -0.238351 0.043124 0.465843
v -0.253897 0.126300 0.387638
v -0.325837 -0.257768 0.166663
v -0.276078 -0.312304 0.190425
v 0.396819 0.024148 0.194854
v 0.444682 -0.008267 0.169032
v 0.422051 0.046049 0.177351
v 0.465650 -0.069547 0.149833
v -0.257822 0.054815 -0.052672
v -0.334996 0.053683 0.002496
v -0.247501 0.110960 -0.049948
v -0.278915 0.296730 0.081499
v -0.195911 0.189924 -0.050030
v -0.313437 0.263652 0.105028
v -0.234593 0.389715 0.142668
v -0.263345 0.329064 0.097506
v -0.294744 0.303099 0.117743
v -0.261947 0.396180 0.201921
v -0.280614 0.365466 0.160095
v -0.265406 0.385294 0.178408
v 0.263720 0.192922 0.320510
v 0.230737 0.162197 0.325605
v 0.286896 0.277307 0.268833
v 0.285002 0.310058 0.238495
v 0.233989 0.244055 0.280838
v 0.016354 0.342563 0.187102
v 0.023252 0.399795 0.164929
v -0.434272 0.026026 0.057538
v -0.345350 -0.013310 -0.024922
v -0.472870 0.038137 0.107092
v -0.471294 0.003656 0.104477
v -0.509482 0.026730 0.124659
v -0.477701 -0.025535 0.112189
v -0.487175 -0.021938 0.080536
v -0.454186 0.019148 0.091471
v 0.481859 -0.013817 -0.072819
v 0.484712 -0.029625 -0.067476
v 0.432711 0.112405 0.014030
v 0.543789 0.214832 0.064854
v 0.514320 0.214530 0.069753
v 0.472567 0.209168 0.066507
v 0.240810 0.241620 -0.056376
v 0.245460 0.244560 -0.058737
v -0.508304 0.179717 0.311169
v -0.484058 0.193241 0.331788
v -0.497417 0.204038 0.300407
v -0.504692 0.167317 0.313920
v -0.516504 0.187875 0.288414
v -0.506781 0.161419 0.255595
v -0.159166 0.208255 0.318409
v -0.139294 0.240991 0.277214
v -0.080246 0.251571 0.265642
v -0.064111 0.197632 0.298570
v -0.027393 0.218449 0.271268
v -0.179240 0.131743 0.375264
v -0.155012 0.152500 0.352890
v -0.116265 0.213407 0.289116
v 0.134660 0.242863 0.271373
v 0.066286 0.249724 0.258167
v -0.388461 -0.019355 0.295176
v -0.357724 0.029196 0.393785
v -0.359830 0.018205 0.361953
v -0.216847 0.287566 0.273102
v -0.135797 0.298098 0.237864
v -0.107591 0.281027 0.244594
v -0.034278 0.083168 0.397128
v 0.325215 -0.241693 0.223666
v 0.259696 -0.151997 0.264382
v 0.278033 -0.179289 0.256452
v 0.315160 -0.170177 0.231235
v -0.215327 -0.306524 0.296566
v -0.154316 -0.360147 0.311212
v -0.152976 -0.339414 0.352923
v -0.178165 -0.319171 0.326594
v -0.322974 0.009815 -0.021040
v 0.128852 -0.441767 0.338210
v 0.124296 -0.461215 0.299255
v 0.430683 0.074346 -0.052523
v 0.457617 0.034925 -0.056165
v 0.470415 0.047014 -0.060398
v 0.468933 0.010476 -0.067811
v -0.336302 -0.279225 0.031942
v -0.248051 -0.298936 -0.021106
v -0.311406 -0.336134 0.053634
v -0.047435 -0.434375 0.289370
v -0.020052 -0.496973 0.231107
v -0.000386 -0.424730 0.337795
v -0.006183 -0.453598 0.314338
v -0.428521 0.211739 0.351470
v -0.439606 0.178054 0.370762
v -0.447914 0.216374 0.340825
v -0.204667 -0.020948 0.508378
v -0.190032 -0.015236 0.508708
v -0.221109 0.025245 0.484461
v -0.287575 0.009103 0.460177
v -0.248059 0.017688 0.480012
v -0.004452 -0.188460 0.530491
v -0.004922 -0.153713 0.526042
v -0.075652 -0.257707 0.463847
v -0.049285 -0.258922 0.502055
v -0.156538 0.239460 -0.050042
v -0.122629 -0.491909 0.129778
v -0.073313 -0.504475 0.144656
v -0.049054 -0.466971 0.234399
v 0.336880 0.129594 0.254989
v 0.311932 0.099684 0.270396
v 0.299325 0.065954 0.261756
v 0.430607 0.150693 -0.016720
v 0.417168 0.123725 -0.012955
v 0.459887 0.157180 -0.014829
v 0.327780 0.281060 0.268091
v 0.291282 0.333271 0.217747
v -0.372629 0.075597 0.398322
v -0.393732 0.110221 0.410309
v 0.544580 -0.052284 0.003024
v 0.526987 -0.013482 0.007746
v 0.505174 -0.035572 -0.050762
v -0.487734 0.147749 0.293805
v -0.394536 0.219411 0.165906
v -0.486246 0.160556 0.206591
v -0.505897 0.114890 0.226082
v -0.502082 0.141955 0.250101
v -0.511512 0.128836 0.213831
v 0.231792 -0.050887 0.375050
v 0.218177 -0.083898 0.294695
v 0.319910 0.161567 0.338142
v 0.345510 0.186668 0.335174
v 0.274281 0.156064 0.346043
v 0.338230 0.263056 0.278296
v 0.283499 0.231081 0.302085
v 0.290313 0.145493 0.341442
v 0.256413 0.113419 0.360902
v 0.294502 0.109673 0.325326
v 0.259559 0.082186 0.373614
v 0.099249 0.213240 0.275766
v 0.080227 0.119879 0.331611
v 0.083395 0.168998 0.308037
v 0.048319 0.184921 0.292113
v -0.383040 0.070843 0.043879
v -0.422276 0.045241 0.062015
v -0.462831 0.061307 0.114819
v -0.347122 -0.069154 0.337383
v -0.355115 -0.072375 0.301858
v -0.346817 -0.033988 0.356813
v -0.361368 -0.001111 0.336344
v -0.362655 -0.042090 0.315338
v -0.126618 -0.356186 0.354741
v -0.073115 -0.376695 0.372145
v -0.102376 -0.373058 0.382382
v -0.091544 -0.390562 0.344305
v 0.424706 0.201728 0.203041
v 0.419933 0.122779 0.177907
v 0.193831 -0.118140 0.389216
v 0.177072 -0.142121 0.413646
v 0.148819 -0.136772 0.457579
v 0.154083 -0.155969 0.441569
v 0.175586 -0.218284 0.300179
v 0.155844 -0.274284 0.313774
v 0.480979 -0.039148 -0.065892
v 0.490530 -0.044112 -0.064699
v -0.143365 0.270511 -0.032359
v -0.132671 0.256749 -0.050437
v 0.391669 0.213378 0.051475
v 0.390101 0.195550 0.077868
v 0.454194 0.220071 0.059255
v -0.044983 0.252894 0.249739
v -0.045844 0.283490 0.223881
v 0.065065 0.389274 -0.054549
v 0.113468 -0.424168 0.381317
v 0.108567 -0.440832 0.369717
v -0.410528 -0.157008 0.080014
v -0.448749 -0.109363 0.115495
v 0.354726 0.229928 0.074873
v 0.377600 0.208973 0.079011
v 0.368620 0.198569 0.042053
v 0.364029 0.231280 0.095172
v -0.342359 -0.195094 0.012997
v -0.375692 -0.229554 0.078542
v -0.024664 -0.386376 0.415218
v 0.003210 -0.375724 0.453905
v 0.029094 -0.379810 0.438699
v 0.037131 -0.361300 0.477888
v 0.044742 -0.426253 0.413408
v 0.027595 -0.395538 0.414892
v -0.111980 0.167125 0.325721
v 0.195589 0.445708 0.105510
v 0.158446 0.420309 0.144338
v -0.319904 0.269847 0.318332
v -0.358422 0.234595 0.330790
v -0.340419 0.279052 0.301767
v 0.265919 0.052206 0.334353
v 0.247364 0.060701 0.374335
v 0.506615 0.271113 0.041727
v 0.456755 0.240809 0.060644
v -0.397446 -0.151136 0.122238
v -0.416638 -0.122907 0.129221
v -0.255938 -0.132301 0.410062
v -0.273849 -0.077493 0.435894
v -0.293205 -0.085255 0.404420
v 0.009388 0.399113 -0.053604
v 0.060513 0.404226 -0.037522
v 0.029820 0.425313 -0.029245
v 0.108918 0.479309 0.078706
v 0.050315 0.492380 0.035465
v 0.401287 -0.232835 0.094444
v 0.401877 -0.238115 0.153903
v 0.070172 -0.257129 0.501788
v 0.013858 -0.335952 0.500517
v 0.030509 -0.351314 0.495340
v 0.192154 0.388464 0.006020
v 0.204797 0.372785 -0.003636
v 0.166247 0.358382 -0.014575
v -0.153303 0.321757 0.011580
v 0.514139 0.241299 0.056011
v -0.324502 0.029257 0.449911
v -0.338000 -0.001218 0.415063
v 0.505143 0.153894 -0.066576
v 0.494453 0.123914 -0.066521
v 0.503739 0.110881 -0.064931
v 0.496499 0.166217 -0.070044
v 0.520938 0.179852 -0.071791
v -0.265026 -0.394026 0.079734
v 0.070062 0.091645 0.347060
v 0.008312 0.038399 0.417763
v 0.024663 0.039525 0.393318
v 0.012869 0.070828 0.381928
v 0.052221 0.043659 0.374299
v 0.026771 0.072992 0.366353
v 0.102320 0.034598 0.379044
v -0.123591 -0.341006 0.379331
v 0.124694 -0.315105 0.349719
v 0.530208 -0.146924 -0.039276
v 0.367121 -0.199156 0.201947
v 0.403599 -0.193122 0.175495
v 0.399044 -0.155995 0.182775
v 0.014680 0.269010 0.243765
v -0.015248 0.242398 0.255692
v -0.265727 0.202975 0.355365
v -0.323347 0.197234 0.361759
v -0.348809 0.163474 0.385007
v 0.107744 -0.305593 0.378614
v -0.492377 0.167319 0.334505
v 0.139663 0.443464 0.098499
v 0.143642 0.412043 0.004422
v 0.159722 0.429971 0.116391
v 0.428923 0.197832 0.049328
v 0.416075 0.188306 0.049834
v 0.425831 0.174198 0.014740
v 0.134053 -0.029446 0.455509
v -0.004405 0.399379 0.157052
v 0.347783 0.259049 0.108625
v 0.337117 0.235849 0.056549
v 0.368839 0.242850 0.127336
v 0.305763 0.315174 0.091692
v -0.184179 -0.377965 0.229104
v -0.211003 -0.330439 0.277752
v -0.243308 -0.286796 0.283918
v 0.467319 0.020786 -0.056695
v -0.390266 0.105533 0.067465
v -0.417960 0.078702 0.070821
v -0.094869 -0.491727 0.155243
v -0.141956 -0.468895 0.130318
v -0.150294 -0.441157 0.149913
v -0.188528 -0.439069 0.109199
v -0.203136 -0.136879 0.485936
v 0.356616 0.143879 0.223960
v 0.402014 0.169512 0.200566
v 0.311489 0.138553 0.335563
v 0.433022 0.084210 -0.021093
v 0.422586 0.116816 -0.031842
v -0.043643 -0.514400 0.171931
v -0.054374 -0.501953 0.190820
v -0.061420 -0.505285 0.170278
v 0.495131 -0.054428 0.122559
v 0.545613 -0.025559 0.094520
v -0.283885 -0.365400 0.036972
v -0.240664 -0.316540 -0.011965
v -0.179780 -0.311857 -0.037209
v -0.255375 -0.408182 0.049447
v 0.558059 0.218787 -0.064428
v -0.504837 0.093788 0.185040
v -0.518621 0.066450 0.177137
v -0.501086 0.119461 0.193875
v 0.295121 -0.376089 0.208205
v 0.288714 -0.406067 0.167963
v 0.297178 -0.391605 0.190867
v 0.273099 -0.411719 0.211724
v 0.270765 -0.428747 0.198656
v -0.042863 -0.113812 0.511101
v -0.029606 -0.152446 0.533241
v 0.424682 -0.174495 0.152945
v -0.313474 0.366951 0.226406
v -0.302803 0.364896 0.238267
v -0.229981 -0.008262 0.493143
v -0.258379 -0.051224 0.453938
v -0.237736 -0.023330 0.483251
v -0.274857 0.029626 -0.044742
v -0.069190 0.303562 0.214131
v -0.259634 0.027159 -0.055060
v -0.289996 -0.001075 -0.056417
v -0.289509 0.003820 -0.051447
v 0.003101 -0.273346 0.563682
v 0.027820 -0.221922 0.556117
v -0.010477 -0.227305 0.558429
v 0.008412 -0.258338 0.574063
v 0.084880 -0.223312 0.508406
v 0.090693 -0.236687 0.472051
v -0.438971 -0.008477 0.224909
v -0.167184 -0.044215 0.511954
v -0.216460 0.039286 0.473612
v -0.176819 -0.004645 0.501313
v -0.142264 -0.014196 0.488618
v 0.460184 0.330422 -0.007147
v 0.323272 -0.258603 0.215353
v 0.246660 -0.270951 0.258023
v 0.241121 -0.249556 0.267136
v 0.213991 0.446234 0.104869
v 0.177210 0.451420 0.070439
v 0.242495 0.426356 0.092944
v 0.243465 0.402195 0.047267
v -0.504299 0.046732 0.132705
v -0.202521 -0.080347 0.517034
v -0.213783 -0.110083 0.492792
v 0.046930 0.136426 0.326745
v -0.074965 0.141227 0.352098
v 0.274800 0.117962 0.353175
v 0.218120 0.091172 0.365239
v -0.461855 -0.097042 0.097824
v -0.475877 -0.082697 0.074936
v -0.392396 -0.096253 -0.006155
v -0.429710 -0.078200 0.017555
v -0.345516 -0.093662 -0.050114
v -0.354969 -0.095137 -0.038634
v -0.332731 -0.062081 -0.050980
v -0.120132 0.377667 0.179714
v -0.109600 0.403620 0.156483
v 0.259819 0.253237 -0.056111
v 0.282603 0.293714 0.020748
v 0.308410 0.275507 -0.000041
v 0.259383 0.254503 -0.030060
v 0.064537 -0.554985 0.205057
v 0.256849 0.263576 -0.038981
v 0.295803 0.307775 -0.016870
v -0.146539 0.098278 0.399526
v 0.378539 -0.273219 0.087641
v -0.174327 0.306692 0.248582
v -0.199049 0.338711 0.246751
v -0.253466 0.330632 0.259614
v -0.237796 0.369222 0.231303
v -0.265528 0.382521 0.216709
v -0.036419 0.337746 0.189152
v -0.310042 -0.130515 0.289136
v -0.371217 -0.138693 0.186531
v 0.249080 -0.012961 0.295716
v 0.260260 -0.011245 0.281127
v 0.326401 -0.040472 0.232119
v 0.235999 -0.075766 0.281039
v 0.261715 -0.053027 0.271008
v -0.417213 0.153397 0.393565
v -0.352815 0.112464 0.412946
v 0.220744 -0.119003 0.290293
v 0.219496 -0.161769 0.288595
v 0.187737 -0.232285 0.286257
v -0.102823 -0.135257 0.545009
v -0.046365 -0.213000 0.558912
v -0.075911 -0.173312 0.550193
v 0.051445 -0.119798 0.498447
v 0.001698 -0.087453 0.496796
v 0.020038 -0.071055 0.480315
v 0.034003 -0.095020 0.489749
v -0.517693 0.023345 0.193085
v -0.526871 0.024419 0.167454
v -0.479866 0.102796 0.163398
v -0.518036 0.053647 0.150024
v -0.527330 0.049759 0.165478
v -0.516630 0.008553 0.134610
v -0.486612 -0.003420 0.115897
v -0.228400 0.215734 0.332000
v 0.082605 0.403882 0.158377
v -0.012304 -0.323403 0.482811
v 0.018888 -0.302505 0.543928
v 0.491151 0.338809 -0.003058
v 0.472716 0.345929 -0.022069
v 0.421930 0.398466 -0.019570
v 0.464739 0.369183 -0.057155
v 0.495179 0.342650 -0.025568
v 0.551247 0.309322 -0.069106
v 0.555455 0.307623 -0.070792
v 0.445658 0.106796 -0.061382
v 0.330250 0.284164 0.091609
v 0.471355 0.152584 -0.049572
v 0.492134 0.151581 -0.071699
v -0.352637 0.261077 0.153237
v -0.397360 0.258500 0.209908
v 0.428664 0.232989 0.272547
v 0.417747 0.187180 0.215185
v 0.429933 0.212951 0.254595
v 0.355124 0.203747 0.322155
v -0.347434 0.028062 0.418871
v 0.270985 -0.250676 0.264158
v 0.289051 -0.215134 0.242301
v 0.329394 -0.202373 0.217640
v -0.346715 -0.276597 0.079255
v 0.068002 -0.351736 0.410435
v 0.050741 -0.380812 0.420649
v -0.419668 -0.037891 0.229249
v -0.385392 -0.048100 0.277501
v -0.114518 -0.406617 0.315463
v -0.146626 -0.384662 0.282488
v 0.304910 0.360957 -0.060001
v 0.278120 -0.290033 0.229889
v 0.469521 -0.011825 0.150964
v 0.000016 0.069275 0.406995
v -0.073510 0.061265 0.427637
v -0.019138 0.070216 0.408252
v -0.025205 0.046410 0.430422
v -0.206018 -0.275621 -0.059475
v -0.184938 -0.289762 -0.056971
v -0.184504 -0.293358 -0.059217
v -0.172970 -0.311016 -0.048007
v -0.238971 0.111410 0.392950
v 0.157643 -0.214170 0.345944
v 0.153972 -0.183212 0.420232
v -0.014628 -0.098765 0.504869
v -0.007214 -0.124106 0.514035
v -0.480207 0.179107 0.345248
v -0.450350 0.194639 0.355802
v 0.241287 -0.124472 0.280768
v 0.304519 0.343118 0.197349
v 0.355871 0.303025 0.210412
v -0.017429 0.388912 -0.051460
v 0.183156 0.262567 0.271285
v 0.245446 0.289577 0.247240
v 0.348767 0.223777 0.052678
v 0.335014 0.221082 0.027831
v 0.184451 -0.385653 0.288010
v -0.436525 0.048373 0.083691
v 0.430025 0.217797 0.048159
v 0.278574 0.367858 0.079546
v -0.031311 0.501305 0.088271
v 0.124914 -0.122045 0.469214
v -0.333400 -0.050959 0.373939
v -0.192996 -0.217241 0.380005
v -0.180315 -0.248708 0.359489
v 0.485326 -0.009120 -0.066618
v 0.532936 0.255285 0.033553
v 0.491312 0.306209 0.017993
v 0.530559 0.275653 0.008076
v 0.512224 0.296578 0.011157
v 0.505210 0.321847 -0.000475
v 0.030187 -0.033461 0.468906
v 0.061452 -0.020685 0.455417
v -0.042579 -0.208191 0.565294
v -0.015025 -0.242208 0.557925
v 0.074250 0.455531 0.009395
v -0.182497 -0.348728 0.280925
v -0.366986 0.264309 0.318138
v 0.441238 0.135942 -0.040230
v 0.430225 0.111661 -0.048200
v 0.352598 -0.155528 0.213522
v -0.348969 0.205323 0.111400
v -0.223090 0.161293 -0.049220
v -0.143464 0.403722 0.054422
v -0.362599 0.085029 0.411652
v -0.350699 0.056364 0.420454
v 0.179847 0.021435 0.396080
v 0.143713 0.030264 0.378958
v 0.175201 0.048699 0.381022
v -0.152332 -0.396348 0.242233
v -0.118467 -0.412541 0.261915
v -0.087286 0.389978 0.156732
v -0.098104 -0.417758 0.291308
v -0.232148 0.339873 0.254630
v -0.258801 0.303549 0.280134
v -0.114161 -0.374966 0.342979
v 0.174006 0.322827 -0.050070
v -0.216232 -0.375233 0.019157
v 0.034842 -0.326795 0.515911
v 0.378716 0.323569 0.002768
v 0.344545 0.331224 -0.027504
v -0.081383 -0.487473 0.182136
v -0.163920 -0.472751 0.054388
v -0.321824 -0.102455 0.299422
v 0.079084 -0.082171 0.481005
v -0.417619 0.275871 0.271698
v -0.373247 0.299977 0.264335
v -0.484500 0.228152 0.281114
v -0.446016 0.251484 0.282105
v -0.447212 0.255177 0.265526
v -0.427367 0.270551 0.250061
v -0.405604 0.294124 0.247841
v 0.145542 -0.489116 0.268256
v 0.183357 -0.495125 0.244268
v 0.328809 -0.346574 0.188248
v 0.314902 -0.376292 0.185668
v 0.316968 -0.379019 0.145706
v 0.039465 -0.389503 0.422396
v 0.081518 -0.413660 0.411685
v -0.300815 -0.201757 -0.009519
v -0.368372 -0.244076 0.072544
v -0.414459 0.089927 0.319895
v -0.393322 0.040277 0.313197
v 0.491538 -0.023839 -0.069110
v 0.396343 -0.238747 0.172400
v 0.455194 -0.162142 0.032314
v 0.512062 0.181841 -0.001859
v 0.459822 0.078683 0.160771
v 0.441938 0.100908 0.169167
v 0.573868 0.214380 0.020821
v 0.579604 0.213995 -0.016365
v 0.304474 0.348320 0.173991
v -0.127722 0.447564 0.138958
v -0.057894 -0.002568 0.470563
v 0.044596 -0.533008 0.281257
v 0.085330 0.055001 0.361483
v 0.105327 0.109287 0.343609
v -0.068030 0.325067 -0.051910
v -0.060480 0.342982 -0.036277
v -0.055948 0.343662 -0.052394
v -0.092218 0.337601 -0.051195
v -0.084960 0.309801 -0.051572
v -0.082083 0.322878 -0.033933
v 0.297907 -0.333570 0.211730
v -0.059272 -0.371660 0.383060
v 0.300744 -0.268240 0.219917
v -0.240315 -0.361514 0.152022
v 0.439951 0.394454 -0.055663
v 0.414134 0.414083 -0.041408
v 0.436297 0.390786 -0.030706
v 0.432748 0.349407 -0.025239
v 0.456295 0.371596 -0.033253
v 0.400338 0.357262 -0.018469
v -0.291405 0.369383 0.201157
v -0.327371 0.349775 0.220053
v -0.252554 -0.196791 0.328470
v -0.279185 -0.187668 0.290837
v -0.080089 0.369860 -0.004621
v -0.100013 0.370718 0.009935
v 0.582463 0.234040 -0.008166
v 0.581774 0.263926 -0.011340
v 0.309729 0.328745 0.181479
v 0.012003 0.191577 0.288666
v 0.028158 0.226706 0.274995
v 0.359097 0.159697 0.241746
v 0.383420 0.187730 0.278933
v 0.391923 0.248996 0.034127
v 0.140774 -0.159031 0.472183
v 0.114705 -0.192824 0.477183
v 0.119415 -0.178301 0.483487
v 0.448936 -0.146854 0.137403
v 0.449501 -0.151676 0.102045
v -0.128552 0.429093 0.153914
v -0.336292 0.026150 0.440170
v -0.511950 0.193254 0.271751
v 0.176403 -0.427946 0.270375
v 0.401102 0.204881 0.281713
v 0.421407 0.184038 0.194153
v 0.576398 0.228352 0.038067
v -0.326361 0.193944 0.057044
v 0.562777 0.239270 -0.065635
v -0.083962 -0.157071 0.558444
v -0.064434 -0.166756 0.550708
v -0.328343 -0.308740 0.093953
v 0.190476 0.002366 0.404384
v 0.433490 0.126061 0.137705
v -0.096129 0.298824 -0.050895
v -0.095635 -0.068041 0.532238
v -0.364534 0.319913 0.234122
v 0.246612 0.251039 -0.033560
v -0.186447 -0.454214 0.077220
v 0.401502 0.171314 0.034196
v 0.152858 0.408545 0.168997
v 0.066919 0.391202 -0.050416
v 0.074157 0.401683 -0.028915
v -0.437167 -0.013658 0.013381
v -0.409089 0.230649 0.189919
v 0.227024 0.064356 0.375535
v 0.430876 0.071942 -0.040364
v 0.166092 -0.492710 0.257930
v -0.036001 -0.134749 0.517254
v 0.407231 0.335380 0.001072
v -0.034644 0.490067 0.049271
v -0.048922 0.498371 0.081441
v 0.338841 0.114425 0.237735
v 0.428283 0.158705 0.119191
v -0.017965 -0.256651 0.536940
v 0.280892 -0.028109 0.266148
v -0.295265 -0.366131 0.064599
v -0.257275 0.003905 0.479116
v 0.201928 0.077903 0.380395
v 0.171175 0.224608 0.288341
v 0.115625 0.180736 0.295634
v 0.125631 -0.430296 0.365230
v 0.132460 0.351930 -0.041810
v -0.213687 -0.209192 0.350941
v -0.228359 -0.161369 0.412405
v 0.370903 -0.049736 0.213360
v 0.192135 -0.051242 0.445900
v 0.009274 -0.322948 0.507873
v 0.549272 -0.014149 0.074058
v 0.120682 0.356713 -0.053240
v 0.435863 -0.172217 0.134432
v -0.088258 0.304974 -0.041565
v -0.347350 -0.171818 -0.007479
v -0.130630 -0.470570 -0.131656
v -0.201964 -0.501974 -0.109179
v -0.195895 -0.446748 -0.094705
v -0.190402 -0.350633 -0.146308
v -0.181730 -0.367212 -0.144138
v -0.195546 -0.363517 -0.133329
v -0.042433 -0.213873 0.152061
v -0.086205 -0.258275 0.150812
v -0.032350 -0.233752 0.186577
v 0.086347 -0.114988 0.078879
v 0.160505 -0.084156 0.064871
v 0.111596 -0.092249 0.042245
v -0.137543 -0.460288 0.170914
v -0.090078 -0.458171 0.193087
v -0.088889 -0.419161 0.190512
v 0.322572 -0.268604 0.143155
v 0.347021 -0.212699 0.105640
v 0.297799 -0.207322 0.115600
v 0.253227 -0.500034 -0.055952
v 0.336569 -0.473094 -0.032508
v 0.232432 -0.558403 -0.038277
v 0.172111 -0.534171 0.244750
v 0.158170 -0.552278 0.225051
v 0.250633 -0.520960 0.215444
v 0.126478 -0.682261 0.144141
v 0.175065 -0.658133 0.158256
v 0.131135 -0.672670 0.185762
v -0.194758 -0.686741 0.035216
v -0.199046 -0.614967 -0.039316
v -0.167501 -0.655616 -0.041820
v 0.375208 -0.160351 -0.169794
v 0.435761 -0.140682 -0.154388
v 0.438910 -0.164141 -0.134157
v 0.167783 -0.143634 0.115079
v 0.159998 -0.099661 0.088835
v 0.131274 -0.131442 0.120217
v 0.031807 -0.391195 0.242487
v 0.016915 -0.453985 0.238786
v 0.054048 -0.417125 0.256600
v 0.494486 -0.090617 -0.111366
v 0.490380 -0.063102 -0.133697
v 0.507027 -0.053763 -0.108918
v 0.125547 -0.559229 -0.086014
v 0.182055 -0.562101 -0.059986
v 0.075811 -0.605062 -0.087478
v -0.055787 -0.740219 0.109976
v -0.048730 -0.715848 0.127641
v -0.105565 -0.715633 0.148921
v -0.043218 -0.683098 0.159534
v -0.055946 -0.697521 0.142798
v -0.022493 -0.676153 0.150680
v -0.220809 -0.637586 0.150732
v -0.196230 -0.613244 0.181416
v -0.235573 -0.581199 0.139616
v -0.273450 -0.585289 0.071637
v -0.259158 -0.622209 0.101202
v -0.245643 -0.599698 0.118962
v -0.268619 -0.357788 0.046490
v -0.255366 -0.339471 0.036655
v -0.283742 -0.362806 0.014785
v 0.490194 -0.006055 -0.114267
v 0.502801 -0.057308 -0.070612
v 0.506806 -0.026689 -0.105918
v 0.315449 -0.473889 0.204308
v 0.273510 -0.486597 0.237606
v 0.287876 -0.502165 0.210922
v 0.523824 -0.301741 0.046253
v 0.496890 -0.270336 0.034021
v 0.506660 -0.298276 0.059039
v 0.380237 -0.498873 0.009512
v 0.372537 -0.475832 -0.009892
v 0.426945 -0.462686 0.020652
v 0.441552 -0.039247 -0.042048
v 0.428335 -0.021231 -0.058329
v 0.374480 -0.004973 -0.033241
v 0.465887 -0.480340 0.137937
v 0.475529 -0.424484 0.140880
v 0.438227 -0.468147 0.138416
v 0.398591 -0.524127 0.050562
v 0.357937 -0.533714 0.012106
v 0.409620 -0.495253 0.028728
v -0.172109 -0.713599 0.029145
v -0.155908 -0.712593 -0.005780
v 0.064111 -0.723131 -0.031965
v 0.068887 -0.696095 -0.047372
v 0.123840 -0.690826 -0.022240
v -0.156259 -0.515027 -0.126017
v -0.113140 -0.511961 -0.140883
v -0.107180 -0.540080 -0.151138
v -0.139522 -0.662324 -0.086368
v -0.137293 -0.689448 -0.061802
v 0.012600 -0.115894 0.063397
v -0.065453 -0.175972 0.057710
v 0.035301 -0.124746 0.080671
v -0.299059 -0.401167 0.013587
v -0.281516 -0.379285 0.028228
v -0.225117 -0.499734 -0.089294
v -0.214095 -0.472378 -0.093556
v 0.025486 -0.693473 0.182665
v 0.004546 -0.683258 0.152380
v 0.056173 -0.690194 0.156651
v 0.199791 -0.590196 0.209486
v 0.243294 -0.565599 0.201599
v 0.179169 -0.575026 0.208057
v -0.127328 -0.498747 0.179118
v -0.008313 -0.661457 0.240349
v -0.054009 -0.649599 0.277979
v -0.048509 -0.666469 0.239687
v 0.329694 -0.513347 0.182613
v 0.351248 -0.501859 0.163550
v 0.353003 -0.466589 0.181332
v 0.243249 -0.615662 0.180956
v 0.246357 -0.581418 0.193939
v 0.205329 -0.607482 0.209627
v -0.051970 -0.745495 -0.039533
v -0.005113 -0.703839 -0.069665
v -0.021217 -0.765722 -0.020991
v -0.118447 -0.765778 0.088042
v -0.088989 -0.795548 0.029296
v -0.076586 -0.780239 0.069014
v 0.072404 -0.729475 0.045265
v 0.126516 -0.689363 0.029499
v 0.120552 -0.685499 0.063438
v 0.184795 -0.656725 0.055801
v 0.137297 -0.675945 0.069093
v 0.222261 -0.472723 0.252265
v 0.252598 -0.436824 0.228347
v 0.200793 -0.453503 0.248495
v 0.125021 -0.526867 0.250858
v 0.162506 -0.484561 0.256847
v 0.111607 -0.512617 0.247479
v 0.384649 -0.137278 0.059155
v 0.352410 -0.076052 0.037870
v 0.343916 -0.116702 0.067811
v 0.477504 -0.215680 0.052401
v 0.476426 -0.245092 0.069706
v 0.477268 -0.255766 0.053691
v 0.488809 -0.187662 0.008929
v 0.523842 -0.196863 -0.046952
v 0.496597 -0.169148 -0.013766
v 0.467114 -0.155275 -0.117903
v 0.483514 -0.120372 -0.124583
v 0.510177 -0.126336 -0.086935
v 0.121050 -0.324886 0.217651
v 0.145287 -0.353543 0.229328
v 0.169090 -0.345510 0.223429
v 0.282488 -0.328469 0.170075
v 0.288542 -0.295461 0.162481
v 0.243711 -0.325323 0.172751
v -0.076752 -0.568215 0.284880
v -0.080352 -0.558234 0.258814
v -0.095791 -0.582037 0.257943
v 0.081100 -0.604455 0.251387
v 0.043076 -0.619880 0.272478
v 0.080215 -0.623684 0.271115
v -0.020605 -0.557760 0.267067
v -0.047933 -0.550355 0.270472
v -0.049181 -0.567314 0.298270
v 0.069981 -0.501422 0.249740
v 0.092068 -0.472359 0.250529
v -0.080273 -0.760918 0.102004
v -0.089944 -0.738484 0.130584
v -0.200146 -0.692017 0.155318
v -0.174804 -0.705770 0.192596
v -0.162700 -0.689893 0.200491
v -0.268592 -0.413985 0.058572
v -0.226252 -0.445848 0.119938
v -0.189470 -0.396247 0.126413
v -0.208299 -0.372097 0.108937
v 0.139638 -0.644725 0.214863
v 0.114572 -0.672553 0.198299
v 0.214717 -0.618002 0.200516
v 0.092132 -0.629862 0.262629
v -0.005820 -0.646074 0.285843
v 0.027354 -0.658499 0.249021
v 0.285667 -0.397513 -0.084313
v 0.216015 -0.412175 -0.104944
v 0.201269 -0.385050 -0.135403
v 0.325786 -0.181446 -0.167412
v 0.315568 -0.133994 -0.161422
v 0.348738 -0.131535 -0.168891
v 0.272268 -0.187339 -0.184298
v 0.293826 -0.144765 -0.165426
v 0.298309 -0.184097 -0.163886
v 0.273836 -0.471417 0.240325
v 0.310945 -0.437494 0.211917
v 0.300272 -0.407220 0.204807
v 0.387368 -0.229677 0.107022
v 0.468204 -0.276636 0.106585
v 0.430211 -0.207380 0.083045
v 0.299996 -0.059940 0.028682
v 0.342763 -0.046767 0.013332
v 0.342051 -0.000195 -0.017740
v 0.294913 -0.007272 -0.005052
v 0.190920 -0.017180 0.011689
v 0.254298 -0.016615 0.005533
v -0.012392 -0.780661 0.035522
v -0.012846 -0.784403 0.006604
v 0.038421 -0.767624 -0.000415
v 0.089790 -0.736017 0.000206
v 0.057129 -0.748554 0.029785
v 0.037172 -0.674979 0.137714
v 0.067786 -0.688860 0.079785
v 0.056293 -0.726978 0.058366
v 0.082334 -0.710651 0.068304
v 0.424054 -0.264913 -0.092213
v 0.474814 -0.227876 -0.081556
v 0.454011 -0.302178 -0.057180
v 0.526127 -0.305143 0.018537
v 0.511422 -0.319449 0.007937
v 0.519902 -0.264152 -0.010133
v 0.468493 -0.488961 0.125549
v 0.454154 -0.524095 0.104860
v 0.476385 -0.496432 0.094985
v 0.532663 -0.316823 0.032288
v 0.526214 -0.330290 0.023921
v -0.188248 -0.739664 0.145751
v -0.195824 -0.713006 0.142773
v -0.207827 -0.718674 0.125236
v -0.196403 -0.716122 0.084230
v -0.125641 -0.738073 -0.038249
v 0.429336 -0.517091 0.130585
v 0.444016 -0.530913 0.119980
v 0.230376 -0.632401 0.055320
v 0.203630 -0.648270 0.014713
v 0.228071 -0.634288 0.030545
v -0.071544 -0.588563 0.293419
v 0.004241 -0.605062 0.283887
v -0.031596 -0.576471 0.292623
v 0.493984 -0.352287 0.129912
v 0.503122 -0.411131 0.126811
v 0.516478 -0.362711 0.092613
v 0.515812 -0.398981 0.107147
v 0.017694 -0.281388 0.202596
v 0.083037 -0.248133 0.171330
v 0.070436 -0.224314 0.153985
v 0.010043 -0.174943 0.129240
v -0.020727 -0.178315 0.119610
v 0.175661 -0.073281 0.054416
v 0.184145 -0.043166 0.028017
v 0.144045 -0.077940 0.036991
v 0.139347 -0.040482 0.010982
v 0.085452 -0.071583 0.024262
v 0.133888 -0.066891 0.023470
v 0.101779 -0.083348 0.032372
v 0.032632 -0.102611 0.065815
v 0.048383 -0.108429 0.067931
v -0.198727 -0.581789 0.171675
v -0.079480 -0.609863 0.268481
v -0.224358 -0.644887 0.034259
v -0.234788 -0.602680 0.010491
v -0.301455 -0.439226 -0.025791
v -0.296497 -0.478793 -0.032787
v -0.302627 -0.451507 -0.001062
v -0.061013 -0.186731 0.066712
v -0.091383 -0.199991 0.062581
v -0.119763 -0.230365 0.089037
v -0.142392 -0.229318 0.079249
v -0.162054 -0.260895 0.102034
v -0.090225 -0.355520 0.174214
v -0.120798 -0.410794 0.170003
v -0.051553 -0.364631 0.199585
v 0.064965 -0.360397 0.221496
v 0.101023 -0.360933 0.217591
v -0.087117 -0.625254 0.249855
v -0.105695 -0.617959 0.244433
v -0.150739 -0.701396 0.198284
v -0.096165 -0.692158 0.193616
v -0.129505 -0.672006 0.205598
v 0.512458 -0.183435 -0.072273
v 0.511155 -0.145882 -0.081349
v 0.522788 -0.177133 -0.059941
v 0.503338 -0.300372 -0.013707
v 0.512624 -0.221306 -0.058632
v 0.459124 -0.397436 0.153472
v 0.431805 -0.399326 0.174505
v 0.430291 -0.433474 0.155449
v 0.422240 -0.339217 0.156834
v 0.380452 -0.327624 0.148046
v 0.388709 -0.387116 0.172930
v 0.457356 -0.381915 0.162749
v 0.447338 -0.342548 0.152378
v 0.438324 -0.369780 0.161565
v 0.482001 -0.310034 0.113300
v 0.509184 -0.230641 -0.010875
v 0.498270 -0.216729 0.004926
v 0.507390 -0.273628 0.018705
v 0.526939 -0.298674 0.026522
v 0.524341 -0.256452 -0.005208
v 0.423162 -0.533204 0.076785
v 0.464116 -0.499170 0.075864
v 0.341661 -0.587696 0.130845
v 0.290886 -0.616273 0.119504
v 0.341011 -0.595565 0.118553
v 0.519918 -0.413753 0.088879
v 0.517715 -0.375196 0.071956
v 0.490327 -0.451403 0.063578
v 0.512143 -0.409709 0.051733
v 0.499419 -0.474234 0.087588
v 0.191934 -0.485099 0.258891
v 0.149076 -0.534357 0.255819
v 0.226618 -0.488447 0.253324
v 0.029023 -0.486018 -0.150498
v 0.101506 -0.456064 -0.136206
v 0.002648 -0.521655 -0.155840
v 0.073632 -0.401301 -0.172665
v 0.128104 -0.415466 -0.153058
v -0.042124 -0.490033 -0.168266
v -0.006308 -0.481700 -0.169570
v -0.055151 -0.522218 -0.170472
v -0.102230 -0.580713 -0.140652
v -0.031650 -0.576694 -0.132393
v -0.137723 -0.598530 -0.130046
v 0.049132 -0.602255 -0.104422
v 0.028221 -0.572596 -0.132568
v 0.097601 -0.543211 -0.103879
v -0.011174 -0.544354 -0.145735
v -0.028276 -0.778868 0.054074
v -0.005393 -0.758400 0.064202
v 0.036854 -0.747972 0.053909
v 0.025479 -0.716074 0.071880
v 0.390217 -0.234446 -0.116975
v 0.437813 -0.234384 -0.097777
v 0.336400 -0.308846 -0.115680
v 0.234999 -0.276830 -0.165553
v 0.320531 -0.247486 -0.145023
v 0.264787 -0.292385 -0.152720
v -0.269843 -0.496855 0.067159
v -0.262551 -0.466957 0.073573
v -0.286335 -0.499819 0.045176
v -0.224376 -0.516258 0.124694
v -0.190097 -0.518155 0.159548
v -0.210198 -0.475395 0.145154
v -0.132378 -0.773966 0.022972
v -0.097964 -0.787581 -0.001885
v 0.193274 -0.126503 0.102466
v 0.259679 -0.042050 0.037315
v 0.199704 -0.029864 0.017776
v 0.205498 -0.054635 0.045377
v 0.131263 -0.401471 0.238163
v 0.082952 -0.407629 0.252711
v 0.196871 -0.398273 0.212402
v -0.010884 -0.663390 0.216362
v -0.054313 -0.665930 0.201717
v -0.056664 -0.665613 0.224270
v -0.087038 -0.640621 0.220346
v -0.076724 -0.665483 0.201527
v -0.128908 -0.710623 0.189852
v -0.177146 -0.741124 0.155194
v -0.141915 -0.731229 0.157737
v -0.161216 -0.746104 0.120720
v 0.373650 -0.478461 0.161389
v 0.433308 -0.494414 0.135637
v -0.225493 -0.350140 0.083081
v -0.223269 -0.329009 0.070783
v -0.258582 -0.387970 0.063378
v 0.113367 -0.531123 0.219999
v 0.063570 -0.594550 0.248860
v 0.012291 -0.563026 0.251399
v 0.403189 -0.102004 -0.173452
v 0.378048 -0.089500 -0.163600
v 0.419594 -0.084074 -0.187427
v 0.453439 -0.047221 -0.155560
v 0.474368 -0.058797 -0.147349
v 0.456791 -0.067826 -0.152394
v 0.281718 -0.624385 0.062644
v 0.262876 -0.625810 0.050503
v 0.475720 -0.170548 -0.106775
v 0.437396 -0.191926 -0.118633
v -0.050151 -0.264949 0.177827
v -0.102256 -0.281919 0.148990
v 0.048444 -0.225340 0.159411
v -0.020328 -0.231870 0.186942
v 0.017178 -0.245278 0.180842
v 0.113561 -0.355498 -0.165215
v 0.158900 -0.313268 -0.165722
v 0.156842 -0.332141 -0.159191
v -0.267357 -0.472075 -0.068774
v -0.256378 -0.455386 -0.074875
v 0.066087 -0.667430 0.219206
v 0.063527 -0.672392 0.200400
v 0.085833 -0.675005 0.175878
v 0.284191 -0.615693 0.149566
v 0.243377 -0.631021 0.122036
v 0.225007 -0.637413 0.169144
v 0.496931 -0.018936 -0.132746
v 0.185360 -0.656910 0.078581
v 0.168360 -0.671365 0.106361
v 0.080097 -0.690648 0.136289
v 0.070303 -0.677861 0.098255
v 0.097880 -0.682676 0.104247
v 0.221359 -0.273273 0.172970
v 0.223154 -0.217411 0.147929
v 0.184980 -0.239898 0.162652
v 0.188636 -0.333917 0.214597
v 0.195399 -0.346766 0.187536
v 0.208265 -0.303983 0.194684
v 0.487706 -0.098498 -0.017396
v 0.492252 -0.143499 0.012078
v 0.510361 -0.143859 -0.015926
v 0.411436 -0.114733 0.046214
v 0.415196 -0.164040 0.070142
v 0.399708 -0.023664 -0.016690
v 0.446953 -0.174368 0.064045
v 0.470217 -0.087663 -0.012770
v 0.431740 -0.072607 0.001968
v 0.420054 -0.270367 0.118292
v 0.434574 -0.302907 0.139395
v 0.371128 -0.259024 0.122472
v 0.347144 -0.296863 0.146463
v 0.270892 -0.618191 0.038535
v 0.474029 -0.359942 0.146834
v 0.178666 -0.294594 -0.163959
v 0.214291 -0.270904 -0.173719
v 0.213302 -0.303269 -0.162916
v 0.174211 -0.275026 0.188527
v 0.138802 -0.263615 0.179751
v 0.081417 -0.309360 0.209549
v 0.095449 -0.153000 0.136919
v 0.116843 -0.203213 0.152975
v 0.128261 -0.104189 0.100299
v 0.021191 -0.150801 0.099774
v 0.054390 -0.163139 0.120512
v 0.276306 -0.553086 -0.020126
v 0.278850 -0.566367 -0.014524
v -0.115817 -0.555951 0.213775
v -0.088593 -0.520989 0.217918
v -0.142232 -0.598427 0.219482
v -0.133898 -0.633208 0.241825
v -0.115762 -0.596472 0.238715
v 0.437634 -0.397866 -0.007817
v 0.317839 -0.426357 -0.049459
v -0.055446 -0.488470 0.220593
v 0.025239 -0.547069 0.237416
v 0.015799 -0.508149 0.218884
v -0.017583 -0.510027 0.230797
v 0.488447 -0.288969 -0.035777
v 0.338146 -0.336964 -0.097352
v 0.397240 -0.324928 -0.072408
v 0.439038 -0.332671 -0.039232
v 0.410911 -0.381855 -0.019842
v -0.134356 -0.552928 -0.149781
v -0.235905 -0.563264 -0.040330
v -0.205447 -0.546622 -0.092932
v -0.205567 -0.576884 -0.072426
v -0.304789 -0.478983 0.003661
v -0.295781 -0.495978 0.002871
v -0.294538 -0.531230 0.028662
v 0.518761 -0.332262 0.065755
v 0.522514 -0.357249 0.053393
v -0.254343 -0.492287 -0.075329
v -0.271064 -0.495917 -0.053487
v 0.113295 -0.410581 0.248134
v 0.061654 -0.445728 0.242487
v 0.256532 -0.536783 0.200599
v 0.300836 -0.514388 0.190097
v 0.331042 -0.483784 0.190557
v 0.055648 -0.522217 0.221724
v 0.090120 -0.527439 0.221600
v 0.068083 -0.523594 0.236351
v 0.070003 -0.543196 0.224256
v 0.264353 -0.069453 0.054435
v 0.252136 -0.278938 0.161961
v 0.283273 -0.232734 0.130425
v 0.237332 -0.208429 0.138295
v -0.200676 -0.661168 0.165352
v -0.175663 -0.645525 0.198106
v -0.214218 -0.671048 0.065181
v -0.259757 -0.604890 0.056395
v -0.234942 -0.660573 0.086813
v -0.261983 -0.630328 0.072909
v 0.068872 -0.563978 0.231470
v 0.127600 -0.561737 0.227613
v 0.148247 -0.542566 0.232338
v -0.026793 -0.610134 0.308444
v 0.072681 -0.519040 -0.125850
v 0.280285 -0.418821 -0.075454
v 0.238894 -0.448895 -0.085413
v 0.240506 -0.599067 -0.022181
v 0.176694 -0.598083 -0.049866
v 0.133844 -0.651626 -0.034035
v 0.067961 -0.662215 -0.070082
v 0.212461 -0.642929 -0.000716
v 0.260266 -0.616613 0.008355
v 0.322816 -0.608701 0.091461
v 0.382641 -0.571311 0.092778
v 0.383827 -0.574380 0.110074
v 0.360995 -0.547881 0.039900
v 0.298263 -0.584032 0.025473
v -0.019909 -0.721970 0.099597
v -0.019627 -0.749355 0.080634
v 0.086905 -0.691915 0.089885
v 0.186943 -0.103617 0.083010
v 0.123121 -0.710645 0.007430
v 0.032716 -0.760639 0.047526
v -0.238782 -0.531920 -0.057972
v -0.267140 -0.518072 -0.021423
v -0.206777 -0.549065 0.145897
v -0.271516 -0.555304 0.086287
v -0.176568 -0.749916 0.109879
v -0.149329 -0.763676 0.087549
v -0.192494 -0.741845 0.113310
v -0.130616 -0.777659 0.040702
v -0.076562 -0.677034 0.193936
v -0.050134 -0.670734 0.176391
v 0.171901 -0.199663 0.142231
v 0.281318 -0.034495 0.017058
v -0.089269 -0.215759 0.099746
v -0.052250 -0.195648 0.126116
v -0.062047 -0.198234 0.084321
v -0.105470 -0.238926 0.112619
v -0.082037 -0.623456 -0.109046
v -0.129806 -0.633136 -0.112175
v -0.111265 -0.666125 -0.099550
v -0.039916 -0.701016 -0.071731
v -0.096489 -0.706422 -0.071073
v 0.517668 -0.133403 -0.067243
v 0.516541 -0.165411 -0.040321
v -0.020986 -0.669289 -0.083187
v 0.010075 -0.735101 -0.040765
v 0.027483 -0.699009 -0.061907
v 0.508611 -0.146295 -0.029322
v 0.528602 -0.107248 -0.063610
v 0.519436 -0.098088 -0.051900
v 0.187724 -0.426096 0.231634
v 0.165439 -0.400993 0.223301
v 0.147352 -0.382344 0.227171
v -0.110786 -0.655974 0.215637
v 0.244858 -0.389667 0.199751
v 0.339167 -0.363732 0.172361
v 0.334102 -0.406454 0.197239
v 0.375944 -0.410352 0.186755
v 0.213228 -0.647390 0.096240
v 0.244860 -0.633486 0.097326
v -0.037872 -0.473074 0.213830
v -0.038755 -0.513150 0.233214
v -0.030198 -0.380582 0.209010
v -0.031064 -0.413426 0.214385
v 0.009484 -0.418035 0.219332
v 0.328329 -0.436643 0.200014
v 0.392865 -0.414762 0.183929
v 0.015744 -0.486521 0.217947
v 0.051312 -0.505473 0.233019
v 0.138559 -0.613433 0.240658
v 0.163861 -0.616428 0.228628
v 0.151816 -0.583985 0.216357
v 0.380970 -0.581883 0.084084
v 0.342146 -0.589870 0.076623
v 0.363862 -0.571627 0.060070
v 0.440012 -0.488035 0.052035
v -0.058635 -0.536022 0.253192
v -0.061249 -0.565598 0.296706
v -0.027734 -0.643068 -0.099392
v -0.000452 -0.637115 -0.104806
v 0.022040 -0.666269 -0.077345
v 0.009726 -0.594370 -0.129950
v 0.021573 -0.533394 -0.146320
v -0.249306 -0.508969 -0.069464
v 0.336820 -0.542997 0.158178
v 0.322137 -0.528323 0.185028
v 0.280106 -0.582437 0.174692
v 0.404947 -0.554836 0.121773
v -0.081485 -0.493846 -0.147675
v -0.073551 -0.517996 -0.167109
v -0.149550 -0.489469 -0.133121
v 0.304863 -0.090990 0.057518
v 0.014107 -0.322698 0.210813
v -0.004546 -0.353251 0.227574
v 0.051308 -0.327606 0.214051
v 0.009671 -0.382047 0.222981
v -0.171031 -0.491836 0.169934
v -0.178323 -0.449497 0.150211
v -0.155090 -0.541052 0.188747
v -0.214978 -0.440319 -0.077996
v -0.291826 -0.508396 0.027586
v -0.250517 -0.567097 -0.006800
v 0.502663 -0.454987 0.122465
v 0.517538 -0.444839 0.087828
v 0.523541 -0.420126 0.070734
v 0.089986 -0.509920 0.238627
v 0.260950 -0.124042 0.093655
v 0.314174 -0.150909 0.077664
v 0.305297 -0.116684 0.069997
v 0.346521 -0.155988 0.076097
v -0.179805 -0.284556 0.095313
v -0.210628 -0.292389 0.062115
v -0.200908 -0.334685 0.097451
v -0.131800 -0.257900 0.110850
v -0.115318 -0.289884 0.143620
v -0.112468 -0.324712 0.152546
v -0.148675 -0.323978 0.132147
v -0.168196 -0.306025 0.115983
v 0.138865 -0.450762 -0.120760
v 0.104115 -0.472518 -0.129834
v 0.176076 -0.454289 -0.103916
v 0.135814 -0.518874 -0.092767
v -0.165130 -0.239889 0.075728
v 0.450156 -0.088378 -0.175399
v 0.468665 -0.109768 -0.153019
v 0.322696 -0.116467 -0.167746
v 0.343513 -0.115367 -0.158883
v 0.498565 -0.444274 0.131338
v 0.490275 -0.389618 0.136816
v -0.188315 -0.726171 0.169119
v -0.165192 -0.716131 0.188258
v -0.283183 -0.399955 -0.056087
v -0.245360 -0.418421 -0.059429
v -0.274758 -0.423975 -0.055846
v -0.302676 -0.387108 -0.052017
v -0.292629 -0.415171 -0.041215
v -0.308712 -0.423507 -0.022169
v 0.468852 -0.163337 0.045606
v 0.492499 -0.171945 0.021369
v -0.312850 -0.394966 -0.028381
v -0.312059 -0.378240 -0.027105
v -0.310339 -0.378356 -0.044333
v -0.005647 -0.628529 0.294163
v -0.030192 -0.636979 0.313230
v 0.016268 -0.635122 0.281489
v 0.450569 -0.206494 0.071797
v 0.470080 -0.202033 0.055507
v 0.489480 -0.171632 0.033116
v -0.021934 -0.668410 0.179357
v 0.013930 -0.665824 0.206197
v -0.002249 -0.669609 0.178436
v 0.492017 -0.351189 0.005907
v 0.470690 -0.343945 -0.006115
v 0.468987 -0.330335 -0.013859
v 0.342245 -0.567143 0.144203
v 0.284781 -0.606672 0.165310
v 0.313927 -0.597894 0.144605
v 0.478652 -0.421901 0.031256
v 0.498410 -0.379574 0.030363
v 0.518056 -0.380389 0.051869
v -0.174600 -0.665841 0.176798
v -0.137994 -0.653895 0.235128
v -0.161662 -0.667905 0.216016
v -0.133375 -0.664777 0.228127
v 0.222221 -0.304386 0.178854
v -0.008871 -0.305939 0.207382
v -0.021981 -0.266164 0.191987
v -0.024608 -0.344830 0.221312
v -0.033299 -0.300403 0.196101
v -0.128182 -0.669684 -0.094981
v -0.119667 -0.703861 -0.063329
v -0.105340 -0.747502 -0.042023
v -0.240336 -0.471881 0.111578
v 0.181571 -0.315672 0.206903
v 0.444888 -0.071850 -0.186999
v 0.435031 -0.058686 -0.162028
v 0.109405 -0.691969 0.130924
v 0.170335 -0.377903 0.208321
v 0.131088 -0.703654 -0.003134
v 0.079415 -0.728805 -0.015512
v 0.175560 -0.666971 0.014993
v -0.002695 -0.690319 0.125619
v 0.013661 -0.680880 0.127822
v 0.026122 -0.683398 0.107432
v 0.384931 -0.181723 -0.145893
v 0.385710 -0.209880 -0.133331
v 0.300106 -0.226965 -0.158388
v 0.347181 -0.193829 -0.165138
v 0.352616 -0.224731 -0.144515
v -0.079271 -0.651994 0.263434
v -0.290560 -0.445182 -0.046299
v -0.277962 -0.483616 -0.059265
v 0.373918 -0.196473 0.084758
v 0.309514 -0.199177 0.106374
v 0.409194 -0.194792 0.082707
v 0.259270 -0.375293 -0.118250
v 0.207290 -0.324181 -0.158549
v 0.263050 -0.344858 -0.132280
v 0.173063 -0.365530 -0.156357
v 0.348182 -0.270793 -0.124678
v 0.155544 -0.566882 0.218875
v 0.090614 -0.545858 0.220895
v 0.101877 -0.571581 0.230529
v 0.116942 -0.586471 0.231337
v 0.309796 -0.458383 0.206501
v 0.362252 -0.430446 0.194226
v -0.229031 -0.698942 0.113626
v -0.211171 -0.677068 0.140782
v -0.237727 -0.663266 0.106343
v 0.472234 -0.079670 -0.141056
v 0.126611 -0.449316 0.264299
v 0.114407 -0.478573 0.254463
v -0.064232 -0.754417 0.102424
v -0.065726 -0.773075 0.078122
v 0.523955 -0.210758 -0.051534
v 0.204033 -0.169588 0.118289
v -0.269727 -0.528287 0.088907
v -0.255824 -0.560134 0.109739
v -0.252323 -0.496688 0.092799
v 0.266488 -0.093038 0.069971
v 0.209914 -0.083327 0.066371
v 0.219903 -0.111249 0.096791
v 0.255584 -0.160962 0.110539
v 0.211110 -0.512248 -0.069452
v 0.173111 -0.495810 -0.086705
v -0.067573 -0.318247 0.167487
v 0.497547 -0.198278 -0.083809
v 0.473012 -0.203284 -0.099200
v 0.059598 -0.176947 0.135610
v 0.004035 -0.209739 0.160637
v 0.050290 -0.445844 -0.153929
v 0.011506 -0.449527 -0.175205
v -0.069950 -0.648601 -0.098592
v -0.034518 -0.606620 -0.116088
v -0.051052 -0.621645 0.314210
v -0.038375 -0.621532 0.316988
v -0.067750 -0.638938 0.289425
v 0.147803 -0.424740 -0.139783
v -0.112142 -0.574979 0.232040
v -0.083077 -0.535584 0.234023
v -0.025198 -0.531961 0.250180
v 0.034769 -0.300240 0.215778
v 0.122669 -0.243397 0.167989
v 0.243797 -0.245650 -0.175225
v 0.269385 -0.195534 -0.156481
v -0.026409 -0.529370 -0.165456
v -0.081679 -0.550985 -0.156016
v 0.040919 -0.360447 0.226735
v 0.047715 -0.385902 0.243219
v 0.037873 -0.183031 0.135719
v 0.464032 -0.224297 0.072464
v 0.479653 -0.268434 0.086961
v 0.041685 -0.759864 -0.018396
v -0.011385 -0.773737 -0.010421
v 0.370780 -0.132102 -0.175724
v 0.416319 -0.127377 -0.171237
v 0.358506 -0.160746 -0.173952
v 0.425590 -0.110629 -0.177366
v 0.189395 -0.661865 0.113628
v 0.187380 -0.652304 0.126374
v 0.131660 -0.688601 0.115242
v 0.127537 -0.677305 0.085264
v 0.100964 -0.700937 0.072668
v -0.148916 -0.641539 0.223118
v -0.154825 -0.625515 0.214332
v -0.283971 -0.549597 0.024911
v -0.268231 -0.565942 0.020905
v -0.103810 -0.632541 0.239380
v 0.008614 -0.297493 0.211348
v 0.241364 -0.471734 -0.071546
v 0.415028 -0.361509 -0.031385
v 0.354204 -0.373167 -0.063355
v 0.303166 -0.334972 -0.115373
v 0.148753 -0.468528 0.255252
v 0.170825 -0.448825 0.248760
v -0.273729 -0.597760 0.066553
v 0.349080 -0.547566 0.150052
v 0.381393 -0.497137 0.138750
v 0.113855 -0.464118 0.258940
v 0.080015 -0.434913 0.256168
v -0.297586 -0.451660 0.022189
v -0.005872 -0.156479 0.080029
v 0.369581 -0.112511 -0.170667
v 0.445261 -0.057816 -0.027456
v -0.182995 -0.576918 -0.107744
v -0.186956 -0.536935 -0.121678
v -0.166046 -0.539392 -0.139793
v -0.135499 -0.575434 -0.134288
v -0.173620 -0.600641 -0.099362
v -0.148404 -0.609289 -0.120959
v -0.142932 -0.642253 -0.096995
v -0.160318 -0.585010 -0.122013
v -0.049142 -0.640004 0.302435
v 0.317478 -0.601089 0.067537
v 0.299960 -0.598001 0.037056
v 0.334451 -0.575339 0.043609
v 0.281955 -0.626212 0.092358
v 0.036126 -0.642988 -0.088388
v 0.193233 -0.643523 -0.011304
v 0.298497 -0.569068 -0.002480
v 0.269546 -0.181962 0.119343
v 0.196237 -0.617878 -0.029770
v -0.180078 -0.562184 0.176142
v -0.177747 -0.742715 0.082494
v -0.095311 -0.799092 0.014231
v -0.111908 -0.797757 0.018137
v -0.113794 -0.782382 0.048807
v 0.160803 -0.631376 0.218942
v 0.036609 -0.659511 0.218254
v 0.058927 -0.650910 0.234056
v -0.165403 -0.625758 -0.075168
v 0.411074 -0.549970 0.108448
v 0.412353 -0.549452 0.086610
v 0.375246 -0.384672 -0.036931
v -0.040058 -0.453192 0.202422
v -0.239395 -0.412148 0.098214
v -0.255455 -0.428308 0.089560
v 0.051543 -0.697724 0.074873
v -0.107548 -0.642956 0.235677
v -0.081080 -0.643380 0.241244
v 0.514295 -0.356103 0.034919
v -0.153742 -0.678338 0.213517
v 0.520057 -0.068988 -0.088245
v 0.516862 -0.057076 -0.085458
v 0.000816 -0.468701 0.222819
v -0.016286 -0.456637 0.204613
v -0.021782 -0.426408 0.209076
v -0.014835 -0.482233 0.211165
v -0.274448 -0.442515 0.060057
v -0.218107 -0.708154 0.106212
v -0.207298 -0.730196 0.119297
v 0.389504 -0.079223 0.028357
v 0.491049 -0.291898 0.082496
v -0.077379 -0.475085 -0.140027
v -0.111289 -0.487397 -0.135151
v 0.494819 -0.029767 -0.141607
v 0.480061 -0.021174 -0.153664
v 0.408989 -0.054837 -0.003509
v 0.366903 -0.020514 -0.013898
v 0.495461 -0.247988 0.010715
v 0.478843 -0.218666 0.032888
v -0.094228 -0.748253 -0.042058
v -0.116698 -0.735887 0.136843
v -0.264205 -0.625960 0.089192
v 0.021564 -0.767732 0.024996
v 0.018019 -0.630108 -0.106096
v 0.341423 -0.091882 -0.154408
v 0.356720 -0.101534 -0.158370
v 0.129771 -0.622496 0.248008
v 0.480362 -0.028139 -0.076205
v -0.187290 -0.519248 -0.120379
v 0.158363 -0.676500 -0.009983
v 0.477350 -0.091536 -0.155991
v 0.458882 -0.079260 -0.166219
v 0.101285 -0.443050 0.263134
v 0.103213 -0.688332 0.088554
v -0.147716 -0.371999 0.146488
v -0.169331 -0.417490 0.149561
v 0.373764 -0.538049 0.148061
v 0.399453 -0.525251 0.145388
v 0.463248 -0.413510 0.144595
v 0.475690 -0.366681 -0.002407
v 0.397010 -0.001551 -0.066177
v 0.450076 -0.005575 -0.084216
v -0.066957 -0.628749 0.297221
v 0.009983 -0.620247 0.285207
v 0.040135 -0.673514 0.118242
v 0.050446 -0.681723 0.094376
v -0.301669 -0.477184 0.023354
v 0.321522 -0.318577 0.159677
v 0.215383 -0.637580 0.074756
v 0.211085 -0.637073 0.052655
v -0.310273 -0.424186 0.001845
v -0.149445 -0.573388 0.211103
v -0.163959 -0.575240 0.195714
v -0.008115 -0.259817 0.194760
v 0.180604 -0.465256 0.257451
v -0.143972 -0.281387 0.121263
v 0.279520 -0.371384 0.190098
v 0.298802 -0.462727 0.223334
v 0.145739 -0.360043 -0.163835
v 0.328482 -0.178856 0.089727
v 0.127268 -0.691545 0.130223
v 0.124908 -0.680551 0.099623
v 0.091622 -0.686406 0.155724
v 0.049979 -0.547016 0.231352
v 0.227744 -0.533333 -0.050302
v -0.053668 -0.438088 0.200372
v 0.191632 -0.370826 0.199945
v 0.514604 -0.434615 0.118307
v 0.016432 -0.353235 0.228830
v 0.476493 -0.384329 0.149506
v -0.230769 -0.316005 0.058226
v -0.177071 -0.341392 0.122751
v -0.227309 -0.392528 0.099221
v -0.304738 -0.370864 -0.012515
vn -0.5166 -0.5266 0.6752
vn -0.7126 -0.4756 0.5158
vn -0.6674 -0.4709 0.5769
vn -0.4936 -0.7039 0.5108
vn -0.5817 -0.6783 0.4489
vn -0.6254 -0.7438 0.2359
vn 0.7698 -0.1192 0.6271
vn 0.9476 -0.0794 0.3095
vn 0.8805 -0.2076 0.4262
vn 0.8918 -0.3666 0.2650
vn -0.5938 0.3466 -0.7261
vn -0.6143 0.5018 -0.6089
vn -0.6464 0.5162 -0.5619
vn 0.5015 -0.7611 0.4114
vn 0.0627 -0.8935 0.4447
vn 0.5733 -0.6581 0.4881
vn -0.1347 0.5050 0.8526
vn -0.1171 0.5498 0.8270
vn -0.1400 0.5362 0.8324
vn 0.4573 0.8603 -0.2254
vn 0.1727 0.9564 0.2357
vn 0.5677 0.8170 0.1011
vn 0.8377 -0.4435 0.3186
vn 0.8535 -0.3751 0.3618
vn 0.9069 -0.3416 0.2466
vn 0.7092 0.6411 -0.2932
vn 0.8651 0.4847 -0.1294
vn 0.9111 0.3453 -0.2250
vn -0.7456 0.5804 -0.3275
vn -0.6743 0.5338 -0.5102
vn -0.6459 0.5854 -0.4901
vn -0.5430 -0.5827 0.6047
vn -0.6534 -0.6325 0.4158
vn 0.2787 0.5327 0.7991
vn 0.3555 0.5058 0.7860
vn 0.2709 0.5038 0.8202
vn -0.2926 0.7145 0.6355
vn -0.2132 0.6605 0.7199
vn -0.5114 0.7675 0.3865
vn -0.6426 -0.5676 0.5147
vn -0.7277 -0.5408 0.4218
vn -0.6893 -0.5228 0.5016
vn 0.4133 0.5457 0.7290
vn 0.2917 0.5306 0.7958
vn 0.4243 0.5600 0.7116
vn 0.8779 -0.3885 0.2800
vn 0.7775 -0.4374 0.4519
vn 0.7793 -0.4605 0.4250
vn -0.0299 0.5411 0.8404
vn -0.0716 0.4460 0.8922
vn -0.2004 0.4216 0.8843
vn 0.8151 0.0114 0.5792
vn 0.7189 0.0349 0.6942
vn 0.7230 0.1089 0.6822
vn 0.6647 -0.6989 0.2638
vn 0.7058 -0.5423 0.4558
vn 0.6043 -0.7625 0.2311
vn 0.0667 -0.1057 -0.9922
vn 0.6517 -0.7326 -0.1964
vn 0.4012 -0.3291 -0.8548
vn 0.4924 -0.0894 0.8658
vn 0.5371 -0.0579 0.8415
vn 0.4509 -0.0482 0.8913
vn -0.5727 -0.2963 -0.7644
vn -0.6367 -0.2181 -0.7396
vn -0.5853 -0.3476 -0.7325
vn -0.6928 -0.3564 -0.6269
vn -0.6830 -0.1981 -0.7030
vn -0.7688 -0.1315 -0.6259
vn -0.4856 -0.8721 0.0606
vn -0.6099 -0.7363 0.2931
vn -0.6764 -0.7340 0.0611
vn -0.1376 -0.1382 -0.9808
vn -0.4940 0.7482 -0.4430
vn -0.3456 0.8252 -0.4468
vn 0.8190 -0.5581 0.1335
vn 0.9046 -0.3702 0.2114
vn 0.8726 -0.4844 0.0630
vn 0.7623 0.5384 -0.3592
vn 0.7214 0.5507 -0.4199
vn 0.7556 0.5601 -0.3396
vn 0.7018 0.3358 -0.6282
vn 0.4655 0.2085 -0.8602
vn 0.2823 0.1428 -0.9487
vn 0.7394 0.5994 -0.3068
vn 0.7423 0.6113 -0.2745
vn 0.8824 0.4511 -0.1336
vn 0.6725 0.7169 -0.1840
vn 0.7627 0.5389 -0.3576
vn 0.7109 0.5757 -0.4040
vn -0.2571 -0.5827 0.7709
vn 0.0928 -0.8662 0.4910
vn 0.0387 -0.7212 0.6916
vn -0.6920 0.4291 0.5805
vn -0.8791 0.3546 -0.3186
vn -0.7636 0.4357 -0.4766
vn -0.2259 0.4328 0.8727
vn -0.1369 0.5172 0.8449
vn -0.0711 0.4781 0.8754
vn 0.0230 0.6278 0.7780
vn 0.1895 0.6054 0.7730
vn 0.0468 0.6653 0.7451
vn 0.7883 -0.3883 0.4773
vn 0.8656 -0.3824 0.3231
vn 0.7266 -0.5610 0.3966
vn -0.4030 -0.1607 0.9010
vn -0.3699 0.1086 0.9227
vn -0.1938 0.2113 0.9580
vn -0.6333 0.4851 -0.6030
vn -0.6392 0.4736 -0.6059
vn -0.5409 -0.1421 0.8290
vn -0.5781 -0.3446 0.7397
vn -0.5361 -0.1114 0.8368
vn -0.5783 -0.5851 0.5686
vn -0.6846 -0.4727 0.5549
vn -0.6404 -0.5879 0.4942
vn -0.5571 -0.7192 0.4153
vn -0.3421 -0.8908 0.2990
vn -0.3793 -0.7944 0.4744
vn -0.3066 -0.4186 -0.8548
vn -0.4415 0.0729 -0.8943
vn 0.6952 0.3486 -0.6286
vn 0.0686 0.5861 0.8073
vn -0.0793 0.5901 0.8034
vn -0.0487 0.4195 0.9065
vn 0.5953 0.6877 -0.4155
vn 0.6750 0.6459 -0.3567
vn -0.0469 0.5861 0.8089
vn -0.0489 0.4332 0.9000
vn -0.1011 0.6020 0.7921
vn 0.5974 -0.0534 0.8002
vn 0.5330 0.0150 0.8460
vn 0.5689 -0.0568 0.8204
vn 0.8232 -0.4400 0.3589
vn 0.7831 -0.2847 0.5528
vn -0.5043 0.6624 -0.5541
vn -0.1757 0.8720 -0.4569
vn -0.8103 0.4050 -0.4235
vn -0.0645 0.8208 0.5676
vn 0.1444 0.8181 0.5566
vn 0.0284 0.7720 0.6349
vn 0.8450 -0.0882 0.5274
vn -0.4530 0.0372 0.8908
vn 0.3561 0.0058 0.9344
vn 0.0560 -0.0235 -0.9982
vn -0.4621 0.8713 -0.1650
vn -0.5799 0.6319 -0.5142
vn -0.4693 0.8365 -0.2830
vn -0.7064 0.4690 -0.5300
vn -0.6670 0.7126 -0.2174
vn -0.6253 0.6492 -0.4332
vn 0.2730 -0.7967 0.5391
vn 0.3625 -0.6113 0.7035
vn 0.3918 -0.6425 0.6585
vn -0.6625 -0.5701 0.4858
vn -0.6006 -0.5375 0.5919
vn -0.4898 -0.6836 0.5412
vn -0.0417 0.3730 0.9269
vn 0.1389 0.3810 0.9141
vn 0.0882 0.4315 0.8978
vn -0.4204 0.7107 -0.5640
vn -0.5636 0.2043 -0.8004
vn -0.3673 0.7254 -0.5822
vn -0.7800 -0.3903 0.4892
vn -0.7923 -0.2940 0.5347
vn -0.8712 -0.2918 0.3948
vn -0.5926 -0.4080 0.6945
vn -0.5206 -0.5187 0.6782
vn 0.1836 0.3876 0.9034
vn 0.1990 0.2771 0.9400
vn 0.2098 0.4244 0.8808
vn -0.4623 -0.0310 0.8862
vn -0.6250 0.0199 0.7804
vn -0.6646 -0.4951 0.5596
vn -0.6354 -0.3351 0.6956
vn -0.8537 -0.3746 0.3619
vn -0.5345 -0.4140 0.7368
vn -0.4949 -0.5602 0.6642
vn -0.5126 -0.6187 0.5953
vn 0.5324 0.6765 0.5088
vn 0.0191 0.7368 0.6758
vn 0.1262 0.4786 0.8689
vn 0.6647 -0.6477 0.3725
vn 0.6694 -0.5636 0.4839
vn 0.7177 -0.6564 0.2323
vn 0.4234 -0.2539 0.8696
vn 0.4707 -0.2111 0.8567
vn 0.5068 -0.1651 0.8461
vn 0.5343 -0.0069 0.8453
vn 0.4686 -0.0930 0.8785
vn 0.4576 -0.0779 0.8857
vn -0.6068 -0.3226 0.7265
vn -0.7625 -0.2974 0.5746
vn -0.6689 -0.4004 0.6263
vn -0.6615 -0.6513 0.3718
vn -0.7505 -0.5254 0.4008
vn -0.6337 -0.5800 0.5119
vn -0.6794 -0.2723 0.6814
vn 0.8054 0.2104 -0.5542
vn -0.7173 -0.1543 -0.6794
vn 0.3905 0.3149 0.8650
vn 0.5446 0.2656 0.7955
vn 0.4027 0.1583 0.9015
vn 0.1234 0.7987 0.5890
vn 0.0155 0.6536 0.7566
vn 0.0976 0.7198 0.6873
vn 0.2991 0.7122 0.6350
vn 0.3868 0.7933 0.4701
vn 0.3759 0.6573 0.6532
vn 0.1337 0.5897 0.7965
vn 0.2443 0.4964 0.8330
vn 0.2004 0.5616 0.8028
vn 0.5009 -0.7988 0.3331
vn 0.6368 -0.6780 0.3672
vn 0.6431 -0.7051 0.2987
vn 0.5958 -0.0214 0.8029
vn 0.8521 0.2730 0.4466
vn 0.6912 0.0962 0.7162
vn 0.0311 0.8816 -0.4710
vn -0.1331 0.9752 0.1766
vn -0.3702 0.8222 -0.4325
vn 0.4982 0.5680 -0.6552
vn 0.5751 0.4880 -0.6566
vn 0.4156 0.6222 -0.6635
vn -0.5822 -0.6716 0.4583
vn -0.7461 -0.4465 0.4939
vn -0.7553 -0.4609 0.4660
vn 0.0571 0.5890 0.8061
vn 0.0089 0.5599 0.8285
vn 0.9282 0.3229 -0.1848
vn 0.4970 -0.0440 0.8667
vn 0.4161 -0.1598 0.8952
vn 0.4546 -0.0650 0.8883
vn 0.9697 -0.1890 0.1548
vn 0.9542 -0.2714 0.1260
vn 0.8773 -0.3152 0.3619
vn 0.6560 0.7542 0.0289
vn 0.5666 0.8169 0.1079
vn -0.6686 -0.6291 0.3964
vn -0.6217 -0.7209 0.3064
vn -0.5951 -0.7368 0.3208
vn -0.6349 -0.3839 0.6704
vn -0.6803 -0.3117 0.6634
vn -0.6689 -0.2695 0.6928
vn -0.2563 0.5920 0.7641
vn -0.1416 0.6277 0.7655
vn -0.2015 0.5327 0.8219
vn -0.3926 -0.3629 0.8451
vn -0.4180 -0.2918 0.8603
vn -0.6528 0.5495 -0.5215
vn -0.9169 0.2749 -0.2895
vn -0.5912 0.5452 -0.5943
vn -0.6322 -0.6570 0.4106
vn -0.0946 -0.7935 0.6012
vn 0.5204 0.1661 0.8376
vn 0.6287 0.1758 0.7575
vn 0.6369 0.0981 0.7647
vn 0.7933 0.4406 0.4202
vn 0.8084 0.5163 0.2827
vn 0.4629 -0.8337 0.3011
vn 0.5698 -0.7563 0.3215
vn 0.5516 -0.7618 0.3398
vn 0.2925 -0.8161 0.4985
vn 0.3500 -0.9192 0.1804
vn 0.3876 -0.8947 0.2222
vn 0.6443 0.6359 0.4249
vn 0.6361 0.6473 0.4200
vn 0.1492 0.6102 0.7781
vn 0.1813 0.6378 0.7486
vn 0.0153 0.7293 0.6841
vn 0.0188 0.6109 0.7915
vn -0.0179 0.4529 0.8914
vn -0.0308 0.5087 0.8604
vn 0.8321 -0.5535 0.0351
vn 0.7595 -0.6275 0.1717
vn 0.2755 0.6141 0.7396
vn 0.3513 0.3462 0.8699
vn 0.5146 0.5516 0.6565
vn 0.9621 -0.2687 0.0471
vn 0.8958 -0.3877 0.2175
vn 0.9408 -0.3151 0.1254
vn -0.3232 0.1205 0.9386
vn -0.2648 0.2196 0.9390
vn -0.2083 0.4095 0.8882
vn 0.7645 0.6374 -0.0960
vn 0.6818 0.7156 -0.1520
vn -0.2651 -0.2200 0.9388
vn 0.0890 0.6133 -0.7848
vn -0.5254 0.6503 0.5486
vn -0.8648 0.2824 0.4153
vn -0.0368 -0.1079 0.9935
vn 0.6472 0.4066 -0.6448
vn 0.6152 0.3811 -0.6902
vn 0.4556 0.4652 -0.7590
vn -0.2058 -0.3040 -0.9302
vn -0.4254 -0.5758 -0.6982
vn -0.3714 -0.3080 -0.8759
vn -0.6593 -0.5572 0.5048
vn -0.6834 -0.4882 0.5428
vn -0.6517 -0.5157 0.5562
vn 0.4519 0.2456 0.8576
vn 0.6286 0.1140 0.7693
vn -0.6853 -0.4035 -0.6062
vn -0.6248 -0.6674 0.4051
vn -0.7833 -0.5592 0.2715
vn -0.5996 -0.6721 0.4345
vn -0.0327 0.6650 0.7461
vn 0.0461 0.6549 0.7543
vn 0.1031 0.7148 0.6917
vn 0.1850 0.5853 0.7894
vn 0.2075 0.6541 0.7274
vn 0.3132 0.5416 0.7801
vn -0.8296 -0.4023 0.3872
vn -0.8186 -0.4691 0.3314
vn -0.8111 -0.3885 0.4372
vn 0.0713 0.4519 0.8892
vn 0.0536 0.2737 0.9603
vn 0.4292 -0.8821 0.1939
vn 0.3102 -0.9302 0.1964
vn 0.2407 -0.9041 0.3531
vn 0.6293 -0.5197 0.5778
vn 0.9591 0.2544 0.1240
vn 0.9706 0.2365 0.0446
vn 0.5993 -0.5025 0.6232
vn 0.2630 -0.2387 0.9348
vn 0.7681 -0.3190 0.5552
vn -0.5594 -0.7520 0.3486
vn -0.6093 -0.7297 0.3103
vn -0.6539 -0.6660 0.3589
vn -0.6092 -0.7122 0.3488
vn 0.1616 0.5160 0.8412
vn -0.0822 0.5086 0.8571
vn -0.0022 0.3858 0.9226
vn 0.0799 0.6498 0.7559
vn 0.3590 0.7328 0.5780
vn -0.5086 -0.5028 -0.6989
vn -0.5923 -0.3169 -0.7408
vn -0.4524 -0.5479 -0.7037
vn -0.0441 0.6354 0.7709
vn 0.1616 0.5834 0.7960
vn 0.1049 0.6282 0.7710
vn 0.4083 0.0361 0.9121
vn 0.2454 0.3324 0.9106
vn 0.1602 0.1935 0.9679
vn 0.1287 0.2687 0.9546
vn 0.0320 0.4084 0.9122
vn 0.3413 0.4534 0.8234
vn 0.3927 0.1672 0.9043
vn 0.4062 0.3745 0.8335
vn -0.6305 -0.6748 0.3834
vn -0.5106 -0.6915 0.5110
vn -0.5317 -0.6710 0.5168
vn -0.6302 -0.0621 0.7740
vn -0.7597 -0.3356 0.5570
vn -0.7668 -0.2709 0.5819
vn -0.7020 -0.5368 0.4681
vn -0.6731 -0.6113 0.4163
vn -0.6292 -0.5857 0.5109
vn -0.7550 -0.6083 0.2450
vn -0.7612 -0.5402 0.3589
vn -0.7534 -0.4969 0.4308
vn -0.2484 0.9686 0.0095
vn 0.5876 0.7638 -0.2670
vn 0.8229 0.4384 -0.3615
vn 0.7101 0.7028 0.0421
vn 0.8408 0.5014 0.2042
vn 0.2728 0.4024 0.8739
vn -0.0270 0.4748 0.8797
vn -0.2929 0.3209 0.9007
vn -0.4474 0.2105 0.8692
vn 0.8161 0.4598 -0.3502
vn 0.8128 0.4240 -0.3994
vn 0.7407 0.5086 -0.4390
vn 0.8895 0.2400 0.3889
vn -0.2066 0.3696 0.9059
vn 0.2162 0.8432 0.4923
vn 0.5222 0.8208 -0.2316
vn -0.5932 0.7392 -0.3187
vn -0.5331 0.7786 -0.3309
vn 0.9665 0.2565 0.0060
vn 0.9925 0.0410 0.1150
vn 0.8652 0.2254 0.4478
vn 0.8160 0.5355 -0.2176
vn 0.7114 -0.1441 0.6879
vn 0.4750 -0.0463 0.8788
vn 0.7075 -0.1671 0.6866
vn 0.5197 0.0467 0.8531
vn 0.6196 -0.0000 0.7849
vn 0.9281 0.0298 -0.3710
vn 0.8446 -0.4277 -0.3222
vn 0.6961 0.0451 -0.7165
vn -0.2844 0.8503 -0.4429
vn -0.4856 -0.6762 0.5540
vn -0.6160 -0.5138 0.5971
vn -0.6259 -0.4891 0.6075
vn -0.7092 -0.2810 0.6465
vn -0.3841 -0.5284 0.7572
vn -0.2758 -0.6710 0.6883
vn -0.2279 -0.8647 0.4477
vn -0.1042 -0.8971 0.4293
vn -0.2601 -0.8394 0.4773
vn 0.3513 -0.9115 0.2140
vn 0.2624 -0.9037 0.3384
vn -0.4400 -0.7779 0.4487
vn -0.6489 -0.6351 0.4190
vn -0.2394 -0.9129 0.3308
vn 0.6253 -0.1329 0.7690
vn 0.6076 -0.2583 0.7510
vn 0.4926 -0.2077 0.8451
vn 0.6472 -0.5689 0.5074
vn 0.7954 -0.4111 0.4454
vn 0.8062 -0.3355 0.4873
vn 0.5946 -0.0722 0.8008
vn 0.8573 -0.5099 0.0714
vn 0.8676 -0.3014 0.3954
vn 0.8531 -0.4342 0.2893
vn 0.7702 -0.4000 0.4967
vn 0.6744 -0.3304 0.6603
vn 0.6673 -0.5785 0.4692
vn 0.7158 -0.2612 0.6477
vn 0.7751 -0.5107 0.3721
vn 0.8539 -0.2711 -0.4442
vn 0.5305 -0.1566 -0.8331
vn 0.9688 0.1767 -0.1736
vn 0.3521 0.3808 0.8550
vn 0.6837 0.5284 0.5034
vn 0.3924 0.8484 0.3554
vn 0.4348 -0.0822 0.8968
vn 0.6562 0.1165 0.7455
vn 0.4246 0.0190 0.9052
vn -0.7323 -0.3817 -0.5639
vn -0.7194 -0.3378 -0.6069
vn -0.8094 -0.4116 0.4189
vn -0.7047 -0.5983 0.3814
vn -0.8802 -0.4603 0.1156
vn -0.2070 0.1523 0.9664
vn -0.6569 0.5758 -0.4868
vn -0.4181 0.7998 0.4306
vn -0.1900 0.6439 0.7412
vn -0.2921 0.7975 0.5279
vn 0.0135 0.5366 0.8437
vn -0.0602 0.5987 0.7987
vn -0.0976 0.6285 0.7716
vn 0.5656 -0.0782 0.8210
vn 0.3870 -0.8826 0.2670
vn 0.2892 0.5474 0.7853
vn 0.1318 0.6320 0.7636
vn 0.1304 0.5842 0.8011
vn 0.0705 0.5224 0.8498
vn 0.7391 -0.2811 0.6121
vn 0.7019 -0.2015 0.6832
vn 0.6108 -0.2842 0.7390
vn 0.8310 -0.4054 0.3809
vn 0.3812 0.8075 -0.4502
vn 0.3832 0.5611 -0.7337
vn 0.0442 0.7020 -0.7108
vn 0.1438 0.6635 0.7343
vn 0.7625 0.5106 -0.3975
vn 0.3581 0.9187 0.1668
vn 0.2933 0.8815 0.3702
vn -0.6492 0.4809 -0.5893
vn -0.5855 0.5228 -0.6195
vn -0.6458 0.4559 -0.6124
vn -0.8077 -0.5047 0.3046
vn -0.8231 -0.5537 -0.1259
vn -0.8607 -0.3406 -0.3783
vn 0.8948 -0.2867 0.3422
vn 0.8529 -0.2138 0.4764
vn 0.6732 0.0211 0.7391
vn 0.4070 -0.1170 0.9059
vn 0.3824 -0.1036 0.9182
vn 0.8819 -0.3874 0.2686
vn 0.8650 -0.4432 0.2351
vn 0.7423 -0.4544 0.4924
vn 0.3619 0.0456 0.9311
vn 0.4655 -0.1506 0.8722
vn 0.4203 -0.0989 0.9020
vn 0.7855 -0.4791 0.3916
vn 0.0398 0.1115 0.9930
vn -0.7203 -0.6009 0.3465
vn -0.1656 -0.8517 0.4972
vn -0.3863 -0.7773 0.4966
vn -0.4069 -0.7519 0.5188
vn -0.6686 -0.6016 0.4371
vn -0.6817 -0.5720 0.4561
vn -0.6308 -0.5538 0.5435
vn -0.9337 -0.3574 0.0238
vn -0.5993 -0.6534 0.4624
vn -0.6930 -0.4618 0.5536
vn -0.7273 -0.5439 0.4185
vn -0.8700 -0.3109 0.3827
vn -0.8336 -0.0627 -0.5489
vn -0.6851 -0.2488 -0.6847
vn 0.0519 0.5771 0.8150
vn 0.7428 0.3699 0.5581
vn 0.8082 0.4644 0.3621
vn 0.4297 0.8472 0.3124
vn 0.2946 0.7600 0.5794
vn 0.5145 0.8286 0.2208
vn 0.7506 0.3692 -0.5479
vn 0.8792 0.4763 -0.0089
vn 0.9171 0.3628 -0.1655
vn 0.2654 0.7885 0.5549
vn -0.1720 0.8720 0.4583
vn -0.0248 0.5850 0.8107
vn 0.2264 0.5624 0.7953
vn -0.6555 0.5123 -0.5549
vn -0.7048 0.6042 -0.3717
vn -0.5656 0.6804 0.4660
vn 0.8379 0.5458 -0.0065
vn 0.8252 0.5467 -0.1421
vn 0.7902 0.6046 0.1000
vn 0.8685 -0.4094 0.2796
vn 0.6367 -0.6249 0.4518
vn -0.9864 0.0587 0.1532
vn -0.9666 0.0333 0.2540
vn -0.7859 -0.0736 0.6140
vn -0.7862 -0.3151 0.5316
vn -0.7023 -0.4513 0.5505
vn -0.6990 -0.4252 0.5750
vn -0.8306 -0.3050 0.4659
vn -0.7880 -0.4238 0.4467
vn -0.8876 -0.2051 0.4124
vn -0.6527 0.1251 -0.7472
vn -0.7629 0.3124 -0.5661
vn -0.1510 0.4459 0.8823
vn 0.2253 0.6685 0.7088
vn 0.2070 0.5603 0.8020
vn 0.0905 0.5781 0.8109
vn 0.8077 0.0302 0.5889
vn 0.9142 0.0052 0.4052
vn 0.8415 -0.3912 0.3726
vn 0.7294 -0.3728 0.5735
vn 0.7180 -0.2789 0.6378
vn 0.5922 -0.7481 0.2993
vn 0.5482 -0.7408 0.3883
vn 0.2903 -0.8841 0.3661
vn 0.0208 -0.1489 0.9886
vn -0.0501 -0.6838 0.7279
vn 0.5072 -0.4156 0.7550
vn 0.3545 0.6709 0.6513
vn 0.1844 0.8033 0.5663
vn 0.2347 0.6353 0.7358
vn 0.2105 0.6550 0.7258
vn 0.3619 0.2417 0.9003
vn 0.3606 0.1279 0.9239
vn 0.1095 0.3229 0.9401
vn -0.7929 -0.4634 0.3957
vn -0.7666 -0.4730 0.4342
vn -0.6532 -0.3627 0.6646
vn 0.8070 0.5890 -0.0437
vn 0.3647 0.8305 0.4211
vn -0.3953 -0.3300 0.8572
vn -0.4886 -0.3279 0.8085
vn -0.7958 -0.3219 0.5128
vn 0.8622 0.4895 -0.1303
vn 0.9965 0.0799 0.0226
vn 0.9013 0.3458 -0.2609
vn 0.6418 -0.2237 0.7336
vn 0.7655 0.2024 0.6108
vn 0.4032 0.1259 0.9064
vn 0.5493 0.0262 0.8352
vn -0.1664 0.4979 0.8511
vn -0.1555 0.4596 0.8744
vn -0.1435 0.4352 0.8889
vn 0.8754 -0.4772 0.0766
vn 0.9892 -0.0053 0.1465
vn 0.9988 0.0114 -0.0480
vn 0.8927 0.3982 -0.2111
vn 0.6919 0.6479 -0.3187
vn 0.6319 0.7222 -0.2813
vn 0.7429 0.6572 -0.1269
vn 0.8166 0.4953 0.2962
vn 0.8069 0.5412 0.2367
vn 0.8480 -0.5277 -0.0485
vn 0.8619 -0.5059 -0.0358
vn 0.8426 -0.5379 0.0267
vn 0.0979 0.5792 0.8093
vn 0.1391 0.6693 0.7299
vn -0.4981 -0.7259 0.4743
vn -0.4123 -0.8858 0.2129
vn -0.5795 -0.8121 0.0684
vn -0.2007 -0.9033 -0.3791
vn -0.7521 -0.5401 -0.3776
vn 0.3887 0.4289 0.8155
vn 0.3127 0.5865 0.7472
vn -0.1184 0.9744 0.1912
vn -0.1073 0.8198 0.5625
vn -0.8826 -0.4023 -0.2432
vn -0.6110 -0.4028 -0.6814
vn -0.2546 0.7690 0.5863
vn -0.0340 0.7692 0.6381
vn 0.1305 0.4795 0.8678
vn -0.1162 0.6387 0.7606
vn -0.0577 0.6912 0.7204
vn -0.1966 0.7633 0.6154
vn 0.6585 -0.2952 0.6923
vn 0.4221 -0.3974 0.8148
vn 0.4057 -0.1765 0.8968
vn 0.5720 -0.0768 0.8167
vn 0.5149 -0.0588 0.8552
vn -0.8540 -0.4144 0.3147
vn -0.8186 -0.4585 0.3460
vn -0.8589 -0.3927 0.3288
vn -0.6965 -0.5990 0.3952
vn -0.7987 -0.5665 0.2026
vn 0.8596 -0.5102 0.0273
vn 0.8066 -0.5264 0.2689
vn 0.7234 -0.4796 0.4967
vn 0.3996 0.1901 0.8968
vn 0.5695 -0.0882 0.8172
vn 0.6838 0.0967 0.7233
vn 0.3049 0.6999 0.6459
vn 0.2596 0.6722 0.6933
vn -0.4952 -0.3655 0.7882
vn -0.4858 -0.4132 0.7702
vn -0.2619 -0.0351 0.9645
vn 0.3273 0.2742 0.9043
vn 0.4108 0.3831 0.8274
vn 0.0678 0.6579 0.7501
vn -0.1829 0.6719 0.7177
vn 0.0697 0.4249 0.9026
vn -0.8620 -0.3356 0.3798
vn -0.7016 -0.5221 0.4850
vn 0.5113 0.1539 0.8455
vn 0.5487 0.0118 0.8360
vn 0.4710 0.0456 0.8809
vn 0.6144 -0.1529 0.7741
vn -0.5711 0.1356 -0.8096
vn -0.5773 0.2261 -0.7846
vn -0.5960 0.2672 -0.7572
vn -0.6533 0.4673 -0.5957
vn -0.5678 0.4582 -0.6838
vn -0.6986 0.4067 -0.5887
vn -0.5747 0.6684 -0.4722
vn -0.6153 0.5909 -0.5218
vn -0.6914 0.5302 -0.4908
vn -0.5193 0.8466 0.1167
vn -0.6728 0.6137 -0.4131
vn -0.6007 0.7419 -0.2980
vn -0.1709 0.4761 0.8626
vn -0.2140 0.4360 0.8742
vn -0.1329 0.6329 0.7627
vn -0.0458 0.6258 0.7786
vn -0.1004 0.5730 0.8134
vn -0.1400 0.5224 0.8411
vn -0.1068 0.5439 0.8323
vn -0.7065 0.4236 -0.5670
vn -0.3481 0.7893 -0.5058
vn -0.4446 0.3038 -0.8426
vn -0.6934 0.3946 -0.6029
vn -0.6797 0.1285 -0.7221
vn -0.9580 -0.2168 -0.1879
vn -0.9425 0.0782 -0.3248
vn -0.7087 0.3883 -0.5890
vn -0.2157 0.2131 -0.9529
vn -0.5178 -0.1764 -0.8371
vn 0.7319 0.5715 -0.3712
vn 0.4143 -0.4856 0.7698
vn 0.0943 -0.1245 0.9877
vn -0.2356 -0.1628 0.9581
vn -0.0238 0.9876 0.1555
vn -0.4017 0.8500 0.3408
vn -0.8768 0.1504 0.4567
vn -0.6386 0.4831 0.5990
vn -0.7234 0.5940 0.3519
vn -0.8038 -0.4952 0.3296
vn -0.9695 0.2101 0.1261
vn -0.9470 -0.3191 0.0375
vn 0.1750 0.6656 0.7255
vn 0.1779 0.5969 0.7823
vn 0.1354 0.5947 0.7925
vn 0.1314 0.5257 0.8405
vn 0.1323 0.5650 0.8144
vn 0.1413 0.6182 0.7732
vn 0.2545 0.5746 0.7778
vn 0.1957 0.5685 0.7991
vn -0.1760 0.4047 0.8973
vn -0.0546 0.4560 0.8883
vn -0.7725 -0.3289 0.5432
vn -0.8762 -0.3477 0.3337
vn -0.8596 -0.4297 0.2764
vn 0.3187 0.4342 0.8425
vn 0.2386 0.5022 0.8312
vn 0.1499 0.6121 0.7764
vn 0.2658 0.7396 0.6183
vn 0.4497 -0.1317 0.8834
vn 0.4253 -0.1495 0.8926
vn 0.4521 -0.0499 0.8905
vn 0.4960 -0.0855 0.8641
vn -0.6147 -0.5269 0.5870
vn -0.6789 -0.6135 0.4034
vn -0.6683 -0.5213 0.5307
vn -0.7252 -0.4748 0.4987
vn -0.5074 0.4969 -0.7040
vn 0.5496 -0.7674 0.3301
vn 0.5240 -0.7363 0.4282
vn 0.8104 0.2239 0.5413
vn 0.8238 0.3664 0.4325
vn 0.0452 -0.1113 0.9928
vn 0.7953 0.2724 0.5416
vn -0.7789 -0.3451 -0.5236
vn -0.5167 -0.4601 -0.7220
vn -0.8280 -0.4583 -0.3231
vn -0.5092 -0.6865 0.5190
vn -0.6949 -0.5403 0.4746
vn -0.6378 -0.5520 0.5372
vn -0.6088 -0.5122 0.6058
vn -0.1155 0.4848 0.8670
vn -0.3772 0.4374 0.8163
vn -0.4404 0.6057 0.6627
vn -0.3466 0.1462 0.9266
vn 0.0600 0.3543 0.9332
vn -0.1123 0.5138 0.8505
vn -0.3620 0.0744 0.9292
vn -0.3682 0.3292 0.8695
vn 0.4204 0.4589 0.7827
vn 0.5187 0.2899 0.8043
vn -0.6584 -0.5267 0.5376
vn -0.6599 -0.5424 0.5200
vn -0.4930 0.5212 -0.6966
vn -0.5213 -0.7981 0.3021
vn -0.4119 -0.8727 0.2622
vn -0.4954 -0.7053 0.5071
vn 0.8119 -0.4763 0.3375
vn 0.8239 -0.4361 0.3619
vn 0.8001 -0.2634 0.5390
vn 0.5176 -0.7164 0.4677
vn 0.9889 0.0357 0.1439
vn 0.4107 -0.8400 0.3547
vn 0.1065 0.6281 0.7708
vn 0.1320 0.7370 0.6629
vn -0.7481 -0.3574 0.5592
vn -0.6117 -0.4535 0.6482
vn 0.8911 0.3500 -0.2889
vn 0.7521 0.5093 -0.4183
vn 0.7276 0.3917 -0.5632
vn -0.6908 -0.6671 0.2788
vn -0.6304 0.4984 -0.5952
vn -0.6617 0.5073 -0.5521
vn -0.8575 -0.2592 0.4444
vn -0.9146 -0.2485 0.3190
vn -0.9662 0.1889 -0.1755
vn 0.9044 -0.3299 0.2708
vn 0.8849 -0.2218 0.4096
vn 0.4046 -0.2376 0.8831
vn 0.2565 0.0580 0.9648
vn -0.0402 0.3403 0.9394
vn 0.0155 0.5926 0.8053
vn -0.1009 0.5538 0.8265
vn 0.2783 0.0356 0.9598
vn 0.0161 0.4066 0.9135
vn 0.7840 -0.4017 0.4733
vn 0.4698 -0.0059 0.8827
vn -0.0981 0.4443 0.8905
vn -0.0848 0.4796 0.8734
vn -0.0490 0.5226 0.8512
vn -0.0078 0.5091 0.8607
vn -0.5755 0.3025 -0.7598
vn -0.6195 0.3925 -0.6798
vn -0.5807 0.3833 -0.7182
vn -0.7957 -0.5037 0.3364
vn -0.7327 -0.5962 0.3282
vn -0.9090 -0.2952 0.2942
vn -0.8425 -0.3214 0.4323
vn -0.8324 -0.3096 0.4597
vn -0.6269 -0.6656 0.4049
vn -0.1196 -0.8281 0.5476
vn -0.3818 -0.7198 0.5797
vn -0.2639 -0.8124 0.5200
vn 0.9869 -0.0671 -0.1464
vn 0.6435 0.0807 0.7612
vn 0.8632 -0.3190 0.3913
vn 0.8511 -0.3449 0.3958
vn 0.7153 0.0246 0.6984
vn 0.8516 -0.2701 0.4492
vn 0.6199 -0.3089 0.7213
vn 0.7952 -0.0813 0.6008
vn 0.0001 -0.1174 -0.9931
vn 0.3395 -0.0173 -0.9405
vn -0.8023 0.2448 -0.5444
vn -0.7004 0.3041 -0.6458
vn -0.0948 0.5298 0.8428
vn 0.9240 0.3675 -0.1060
vn -0.3910 -0.0647 0.9181
vn 0.1996 0.6209 0.7580
vn 0.0794 0.6066 0.7911
vn 0.2324 0.7389 -0.6324
vn 0.7543 -0.1751 0.6327
vn 0.5645 -0.7162 0.4103
vn -0.8363 -0.5125 -0.1951
vn -0.6740 -0.7310 0.1070
vn 0.6610 0.6486 -0.3774
vn 0.6420 0.7554 -0.1312
vn 0.3111 0.6915 0.6519
vn 0.7246 0.6079 -0.3246
vn -0.4542 -0.6066 -0.6525
vn -0.9206 -0.3894 -0.0285
vn -0.4292 -0.8323 0.3508
vn -0.1925 -0.8276 0.5272
vn 0.2702 -0.8192 0.5059
vn 0.4776 -0.7592 0.4421
vn -0.5189 -0.4136 0.7481
vn -0.3986 -0.7280 0.5578
vn 0.2165 0.6374 0.7395
vn -0.1693 0.9615 0.2162
vn -0.2056 0.9206 0.3321
vn -0.0823 0.6004 0.7954
vn -0.0382 0.5045 0.8626
vn -0.1830 0.7163 0.6734
vn 0.8019 -0.3992 0.4445
vn 0.5654 -0.1497 0.8111
vn 0.3639 0.5508 0.7511
vn -0.3371 0.2161 0.9163
vn -0.8363 -0.4739 0.2757
vn -0.6348 -0.6995 0.3280
vn -0.6890 -0.5786 0.4365
vn -0.6338 -0.3833 0.6718
vn -0.7048 -0.4992 0.5040
vn -0.3698 0.8634 -0.3433
vn 0.3965 0.6843 -0.6120
vn -0.2754 0.7283 -0.6275
vn 0.4818 0.8518 0.2059
vn -0.1217 0.8800 -0.4590
vn 0.9008 -0.4343 0.0002
vn 0.9372 -0.3295 0.1148
vn 0.8168 -0.3490 0.4594
vn -0.4569 -0.5669 0.6854
vn 0.1324 -0.7147 0.6868
vn -0.1149 0.8025 -0.5855
vn 0.3150 0.5899 -0.7435
vn 0.3673 0.6169 -0.6961
vn -0.5360 0.5136 -0.6700
vn 0.1416 0.5400 0.8297
vn -0.4429 0.2110 0.8714
vn -0.7969 -0.3333 0.5038
vn -0.2977 0.0894 0.9505
vn 0.1656 0.0919 0.9819
vn 0.0680 0.0947 0.9932
vn 0.3029 -0.5084 0.8061
vn -0.4389 -0.2117 0.8732
vn -0.7628 -0.6321 0.1360
vn 0.0363 0.4476 0.8935
vn 0.5744 0.5030 0.6458
vn 0.5707 0.5340 0.6238
vn 0.5442 0.6763 0.4965
vn 0.2366 0.5986 0.7653
vn 0.3344 0.6092 0.7191
vn 0.0147 0.6262 0.7796
vn -0.6821 -0.4280 0.5929
vn 0.7891 -0.0680 0.6105
vn 0.6098 -0.7469 0.2650
vn 0.5074 -0.0625 0.8594
vn 0.7606 -0.1535 0.6308
vn 0.6201 -0.0677 0.7816
vn -0.1145 0.5383 0.8350
vn -0.0749 0.5457 0.8346
vn 0.2055 0.4836 0.8508
vn 0.0032 0.5522 0.8337
vn 0.1110 0.4847 0.8676
vn 0.7927 -0.3969 0.4628
vn -0.7450 -0.2962 0.5977
vn 0.2194 0.8941 0.3906
vn 0.6090 0.5449 -0.5764
vn -0.1091 0.9153 0.3878
vn 0.0132 -0.3989 0.9169
vn 0.4605 -0.3768 0.8037
vn 0.1373 -0.6016 0.7869
vn 0.2043 0.5485 0.8108
vn -0.2002 0.5227 0.8287
vn 0.7559 0.6228 -0.2019
vn 0.7636 0.5388 -0.3557
vn 0.7338 0.6021 -0.3147
vn 0.8490 0.5075 -0.1467
vn -0.6110 -0.7064 0.3573
vn -0.6058 -0.6422 0.4696
vn -0.7285 -0.5188 0.4474
vn 0.7760 0.5290 -0.3435
vn -0.6074 0.4500 -0.6546
vn -0.6327 0.3772 -0.6763
vn -0.4885 -0.7451 0.4540
vn -0.6371 -0.6134 0.4667
vn -0.6271 -0.6402 0.4438
vn -0.5147 -0.6694 0.5357
vn -0.6017 -0.5353 0.5928
vn 0.7236 -0.4879 0.4882
vn 0.5642 -0.5467 0.6187
vn 0.6028 -0.3835 0.6997
vn 0.8002 0.4834 -0.3549
vn 0.9314 -0.0933 0.3519
vn -0.5441 -0.8141 0.2028
vn -0.6108 -0.6875 0.3927
vn -0.5102 -0.8151 0.2745
vn 0.6257 -0.1372 0.7679
vn 0.8100 -0.0738 0.5817
vn -0.6314 -0.5174 -0.5776
vn -0.3097 -0.5307 -0.7889
vn -0.5935 -0.4512 -0.6665
vn -0.5543 -0.6820 -0.4770
vn 0.3205 -0.0053 -0.9472
vn -0.7552 0.4231 -0.5007
vn -0.8441 0.4826 -0.2337
vn -0.7302 0.3428 -0.5910
vn 0.6512 -0.3082 0.6935
vn 0.7501 -0.6400 0.1667
vn 0.7113 -0.6151 0.3400
vn 0.7201 -0.3826 0.5789
vn 0.7935 -0.4713 0.3849
vn 0.2985 0.1731 0.9386
vn 0.0471 0.5246 0.8500
vn 0.7689 -0.3191 0.5540
vn -0.5854 0.8075 0.0728
vn -0.1982 0.7239 0.6608
vn -0.5304 0.0634 0.8454
vn -0.6459 -0.2128 0.7332
vn -0.6222 -0.2006 0.7567
vn -0.5323 0.2911 -0.7949
vn 0.2092 0.5272 0.8236
vn -0.5218 0.2705 -0.8091
vn -0.4306 0.6638 -0.6116
vn -0.4853 0.6046 -0.6317
vn -0.3602 -0.5547 0.7501
vn 0.4235 0.3269 0.8449
vn 0.0715 0.1616 0.9843
vn 0.0516 -0.1423 0.9885
vn 0.7361 -0.2585 0.6256
vn 0.7954 -0.4553 0.4000
vn -0.6471 -0.3346 0.6850
vn 0.1658 0.3685 0.9147
vn 0.1057 0.7318 0.6733
vn 0.3024 0.4855 0.8203
vn 0.0783 0.5929 0.8015
vn -0.0655 0.7541 0.6534
vn 0.3567 -0.4331 0.8277
vn 0.3571 -0.3670 0.8590
vn 0.2613 -0.1243 0.9572
vn 0.3125 0.9403 -0.1347
vn 0.1506 0.9416 -0.3011
vn 0.5201 0.8001 -0.2991
vn 0.4543 0.7144 -0.5323
vn -0.5504 0.4569 -0.6987
vn -0.5079 -0.0418 0.8604
vn -0.6445 -0.3678 0.6704
vn 0.0439 0.4987 0.8657
vn 0.1292 0.7716 0.6228
vn 0.5497 0.0535 0.8337
vn -0.0128 0.5177 0.8555
vn -0.6569 -0.7521 -0.0523
vn -0.9298 -0.2144 -0.2990
vn -0.7336 -0.1013 -0.6720
vn -0.7633 0.0607 -0.6432
vn -0.6511 -0.1310 -0.7476
vn -0.6290 -0.4780 -0.6131
vn -0.6112 -0.0769 -0.7877
vn 0.3586 0.5162 0.7778
vn 0.3926 0.4664 0.7927
vn -0.6463 0.7529 -0.1243
vn 0.6071 0.6294 -0.4850
vn -0.0133 0.9989 0.0450
vn -0.3198 0.9473 0.0187
vn 0.4911 -0.8464 0.2061
vn -0.7616 0.5831 0.2828
vn -0.4602 0.5344 0.7090
vn 0.1284 0.6174 0.7761
vn 0.8637 -0.4982 -0.0758
vn 0.3628 0.3971 0.8430
vn 0.3282 0.4504 0.8303
vn 0.0928 0.5604 0.8230
vn -0.0108 0.5888 0.8082
vn -0.0753 0.6669 0.7413
vn 0.0546 0.5562 0.8292
vn -0.8013 -0.4550 0.3884
vn -0.6702 -0.5780 0.4656
vn 0.8566 -0.3130 0.4102
vn 0.7194 -0.1879 0.6687
vn 0.5147 0.0032 0.8574
vn 0.6153 -0.1766 0.7682
vn 0.4954 -0.1783 0.8502
vn -0.3554 0.3701 0.8583
vn 0.1761 0.3036 0.9364
vn 0.7562 -0.0855 0.6488
vn 0.6838 -0.2223 0.6950
vn 0.5307 -0.1550 0.8333
vn -0.0728 0.0682 0.9950
vn -0.5985 -0.4601 0.6558
vn -0.3221 -0.3534 0.8783
vn -0.0930 0.2937 0.9514
vn 0.3936 0.2132 0.8942
vn 0.2943 0.3573 0.8864
vn 0.0355 0.2627 0.9642
vn -0.7546 -0.3820 0.5335
vn -0.9620 -0.2702 0.0388
vn -0.6549 0.5265 -0.5421
vn -0.7560 0.4295 -0.4940
vn -0.9412 0.2820 -0.1858
vn -0.8527 -0.2174 -0.4750
vn -0.7133 -0.0221 -0.7005
vn 0.4318 0.4508 0.7813
vn -0.0524 0.6289 0.7757
vn -0.6668 -0.4995 0.5531
vn 0.0294 -0.6532 0.7566
vn 0.2717 0.8021 0.5317
vn 0.0956 0.7989 0.5939
vn 0.4533 0.3816 0.8055
vn 0.6682 0.7330 0.1273
vn 0.5338 0.8069 0.2531
vn -0.7706 -0.6325 -0.0776
vn 0.2838 -0.6981 0.6574
vn 0.1769 -0.2148 0.9605
vn 0.8337 0.5425 -0.1031
vn 0.6216 -0.5625 0.5452
vn 0.2611 -0.0511 0.9640
vn -0.6870 0.4800 -0.5456
vn -0.6480 0.4955 -0.5785
vn 0.8850 -0.1384 0.4446
vn 0.7405 -0.6375 0.2129
vn 0.8462 -0.4608 0.2677
vn 0.9040 -0.0589 0.4235
vn -0.8705 -0.2574 0.4195
vn 0.3907 -0.1662 0.9054
vn 0.5258 0.0362 0.8498
vn 0.4546 -0.0587 0.8887
vn -0.8767 -0.4792 0.0432
vn 0.7726 -0.1827 0.6080
vn 0.6333 -0.2356 0.7372
vn -0.7338 -0.3253 0.5964
vn -0.7479 -0.4560 0.4824
vn -0.4721 -0.7729 0.4240
vn -0.6528 -0.6953 0.3006
vn -0.5754 0.8004 -0.1681
vn 0.5462 -0.1977 0.8140
vn 0.5845 -0.0258 0.8110
vn 0.4793 0.6472 0.5928
vn 0.1104 0.5710 0.8135
vn 0.0907 0.6805 0.7271
vn 0.1605 0.6098 0.7762
vn -0.1627 -0.3727 -0.9136
vn -0.6397 -0.7684 0.0195
vn -0.7623 -0.4065 0.5036
vn -0.7517 -0.4369 -0.4941
vn 0.0155 0.5576 0.8300
vn 0.9153 -0.3808 0.1311
vn 0.8334 -0.4108 0.3697
vn 0.3086 0.1534 0.9387
vn 0.3231 0.4152 0.8504
vn -0.6305 0.2279 0.7420
vn -0.4163 0.4830 0.7703
vn 0.4722 -0.0907 0.8768
vn 0.6465 0.7120 0.2741
vn 0.6141 0.7709 -0.1691
vn -0.6292 0.7246 -0.2811
vn -0.0428 0.4943 0.8682
vn -0.0393 0.5566 0.8298
vn 0.6367 0.7204 -0.2750
vn 0.4580 0.8268 0.3266
vn 0.8084 -0.2080 0.5507
vn -0.7529 0.2838 -0.5938
vn -0.2242 0.0957 0.9698
vn 0.8393 0.3842 -0.3846
vn 0.2588 0.9294 0.2632
vn 0.4447 0.1117 0.8887
vn -0.8094 -0.4470 0.3810
vn -0.6907 -0.6255 0.3628
vn -0.6707 -0.4142 0.6153
vn -0.9649 0.0137 0.2622
vn 0.4539 0.6981 0.5537
vn 0.4102 0.5331 0.7400
vn 0.5952 0.6591 0.4596
vn 0.6204 0.4093 0.6690
vn 0.7134 0.5092 0.4814
vn 0.2816 0.3750 0.8832
vn 0.0880 0.5041 0.8592
vn -0.3706 -0.1288 0.9198
vn -0.5835 -0.3007 0.7544
vn 0.3755 0.6651 -0.6455
vn -0.5998 -0.6721 0.4343
vn -0.0920 0.6949 0.7132
vn 0.5016 -0.5748 0.6466
vn 0.7601 -0.2307 0.6075
vn 0.4971 -0.0641 0.8653
vn -0.6395 0.4803 -0.6003
vn -0.5916 0.4343 -0.6793
vn -0.5409 0.5541 -0.6328
vn -0.4760 -0.1924 0.8581
vn -0.5796 0.0637 0.8124
vn -0.0647 0.4287 0.9011
vn -0.1104 0.4619 0.8801
vn 0.1728 0.4249 0.8886
vn -0.5483 -0.7540 0.3619
vn -0.6219 -0.7307 0.2818
vn 0.1810 0.5292 0.8289
vn -0.2828 -0.9066 0.3134
vn 0.0822 0.5068 0.8581
vn 0.2091 0.5490 0.8092
vn -0.6131 -0.6552 0.4414
vn 0.2587 0.6277 -0.7342
vn -0.2843 -0.5833 -0.7609
vn 0.3382 -0.6087 0.7177
vn -0.2970 0.5837 0.7557
vn -0.1905 0.3298 0.9246
vn -0.5500 -0.7383 0.3904
vn -0.6205 -0.7773 -0.1036
vn -0.7247 -0.5881 0.3591
vn 0.1147 0.3594 0.9261
vn -0.4988 0.7875 0.3621
vn -0.3832 0.7922 0.4749
vn -0.7096 0.7044 0.0150
vn -0.4942 0.7942 0.3536
vn -0.6221 0.7806 -0.0599
vn -0.7068 0.6673 -0.2349
vn -0.6127 0.7899 -0.0261
vn 0.1667 -0.5766 0.7998
vn 0.4258 -0.8128 0.3975
vn 0.5939 -0.3154 0.7402
vn 0.7454 -0.5625 0.3577
vn 0.7872 -0.6148 0.0481
vn 0.0907 -0.5023 0.8599
vn 0.4998 0.1296 0.8564
vn -0.7368 -0.0884 -0.6703
vn -0.8620 -0.4675 -0.1958
vn -0.6948 -0.5464 0.4677
vn -0.8280 -0.2716 0.4907
vn 0.6359 0.1373 -0.7595
vn 0.8815 -0.2268 0.4142
vn 0.6699 -0.7220 0.1729
vn 0.3752 -0.9063 0.1946
vn 0.7225 0.2676 0.6374
vn 0.7570 0.3381 0.5592
vn 0.7561 -0.6087 0.2404
vn 0.9253 -0.3766 0.0454
vn 0.9762 0.1794 -0.1219
vn 0.0328 0.8759 0.4814
vn 0.2086 0.7169 0.6653
vn 0.1686 -0.8390 0.5173
vn -0.0138 0.5138 0.8578
vn -0.0405 0.4388 0.8977
vn -0.4321 0.8643 -0.2573
vn -0.4806 0.6787 -0.5554
vn -0.6902 0.6989 -0.1876
vn -0.4117 0.5597 0.7191
vn -0.9415 0.3202 0.1052
vn -0.5983 0.6459 -0.4743
vn 0.5914 -0.1360 0.7948
vn -0.4233 -0.7192 0.5509
vn 0.4802 -0.3952 0.7831
vn -0.6079 -0.6308 0.4822
vn 0.6700 0.7283 0.1441
vn 0.2091 0.9670 0.1457
vn 0.6280 0.4643 0.6245
vn 0.1704 0.4952 0.8519
vn 0.5464 0.5532 0.6288
vn 0.0538 0.2968 0.9534
vn -0.6515 0.6448 -0.3997
vn -0.6681 0.6690 -0.3257
vn -0.6849 -0.4336 0.5856
vn -0.7690 -0.3762 0.5168
vn -0.4826 0.5268 -0.6997
vn -0.4250 0.5452 -0.7226
vn 0.9950 -0.0727 0.0690
vn 0.9113 0.4011 0.0928
vn 0.7802 0.5354 -0.3234
vn -0.0306 0.4850 0.8740
vn -0.0464 0.4789 0.8766
vn 0.7073 -0.6428 0.2942
vn 0.6094 -0.7458 0.2691
vn -0.3107 0.1525 0.9382
vn 0.6933 -0.0897 0.7150
vn 0.7564 -0.4162 0.5045
vn 0.5861 -0.1430 0.7975
vn 0.8263 -0.3899 0.4064
vn 0.7884 -0.5904 0.1728
vn 0.4506 0.4923 0.7447
vn -0.7339 -0.0616 0.6765
vn -0.8158 0.4780 -0.3254
vn 0.6219 -0.2171 0.7524
vn 0.6557 -0.5711 0.4938
vn 0.9505 -0.2706 0.1530
vn 0.8554 -0.1275 0.5020
vn -0.3653 0.8082 -0.4619
vn -0.9039 0.0080 0.4277
vn -0.0615 -0.0037 0.9981
vn 0.3757 0.2542 0.8912
vn -0.8596 -0.4668 0.2077
vn 0.2163 0.4924 0.8431
vn 0.9191 0.3328 0.2109
vn -0.4412 0.7692 -0.4623
vn 0.0775 0.4467 0.8913
vn -0.6113 0.7914 -0.0001
vn -0.0068 0.9577 -0.2877
vn -0.7531 -0.6551 -0.0609
vn 0.8117 -0.4878 0.3213
vn -0.0925 0.6771 0.7301
vn 0.1953 0.8532 -0.4837
vn 0.2263 0.7218 -0.6541
vn -0.6757 0.4478 -0.5856
vn -0.6392 0.5631 -0.5238
vn 0.1926 0.3937 0.8989
vn 0.8785 0.4430 -0.1788
vn 0.2980 -0.6693 0.6807
vn 0.1313 0.5267 0.8398
vn 0.0020 0.6720 0.7405
vn -0.3545 0.7557 -0.5506
vn -0.3746 0.9252 -0.0604
vn 0.8134 -0.2949 0.5014
vn 0.9037 0.4275 0.0226
vn -0.7269 -0.4485 0.5200
vn 0.5481 -0.0327 0.8358
vn -0.7724 -0.6335 -0.0460
vn -0.4666 0.0262 0.8841
vn -0.0096 0.4777 0.8785
vn -0.1490 0.4249 0.8929
vn -0.0448 0.5057 0.8615
vn 0.7274 -0.3698 0.5780
vn 0.3571 0.8489 -0.3898
vn -0.6477 -0.5065 0.5692
vn -0.7138 -0.6092 0.3455
vn 0.5269 0.0264 0.8495
vn 0.6058 0.1010 0.7892
vn -0.5191 -0.6118 0.5968
vn 0.9187 0.3890 0.0677
vn 0.4675 0.4800 -0.7423
vn 0.8278 -0.5250 0.1980
vn -0.1404 0.6648 -0.7337
vn -0.3762 -0.6243 -0.6846
vn -0.2097 0.2056 -0.9559
vn -0.5507 0.1428 -0.8224
vn -0.4692 0.3084 -0.8275
vn -0.6270 -0.4143 -0.6598
vn -0.4873 0.6612 0.5705
vn -0.6387 0.4572 0.6189
vn -0.3482 0.4387 0.8284
vn -0.2311 0.8093 0.5401
vn -0.1485 0.8506 0.5044
vn -0.1602 0.8104 0.5635
vn -0.3819 0.1679 0.9088
vn -0.4101 0.1572 0.8984
vn -0.4138 0.1105 0.9036
vn 0.2498 0.4122 0.8762
vn 0.2250 0.5312 0.8168
vn 0.2996 0.4007 0.8658
vn 0.3731 -0.3450 -0.8613
vn 0.4014 -0.3232 -0.8570
vn 0.3739 -0.3359 -0.8645
vn 0.2828 -0.7275 0.6252
vn 0.1745 -0.5434 0.8212
vn 0.3540 -0.6234 0.6972
vn 0.3825 -0.8743 0.2989
vn 0.3963 -0.9165 0.0539
vn 0.3340 -0.8810 0.3351
vn -0.7631 -0.5239 -0.3784
vn -0.7231 -0.5270 -0.4466
vn -0.7525 -0.4771 -0.4540
vn 0.3287 -0.4440 -0.8335
vn 0.4312 -0.5074 -0.7461
vn 0.4431 -0.5022 -0.7426
vn 0.2206 0.4588 0.8607
vn 0.1754 0.7278 0.6629
vn 0.1595 0.5152 0.8421
vn -0.4253 0.2218 0.8774
vn -0.5378 -0.0977 0.8374
vn -0.1748 0.0187 0.9844
vn 0.7591 -0.1617 -0.6306
vn 0.7189 -0.2964 -0.6287
vn 0.8852 -0.0656 -0.4606
vn 0.3679 -0.3276 -0.8702
vn 0.3815 -0.3432 -0.8583
vn 0.3955 -0.3603 -0.8448
vn 0.4168 -0.6099 0.6740
vn 0.3553 -0.5957 0.7203
vn 0.3697 -0.7235 0.5829
vn 0.2388 -0.8407 0.4861
vn 0.3526 -0.6841 0.6385
vn 0.1147 -0.9072 0.4048
vn -0.7825 -0.1977 0.5904
vn -0.6691 0.0474 0.7417
vn -0.7483 0.1354 0.6494
vn -0.9425 -0.1027 0.3180
vn -0.8542 -0.1350 0.5021
vn -0.8398 -0.0546 0.5402
vn -0.7759 0.3840 0.5006
vn -0.6887 0.6142 0.3853
vn -0.8300 0.3391 0.4429
vn 0.6595 0.6865 0.3061
vn 0.5692 0.5600 0.6020
vn 0.8747 0.4656 0.1347
vn 0.5107 -0.1841 0.8398
vn 0.4750 -0.4023 0.7827
vn 0.5099 -0.5553 0.6570
vn 0.7699 0.4456 0.4568
vn 0.7283 0.5662 0.3860
vn 0.7024 0.5012 0.5054
vn 0.5020 -0.4279 -0.7516
vn 0.4824 -0.4259 -0.7654
vn 0.5101 -0.4365 -0.7411
vn 0.4446 0.6783 0.5850
vn 0.3587 0.7442 0.5634
vn 0.3519 0.7653 0.5389
vn 0.3414 -0.3672 0.8652
vn 0.2534 -0.1206 0.9598
vn 0.0550 -0.0966 0.9938
vn 0.5552 -0.5822 -0.5940
vn 0.5116 -0.5438 -0.6652
vn 0.5628 -0.5337 -0.6313
vn -0.7774 -0.4926 -0.3911
vn -0.8059 -0.4346 -0.4020
vn 0.3795 -0.5462 -0.7467
vn 0.3780 -0.4948 -0.7825
vn 0.4498 -0.5096 -0.7335
vn -0.2170 0.1284 -0.9677
vn -0.3369 0.2273 -0.9137
vn -0.2846 0.1600 -0.9452
vn -0.7322 -0.4322 -0.5265
vn -0.6926 -0.5075 -0.5126
vn -0.4125 0.4677 0.7818
vn -0.3957 0.4943 0.7740
vn -0.2289 0.5975 0.7685
vn -0.8317 0.1939 0.5203
vn -0.8285 0.2120 0.5183
vn -0.5755 0.0038 -0.8178
vn -0.4510 0.2289 -0.8627
vn -0.1880 -0.9288 0.3195
vn -0.1496 -0.9843 0.0933
vn 0.0076 -0.9981 -0.0613
vn 0.1811 0.1807 0.9667
vn 0.2600 -0.1492 0.9540
vn 0.2244 -0.0286 0.9741
vn -0.3578 0.2653 0.8953
vn 0.0672 -0.9778 0.1984
vn -0.1060 -0.9063 0.4092
vn -0.0664 -0.9777 0.1992
vn 0.5312 -0.2301 0.8154
vn 0.6525 -0.3638 0.6648
vn 0.5929 -0.4454 0.6709
vn 0.4517 -0.5223 0.7233
vn 0.4562 -0.3512 0.8177
vn 0.4012 -0.1826 0.8976
vn 0.0470 -0.6346 -0.7714
vn 0.1391 -0.4831 -0.8645
vn 0.0664 -0.6953 -0.7156
vn -0.0695 -0.8834 0.4635
vn 0.0321 -0.9572 0.2875
vn 0.0325 -0.8999 0.4348
vn 0.4951 -0.7467 0.4442
vn 0.5305 -0.7658 0.3635
vn 0.5304 -0.8222 0.2066
vn 0.5090 -0.8589 0.0566
vn 0.3706 -0.9242 0.0921
vn 0.1810 0.2630 0.9477
vn 0.1542 0.4673 0.8706
vn 0.1456 0.4418 0.8852
vn -0.4466 -0.5047 0.7388
vn -0.0838 0.0049 0.9965
vn -0.2993 -0.4238 0.8549
vn 0.1722 0.4026 0.8990
vn 0.2044 0.5973 0.7756
vn 0.2226 0.3866 0.8950
vn 0.9124 0.1060 0.3954
vn 0.9370 0.2386 0.2551
vn 0.9317 0.2878 0.2215
vn 0.9517 -0.0552 0.3020
vn 0.9674 0.1128 0.2268
vn 0.9307 -0.1135 0.3479
vn 0.6141 -0.3559 -0.7044
vn 0.7959 -0.2641 -0.5449
vn 0.7989 -0.1894 -0.5709
vn -0.0324 0.3399 0.9399
vn -0.0037 0.1243 0.9922
vn 0.3981 0.1132 0.9103
vn 0.1437 0.3050 0.9415
vn 0.1714 0.3043 0.9370
vn 0.1337 0.2949 0.9461
vn -0.7150 0.4155 0.5622
vn -0.6761 0.5806 0.4536
vn -0.7825 0.1393 0.6068
vn 0.1960 0.6076 0.7697
vn 0.1971 0.4593 0.8662
vn 0.2651 0.0863 0.9603
vn 0.4094 0.5835 0.7013
vn 0.1729 0.7762 0.6063
vn 0.1819 0.5853 0.7902
vn -0.2130 -0.3318 0.9190
vn -0.1953 -0.1209 0.9733
vn 0.1239 -0.7981 0.5897
vn 0.2566 -0.6167 0.7443
vn -0.8585 -0.1884 0.4769
vn -0.5557 -0.2011 0.8067
vn -0.6186 -0.2539 0.7436
vn -0.8349 0.1960 0.5143
vn -0.6078 0.2355 0.7584
vn -0.5234 0.2352 0.8190
vn -0.5998 0.2651 0.7550
vn 0.3372 -0.7242 0.6015
vn 0.1774 -0.8600 0.4786
vn 0.4803 -0.4794 0.7345
vn 0.3243 -0.6290 0.7065
vn 0.2409 -0.7696 0.5914
vn 0.1790 -0.9424 0.2825
vn 0.3944 -0.4899 -0.7775
vn 0.3627 -0.4683 -0.8057
vn 0.3684 -0.4776 -0.7976
vn -0.1002 -0.1556 -0.9827
vn 0.0820 -0.1769 -0.9808
vn -0.2238 0.1923 -0.9555
vn 0.5406 -0.5945 -0.5952
vn 0.2259 0.0069 -0.9741
vn 0.1610 -0.1571 -0.9744
vn 0.3842 0.1003 0.9178
vn 0.5041 0.0788 0.8600
vn 0.2030 0.4092 0.8896
vn 0.1799 0.4635 0.8676
vn 0.5229 0.4613 0.7168
vn 0.3117 0.4153 0.8546
vn 0.2119 0.6243 0.7519
vn 0.1806 0.6058 0.7749
vn 0.2620 0.5675 0.7806
vn 0.1310 0.5642 0.8152
vn -0.0239 0.5253 0.8506
vn 0.0717 0.6627 0.7454
vn 0.2797 -0.9373 0.2077
vn 0.2203 -0.9552 -0.1976
vn 0.3853 -0.9204 -0.0662
vn 0.5700 -0.8025 -0.1765
vn 0.5202 -0.7951 0.3119
vn -0.0531 -0.9615 -0.2696
vn -0.0547 -0.7496 0.6597
vn 0.2801 -0.5676 0.7742
vn 0.1191 -0.7281 0.6751
vn 0.4171 -0.3830 -0.8242
vn 0.4865 -0.4356 -0.7573
vn 0.5025 -0.5140 -0.6952
vn 0.8873 -0.1165 -0.4462
vn 0.6480 -0.3237 -0.6895
vn 0.8574 -0.3006 -0.4178
vn 0.6434 -0.5925 0.4847
vn 0.7158 -0.6973 -0.0381
vn 0.7271 -0.6866 0.0022
vn 0.9967 0.0110 -0.0803
vn 0.8084 -0.2658 -0.5253
vn -0.6011 -0.7505 0.2748
vn -0.8805 -0.2618 0.3952
vn -0.8141 -0.3059 0.4936
vn -0.7515 -0.5137 -0.4139
vn -0.5999 -0.5278 -0.6013
vn 0.3694 -0.3624 0.8557
vn 0.5554 -0.6628 0.5023
vn 0.2291 -0.9734 -0.0016
vn 0.5388 -0.8394 0.0717
vn 0.3893 -0.9206 0.0311
vn -0.7504 0.0202 0.6607
vn 0.4955 0.3841 0.7791
vn 0.5020 0.4832 0.7172
vn 0.7226 0.2754 0.6341
vn 0.6762 0.0923 0.7309
vn 0.9382 0.1678 0.3029
vn 0.8962 0.1372 0.4219
vn -0.0170 0.5456 0.8379
vn -0.0221 0.6108 0.7915
vn -0.0016 0.4610 0.8874
vn -0.1293 0.7438 0.6558
vn -0.3430 0.8165 0.4645
vn -0.2240 0.7176 0.6594
vn -0.2282 0.6271 0.7448
vn -0.3152 0.7449 0.5880
vn -0.2144 0.4752 0.8534
vn 0.0705 0.6149 0.7854
vn -0.1763 0.5535 0.8140
vn -0.0016 0.6649 0.7469
vn -0.0698 0.5925 0.8026
vn 0.0468 0.6827 0.7292
vn -0.6067 0.2867 0.7414
vn -0.8713 -0.1750 0.4584
vn -0.7409 -0.5297 -0.4128
vn -0.7560 -0.4943 -0.4292
vn -0.9239 -0.2419 -0.2965
vn -0.8734 -0.3253 -0.3623
vn -0.9935 -0.1133 0.0085
vn -0.4345 0.6378 0.6359
vn -0.3795 0.7553 0.5342
vn -0.3643 0.7257 0.5837
vn -0.2969 0.6971 0.6526
vn -0.5228 0.4919 0.6962
vn -0.4467 0.2917 0.8458
vn -0.4481 0.1707 0.8775
vn -0.5252 0.1410 0.8392
vn 0.1162 0.3927 0.9123
vn 0.0091 0.2180 0.9759
vn -0.6831 -0.0818 0.7258
vn -0.2933 -0.1609 0.9424
vn 0.0122 -0.4896 0.8718
vn 0.3333 -0.5980 0.7289
vn 0.2969 -0.6277 0.7196
vn 0.7299 -0.1524 -0.6664
vn 0.7918 -0.0976 -0.6029
vn 0.9737 0.0271 -0.2263
vn 0.6612 -0.4365 -0.6101
vn 0.6615 -0.3820 -0.6454
vn 0.5331 -0.3123 0.7863
vn 0.3660 -0.0634 0.9285
vn 0.5091 -0.5281 0.6796
vn 0.0677 0.3496 0.9345
vn 0.1078 0.3913 0.9139
vn 0.0882 0.4284 0.8993
vn 0.5419 0.0021 0.8404
vn 0.3096 0.3460 0.8857
vn 0.1436 0.3011 0.9427
vn 0.7853 0.3898 0.4809
vn 0.7195 0.3029 0.6249
vn 0.8347 0.1217 0.5371
vn 0.6182 0.5780 0.5327
vn 0.9213 0.3798 0.0833
vn 0.9587 0.1438 0.2453
vn 0.5585 -0.6141 -0.5576
vn 0.5686 -0.6049 -0.5576
vn 0.4529 -0.6751 0.5824
vn 0.3673 -0.9115 0.1850
vn 0.4227 -0.8471 0.3221
vn 0.9862 0.0189 0.1643
vn 0.9977 0.0204 0.0650
vn 0.5510 -0.4921 -0.6740
vn 0.6832 -0.3049 -0.6635
vn 0.7541 -0.6223 -0.2099
vn 0.0915 0.0217 0.9956
vn -0.0763 -0.6075 0.7907
vn 0.2510 -0.1944 0.9483
vn 0.3195 -0.1491 -0.9358
vn 0.3134 -0.3776 -0.8713
vn 0.3212 -0.3247 -0.8896
vn 0.2433 -0.3878 -0.8890
vn 0.2753 -0.4152 -0.8671
vn -0.1783 0.1771 -0.9679
vn 0.2236 -0.2047 -0.9529
vn -0.0550 -0.1811 -0.9819
vn -0.0187 -0.5014 -0.8650
vn 0.0108 -0.4466 -0.8947
vn -0.2050 -0.3417 -0.9172
vn 0.4522 -0.4235 -0.7850
vn 0.3377 -0.3303 -0.8814
vn 0.4301 -0.3178 -0.8450
vn 0.1551 -0.4771 -0.8651
vn 0.2444 -0.8527 0.4617
vn 0.3497 -0.5887 0.7287
vn 0.4249 -0.5131 0.7458
vn 0.3701 -0.5347 0.7597
vn 0.4011 -0.3714 -0.8374
vn 0.3845 -0.3809 -0.8409
vn 0.3931 -0.4102 -0.8229
vn 0.2781 -0.3084 -0.9097
vn 0.3111 -0.3284 -0.8918
vn 0.3179 -0.2977 -0.9002
vn -0.8349 0.1482 0.5300
vn -0.8207 -0.0046 0.5713
vn -0.8411 -0.0618 0.5374
vn -0.6954 0.0590 0.7162
vn -0.6398 0.0632 0.7660
vn -0.5998 0.1609 0.7838
vn -0.7594 -0.5938 -0.2660
vn -0.1478 -0.7550 -0.6389
vn 0.0412 0.4855 0.8733
vn 0.1936 0.6550 0.7304
vn 0.0212 0.6058 0.7953
vn -0.0940 0.6537 0.7509
vn 0.2191 0.4606 0.8601
vn 0.0896 0.4023 0.9111
vn 0.1726 0.4821 0.8589
vn 0.0463 -0.9931 0.1076
vn 0.0907 -0.9813 0.1699
vn -0.3088 -0.9471 0.0878
vn -0.1596 -0.9073 0.3891
vn -0.0501 -0.6847 0.7271
vn 0.2533 -0.7116 0.6554
vn -0.1140 -0.9096 0.3996
vn 0.2643 -0.8731 0.4096
vn 0.0576 -0.9349 0.3503
vn 0.5197 -0.4772 0.7087
vn 0.2294 -0.1951 0.9536
vn -0.6531 0.3535 0.6697
vn -0.6573 0.3949 0.6418
vn -0.7554 0.2233 0.6160
vn -0.2601 -0.4244 0.8673
vn 0.2566 0.4929 0.8314
vn 0.3605 0.4863 0.7960
vn -0.2793 -0.0580 -0.9584
vn -0.3172 0.2234 -0.9217
vn -0.0045 -0.3711 -0.9286
vn 0.3184 -0.1283 -0.9392
vn 0.4515 -0.2363 -0.8604
vn 0.6022 0.2811 -0.7472
vn 0.3745 -0.8940 -0.2460
vn 0.2686 -0.9364 -0.2257
vn 0.5712 -0.2276 -0.7886
vn 0.3814 -0.4118 -0.8276
vn -0.4998 0.0598 0.8641
vn -0.5524 0.2593 0.7922
vn 0.1782 0.5266 0.8312
vn 0.0035 0.5434 0.8394
vn 0.2449 0.4649 0.8508
vn 0.0832 0.0756 -0.9937
vn 0.1481 -0.2717 -0.9509
vn 0.1311 -0.1118 -0.9850
vn -0.5713 -0.0003 -0.8207
vn -0.4063 0.1996 -0.8917
vn -0.0186 -0.8557 0.5171
vn 0.0682 -0.9350 0.3480
vn 0.0757 -0.9488 0.3067
vn 0.4430 -0.8616 0.2478
vn 0.3658 -0.9263 0.0906
vn 0.4045 -0.8570 0.3194
vn 0.8951 0.2841 -0.3437
vn 0.4533 -0.8794 -0.1454
vn 0.3922 -0.9098 -0.1358
vn -0.1079 -0.9903 -0.0877
vn -0.1508 -0.9558 0.2523
vn -0.0289 -0.9986 0.0439
vn 0.3384 0.3605 0.8692
vn 0.2042 0.4605 0.8638
vn 0.0937 0.4855 0.8692
vn 0.5847 -0.1025 0.8047
vn 0.5716 0.0692 0.8176
vn 0.5707 0.1354 0.8099
vn 0.5854 0.5126 0.6281
vn 0.7093 0.3772 0.5955
vn 0.9449 -0.1148 0.3066
vn 0.2719 0.5038 0.8199
vn 0.1735 0.3942 0.9025
vn 0.3546 0.6782 0.6437
vn 0.4195 0.3714 0.8283
vn 0.5150 0.6128 0.5994
vn 0.4301 0.6229 0.6535
vn 0.1844 0.4715 0.8624
vn 0.1837 0.4874 0.8537
vn 0.1893 0.3967 0.8982
vn 0.2702 0.3504 0.8968
vn 0.4652 -0.8381 -0.2849
vn 0.5205 0.2433 0.8185
vn 0.0160 -0.0562 -0.9983
vn 0.1747 -0.3292 -0.9280
vn 0.1386 -0.2631 -0.9548
vn 0.1159 0.5174 0.8479
vn 0.0108 0.5481 0.8364
vn 0.0597 0.3468 0.9360
vn -0.1591 0.5369 0.8285
vn 0.0477 0.3597 0.9318
vn -0.1446 0.8033 0.5778
vn -0.2981 0.7585 0.5795
vn -0.2397 0.7008 0.6719
vn 0.4044 -0.3495 -0.8452
vn 0.4309 -0.3186 -0.8443
vn -0.4933 0.4796 0.7257
vn -0.5118 0.4538 0.7295
vn -0.5839 0.1926 0.7886
vn -0.4154 -0.0299 0.9092
vn -0.5947 0.2082 0.7765
vn 0.4095 -0.2949 -0.8633
vn 0.4174 -0.3059 -0.8557
vn -0.2485 0.3649 0.8973
vn 0.2332 0.4838 0.8436
vn 0.0664 0.1804 0.9814
vn 0.1236 0.5434 0.8303
vn 0.5844 -0.4875 -0.6487
vn 0.4080 -0.4960 -0.7665
vn 0.4308 -0.5061 -0.7471
vn 0.4981 -0.5964 -0.6295
vn 0.3908 -0.3207 -0.8628
vn -0.2247 -0.1154 -0.9676
vn -0.7710 -0.4402 -0.4602
vn -0.7378 -0.3835 -0.5556
vn -0.7553 -0.3843 -0.5309
vn -0.9840 -0.1732 -0.0426
vn -0.8560 -0.4561 -0.2433
vn -0.9816 -0.1855 -0.0449
vn 0.8809 0.1895 0.4337
vn 0.9871 -0.1596 -0.0138
vn -0.5457 -0.2383 -0.8034
vn -0.6584 -0.6369 -0.4010
vn 0.1869 0.4666 0.8645
vn -0.2012 -0.2050 0.9578
vn 0.2967 -0.3310 0.8958
vn 0.3780 -0.2990 0.8762
vn 0.4934 -0.3241 0.8072
vn -0.4040 -0.0090 0.9147
vn 0.1131 -0.4271 0.8971
vn -0.1620 -0.4010 0.9016
vn 0.3190 -0.0557 0.9461
vn 0.1795 0.5819 0.7932
vn 0.2679 0.3030 0.9146
vn 0.2239 0.4066 0.8857
vn 0.2445 0.4354 0.8664
vn -0.6661 -0.3127 0.6771
vn -0.7405 -0.1563 0.6536
vn -0.7598 -0.5457 -0.3536
vn -0.7092 -0.4555 -0.5381
vn -0.7409 -0.5915 -0.3181
vn -0.8147 -0.5043 -0.2863
vn 0.2266 0.3858 0.8943
vn 0.0536 0.0369 0.9979
vn -0.1162 -0.6914 0.7130
vn 0.4399 0.2826 0.8524
vn 0.4410 -0.3247 -0.8367
vn 0.4201 -0.4075 -0.8109
vn 0.3873 -0.3584 -0.8494
vn 0.4068 -0.4533 -0.7931
vn 0.3835 -0.3881 -0.8380
vn 0.4273 -0.4805 -0.7659
vn 0.3551 -0.4354 -0.8272
vn 0.5135 -0.7449 -0.4261
vn 0.5397 -0.7101 -0.4522
vn 0.4560 -0.8859 -0.0853
vn 0.5924 -0.7674 0.2452
vn 0.5613 -0.8193 0.1172
vn 0.5278 -0.6338 -0.5655
vn 0.5992 -0.6010 -0.5289
vn 0.4629 -0.6052 0.6476
vn 0.4184 -0.5868 0.6933
vn -0.1110 -0.7844 0.6102
vn 0.0407 0.6981 0.7148
vn 0.6118 -0.7579 0.2265
vn 0.4694 -0.7484 0.4686
vn -0.7542 -0.4576 -0.4709
vn -0.7653 -0.4664 -0.4435
vn -0.6577 0.2338 0.7161
vn -0.8912 -0.0602 0.4495
vn -0.2926 -0.9418 0.1656
vn -0.2294 -0.9306 0.2852
vn -0.5749 -0.8164 -0.0549
vn -0.5561 -0.8282 0.0694
vn 0.3149 -0.6547 0.6872
vn 0.2353 -0.8740 0.4250
vn 0.1319 0.4533 0.8815
vn 0.2524 0.6203 0.7426
vn -0.5492 0.7876 0.2792
vn -0.5016 0.7539 0.4244
vn -0.5017 0.8168 0.2848
vn -0.5551 0.5983 0.5778
vn 0.0866 -0.4223 -0.9023
vn -0.1650 -0.4706 -0.8668
vn 0.0101 -0.4453 -0.8953
vn 0.0560 -0.5046 -0.8615
vn -0.1048 -0.5996 -0.7934
vn 0.9712 -0.1622 -0.1746
vn 0.9031 0.1161 0.4133
vn 0.1193 -0.4165 -0.9013
vn 0.1788 -0.5887 -0.7883
vn 0.2612 -0.4985 -0.8266
vn 0.9454 -0.2559 0.2018
vn 1.0000 -0.0038 0.0010
vn 0.7674 0.3887 0.5100
vn 0.1753 0.5199 0.8360
vn 0.3737 0.3831 0.8447
vn 0.1458 0.1295 0.9808
vn 0.3423 -0.7169 0.6073
vn 0.0904 0.4471 0.8899
vn 0.2037 0.4038 0.8919
vn 0.2572 0.2989 0.9190
vn 0.1929 0.3033 0.9332
vn 0.4217 -0.8708 -0.2527
vn 0.3063 -0.9519 -0.0070
vn 0.0511 0.4362 0.8984
vn -0.0902 0.5816 0.8085
vn -0.3593 -0.0450 0.9321
vn -0.2227 -0.0990 0.9699
vn -0.5693 0.0180 0.8219
vn 0.3581 -0.0012 0.9337
vn 0.3281 -0.1452 0.9334
vn -0.2832 -0.1635 0.9450
vn -0.4518 -0.4866 0.7478
vn 0.4675 0.2555 0.8463
vn 0.3988 -0.1371 0.9067
vn 0.3416 0.1433 0.9289
vn 0.5601 -0.8283 0.0132
vn 0.3839 -0.8057 -0.4511
vn 0.4482 -0.6533 -0.6102
vn 0.5316 -0.5398 -0.6527
vn -0.2646 0.7361 0.6231
vn -0.3051 0.5618 0.7690
vn 0.0181 -0.4912 -0.8709
vn 0.0409 -0.5758 -0.8166
vn 0.1146 -0.4526 -0.8843
vn 0.1293 -0.4194 -0.8986
vn 0.2800 -0.2982 -0.9125
vn -0.6773 -0.4622 -0.5725
vn 0.5677 -0.3302 0.7541
vn 0.4943 -0.2645 0.8280
vn 0.4387 -0.3667 0.8204
vn 0.5241 -0.6840 0.5074
vn -0.3952 0.4218 -0.8160
vn -0.3517 0.1165 -0.9288
vn -0.3265 0.2055 -0.9226
vn 0.1851 0.5619 0.8062
vn -0.0597 0.2218 0.9733
vn -0.2046 0.0699 0.9763
vn 0.0580 0.1820 0.9816
vn -0.4758 -0.1132 0.8723
vn -0.3857 0.2259 0.8945
vn -0.4457 0.2575 0.8574
vn -0.4589 0.3382 0.8216
vn -0.3250 0.4091 -0.8527
vn -0.9698 -0.0250 0.2428
vn -0.7708 -0.4712 -0.4288
vn 0.7348 -0.4743 0.4849
vn 0.9204 -0.3865 -0.0595
vn 0.9431 -0.2130 -0.2552
vn -0.0891 -0.7902 0.6063
vn 0.2999 0.4363 0.8483
vn 0.2431 0.3541 0.9031
vn 0.2146 0.3785 0.9004
vn 0.1940 0.3148 0.9291
vn -0.6755 0.3400 0.6543
vn -0.6921 0.3822 0.6124
vn -0.6567 0.3545 0.6656
vn -0.3698 0.5886 0.7189
vn -0.4709 0.3166 0.8234
vn -0.4216 0.2422 0.8739
vn -0.4713 0.2334 0.8505
vn -0.5690 0.3116 0.7610
vn 0.4025 -0.4275 -0.8094
vn 0.4027 -0.3185 -0.8581
vn 0.3411 -0.3586 -0.8689
vn 0.3745 -0.3042 -0.8759
vn -0.5592 0.6147 0.5563
vn 0.5297 -0.2900 -0.7971
vn 0.5898 -0.4434 -0.6749
vn 0.0897 -0.0284 -0.9956
vn 0.1060 0.1850 -0.9770
vn 0.5364 -0.1694 0.8268
vn 0.6747 0.0026 0.7381
vn -0.6911 -0.4989 0.5230
vn -0.0906 -0.6745 0.7327
vn -0.4698 -0.3074 -0.8275
vn -0.1889 0.3320 -0.9242
vn -0.4372 0.0761 -0.8961
vn -0.6918 -0.3691 -0.6206
vn -0.6494 -0.2252 -0.7264
vn -0.9195 -0.2362 -0.3142
vn 0.4936 0.4216 0.7607
vn 0.9638 -0.1395 0.2274
vn -0.9884 -0.0823 -0.1277
vn -0.9840 0.1059 0.1436
vn -0.9206 -0.1592 -0.3566
vn 0.5428 -0.1684 0.8228
vn 0.1947 -0.5229 0.8299
vn 0.3192 -0.1115 0.9411
vn 0.5005 0.3630 0.7860
vn 0.6597 0.2428 0.7112
vn 0.8493 0.0406 0.5263
vn 0.0121 -0.9627 0.2703
vn -0.1130 -0.8897 0.4424
vn -0.2831 -0.9007 0.3295
vn 0.5659 -0.2832 -0.7743
vn 0.4313 -0.2852 -0.8560
vn 0.4775 -0.5078 -0.7170
vn 0.4638 -0.4617 0.7562
vn 0.4756 -0.5526 0.6845
vn 0.5416 -0.7183 0.4368
vn 0.5559 -0.4334 -0.7093
vn 0.6907 -0.3320 -0.6424
vn 0.9199 -0.1373 -0.3673
vn -0.7227 -0.2738 0.6346
vn -0.3107 -0.3216 0.8945
vn -0.6858 -0.2420 0.6864
vn 0.1712 -0.7353 0.6557
vn 0.6564 -0.1006 0.7477
vn -0.2283 0.2605 0.9381
vn -0.3538 0.1673 0.9203
vn -0.4039 0.1427 0.9036
vn -0.5100 0.2602 0.8199
vn -0.4372 -0.5223 -0.7322
vn -0.4081 -0.5867 -0.6994
vn -0.2211 -0.6017 -0.7675
vn -0.7789 0.0225 0.6267
vn 0.1525 0.4386 0.8856
vn 0.6365 0.0242 -0.7709
vn 0.5209 0.5881 -0.6187
vn 0.0165 -0.9997 0.0195
vn 0.6677 0.0716 0.7410
vn 0.5771 -0.7449 -0.3347
vn 0.4846 -0.6093 -0.6277
vn 0.5187 -0.8249 0.2248
vn 0.3586 -0.8062 0.4707
vn 0.3751 -0.9115 0.1688
vn 0.3959 -0.7825 0.4806
vn 0.4199 -0.4888 -0.7647
vn 0.4160 -0.4047 -0.8143
vn 0.2510 -0.2491 -0.9354
vn 0.2310 -0.3780 -0.8965
vn 0.3826 -0.4191 -0.8234
vn -0.6587 -0.6564 0.3677
vn -0.7617 0.0120 -0.6479
vn -0.7178 -0.3130 -0.6219
vn 0.1471 0.4845 0.8623
vn 0.3123 0.4887 0.8146
vn 0.1523 0.4220 0.8937
vn 0.3795 -0.5343 -0.7553
vn 0.1954 -0.2683 -0.9433
vn 0.3693 -0.3839 -0.8463
vn 0.3008 -0.3052 -0.9035
vn 0.4067 -0.3468 -0.8451
vn 0.2937 -0.3022 0.9069
vn 0.0880 0.1342 0.9870
vn 0.1148 0.3204 0.9403
vn 0.2413 0.3130 0.9186
vn 0.6158 -0.0997 0.7816
vn 0.2945 -0.0207 0.9554
vn -0.8859 -0.4442 0.1336
vn -0.8077 -0.2599 0.5292
vn -0.9017 -0.3708 0.2224
vn 0.8172 0.0745 -0.5716
vn 0.1312 0.0497 0.9901
vn -0.1192 -0.2180 0.9686
vn 0.3037 -0.6615 0.6858
vn 0.1676 -0.8011 0.5746
vn 0.9071 -0.1862 -0.3774
vn 0.1284 0.4422 0.8877
vn -0.8146 0.1799 0.5514
vn -0.7628 0.0730 0.6426
vn -0.7830 0.1352 0.6072
vn 0.1990 0.5659 0.8001
vn -0.0199 0.6552 0.7552
vn 0.0357 0.5633 0.8255
vn 0.2166 0.4330 0.8750
vn 0.3561 -0.3379 -0.8712
vn 0.3279 -0.3288 -0.8856
vn -0.5164 0.2063 0.8311
vn 0.6228 -0.2759 -0.7321
vn 0.4626 -0.3668 -0.8071
vn -0.2247 0.5086 0.8312
vn 0.1468 0.6327 0.7603
vn 0.3467 -0.4024 -0.8473
vn 0.4108 -0.4082 -0.8152
vn 0.1048 -0.3527 -0.9299
vn -0.0442 -0.4588 -0.8874
vn -0.4118 -0.1535 0.8983
vn 0.0847 -0.0155 0.9963
vn -0.6691 -0.5288 0.5222
vn 0.4109 -0.5397 -0.7348
vn -0.6218 0.4128 0.6656
vn -0.5862 0.5182 0.6227
vn 0.1937 0.6164 0.7633
vn -0.0027 0.2511 0.9680
vn 0.0632 0.4617 0.8848
vn 0.2945 -0.2657 -0.9180
vn -0.2555 0.0203 -0.9666
vn 0.2193 -0.4467 -0.8674
vn -0.0456 -0.4123 -0.9099
vn 0.1565 0.4081 0.8994
vn -0.0334 0.4904 0.8709
vn -0.0213 0.5864 0.8098
vn 0.6485 0.4113 0.6406
vn 0.8359 0.3987 0.3773
vn 0.3309 -0.7348 -0.5921
vn 0.1199 -0.8093 -0.5750
vn -0.1067 0.0597 -0.9925
vn 0.2869 -0.4256 -0.8583
vn -0.0096 -0.1356 -0.9907
vn 0.2516 -0.4016 -0.8806
vn 0.4594 -0.8607 0.2194
vn 0.4243 -0.8463 0.3222
vn 0.1921 -0.9491 -0.2497
vn 0.3055 -0.9515 -0.0354
vn 0.5170 -0.7653 0.3833
vn -0.7189 0.1149 0.6856
vn -0.6467 0.1347 0.7508
vn -0.7940 -0.4604 -0.3969
vn -0.7096 -0.5165 -0.4793
vn -0.2133 -0.3405 0.9157
vn -0.1685 0.2180 0.9613
vn 0.3949 -0.3671 -0.8422
vn 0.4662 -0.5395 -0.7012
vn 0.4460 -0.5553 -0.7019
vn 0.3958 -0.4490 -0.8011
vn 0.0668 -0.0026 0.9978
vn 0.1547 0.4170 0.8956
vn -0.9435 -0.3129 -0.1090
vn 0.3627 -0.2330 0.9023
vn 0.3135 -0.1833 0.9317
vn -0.1194 -0.3011 0.9461
vn -0.2783 -0.1400 0.9502
vn -0.9073 0.0828 0.4123
vn -0.4765 0.7088 0.5201
vn -0.2820 0.3212 -0.9040
vn 0.4892 0.6168 0.6166
vn -0.6926 -0.3897 -0.6070
vn -0.6798 -0.1621 -0.7152
vn -0.4020 0.0962 -0.9106
vn -0.2217 -0.3729 -0.9010
vn -0.6904 -0.5030 -0.5199
vn -0.4835 -0.4481 -0.7519
vn -0.6286 -0.4904 -0.6036
vn -0.5263 -0.3569 -0.7718
vn -0.2776 -0.7581 0.5901
vn 0.5140 -0.7657 -0.3867
vn 0.5630 -0.6577 -0.5005
vn 0.4683 -0.6368 -0.6125
vn 0.2880 -0.9538 0.0855
vn 0.3051 -0.4608 -0.8334
vn 0.4014 -0.5281 -0.7483
vn 0.5379 -0.5497 -0.6391
vn 0.3050 0.4111 0.8591
vn 0.3667 -0.4924 -0.7894
vn -0.6175 0.2938 0.7296
vn -0.7519 -0.5675 -0.3356
vn 0.0039 -0.9771 -0.2129
vn -0.4215 -0.9009 -0.1031
vn -0.2534 -0.9054 0.3408
vn 0.3964 -0.6499 0.6485
vn -0.0317 -0.8825 0.4693
vn 0.0673 -0.8648 0.4976
vn -0.7284 -0.5358 -0.4270
vn 0.5639 -0.8255 -0.0229
vn 0.6398 -0.7504 -0.1659
vn 0.4486 -0.4906 -0.7471
vn 0.0018 0.2191 0.9757
vn -0.6285 0.3139 0.7117
vn -0.7776 0.1635 0.6071
vn 0.2035 -0.6234 0.7550
vn 0.1829 -0.6514 0.7364
vn -0.9196 -0.3556 0.1668
vn 0.8099 -0.4350 -0.3935
vn -0.1116 -0.5934 0.7971
vn 0.9615 0.0935 -0.2583
vn 0.8810 0.4339 0.1888
vn -0.5392 -0.1694 0.8249
vn -0.3006 0.1229 0.9458
vn -0.1749 -0.3139 0.9332
vn -0.0963 0.3062 0.9471
vn -0.8400 0.0889 0.5353
vn -0.7439 -0.5879 -0.3177
vn -0.8291 -0.5552 0.0666
vn 0.2696 0.5849 0.7650
vn 0.8306 0.4059 0.3812
vn -0.3402 0.3633 -0.8673
vn -0.1736 0.1737 -0.9694
vn 0.7832 0.0114 -0.6217
vn 0.5245 -0.0849 -0.8472
vn 0.3602 0.5923 0.7207
vn 0.2685 0.5986 0.7547
vn 0.7519 0.3153 0.5789
vn 0.9547 -0.0120 0.2973
vn 0.0038 -0.6291 -0.7773
vn 0.1611 -0.7935 0.5869
vn -0.9206 -0.3108 0.2362
vn 0.3913 -0.9066 0.1581
vn 0.2901 -0.5469 -0.7854
vn -0.0334 0.3338 -0.9421
vn -0.2409 0.2510 -0.9376
vn 0.4888 -0.2159 0.8453
vn 0.4909 0.6361 0.5953
vn -0.4797 0.1384 -0.8665
vn 0.4608 -0.5438 -0.7014
vn 0.8594 0.1341 -0.4935
vn 0.7424 0.3936 -0.5421
vn -0.1862 -0.0333 0.9820
vn 0.3372 -0.8622 0.3780
vn -0.4890 0.2542 0.8344
vn -0.5213 0.2059 0.8282
vn 0.1738 -0.1478 0.9736
vn 0.2760 -0.2288 0.9335
vn 0.2832 -0.2796 0.9174
vn 0.4729 -0.2420 -0.8472
vn 0.3867 0.7991 0.4604
vn 0.3389 0.6994 0.6293
vn -0.7710 -0.2567 0.5828
vn 0.4758 0.1194 0.8714
vn 0.0522 -0.9928 0.1077
vn 0.1926 -0.8226 0.5351
vn -0.9386 -0.0370 0.3431
vn 0.2081 0.2899 0.9342
vn 0.3820 -0.9042 -0.1909
vn 0.4003 -0.9140 0.0666
vn -0.9604 -0.0541 0.2734
vn -0.5518 0.2996 0.7783
vn -0.6765 0.1638 0.7180
vn -0.0256 0.3304 0.9435
vn 0.0524 0.2733 0.9605
vn -0.4694 0.4168 0.7784
vn 0.1124 0.4430 0.8894
vn 0.7249 -0.2444 0.6441
vn 0.1363 -0.0294 -0.9902
vn 0.2229 0.4404 0.8697
vn 0.2324 -0.9463 0.2246
vn -0.0729 -0.9671 -0.2438
vn 0.2825 -0.8597 0.4255
vn 0.1403 0.3988 0.9063
vn 0.3613 -0.3842 -0.8496
vn -0.2363 0.0167 0.9715
vn 0.3766 0.2757 0.8844
vn 0.8700 -0.1368 0.4737
vn -0.0636 0.2956 0.9532
vn 0.4535 0.0055 0.8913
vn -0.6658 0.2827 0.6905
vn -0.5461 0.2597 0.7964
vn -0.6575 0.2991 0.6916
vn -0.8737 0.2129 0.4373
vt 0.723750 0.674820
vt 0.731380 0.679520
vt 0.724660 0.682470
vt 0.718240 0.788440
vt 0.715240 0.799100
vt 0.710500 0.794420
vt 0.554120 0.719860
vt 0.550550 0.724850
vt 0.547550 0.720010
vt 0.543730 0.724590
vt 0.725680 0.604700
vt 0.715620 0.613570
vt 0.713690 0.605650
vt 0.618660 0.823420
vt 0.635840 0.822960
vt 0.631260 0.829360
vt 0.560690 0.638570
vt 0.562270 0.616490
vt 0.572980 0.634370
vt 0.510500 0.617000
vt 0.519820 0.612750
vt 0.511980 0.622420
vt 0.528580 0.707310
vt 0.536340 0.715080
vt 0.530560 0.718710
vt 0.504570 0.619310
vt 0.507110 0.630060
vt 0.496970 0.628850
vt 0.660820 0.597880
vt 0.675100 0.595600
vt 0.673630 0.612180
vt 0.725190 0.667910
vt 0.734310 0.670120
vt 0.626990 0.607880
vt 0.615030 0.611280
vt 0.625820 0.595280
vt 0.661040 0.624360
vt 0.652120 0.615070
vt 0.663350 0.614520
vt 0.695620 0.665990
vt 0.698980 0.654010
vt 0.707270 0.661990
vt 0.635730 0.638670
vt 0.623960 0.635190
vt 0.632780 0.632150
vt 0.585480 0.772630
vt 0.594480 0.760690
vt 0.598100 0.777260
vt 0.627540 0.712910
vt 0.641030 0.714240
vt 0.638300 0.717910
vt 0.599590 0.811480
vt 0.583310 0.806630
vt 0.600570 0.797960
vt 0.570960 0.838690
vt 0.574580 0.834650
vt 0.589800 0.842350
vt 0.408260 0.690760
vt 0.416390 0.686570
vt 0.411710 0.696090
vt 0.530880 0.750510
vt 0.518970 0.765940
vt 0.519980 0.752640
vt 0.759870 0.671750
vt 0.754840 0.667610
vt 0.761640 0.665330
vt 0.769170 0.769540
vt 0.760480 0.752820
vt 0.766780 0.751140
vt 0.713660 0.822520
vt 0.717760 0.815030
vt 0.728870 0.810510
vt 0.423060 0.622530
vt 0.431530 0.619500
vt 0.433860 0.628170
vt 0.493080 0.790680
vt 0.507010 0.789820
vt 0.494260 0.800890
vt 0.461110 0.733090
vt 0.453250 0.728080
vt 0.463040 0.718790
vt 0.448590 0.754240
vt 0.442740 0.759400
vt 0.436810 0.741930
vt 0.472130 0.684240
vt 0.472200 0.692110
vt 0.460810 0.691230
vt 0.502080 0.670770
vt 0.488760 0.678610
vt 0.488780 0.668350
vt 0.445470 0.682660
vt 0.441810 0.691410
vt 0.439350 0.682350
vt 0.446110 0.630090
vt 0.442760 0.618550
vt 0.456190 0.627950
vt 0.564750 0.700600
vt 0.558500 0.690900
vt 0.569360 0.688950
vt 0.624370 0.691770
vt 0.634440 0.684220
vt 0.631380 0.694940
vt 0.607650 0.785710
vt 0.611850 0.776970
vt 0.623910 0.787560
vt 0.648230 0.719470
vt 0.642040 0.721620
vt 0.646400 0.712260
vt 0.708230 0.620170
vt 0.697390 0.606710
vt 0.718420 0.661780
vt 0.711940 0.662980
vt 0.714170 0.658280
vt 0.638920 0.783160
vt 0.643710 0.774870
vt 0.648500 0.783710
vt 0.636470 0.795930
vt 0.649030 0.792220
vt 0.653000 0.800790
vt 0.401920 0.653510
vt 0.413150 0.652050
vt 0.410940 0.657580
vt 0.435720 0.659050
vt 0.444540 0.653040
vt 0.443270 0.662560
vt 0.495760 0.655710
vt 0.498360 0.665360
vt 0.547190 0.633710
vt 0.534850 0.621160
vt 0.549040 0.620200
vt 0.529280 0.735350
vt 0.511960 0.732590
vt 0.522110 0.724650
vt 0.539660 0.727460
vt 0.532170 0.727940
vt 0.620720 0.564400
vt 0.622860 0.558440
vt 0.635330 0.559010
vt 0.544250 0.609980
vt 0.545070 0.599990
vt 0.553170 0.603700
vt 0.433590 0.722170
vt 0.428820 0.725960
vt 0.425510 0.715030
vt 0.431230 0.739090
vt 0.613430 0.579430
vt 0.627260 0.573810
vt 0.625500 0.585630
vt 0.573990 0.567830
vt 0.587400 0.561930
vt 0.588550 0.565760
vt 0.617070 0.835140
vt 0.609770 0.827920
vt 0.628510 0.833720
vt 0.637760 0.749000
vt 0.641390 0.740540
vt 0.656280 0.739560
vt 0.631380 0.741710
vt 0.627800 0.744320
vt 0.626970 0.736540
vt 0.760060 0.649570
vt 0.759450 0.659980
vt 0.752390 0.652330
vt 0.708480 0.743000
vt 0.709640 0.735730
vt 0.722420 0.734980
vt 0.650880 0.779930
vt 0.649440 0.769130
vt 0.659650 0.662260
vt 0.655240 0.666150
vt 0.642690 0.658120
vt 0.673310 0.666290
vt 0.680130 0.654660
vt 0.683000 0.657260
vt 0.669500 0.697460
vt 0.681210 0.695570
vt 0.671040 0.703340
vt 0.651550 0.728060
vt 0.644740 0.733690
vt 0.508930 0.678240
vt 0.514180 0.671140
vt 0.518100 0.680710
vt 0.520200 0.690860
vt 0.527390 0.693480
vt 0.517270 0.699300
vt 0.596580 0.828900
vt 0.589480 0.832990
vt 0.576190 0.823850
vt 0.571500 0.803050
vt 0.562630 0.799250
vt 0.567630 0.792050
vt 0.690070 0.747640
vt 0.697220 0.743000
vt 0.695440 0.753260
vt 0.681540 0.731400
vt 0.695100 0.729370
vt 0.686440 0.734490
vt 0.399160 0.662710
vt 0.403220 0.668300
vt 0.401970 0.683570
vt 0.604760 0.741940
vt 0.601020 0.747670
vt 0.595440 0.744200
vt 0.577830 0.710960
vt 0.570320 0.714690
vt 0.575470 0.706770
vt 0.609300 0.678000
vt 0.598010 0.683590
vt 0.604760 0.672150
vt 0.595170 0.605770
vt 0.607190 0.617980
vt 0.596570 0.615330
vt 0.463110 0.785980
vt 0.464960 0.769420
vt 0.477560 0.776980
vt 0.481580 0.741910
vt 0.471730 0.747010
vt 0.483510 0.729000
vt 0.572730 0.571460
vt 0.560290 0.577360
vt 0.562830 0.566710
vt 0.521420 0.585770
vt 0.521060 0.594630
vt 0.512710 0.594720
vt 0.637960 0.819590
vt 0.636160 0.806680
vt 0.645290 0.813210
vt 0.524020 0.635610
vt 0.536580 0.642850
vt 0.497980 0.641770
vt 0.540790 0.758990
vt 0.529680 0.765360
vt 0.536550 0.751340
vt 0.556290 0.755730
vt 0.558690 0.750650
vt 0.558670 0.762370
vt 0.413850 0.638880
vt 0.411990 0.646340
vt 0.696870 0.815500
vt 0.685830 0.809330
vt 0.693830 0.803790
vt 0.656290 0.758960
vt 0.670390 0.762300
vt 0.662070 0.766960
vt 0.656500 0.686110
vt 0.651170 0.675350
vt 0.666910 0.682250
vt 0.664770 0.701480
vt 0.664980 0.695970
vt 0.692860 0.625330
vt 0.702110 0.642730
vt 0.694090 0.637590
vt 0.689380 0.657740
vt 0.630940 0.812360
vt 0.620770 0.795690
vt 0.615350 0.800840
vt 0.612530 0.794160
vt 0.477970 0.729670
vt 0.471410 0.723220
vt 0.504580 0.695130
vt 0.505130 0.690450
vt 0.507030 0.698600
vt 0.433280 0.681340
vt 0.426500 0.687310
vt 0.422820 0.683760
vt 0.418250 0.656020
vt 0.418750 0.661230
vt 0.576200 0.587590
vt 0.567530 0.592770
vt 0.562110 0.584490
vt 0.573690 0.596230
vt 0.589250 0.590070
vt 0.588690 0.605160
vt 0.488990 0.802400
vt 0.484980 0.786860
vt 0.576120 0.724430
vt 0.575730 0.728470
vt 0.566360 0.723850
vt 0.553000 0.733910
vt 0.547680 0.742540
vt 0.545520 0.729630
vt 0.451680 0.666050
vt 0.447260 0.663610
vt 0.448870 0.654960
vt 0.488040 0.651770
vt 0.420890 0.633410
vt 0.420140 0.627340
vt 0.427540 0.629180
vt 0.441790 0.631010
vt 0.451430 0.631200
vt 0.441250 0.636580
vt 0.491800 0.617770
vt 0.481460 0.617910
vt 0.498030 0.606590
vt 0.766660 0.784190
vt 0.760970 0.780820
vt 0.771810 0.779230
vt 0.631530 0.767130
vt 0.634870 0.759260
vt 0.645640 0.766070
vt 0.615060 0.751410
vt 0.602890 0.752620
vt 0.762730 0.763220
vt 0.727280 0.772270
vt 0.742730 0.771190
vt 0.729650 0.784300
vt 0.618920 0.678010
vt 0.613130 0.679890
vt 0.615110 0.664770
vt 0.630590 0.656930
vt 0.626930 0.644470
vt 0.638000 0.652740
vt 0.682430 0.679790
vt 0.681280 0.671530
vt 0.693840 0.683250
vt 0.657600 0.673710
vt 0.667510 0.677800
vt 0.624270 0.845560
vt 0.605610 0.843800
vt 0.611460 0.838110
vt 0.588830 0.836950
vt 0.455860 0.694870
vt 0.449330 0.704040
vt 0.447420 0.698450
vt 0.430690 0.709410
vt 0.430200 0.716890
vt 0.700450 0.795930
vt 0.713340 0.780920
vt 0.707900 0.771450
vt 0.722340 0.766660
vt 0.621320 0.749600
vt 0.607830 0.740570
vt 0.609140 0.735550
vt 0.588060 0.717640
vt 0.593740 0.700300
vt 0.766810 0.735210
vt 0.763730 0.732730
vt 0.762510 0.717960
vt 0.629130 0.704830
vt 0.621130 0.712120
vt 0.617390 0.697630
vt 0.624700 0.722570
vt 0.624810 0.717450
vt 0.634400 0.724260
vt 0.590280 0.727540
vt 0.596360 0.722980
vt 0.618800 0.714080
vt 0.617120 0.720810
vt 0.608560 0.714650
vt 0.672030 0.739670
vt 0.670890 0.746590
vt 0.665330 0.735240
vt 0.651300 0.707210
vt 0.669360 0.714000
vt 0.663440 0.716770
vt 0.711930 0.715620
vt 0.708170 0.703680
vt 0.725770 0.700730
vt 0.693130 0.712260
vt 0.685360 0.717950
vt 0.684580 0.708010
vt 0.473050 0.634190
vt 0.466560 0.627750
vt 0.465170 0.623820
vt 0.468530 0.646400
vt 0.467560 0.652830
vt 0.464400 0.652610
vt 0.463260 0.660900
vt 0.455430 0.652010
vt 0.458810 0.647050
vt 0.477830 0.649800
vt 0.471990 0.653620
vt 0.474880 0.640730
vt 0.462190 0.682810
vt 0.457250 0.670230
vt 0.464310 0.664560
vt 0.466710 0.668090
vt 0.589890 0.573170
vt 0.605190 0.574870
vt 0.482560 0.696400
vt 0.489790 0.694160
vt 0.488520 0.707400
vt 0.478330 0.689080
vt 0.508360 0.710150
vt 0.496990 0.711750
vt 0.493350 0.700060
vt 0.503340 0.724160
vt 0.508940 0.714240
vt 0.454450 0.762350
vt 0.450750 0.770880
vt 0.446420 0.766280
vt 0.567540 0.563280
vt 0.663000 0.745550
vt 0.660120 0.755340
vt 0.671130 0.753460
vt 0.677690 0.761800
vt 0.659880 0.775800
vt 0.655670 0.782310
vt 0.659110 0.793890
vt 0.670180 0.795910
vt 0.666750 0.802610
vt 0.621290 0.840040
vt 0.639850 0.838380
vt 0.643680 0.832200
vt 0.668960 0.837460
vt 0.647490 0.839450
vt 0.577540 0.810730
vt 0.581390 0.818230
vt 0.571410 0.815590
vt 0.601640 0.823360
vt 0.594030 0.818260
vt 0.604800 0.814000
vt 0.556100 0.811250
vt 0.521390 0.813570
vt 0.528950 0.808230
vt 0.532480 0.814190
vt 0.471280 0.756730
vt 0.482670 0.759320
vt 0.478880 0.769490
vt 0.494760 0.770820
vt 0.487530 0.771780
vt 0.412680 0.682430
vt 0.407260 0.680620
vt 0.412300 0.675560
vt 0.428230 0.676190
vt 0.420480 0.675780
vt 0.415210 0.670520
vt 0.561510 0.716830
vt 0.558460 0.720990
vt 0.556650 0.713100
vt 0.758310 0.724200
vt 0.759870 0.710140
vt 0.731250 0.727330
vt 0.740120 0.709980
vt 0.749400 0.722760
vt 0.412660 0.704160
vt 0.406560 0.695080
vt 0.675100 0.635620
vt 0.672380 0.641640
vt 0.667640 0.631090
vt 0.669130 0.659320
vt 0.660460 0.647000
vt 0.672450 0.654310
vt 0.427510 0.705890
vt 0.436360 0.693150
vt 0.640250 0.640130
vt 0.644790 0.620290
vt 0.648190 0.634110
vt 0.667170 0.644850
vt 0.620550 0.765760
vt 0.613320 0.760570
vt 0.622660 0.760790
vt 0.620940 0.775700
vt 0.530960 0.584120
vt 0.530020 0.573160
vt 0.535560 0.576470
vt 0.552960 0.593120
vt 0.498770 0.676730
vt 0.507070 0.670590
vt 0.511110 0.668220
vt 0.724800 0.629750
vt 0.726410 0.642140
vt 0.714780 0.631960
vt 0.739190 0.675870
vt 0.736900 0.667220
vt 0.741680 0.670230
vt 0.583950 0.783500
vt 0.574980 0.779820
vt 0.578100 0.795320
vt 0.584670 0.734470
vt 0.579080 0.731890
vt 0.564290 0.755750
vt 0.575360 0.764530
vt 0.564520 0.770200
vt 0.550720 0.782290
vt 0.550630 0.771980
vt 0.558910 0.779880
vt 0.570570 0.774320
vt 0.667610 0.673060
vt 0.681910 0.665620
vt 0.672790 0.803530
vt 0.681190 0.806800
vt 0.683500 0.820430
vt 0.645280 0.824320
vt 0.652140 0.820220
vt 0.672360 0.832760
vt 0.747280 0.678870
vt 0.734420 0.698520
vt 0.721560 0.691830
vt 0.739000 0.686870
vt 0.737020 0.735690
vt 0.755980 0.745450
vt 0.768530 0.743000
vt 0.524850 0.643760
vt 0.510030 0.639850
vt 0.509350 0.634470
vt 0.510510 0.654170
vt 0.512930 0.664680
vt 0.505730 0.665430
vt 0.485330 0.626680
vt 0.490980 0.644560
vt 0.491330 0.632750
vt 0.514880 0.622180
vt 0.525710 0.612510
vt 0.526260 0.622540
vt 0.514920 0.631780
vt 0.683530 0.623840
vt 0.687340 0.635010
vt 0.683810 0.641660
vt 0.467190 0.738460
vt 0.464550 0.728610
vt 0.468750 0.713740
vt 0.465220 0.761340
vt 0.473490 0.768910
vt 0.714190 0.650450
vt 0.723950 0.657260
vt 0.721040 0.658980
vt 0.702680 0.679760
vt 0.699670 0.669720
vt 0.709060 0.669810
vt 0.707560 0.727830
vt 0.720260 0.723550
vt 0.716980 0.729840
vt 0.447960 0.616870
vt 0.453900 0.617620
vt 0.574900 0.697380
vt 0.599750 0.668160
vt 0.591780 0.678240
vt 0.588700 0.668420
vt 0.566540 0.729520
vt 0.556660 0.728560
vt 0.566020 0.741420
vt 0.572970 0.735200
vt 0.576930 0.740670
vt 0.622090 0.819880
vt 0.623770 0.810070
vt 0.632730 0.819330
vt 0.626210 0.798330
vt 0.628220 0.807560
vt 0.621770 0.805230
vt 0.600360 0.704210
vt 0.596120 0.707270
vt 0.610310 0.705720
vt 0.600090 0.710350
vt 0.601080 0.738350
vt 0.593990 0.734620
vt 0.601640 0.732690
vt 0.708850 0.748470
vt 0.716000 0.751900
vt 0.684640 0.761390
vt 0.410950 0.669910
vt 0.415320 0.666380
vt 0.719100 0.667370
vt 0.716450 0.673520
vt 0.711620 0.683110
vt 0.504210 0.679200
vt 0.503970 0.683590
vt 0.490670 0.686870
vt 0.514850 0.685830
vt 0.508810 0.679770
vt 0.516060 0.683240
vt 0.522420 0.687870
vt 0.557210 0.681520
vt 0.546740 0.671580
vt 0.560550 0.670540
vt 0.458240 0.767300
vt 0.467750 0.752940
vt 0.462630 0.757720
vt 0.463760 0.749030
vt 0.462460 0.710940
vt 0.458030 0.699240
vt 0.469460 0.701620
vt 0.474500 0.707120
vt 0.481590 0.713800
vt 0.527170 0.828060
vt 0.519890 0.822900
vt 0.532980 0.822810
vt 0.591950 0.658290
vt 0.604110 0.660020
vt 0.728000 0.787810
vt 0.729790 0.800010
vt 0.735610 0.793510
vt 0.737690 0.801200
vt 0.737300 0.806630
vt 0.615140 0.602360
vt 0.617160 0.593190
vt 0.617600 0.585680
vt 0.627380 0.593790
vt 0.741700 0.812820
vt 0.747880 0.804910
vt 0.589660 0.577780
vt 0.601070 0.580510
vt 0.597920 0.584600
vt 0.436120 0.632820
vt 0.651440 0.620760
vt 0.637560 0.600750
vt 0.533420 0.810180
vt 0.531060 0.801820
vt 0.540440 0.806030
vt 0.507110 0.766510
vt 0.507640 0.745320
vt 0.739260 0.757670
vt 0.731840 0.754440
vt 0.741580 0.744890
vt 0.728860 0.760820
vt 0.743090 0.764220
vt 0.513530 0.805550
vt 0.518920 0.800370
vt 0.526740 0.804390
vt 0.527470 0.788560
vt 0.525960 0.794790
vt 0.520070 0.790880
vt 0.636320 0.694820
vt 0.643060 0.685770
vt 0.645720 0.726880
vt 0.640220 0.733060
vt 0.639490 0.725940
vt 0.633300 0.729700
vt 0.627190 0.731490
vt 0.638760 0.677350
vt 0.649400 0.689550
vt 0.645670 0.666990
vt 0.731040 0.744800
vt 0.720460 0.761540
vt 0.503420 0.732780
vt 0.494550 0.742020
vt 0.495850 0.728160
vt 0.491990 0.757680
vt 0.745660 0.610190
vt 0.745730 0.619720
vt 0.723350 0.596310
vt 0.674100 0.580660
vt 0.682710 0.571890
vt 0.686070 0.589210
vt 0.642570 0.586290
vt 0.663120 0.579980
vt 0.672810 0.587030
vt 0.642930 0.599510
vt 0.654160 0.593240
vt 0.646760 0.595200
vt 0.538740 0.679900
vt 0.546630 0.683480
vt 0.526200 0.661670
vt 0.521730 0.652680
vt 0.539310 0.663420
vt 0.575670 0.617520
vt 0.570920 0.605220
vt 0.747720 0.640090
vt 0.756680 0.642370
vt 0.737650 0.646990
vt 0.743140 0.654650
vt 0.734590 0.654840
vt 0.744260 0.665560
vt 0.748270 0.661980
vt 0.743700 0.647150
vt 0.437650 0.727050
vt 0.430910 0.731560
vt 0.452230 0.709630
vt 0.428790 0.678400
vt 0.433620 0.678240
vt 0.441470 0.678430
vt 0.461490 0.625460
vt 0.459100 0.618230
vt 0.690390 0.647030
vt 0.684770 0.646940
vt 0.688290 0.642420
vt 0.691130 0.649130
vt 0.692760 0.644050
vt 0.700270 0.644890
vt 0.621640 0.648230
vt 0.615150 0.638370
vt 0.602190 0.637640
vt 0.601470 0.651770
vt 0.592180 0.647000
vt 0.630210 0.666800
vt 0.623590 0.661780
vt 0.611230 0.645530
vt 0.558050 0.654270
vt 0.571070 0.646160
vt 0.702860 0.689970
vt 0.678610 0.684920
vt 0.685720 0.686690
vt 0.631450 0.627210
vt 0.612400 0.623770
vt 0.606720 0.628710
vt 0.604890 0.684570
vt 0.535790 0.792360
vt 0.544930 0.767900
vt 0.542810 0.775030
vt 0.532870 0.775090
vt 0.694050 0.763490
vt 0.682580 0.779700
vt 0.675960 0.773320
vt 0.683950 0.768440
vt 0.755180 0.630090
vt 0.609450 0.816950
vt 0.610560 0.824210
vt 0.439020 0.713850
vt 0.440650 0.718390
vt 0.433950 0.718120
vt 0.437070 0.722540
vt 0.756130 0.757980
vt 0.755590 0.781050
vt 0.750140 0.769490
vt 0.665500 0.807500
vt 0.668610 0.826520
vt 0.649360 0.804970
vt 0.652910 0.811970
vt 0.674270 0.646280
vt 0.677480 0.653480
vt 0.677600 0.644520
vt 0.647650 0.704570
vt 0.644560 0.704100
vt 0.647690 0.694720
vt 0.661610 0.693320
vt 0.653200 0.694700
vt 0.620090 0.743620
vt 0.618640 0.737510
vt 0.649300 0.758130
vt 0.640540 0.757710
vt 0.655130 0.565430
vt 0.708860 0.820270
vt 0.696980 0.829060
vt 0.674770 0.818010
vt 0.516940 0.706940
vt 0.524060 0.711870
vt 0.525910 0.719670
vt 0.441690 0.702500
vt 0.445500 0.706960
vt 0.437410 0.697750
vt 0.518960 0.664850
vt 0.516540 0.647880
vt 0.675170 0.675730
vt 0.673740 0.668470
vt 0.456850 0.752560
vt 0.455020 0.744170
vt 0.444430 0.736420
vt 0.695750 0.652180
vt 0.696980 0.612640
vt 0.706030 0.637080
vt 0.709260 0.650100
vt 0.702940 0.647970
vt 0.709440 0.645860
vt 0.559450 0.734850
vt 0.549730 0.750050
vt 0.530690 0.692400
vt 0.525680 0.688320
vt 0.539140 0.690750
vt 0.519540 0.669640
vt 0.532230 0.672520
vt 0.536490 0.694270
vt 0.545140 0.699000
vt 0.534650 0.704260
vt 0.547230 0.705960
vt 0.567070 0.657380
vt 0.577340 0.678840
vt 0.573460 0.667720
vt 0.579080 0.660440
vt 0.741610 0.621840
vt 0.744310 0.633630
vt 0.733600 0.640970
vt 0.694650 0.703210
vt 0.702420 0.703010
vt 0.689060 0.697020
vt 0.691910 0.689780
vt 0.698650 0.696790
vt 0.671580 0.778920
vt 0.658990 0.786820
vt 0.663430 0.781760
vt 0.666490 0.789320
vt 0.494910 0.688550
vt 0.491540 0.708850
vt 0.570000 0.748550
vt 0.577230 0.751210
vt 0.586140 0.746060
vt 0.584690 0.751460
vt 0.568250 0.778470
vt 0.578820 0.788180
vt 0.428330 0.734300
vt 0.434570 0.735990
vt 0.642730 0.565820
vt 0.645120 0.562160
vt 0.460200 0.674250
vt 0.467490 0.680690
vt 0.445270 0.676000
vt 0.594000 0.637350
vt 0.592470 0.628660
vt 0.542050 0.564790
vt 0.613470 0.807610
vt 0.615400 0.811580
vt 0.751820 0.710570
vt 0.748230 0.692470
vt 0.472100 0.665790
vt 0.469270 0.675210
vt 0.463970 0.671160
vt 0.475280 0.668840
vt 0.758140 0.734830
vt 0.753110 0.733650
vt 0.643790 0.787820
vt 0.633970 0.784100
vt 0.628910 0.788580
vt 0.626040 0.780790
vt 0.629360 0.800310
vt 0.632240 0.793680
vt 0.613230 0.657860
vt 0.522750 0.604820
vt 0.536030 0.610130
vt 0.653920 0.633590
vt 0.661490 0.640550
vt 0.658330 0.629780
vt 0.542540 0.716030
vt 0.550360 0.709950
vt 0.430370 0.666340
vt 0.442970 0.671360
vt 0.745040 0.711310
vt 0.743890 0.702000
vt 0.676320 0.722410
vt 0.670850 0.710330
vt 0.678690 0.710660
vt 0.560210 0.559860
vt 0.546680 0.568640
vt 0.555850 0.564750
vt 0.543400 0.587030
vt 0.554650 0.572620
vt 0.499930 0.802570
vt 0.512300 0.797200
vt 0.610440 0.764100
vt 0.629620 0.773690
vt 0.626590 0.776990
vt 0.511260 0.604410
vt 0.505010 0.607430
vt 0.516210 0.599400
vt 0.637410 0.567370
vt 0.431830 0.672500
vt 0.666340 0.687680
vt 0.675420 0.691800
vt 0.414910 0.707700
vt 0.423380 0.709760
vt 0.420330 0.713090
vt 0.424720 0.699900
vt 0.419110 0.696450
vt 0.738900 0.784270
vt 0.581100 0.684690
vt 0.599650 0.697080
vt 0.594170 0.695340
vt 0.595010 0.687970
vt 0.587670 0.694530
vt 0.591010 0.686740
vt 0.579350 0.700810
vt 0.667680 0.774700
vt 0.592900 0.791570
vt 0.455790 0.776720
vt 0.522160 0.784410
vt 0.511780 0.785340
vt 0.511220 0.776260
vt 0.580460 0.637430
vt 0.588280 0.641640
vt 0.644410 0.649960
vt 0.655590 0.650620
vt 0.661880 0.658260
vt 0.597840 0.786480
vt 0.687720 0.650990
vt 0.536890 0.597850
vt 0.526790 0.591020
vt 0.533380 0.604160
vt 0.451090 0.681890
vt 0.454480 0.684040
vt 0.448050 0.693120
vt 0.582530 0.722710
vt 0.577560 0.602420
vt 0.481330 0.660880
vt 0.470760 0.659850
vt 0.482530 0.668840
vt 0.484920 0.641290
vt 0.700620 0.784630
vt 0.696560 0.769420
vt 0.699870 0.757080
vt 0.444120 0.719520
vt 0.732720 0.617300
vt 0.737440 0.627220
vt 0.698720 0.822590
vt 0.712000 0.813560
vt 0.709450 0.806240
vt 0.723390 0.802700
vt 0.658440 0.725440
vt 0.508450 0.705570
vt 0.497120 0.698210
vt 0.532560 0.697350
vt 0.446120 0.712300
vt 0.441720 0.708670
vt 0.684990 0.832640
vt 0.683260 0.827350
vt 0.688950 0.828630
vt 0.483590 0.755270
vt 0.472310 0.749800
vt 0.748700 0.781700
vt 0.753080 0.786760
vt 0.754040 0.798230
vt 0.743170 0.791080
vt 0.403050 0.688620
vt 0.717620 0.647470
vt 0.722070 0.652370
vt 0.713250 0.643970
vt 0.552410 0.822980
vt 0.549840 0.834210
vt 0.550900 0.827920
vt 0.561290 0.829840
vt 0.561910 0.834740
vt 0.621880 0.728090
vt 0.623400 0.736420
vt 0.503730 0.782420
vt 0.653730 0.607530
vt 0.650880 0.609490
vt 0.651730 0.700710
vt 0.664140 0.706590
vt 0.655300 0.702850
vt 0.753020 0.618140
vt 0.596810 0.622760
vt 0.756910 0.615180
vt 0.764610 0.626590
vt 0.759740 0.627050
vt 0.626230 0.759040
vt 0.618440 0.752670
vt 0.625910 0.750940
vt 0.624630 0.756630
vt 0.606300 0.757660
vt 0.602740 0.764060
vt 0.718010 0.680090
vt 0.641750 0.709880
vt 0.645740 0.691620
vt 0.641330 0.702160
vt 0.634320 0.703860
vt 0.432280 0.651000
vt 0.536810 0.796870
vt 0.556780 0.794920
vt 0.556430 0.789290
vt 0.517900 0.607370
vt 0.525360 0.597830
vt 0.508920 0.612770
vt 0.500490 0.615740
vt 0.731420 0.650710
vt 0.650680 0.715340
vt 0.657260 0.719920
vt 0.582860 0.672830
vt 0.608050 0.667470
vt 0.541070 0.699420
vt 0.553860 0.699930
vt 0.750370 0.686710
vt 0.753810 0.679590
vt 0.757010 0.689750
vt 0.757890 0.681380
vt 0.763240 0.689590
vt 0.759770 0.689470
vt 0.765580 0.674660
vt 0.606830 0.603050
vt 0.603940 0.595580
vt 0.458050 0.624330
vt 0.470590 0.640020
vt 0.462810 0.646420
vt 0.465040 0.638370
vt 0.637680 0.844320
vt 0.458990 0.632400
vt 0.454600 0.638860
vt 0.626100 0.676280
vt 0.505460 0.813500
vt 0.621360 0.622280
vt 0.627390 0.615740
vt 0.639610 0.617630
vt 0.636390 0.608180
vt 0.643080 0.603730
vt 0.587950 0.615350
vt 0.703750 0.719070
vt 0.729430 0.712820
vt 0.541930 0.734170
vt 0.538220 0.734930
vt 0.523100 0.745270
vt 0.545260 0.749090
vt 0.538950 0.745010
vt 0.674690 0.659480
vt 0.666330 0.669530
vt 0.551750 0.757800
vt 0.555300 0.767400
vt 0.566110 0.782630
vt 0.636580 0.730460
vt 0.631680 0.746810
vt 0.634790 0.738690
vt 0.604170 0.735280
vt 0.611400 0.725410
vt 0.606160 0.722900
vt 0.605560 0.728830
vt 0.724300 0.662590
vt 0.728080 0.659490
vt 0.719740 0.640280
vt 0.727760 0.652110
vt 0.725790 0.654700
vt 0.734740 0.659600
vt 0.741490 0.659700
vt 0.636210 0.645980
vt 0.556050 0.608290
vt 0.636420 0.772110
vt 0.625510 0.765180
vt 0.425070 0.652560
vt 0.427400 0.649320
vt 0.433050 0.636460
vt 0.424440 0.643610
vt 0.421750 0.651450
vt 0.403920 0.662840
vt 0.410040 0.663650
vt 0.434660 0.711130
vt 0.481200 0.651230
vt 0.431620 0.701350
vt 0.422580 0.705140
vt 0.685930 0.602040
vt 0.684400 0.616090
vt 0.506890 0.683030
vt 0.497800 0.692270
vt 0.504180 0.686650
vt 0.522510 0.685300
vt 0.673260 0.685790
vt 0.550480 0.790660
vt 0.542080 0.784020
vt 0.531250 0.783390
vt 0.750590 0.749180
vt 0.614270 0.789650
vt 0.623470 0.792110
vt 0.718730 0.687910
vt 0.707960 0.695010
vt 0.674680 0.791700
vt 0.685790 0.786990
vt 0.438000 0.620550
vt 0.549860 0.802110
vt 0.488840 0.743760
vt 0.600050 0.690270
vt 0.614880 0.688980
vt 0.603430 0.688950
vt 0.606550 0.694840
vt 0.769360 0.787790
vt 0.758490 0.793350
vt 0.766530 0.796150
vt 0.758350 0.800810
vt 0.643640 0.670450
vt 0.576400 0.772860
vt 0.584070 0.758930
vt 0.615520 0.726740
vt 0.616440 0.731980
vt 0.684360 0.650300
vt 0.678570 0.649360
vt 0.547720 0.760370
vt 0.510500 0.645640
vt 0.504550 0.660490
vt 0.571470 0.562240
vt 0.547040 0.654710
vt 0.531670 0.653200
vt 0.468540 0.663730
vt 0.466170 0.658940
vt 0.585630 0.814090
vt 0.740770 0.637370
vt 0.450620 0.675790
vt 0.491620 0.626160
vt 0.579730 0.574640
vt 0.590030 0.741090
vt 0.685710 0.701280
vt 0.676730 0.745090
vt 0.678840 0.753050
vt 0.426470 0.728830
vt 0.425540 0.670070
vt 0.429120 0.658680
vt 0.422300 0.666080
vt 0.425050 0.661420
vt 0.424630 0.656810
vt 0.601840 0.715930
vt 0.594770 0.715150
vt 0.630260 0.746200
vt 0.628140 0.753200
vt 0.546820 0.575120
vt 0.691860 0.776170
vt 0.663230 0.634180
vt 0.436460 0.706280
vt 0.438380 0.709960
vt 0.523140 0.773560
vt 0.703490 0.599930
vt 0.698840 0.581760
vt 0.621510 0.569360
vt 0.670900 0.674410
vt 0.670660 0.680350
vt 0.566470 0.712630
vt 0.572070 0.705460
vt 0.565020 0.705570
vt 0.693330 0.791340
vt 0.684250 0.797170
vt 0.598330 0.599130
vt 0.675560 0.798000
vt 0.634950 0.615780
vt 0.641010 0.624580
vt 0.670970 0.784380
vt 0.504930 0.600780
vt 0.746410 0.799690
vt 0.624520 0.771740
vt 0.447110 0.645030
vt 0.446210 0.640910
vt 0.690600 0.821710
vt 0.731840 0.816050
vt 0.701830 0.712520
vt 0.596330 0.729670
vt 0.675330 0.626920
vt 0.666580 0.621770
vt 0.687220 0.636840
vt 0.680330 0.632170
vt 0.682170 0.629590
vt 0.679920 0.624760
vt 0.674380 0.621160
vt 0.608210 0.832730
vt 0.597770 0.839060
vt 0.540200 0.818300
vt 0.545210 0.824850
vt 0.537830 0.830670
vt 0.627790 0.792720
vt 0.620260 0.800890
vt 0.760430 0.741320
vt 0.753730 0.738770
vt 0.692030 0.669670
vt 0.695380 0.679450
vt 0.441310 0.729590
vt 0.516240 0.795700
vt 0.474450 0.788980
vt 0.430120 0.689440
vt 0.485760 0.721080
vt 0.488250 0.715020
vt 0.421180 0.681020
vt 0.417420 0.682180
vt 0.506220 0.642400
vt 0.609480 0.584170
vt 0.616760 0.704510
vt 0.639540 0.830970
vt 0.580600 0.693960
vt 0.573340 0.684070
vt 0.601350 0.559610
vt 0.597520 0.562600
vt 0.593650 0.558870
vt 0.606740 0.554100
vt 0.612660 0.558450
vt 0.609160 0.562760
vt 0.548050 0.813370
vt 0.654930 0.786260
vt 0.542490 0.798640
vt 0.722420 0.778100
vt 0.426980 0.636810
vt 0.431760 0.632900
vt 0.430560 0.638610
vt 0.435700 0.645200
vt 0.428170 0.643330
vt 0.439200 0.641810
vt 0.652170 0.601230
vt 0.658720 0.608190
vt 0.692340 0.737130
vt 0.701880 0.733260
vt 0.603690 0.566040
vt 0.611660 0.566550
vt 0.417100 0.678560
vt 0.415170 0.673620
vt 0.504980 0.647430
vt 0.585870 0.656350
vt 0.580490 0.649490
vt 0.510440 0.701510
vt 0.513030 0.692020
vt 0.455480 0.663020
vt 0.590340 0.749380
vt 0.596750 0.755270
vt 0.595770 0.751860
vt 0.496070 0.776700
vt 0.489300 0.781300
vt 0.609450 0.589700
vt 0.669150 0.687140
vt 0.694060 0.641680
vt 0.590670 0.823900
vt 0.511450 0.687820
vt 0.493400 0.693010
vt 0.421660 0.678290
vt 0.708500 0.593210
vt 0.398430 0.683060
vt 0.634810 0.735410
vt 0.632080 0.737780
vt 0.744900 0.758040
vt 0.566520 0.718020
vt 0.481300 0.706650
vt 0.617850 0.560820
vt 0.630400 0.718410
vt 0.666940 0.614530
vt 0.466910 0.633720
vt 0.729780 0.807840
vt 0.454560 0.691610
vt 0.539420 0.615300
vt 0.543020 0.568220
vt 0.543760 0.572720
vt 0.752080 0.660100
vt 0.692910 0.616660
vt 0.553930 0.707200
vt 0.441590 0.713830
vt 0.602970 0.835690
vt 0.622430 0.732070
vt 0.441930 0.645690
vt 0.579980 0.570300
vt 0.584430 0.573660
vt 0.514410 0.710950
vt 0.476550 0.697360
vt 0.631790 0.756790
vt 0.533940 0.740040
vt 0.745590 0.775850
vt 0.656090 0.696730
vt 0.558060 0.702560
vt 0.552540 0.662480
vt 0.566240 0.666760
vt 0.610660 0.811000
vt 0.523700 0.588710
vt 0.683970 0.742770
vt 0.674020 0.730060
vt 0.513950 0.749300
vt 0.573660 0.730600
vt 0.630020 0.770920
vt 0.468070 0.748010
vt 0.523530 0.578480
vt 0.498800 0.783070
vt 0.614130 0.560940
vt 0.760450 0.726270
vt 0.655970 0.071560
vt 0.643510 0.091920
vt 0.631360 0.084010
vt 0.768730 0.360620
vt 0.766580 0.356330
vt 0.770950 0.356730
vt 0.833800 0.272460
vt 0.824600 0.282090
vt 0.825860 0.268470
vt 0.864100 0.249380
vt 0.869450 0.232000
vt 0.874520 0.242170
vt 0.608860 0.196980
vt 0.772840 0.295780
vt 0.769960 0.283240
vt 0.781020 0.283040
vt 0.820560 0.202400
vt 0.833960 0.193870
vt 0.835490 0.205350
vt 0.755290 0.108430
vt 0.767400 0.117510
vt 0.747550 0.118300
vt 0.759360 0.221160
vt 0.751860 0.220220
vt 0.764370 0.206770
vt 0.728010 0.182170
vt 0.736240 0.184420
vt 0.729830 0.192990
vt 0.662570 0.143630
vt 0.655790 0.120880
vt 0.666110 0.122740
vt 0.828850 0.075130
vt 0.841270 0.088760
vt 0.835300 0.093190
vt 0.850670 0.232080
vt 0.862350 0.233120
vt 0.852700 0.239800
vt 0.786880 0.255840
vt 0.769850 0.256750
vt 0.781220 0.250230
vt 0.859560 0.110100
vt 0.867370 0.106260
vt 0.869350 0.115190
vt 0.732680 0.100720
vt 0.740790 0.110520
vt 0.722010 0.104260
vt 0.694960 0.171640
vt 0.695870 0.179080
vt 0.684680 0.181280
vt 0.695680 0.191230
vt 0.694230 0.185290
vt 0.699960 0.190240
vt 0.649210 0.174680
vt 0.647880 0.186130
vt 0.636840 0.172360
vt 0.636280 0.150870
vt 0.643590 0.159390
vt 0.639700 0.165630
vt 0.585250 0.141900
vt 0.579250 0.141030
vt 0.587110 0.132540
vt 0.883280 0.119350
vt 0.869210 0.128130
vt 0.876240 0.118600
vt 0.776950 0.198940
vt 0.773970 0.208110
vt 0.770410 0.201920
vt 0.812620 0.144080
vt 0.820980 0.145970
vt 0.814390 0.149560
vt 0.769680 0.131810
vt 0.770990 0.125170
vt 0.778750 0.134040
vt 0.877480 0.147340
vt 0.884230 0.147540
vt 0.889590 0.166500
vt 0.783200 0.163290
vt 0.791180 0.166840
vt 0.782310 0.169880
vt 0.769690 0.143310
vt 0.764110 0.135100
vt 0.773500 0.136910
vt 0.669510 0.143960
vt 0.672980 0.135950
vt 0.716080 0.131920
vt 0.717520 0.125610
vt 0.725850 0.133630
vt 0.657790 0.083110
vt 0.669860 0.076100
vt 0.676470 0.080630
vt 0.675070 0.113500
vt 0.676420 0.121280
vt 0.867000 0.265370
vt 0.856250 0.285030
vt 0.862480 0.260180
vt 0.597350 0.130590
vt 0.591070 0.136220
vt 0.636990 0.098690
vt 0.633380 0.091860
vt 0.711000 0.195550
vt 0.705540 0.189670
vt 0.716070 0.188590
vt 0.748030 0.205110
vt 0.755530 0.200470
vt 0.748780 0.211750
vt 0.621310 0.202880
vt 0.761170 0.293130
vt 0.703080 0.214680
vt 0.692610 0.224800
vt 0.693090 0.213260
vt 0.769860 0.190380
vt 0.772440 0.185350
vt 0.778810 0.190550
vt 0.749040 0.188820
vt 0.753460 0.196370
vt 0.746070 0.200790
vt 0.696130 0.129730
vt 0.704640 0.119570
vt 0.701580 0.136200
vt 0.683730 0.161820
vt 0.690360 0.149290
vt 0.691790 0.158280
vt 0.717590 0.154300
vt 0.727000 0.150110
vt 0.725970 0.159870
vt 0.735500 0.155370
vt 0.728510 0.161100
vt 0.775180 0.218690
vt 0.783700 0.214890
vt 0.778260 0.223780
vt 0.758740 0.230220
vt 0.770160 0.228270
vt 0.759830 0.234580
vt 0.851680 0.178910
vt 0.867160 0.183830
vt 0.856570 0.189570
vt 0.832210 0.155040
vt 0.825780 0.158390
vt 0.824400 0.153700
vt 0.837970 0.143040
vt 0.834750 0.125240
vt 0.841570 0.136960
vt 0.840640 0.101610
vt 0.851210 0.103940
vt 0.850690 0.116120
vt 0.805470 0.242690
vt 0.799280 0.237850
vt 0.801400 0.234430
vt 0.807860 0.210870
vt 0.814620 0.210200
vt 0.808500 0.217990
vt 0.663350 0.232320
vt 0.723710 0.263460
vt 0.654760 0.226320
vt 0.732140 0.269260
vt 0.660830 0.222040
vt 0.732450 0.226160
vt 0.722040 0.228740
vt 0.727080 0.222480
vt 0.731780 0.253130
vt 0.732210 0.259900
vt 0.722370 0.255540
vt 0.759990 0.243080
vt 0.768030 0.241610
vt 0.690360 0.166510
vt 0.687710 0.174510
vt 0.660780 0.175230
vt 0.668370 0.183600
vt 0.667840 0.188350
vt 0.598430 0.146000
vt 0.604170 0.168320
vt 0.589700 0.172830
vt 0.794800 0.309650
vt 0.803120 0.314260
vt 0.584620 0.164610
vt 0.733450 0.202880
vt 0.727550 0.197250
vt 0.745760 0.196050
vt 0.727980 0.218820
vt 0.707550 0.228620
vt 0.711860 0.216330
vt 0.772740 0.093210
vt 0.761050 0.083650
vt 0.763110 0.073650
vt 0.818240 0.066130
vt 0.828250 0.059180
vt 0.832250 0.065960
vt 0.814770 0.052570
vt 0.824020 0.055870
vt 0.814660 0.060320
vt 0.776830 0.209540
vt 0.784390 0.203240
vt 0.790630 0.206450
vt 0.829400 0.185090
vt 0.818090 0.166600
vt 0.833940 0.171640
vt 0.874160 0.195840
vt 0.876870 0.182570
vt 0.890500 0.179330
vt 0.889550 0.193690
vt 0.890090 0.221130
vt 0.887950 0.204980
vt 0.702880 0.150550
vt 0.702780 0.143860
vt 0.710960 0.142320
vt 0.719290 0.141480
vt 0.714690 0.149750
vt 0.711190 0.184940
vt 0.716860 0.168770
vt 0.715160 0.158810
vt 0.719430 0.161310
vt 0.810690 0.100770
vt 0.823680 0.109800
vt 0.807020 0.113010
vt 0.811570 0.136990
vt 0.807890 0.132860
vt 0.819660 0.131010
vt 0.782140 0.160260
vt 0.777310 0.155630
vt 0.781480 0.153070
vt 0.809600 0.139990
vt 0.806780 0.137830
vt 0.669540 0.171160
vt 0.664190 0.171530
vt 0.663870 0.166620
vt 0.664970 0.156280
vt 0.681230 0.131060
vt 0.775930 0.164750
vt 0.776040 0.159180
vt 0.742360 0.153550
vt 0.738320 0.142690
vt 0.742110 0.146440
vt 0.671920 0.233570
vt 0.715390 0.258790
vt 0.718820 0.238550
vt 0.721520 0.250740
vt 0.802960 0.164380
vt 0.794630 0.160410
vt 0.802360 0.153350
vt 0.796650 0.155490
vt 0.815080 0.260170
vt 0.825610 0.249120
vt 0.832620 0.251310
vt 0.844640 0.263740
vt 0.845160 0.270030
vt 0.872780 0.227970
vt 0.882700 0.223840
vt 0.876610 0.234810
vt 0.888250 0.232990
vt 0.882440 0.246190
vt 0.881250 0.235990
vt 0.878160 0.243520
vt 0.869510 0.260260
vt 0.867800 0.256980
vt 0.639900 0.185450
vt 0.673570 0.224540
vt 0.652820 0.141540
vt 0.646150 0.133300
vt 0.609110 0.119180
vt 0.618720 0.119220
vt 0.610200 0.126820
vt 0.852820 0.283960
vt 0.850040 0.290380
vt 0.838690 0.293830
vt 0.839260 0.299180
vt 0.829120 0.300660
vt 0.798790 0.284200
vt 0.785550 0.291480
vt 0.794360 0.274640
vt 0.796390 0.251470
vt 0.797070 0.245520
vt 0.673910 0.217700
vt 0.667740 0.213920
vt 0.671630 0.187930
vt 0.682790 0.193890
vt 0.673960 0.196510
vt 0.837140 0.118270
vt 0.846020 0.117210
vt 0.839010 0.122580
vt 0.810990 0.127680
vt 0.828610 0.120320
vt 0.794370 0.172740
vt 0.793560 0.179820
vt 0.787150 0.176350
vt 0.805020 0.181980
vt 0.808950 0.189960
vt 0.795870 0.188740
vt 0.797030 0.174740
vt 0.804290 0.176520
vt 0.799320 0.178770
vt 0.811510 0.164640
vt 0.828180 0.134650
vt 0.831640 0.140130
vt 0.819830 0.140870
vt 0.813100 0.139200
vt 0.821480 0.132800
vt 0.772280 0.150350
vt 0.779620 0.149040
vt 0.760730 0.169130
vt 0.752410 0.168470
vt 0.759930 0.165380
vt 0.794750 0.151230
vt 0.800390 0.148060
vt 0.786860 0.145060
vt 0.793830 0.143090
vt 0.785590 0.150950
vt 0.771700 0.223050
vt 0.759540 0.225280
vt 0.772400 0.216760
vt 0.717550 0.070580
vt 0.736480 0.072990
vt 0.708110 0.075180
vt 0.737240 0.055920
vt 0.746370 0.067260
vt 0.694110 0.065750
vt 0.706950 0.065160
vt 0.691180 0.073070
vt 0.681100 0.089600
vt 0.698890 0.087760
vt 0.672800 0.096300
vt 0.716740 0.099640
vt 0.712880 0.089300
vt 0.729040 0.092660
vt 0.703930 0.080110
vt 0.700240 0.155000
vt 0.704330 0.159110
vt 0.711530 0.156320
vt 0.710250 0.165770
vt 0.813430 0.089480
vt 0.818620 0.100580
vt 0.793290 0.086550
vt 0.786460 0.060020
vt 0.802870 0.074050
vt 0.787280 0.068480
vt 0.617500 0.149790
vt 0.610510 0.151840
vt 0.618970 0.142130
vt 0.621570 0.171400
vt 0.623510 0.185520
vt 0.611780 0.177680
vt 0.682040 0.146810
vt 0.688740 0.141850
vt 0.855000 0.226460
vt 0.877980 0.206820
vt 0.886290 0.219320
vt 0.876610 0.220270
vt 0.787910 0.238260
vt 0.784040 0.246020
vt 0.791660 0.226030
vt 0.701660 0.208150
vt 0.691350 0.203030
vt 0.690800 0.208910
vt 0.679810 0.208080
vt 0.685830 0.201830
vt 0.677030 0.187210
vt 0.671470 0.173570
vt 0.677380 0.177790
vt 0.675180 0.167720
vt 0.777410 0.183750
vt 0.778690 0.167470
vt 0.811090 0.319680
vt 0.580260 0.155450
vt 0.575080 0.152270
vt 0.817120 0.319760
vt 0.591710 0.147960
vt 0.750730 0.232370
vt 0.732420 0.231100
vt 0.734820 0.246270
vt 0.846540 0.075540
vt 0.845460 0.067420
vt 0.854350 0.078300
vt 0.871030 0.094690
vt 0.868280 0.100520
vt 0.865220 0.094740
vt 0.750020 0.153210
vt 0.747230 0.150670
vt 0.837600 0.105240
vt 0.828420 0.096050
vt 0.819970 0.273750
vt 0.819610 0.286040
vt 0.831750 0.255180
vt 0.826170 0.266610
vt 0.824860 0.260400
vt 0.752580 0.053180
vt 0.767260 0.052640
vt 0.763810 0.055920
vt 0.622890 0.106640
vt 0.621300 0.101840
vt 0.719020 0.205810
vt 0.717790 0.200980
vt 0.721490 0.193570
vt 0.752750 0.176660
vt 0.745280 0.171810
vt 0.744820 0.185160
vt 0.879470 0.111330
vt 0.735720 0.161780
vt 0.733430 0.169990
vt 0.720080 0.182290
vt 0.717040 0.174020
vt 0.722000 0.172940
vt 0.819060 0.224190
vt 0.831910 0.222920
vt 0.826970 0.230760
vt 0.804840 0.231730
vt 0.803410 0.226040
vt 0.811540 0.227690
vt 0.859030 0.141670
vt 0.847770 0.145350
vt 0.847680 0.136250
vt 0.855890 0.169960
vt 0.843990 0.173070
vt 0.881210 0.163080
vt 0.841100 0.164520
vt 0.862500 0.146450
vt 0.867090 0.157890
vt 0.820300 0.178930
vt 0.812240 0.177890
vt 0.823090 0.190360
vt 0.814690 0.197310
vt 0.748500 0.146900
vt 0.801170 0.170370
vt 0.773590 0.052730
vt 0.784350 0.054840
vt 0.778200 0.060330
vt 0.817850 0.233710
vt 0.821190 0.239690
vt 0.808890 0.249520
vt 0.847460 0.246920
vt 0.836300 0.242800
vt 0.860090 0.240090
vt 0.854370 0.262970
vt 0.848770 0.255760
vt 0.753110 0.124990
vt 0.752300 0.128430
vt 0.643100 0.210920
vt 0.635940 0.218160
vt 0.749880 0.278770
vt 0.653090 0.204460
vt 0.665610 0.206350
vt 0.659090 0.213190
vt 0.787720 0.124470
vt 0.771460 0.106070
vt 0.757730 0.272090
vt 0.741120 0.246810
vt 0.752440 0.254940
vt 0.749880 0.261380
vt 0.812200 0.121490
vt 0.788150 0.092030
vt 0.796860 0.103290
vt 0.798860 0.114790
vt 0.787280 0.117180
vt 0.670490 0.086070
vt 0.642530 0.118070
vt 0.649060 0.102250
vt 0.652060 0.110330
vt 0.616180 0.129090
vt 0.620440 0.129420
vt 0.626170 0.137800
vt 0.807470 0.148320
vt 0.802660 0.144030
vt 0.629440 0.105350
vt 0.626490 0.112750
vt 0.784750 0.240830
vt 0.773060 0.249070
vt 0.761140 0.202320
vt 0.767850 0.196250
vt 0.775200 0.194060
vt 0.749900 0.245780
vt 0.750460 0.236890
vt 0.752210 0.241980
vt 0.746000 0.238810
vt 0.870020 0.207420
vt 0.818390 0.217430
vt 0.829610 0.209340
vt 0.834410 0.219540
vt 0.655930 0.179140
vt 0.657550 0.190690
vt 0.656820 0.150080
vt 0.641800 0.146230
vt 0.652560 0.156010
vt 0.645360 0.152110
vt 0.740770 0.235570
vt 0.746860 0.224680
vt 0.753200 0.223950
vt 0.709340 0.242600
vt 0.725510 0.083370
vt 0.768960 0.096550
vt 0.759720 0.094590
vt 0.745390 0.129180
vt 0.737680 0.118080
vt 0.729340 0.125850
vt 0.718210 0.116480
vt 0.739520 0.137880
vt 0.746830 0.139010
vt 0.756380 0.158970
vt 0.765690 0.157090
vt 0.766080 0.160950
vt 0.763490 0.142200
vt 0.753720 0.140540
vt 0.701850 0.172290
vt 0.701800 0.164060
vt 0.720590 0.168720
vt 0.862300 0.226930
vt 0.724980 0.142760
vt 0.710300 0.153660
vt 0.638020 0.111330
vt 0.629470 0.121820
vt 0.630080 0.179380
vt 0.630040 0.154860
vt 0.672590 0.164140
vt 0.678110 0.160280
vt 0.669240 0.164250
vt 0.682360 0.150820
vt 0.686850 0.198230
vt 0.693390 0.196670
vt 0.837240 0.232220
vt 0.881770 0.199120
vt 0.840480 0.286350
vt 0.840420 0.275730
vt 0.847770 0.282800
vt 0.833630 0.288870
vt 0.687890 0.100220
vt 0.676430 0.104270
vt 0.682130 0.110500
vt 0.698010 0.118170
vt 0.686170 0.120390
vt 0.849270 0.122130
vt 0.842040 0.128340
vt 0.701640 0.111080
vt 0.707140 0.129270
vt 0.710570 0.121190
vt 0.846660 0.132540
vt 0.855670 0.124630
vt 0.858100 0.128800
vt 0.784660 0.227070
vt 0.790070 0.232030
vt 0.792940 0.236460
vt 0.676320 0.202740
vt 0.794480 0.217390
vt 0.800930 0.198980
vt 0.790860 0.199750
vt 0.790730 0.191090
vt 0.740050 0.165650
vt 0.744770 0.164780
vt 0.762320 0.269770
vt 0.748710 0.265700
vt 0.789420 0.270180
vt 0.780540 0.269920
vt 0.778600 0.262490
vt 0.784770 0.199100
vt 0.790030 0.187440
vt 0.758380 0.257510
vt 0.755980 0.247620
vt 0.737190 0.213750
vt 0.740120 0.207890
vt 0.745030 0.215740
vt 0.764920 0.154410
vt 0.759020 0.153890
vt 0.762620 0.148630
vt 0.777370 0.142420
vt 0.738810 0.265670
vt 0.722680 0.258400
vt 0.700230 0.104360
vt 0.705960 0.103380
vt 0.710220 0.112910
vt 0.708530 0.092830
vt 0.712310 0.079890
vt 0.632910 0.107380
vt 0.765540 0.181550
vt 0.767120 0.190090
vt 0.756260 0.187720
vt 0.770170 0.162250
vt 0.677130 0.068940
vt 0.685400 0.073080
vt 0.655630 0.077720
vt 0.863930 0.198050
vt 0.804670 0.260920
vt 0.796450 0.263070
vt 0.803860 0.254360
vt 0.788500 0.262030
vt 0.617460 0.191080
vt 0.604380 0.183960
vt 0.778760 0.306240
vt 0.633180 0.198480
vt 0.623830 0.089470
vt 0.621530 0.136980
vt 0.639320 0.127630
vt 0.788500 0.157820
vt 0.790220 0.150900
vt 0.793410 0.147540
vt 0.756860 0.238960
vt 0.854760 0.211480
vt 0.850050 0.197680
vt 0.857550 0.199170
vt 0.847830 0.190340
vt 0.824470 0.305920
vt 0.825960 0.316520
vt 0.812970 0.312240
vt 0.829420 0.294330
vt 0.818380 0.289200
vt 0.808820 0.289440
vt 0.811520 0.297920
vt 0.817510 0.302280
vt 0.744190 0.078370
vt 0.735550 0.077110
vt 0.750090 0.085350
vt 0.737730 0.093210
vt 0.836500 0.304100
vt 0.857100 0.087520
vt 0.852770 0.095430
vt 0.833050 0.058250
vt 0.836010 0.062750
vt 0.789750 0.160350
vt 0.797020 0.164920
vt 0.668380 0.176410
vt 0.670980 0.182860
vt 0.602920 0.106820
vt 0.612140 0.097210
vt 0.609990 0.106080
vt 0.597320 0.110780
vt 0.605130 0.112360
vt 0.604720 0.119890
vt 0.843210 0.156270
vt 0.841450 0.146420
vt 0.597660 0.118070
vt 0.593360 0.118280
vt 0.594300 0.113360
vt 0.710650 0.234280
vt 0.702370 0.236190
vt 0.713960 0.228620
vt 0.834120 0.164910
vt 0.835000 0.157430
vt 0.841440 0.149670
vt 0.699010 0.198160
vt 0.707080 0.205070
vt 0.703000 0.197860
vt 0.800590 0.130890
vt 0.799410 0.125040
vt 0.801520 0.122980
vt 0.763010 0.174580
vt 0.754030 0.181250
vt 0.757310 0.174320
vt 0.789110 0.136950
vt 0.797000 0.137070
vt 0.798650 0.143360
vt 0.660190 0.184770
vt 0.667760 0.201750
vt 0.665380 0.193780
vt 0.670150 0.199890
vt 0.812450 0.223230
vt 0.808650 0.265070
vt 0.818630 0.267550
vt 0.798700 0.266740
vt 0.810510 0.270160
vt 0.678550 0.112660
vt 0.680980 0.122180
vt 0.685720 0.130960
vt 0.610900 0.164670
vt 0.808610 0.232760
vt 0.861080 0.084250
vt 0.868560 0.088950
vt 0.724860 0.179090
vt 0.795650 0.230210
vt 0.726240 0.139760
vt 0.718220 0.136800
vt 0.733990 0.143740
vt 0.704310 0.182240
vt 0.707240 0.183170
vt 0.709590 0.177790
vt 0.824360 0.081450
vt 0.817980 0.084840
vt 0.805020 0.066540
vt 0.818010 0.072300
vt 0.811290 0.078110
vt 0.684690 0.219100
vt 0.612700 0.112960
vt 0.623360 0.111330
vt 0.838340 0.185510
vt 0.837660 0.201960
vt 0.837240 0.176600
vt 0.772720 0.082270
vt 0.773430 0.062910
vt 0.778320 0.077180
vt 0.761270 0.064590
vt 0.801880 0.083940
vt 0.748510 0.218160
vt 0.746340 0.234510
vt 0.742210 0.228000
vt 0.740900 0.222580
vt 0.780150 0.201130
vt 0.786490 0.192860
vt 0.658850 0.163320
vt 0.656730 0.171850
vt 0.652390 0.161260
vt 0.862320 0.100150
vt 0.776190 0.236580
vt 0.768320 0.236950
vt 0.693390 0.167890
vt 0.693560 0.160850
vt 0.831610 0.123530
vt 0.845090 0.224730
vt 0.624280 0.155560
vt 0.631270 0.162590
vt 0.616960 0.158830
vt 0.863380 0.208310
vt 0.867850 0.220940
vt 0.857810 0.220620
vt 0.846340 0.213730
vt 0.748890 0.103680
vt 0.745480 0.094150
vt 0.808070 0.280400
vt 0.832680 0.113420
vt 0.829460 0.106350
vt 0.843750 0.254040
vt 0.834120 0.263290
vt 0.726500 0.064150
vt 0.715520 0.059010
vt 0.691190 0.105850
vt 0.698480 0.095470
vt 0.703310 0.245910
vt 0.694340 0.238700
vt 0.702770 0.241930
vt 0.688140 0.228060
vt 0.748910 0.072660
vt 0.652140 0.214170
vt 0.642990 0.221790
vt 0.742800 0.274350
vt 0.741000 0.259100
vt 0.809940 0.257220
vt 0.826620 0.242260
vt 0.794210 0.056810
vt 0.809460 0.055150
vt 0.699560 0.074940
vt 0.684990 0.081120
vt 0.795400 0.255390
vt 0.788450 0.253130
vt 0.842670 0.258070
vt 0.830120 0.161870
vt 0.820200 0.160770
vt 0.711580 0.138010
vt 0.703110 0.139390
vt 0.834880 0.071260
vt 0.842340 0.081630
vt 0.826820 0.071240
vt 0.848160 0.082200
vt 0.736790 0.171160
vt 0.737170 0.175820
vt 0.727920 0.173710
vt 0.726910 0.165990
vt 0.722370 0.162140
vt 0.662430 0.199840
vt 0.657170 0.199010
vt 0.630750 0.137240
vt 0.635590 0.135830
vt 0.672530 0.211990
vt 0.810740 0.261630
vt 0.757220 0.100280
vt 0.791140 0.114510
vt 0.783560 0.102920
vt 0.784530 0.084180
vt 0.772830 0.231790
vt 0.778310 0.229200
vt 0.638860 0.149630
vt 0.765840 0.177450
vt 0.774410 0.177840
vt 0.771800 0.238010
vt 0.777540 0.245290
vt 0.609040 0.133800
vt 0.856590 0.270350
vt 0.839110 0.068710
vt 0.872120 0.149330
vt 0.658890 0.101080
vt 0.653700 0.093130
vt 0.660450 0.088800
vt 0.671700 0.091710
vt 0.662960 0.104850
vt 0.670840 0.100500
vt 0.673390 0.109040
vt 0.665860 0.097620
vt 0.695290 0.232650
vt 0.755410 0.152550
vt 0.753060 0.144930
vt 0.758530 0.144960
vt 0.750380 0.161240
vt 0.713290 0.108270
vt 0.737180 0.134250
vt 0.754350 0.132720
vt 0.840710 0.211830
vt 0.738950 0.126850
vt 0.636290 0.190590
vt 0.671250 0.157600
vt 0.689340 0.146080
vt 0.686920 0.146810
vt 0.685390 0.153170
vt 0.737900 0.203780
vt 0.712280 0.208230
vt 0.718210 0.212020
vt 0.665460 0.112420
vt 0.770580 0.158750
vt 0.770240 0.153450
vt 0.783180 0.110540
vt 0.769000 0.271820
vt 0.596330 0.159600
vt 0.601110 0.155760
vt 0.714370 0.167580
vt 0.673480 0.208880
vt 0.680940 0.213370
vt 0.801860 0.139280
vt 0.668360 0.193070
vt 0.865180 0.120700
vt 0.868090 0.122180
vt 0.764550 0.260770
vt 0.767320 0.267090
vt 0.776180 0.268700
vt 0.759990 0.264350
vt 0.605350 0.146200
vt 0.661410 0.161820
vt 0.665790 0.165080
vt 0.865700 0.172930
vt 0.815490 0.157270
vt 0.673840 0.064860
vt 0.665540 0.071500
vt 0.876590 0.107840
vt 0.878840 0.102750
vt 0.872940 0.162830
vt 0.884150 0.172490
vt 0.825670 0.141320
vt 0.831710 0.149570
vt 0.687910 0.130640
vt 0.682780 0.174710
vt 0.644180 0.156050
vt 0.708630 0.148350
vt 0.709700 0.102740
vt 0.841450 0.059040
vt 0.840490 0.063560
vt 0.734430 0.213840
vt 0.878110 0.131100
vt 0.650780 0.090490
vt 0.731090 0.136620
vt 0.858000 0.096420
vt 0.860560 0.091330
vt 0.776850 0.240910
vt 0.723090 0.167600
vt 0.798300 0.298280
vt 0.786840 0.303280
vt 0.768810 0.173870
vt 0.772470 0.170780
vt 0.791840 0.170420
vt 0.796380 0.128340
vt 0.892500 0.153630
vt 0.887310 0.136380
vt 0.687490 0.231480
vt 0.716010 0.233930
vt 0.711740 0.180420
vt 0.713800 0.173880
vt 0.614780 0.134370
vt 0.810030 0.203000
vt 0.740250 0.159630
vt 0.739540 0.153790
vt 0.603600 0.126640
vt 0.645140 0.203020
vt 0.642740 0.196990
vt 0.820010 0.264780
vt 0.774960 0.226480
vt 0.822710 0.296250
vt 0.798340 0.211210
vt 0.779190 0.204750
vt 0.757230 0.059190
vt 0.842590 0.196110
vt 0.727590 0.177630
vt 0.726350 0.169960
vt 0.722090 0.186870
vt 0.743400 0.242000
vt 0.749140 0.111810
vt 0.773800 0.275400
vt 0.797950 0.226890
vt 0.791580 0.156670
vt 0.796370 0.259610
vt 0.797120 0.169320
vt 0.821320 0.322000
vt 0.572380 0.148340
vt 0.808590 0.304920
vt 0.590720 0.160720
vt 0.590760 0.122860
s 1
f 1/1/1 2/2/2 3/3/3
f 4/4/4 5/5/5 6/6/6
f 7/7/7 8/8/8 9/9/9
f 10/10/10 9/9/9 8/8/8
f 11/11/11 12/12/12 13/13/13
f 14/14/14 15/15/15 16/16/16
f 17/17/17 18/18/18 19/19/19
f 20/20/20 21/21/21 22/22/22
f 23/23/23 24/24/24 25/25/25
f 26/26/26 27/27/27 28/28/28
f 29/29/29 30/30/30 31/31/31
f 1/1/1 32/32/32 33/33/33
f 34/34/34 35/35/35 36/36/36
f 37/37/37 38/38/38 39/39/39
f 40/40/40 41/41/41 42/42/42
f 43/43/43 44/44/44 45/45/45
f 46/46/46 47/47/47 48/48/48
f 49/49/49 50/50/50 51/51/51
f 52/52/52 53/53/53 54/54/54
f 55/55/55 56/56/56 57/57/57
f 58/58/58 59/59/59 60/60/60
f 61/61/61 62/62/62 63/63/63
f 64/64/64 65/65/65 66/66/66
f 67/67/67 68/68/68 69/69/69
f 70/70/70 71/71/71 72/72/72
f 73/73/73 74/74/74 75/75/75
f 76/76/76 77/77/77 78/78/78
f 79/79/79 80/80/80 81/81/81
f 82/82/82 83/83/83 84/84/84
f 85/85/85 86/86/86 87/87/87
f 88/88/88 89/89/89 90/90/90
f 91/91/91 92/92/92 93/93/93
f 94/94/94 95/95/95 96/96/96
f 97/97/97 98/98/98 99/99/99
f 100/100/100 101/101/101 102/102/102
f 103/103/103 104/104/104 105/105/105
f 106/106/106 107/107/107 108/108/108
f 12/12/12 109/109/109 110/110/110
f 111/111/111 112/112/112 113/113/113
f 114/114/114 115/115/115 116/116/116
f 117/117/117 118/118/118 119/119/119
f 120/120/120 121/121/121 122/122/122
f 123/123/123 124/124/124 125/125/125
f 90/90/90 126/126/126 127/127/127
f 128/128/128 129/129/129 130/130/130
f 131/131/131 132/132/132 133/133/133
f 24/24/24 134/134/134 135/135/135
f 136/136/136 137/137/137 138/138/138
f 139/139/139 140/140/140 141/141/141
f 142/142/142 143/143/143 144/144/144
f 84/84/84 83/83/83 145/145/145
f 146/146/146 147/147/147 148/148/148
f 149/149/149 150/150/150 151/151/151
f 152/152/152 153/153/153 154/154/154
f 155/155/155 156/156/156 157/157/157
f 158/158/158 159/159/159 160/160/160
f 161/161/161 162/162/162 163/163/163
f 164/164/164 165/165/165 166/166/166
f 167/167/167 115/115/115 168/168/168
f 169/169/169 170/170/170 171/171/171
f 172/172/172 173/173/173 174/174/174
f 175/175/175 176/176/176 177/177/177
f 178/178/178 157/157/157 179/179/179
f 180/180/180 181/181/181 182/182/182
f 183/183/183 184/184/184 185/185/185
f 186/186/186 187/187/187 188/188/188
f 189/189/189 190/190/190 191/191/191
f 192/192/192 193/193/193 194/194/194
f 195/195/195 196/196/196 197/197/197
f 198/198/198 199/199/199 200/200/200
f 201/201/201 202/202/202 203/203/203
f 204/204/204 205/205/205 206/206/206
f 207/207/207 208/208/208 209/209/209
f 210/210/210 211/211/211 212/212/212
f 213/213/213 214/214/214 215/215/215
f 216/216/216 217/217/217 218/218/218
f 219/219/219 220/220/220 221/221/221
f 222/222/222 223/223/223 224/224/224
f 225/225/225 226/226/226 227/227/227
f 228/228/228 129/129/129 229/229/229
f 230/230/230 28/28/28 27/27/27
f 231/231/231 232/232/232 233/233/233
f 234/234/234 235/235/235 236/236/236
f 120/120/120 237/237/237 238/238/238
f 239/239/239 240/240/240 241/241/241
f 242/242/242 243/243/243 244/244/244
f 245/245/245 246/246/246 247/247/247
f 177/177/177 248/248/248 249/249/249
f 250/250/250 251/251/251 252/252/252
f 40/40/40 253/253/253 41/41/41
f 254/254/254 226/226/226 225/225/225
f 255/255/255 256/256/256 257/257/257
f 258/258/258 217/217/217 259/259/259
f 260/260/260 261/261/261 262/262/262
f 263/263/263 264/264/264 265/265/265
f 266/266/266 267/267/267 122/122/122
f 268/268/268 269/269/269 270/270/270
f 271/271/271 272/272/272 273/273/273
f 274/274/274 275/275/275 78/78/78
f 276/276/276 277/277/277 278/278/278
f 279/279/279 280/280/280 281/281/281
f 282/282/282 283/283/283 284/284/284
f 285/285/285 126/126/126 90/90/90
f 286/286/286 287/287/287 288/288/288
f 289/289/289 290/290/290 291/291/291
f 292/292/292 293/293/293 294/294/294
f 295/295/295 296/296/296 297/297/297
f 298/298/298 299/299/299 300/300/300
f 301/301/301 302/302/302 201/201/201
f 303/303/303 67/67/67 296/296/296
f 304/304/304 305/305/305 306/306/306
f 307/307/307 308/308/308 309/309/309
f 310/310/310 311/311/311 312/312/312
f 313/313/313 314/314/314 315/315/315
f 247/247/247 316/316/316 317/317/317
f 318/318/318 319/319/319 320/320/320
f 57/57/57 56/56/56 321/321/321
f 322/322/322 323/323/323 324/324/324
f 325/325/325 326/326/326 144/144/144
f 6/6/6 327/327/327 328/328/328
f 329/329/329 330/330/330 304/304/304
f 331/331/331 332/332/332 333/333/333
f 334/334/334 204/204/204 335/335/335
f 336/336/336 337/337/337 338/338/338
f 339/339/339 340/340/340 341/341/341
f 342/342/342 343/343/343 344/344/344
f 345/345/345 334/334/334 346/346/346
f 347/347/347 348/348/348 349/349/349
f 350/350/350 351/351/351 352/352/352
f 353/353/353 354/354/354 355/355/355
f 356/356/356 357/357/357 358/358/358
f 359/359/359 360/360/360 361/361/361
f 362/362/362 363/363/363 364/364/364
f 365/365/365 366/366/366 367/367/367
f 368/368/368 369/369/369 370/370/370
f 371/371/371 372/372/372 373/373/373
f 85/85/85 87/87/87 374/374/374
f 375/375/375 376/376/376 377/377/377
f 378/378/378 379/379/379 146/146/146
f 271/271/271 268/268/268 272/272/272
f 380/380/380 381/381/381 382/382/382
f 89/89/89 383/383/383 85/85/85
f 384/384/384 385/385/385 386/386/386
f 132/132/132 387/387/387 388/388/388
f 389/389/389 390/390/390 391/391/391
f 219/219/219 221/221/221 392/392/392
f 155/155/155 393/393/393 394/394/394
f 394/394/394 395/395/395 396/396/396
f 168/168/168 397/397/397 398/398/398
f 399/399/399 400/400/400 401/401/401
f 402/402/402 403/403/403 318/318/318
f 404/404/404 405/405/405 406/406/406
f 407/407/407 408/408/408 409/409/409
f 410/410/410 411/411/411 412/412/412
f 407/407/407 409/409/409 413/413/413
f 414/414/414 415/415/415 416/416/416
f 417/417/417 418/418/418 419/419/419
f 418/418/418 420/420/420 421/421/421
f 422/422/422 423/423/423 424/424/424
f 425/425/425 426/426/426 427/427/427
f 276/276/276 278/278/278 205/205/205
f 428/428/428 429/429/429 430/430/430
f 338/338/338 431/431/431 432/432/432
f 433/433/433 434/434/434 435/435/435
f 436/436/436 437/437/437 60/60/60
f 438/438/438 439/439/439 440/440/440
f 441/441/441 442/442/442 443/443/443
f 444/444/444 325/325/325 144/144/144
f 93/93/93 92/92/92 445/445/445
f 446/446/446 447/447/447 448/448/448
f 442/442/442 449/449/449 443/443/443
f 450/450/450 451/451/451 452/452/452
f 104/104/104 453/453/453 105/105/105
f 454/454/454 455/455/455 456/456/456
f 457/457/457 141/141/141 140/140/140
f 88/88/88 458/458/458 89/89/89
f 180/180/180 459/459/459 460/460/460
f 461/461/461 462/462/462 463/463/463
f 464/464/464 465/465/465 466/466/466
f 467/467/467 468/468/468 46/46/46
f 469/469/469 54/54/54 53/53/53
f 345/345/345 470/470/470 471/471/471
f 472/472/472 473/473/473 474/474/474
f 475/475/475 476/476/476 477/477/477
f 474/474/474 473/473/473 478/478/478
f 316/316/316 479/479/479 317/317/317
f 172/172/172 174/174/174 480/480/480
f 481/481/481 482/482/482 483/483/483
f 484/484/484 485/485/485 486/486/486
f 464/464/464 466/466/466 487/487/487
f 488/488/488 489/489/489 490/490/490
f 166/166/166 433/433/433 491/491/491
f 492/492/492 493/493/493 68/68/68
f 494/494/494 495/495/495 496/496/496
f 497/497/497 498/498/498 499/499/499
f 293/293/293 500/500/500 373/373/373
f 501/501/501 502/502/502 230/230/230
f 503/503/503 21/21/21 504/504/504
f 505/505/505 506/506/506 503/503/503
f 507/507/507 250/250/250 508/508/508
f 509/509/509 439/439/439 438/438/438
f 510/510/510 511/511/511 512/512/512
f 513/513/513 417/417/417 514/514/514
f 515/515/515 516/516/516 517/517/517
f 32/32/32 465/465/465 33/33/33
f 357/357/357 489/489/489 358/358/358
f 518/518/518 519/519/519 520/520/520
f 360/360/360 359/359/359 196/196/196
f 521/521/521 522/522/522 523/523/523
f 96/96/96 524/524/524 525/525/525
f 97/97/97 99/99/99 526/526/526
f 527/527/527 528/528/528 529/529/529
f 278/278/278 530/530/530 531/531/531
f 532/532/532 533/533/533 534/534/534
f 535/535/535 536/536/536 537/537/537
f 538/538/538 539/539/539 540/540/540
f 335/335/335 541/541/541 542/542/542
f 543/543/543 347/347/347 544/544/544
f 545/545/545 203/203/203 546/546/546
f 547/547/547 545/545/545 546/546/546
f 329/329/329 548/548/548 549/549/549
f 550/550/550 192/192/192 194/194/194
f 551/551/551 552/552/552 427/427/427
f 424/424/424 423/423/423 199/199/199
f 553/553/553 554/554/554 112/112/112
f 518/518/518 520/520/520 555/555/555
f 556/556/556 557/557/557 558/558/558
f 559/559/559 560/560/560 561/561/561
f 183/183/183 562/562/562 184/184/184
f 563/563/563 564/564/564 565/565/565
f 390/390/390 389/389/389 566/566/566
f 567/567/567 568/568/568 569/569/569
f 570/570/570 571/571/571 572/572/572
f 573/573/573 574/574/574 259/259/259
f 575/575/575 576/576/576 577/577/577
f 99/99/99 563/563/563 565/565/565
f 529/529/529 578/578/578 579/579/579
f 4/4/4 580/580/580 581/581/581
f 582/582/582 583/583/583 584/584/584
f 36/36/36 585/585/585 586/586/586
f 587/587/587 148/148/148 588/588/588
f 589/589/589 584/584/584 590/590/590
f 591/591/591 592/592/592 593/593/593
f 587/587/587 36/36/36 586/586/586
f 289/289/289 291/291/291 594/594/594
f 75/75/75 74/74/74 289/289/289
f 447/447/447 595/595/595 448/448/448
f 34/34/34 36/36/36 596/596/596
f 597/597/597 598/598/598 599/599/599
f 62/62/62 600/600/600 601/601/601
f 602/602/602 603/603/603 604/604/604
f 304/304/304 605/605/605 606/606/606
f 607/607/607 608/608/608 609/609/609
f 610/610/610 611/611/611 612/612/612
f 50/50/50 108/108/108 107/107/107
f 613/613/613 101/101/101 614/614/614
f 615/615/615 616/616/616 617/617/617
f 618/618/618 619/619/619 344/344/344
f 620/620/620 246/246/246 621/621/621
f 171/171/171 622/622/622 310/310/310
f 623/623/623 166/166/166 491/491/491
f 549/549/549 624/624/624 329/329/329
f 625/625/625 626/626/626 627/627/627
f 600/600/600 628/628/628 601/601/601
f 629/629/629 630/630/630 631/631/631
f 632/632/632 633/633/633 634/634/634
f 635/635/635 636/636/636 637/637/637
f 148/148/148 638/638/638 588/588/588
f 635/635/635 639/639/639 640/640/640
f 641/641/641 564/564/564 642/642/642
f 643/643/643 644/644/644 645/645/645
f 269/269/269 141/141/141 457/457/457
f 646/646/646 18/18/18 647/647/647
f 648/648/648 649/649/649 163/163/163
f 650/650/650 651/651/651 652/652/652
f 487/487/487 653/653/653 654/654/654
f 655/655/655 654/654/654 651/651/651
f 142/142/142 656/656/656 657/657/657
f 81/81/81 80/80/80 658/658/658
f 659/659/659 263/263/263 265/265/265
f 93/93/93 660/660/660 661/661/661
f 364/364/364 662/662/662 663/663/663
f 664/664/664 665/665/665 666/666/666
f 667/667/667 668/668/668 669/669/669
f 670/670/670 671/671/671 311/311/311
f 672/672/672 673/673/673 674/674/674
f 675/675/675 310/310/310 622/622/622
f 670/670/670 676/676/676 677/677/677
f 678/678/678 17/17/17 679/679/679
f 128/128/128 229/229/229 129/129/129
f 680/680/680 518/518/518 555/555/555
f 176/176/176 681/681/681 682/682/682
f 489/489/489 3/3/3 2/2/2
f 683/683/683 44/44/44 684/684/684
f 671/671/671 685/685/685 44/44/44
f 686/686/686 208/208/208 207/207/207
f 100/100/100 339/339/339 341/341/341
f 610/610/610 687/687/687 611/611/611
f 688/688/688 689/689/689 690/690/690
f 194/194/194 691/691/691 550/550/550
f 692/692/692 693/693/693 694/694/694
f 695/695/695 649/649/649 648/648/648
f 696/696/696 697/697/697 410/410/410
f 153/153/153 187/187/187 186/186/186
f 698/698/698 699/699/699 700/700/700
f 656/656/656 142/142/142 701/701/701
f 702/702/702 492/492/492 68/68/68
f 703/703/703 704/704/704 303/303/303
f 119/119/119 399/399/399 401/401/401
f 485/485/485 705/705/705 706/706/706
f 226/226/226 707/707/707 227/227/227
f 705/705/705 708/708/708 707/707/707
f 449/449/449 709/709/709 710/710/710
f 665/665/665 711/711/711 509/509/509
f 712/712/712 713/713/713 714/714/714
f 715/715/715 716/716/716 245/245/245
f 159/159/159 717/717/717 718/718/718
f 719/719/719 720/720/720 155/155/155
f 721/721/721 633/633/633 632/632/632
f 722/722/722 70/70/70 723/723/723
f 706/706/706 705/705/705 724/724/724
f 133/133/133 132/132/132 388/388/388
f 725/725/725 726/726/726 727/727/727
f 728/728/728 324/324/324 729/729/729
f 324/324/324 728/728/728 730/730/730
f 643/643/643 731/731/731 644/644/644
f 731/731/731 497/497/497 732/732/732
f 733/733/733 734/734/734 314/314/314
f 733/733/733 314/314/314 313/313/313
f 268/268/268 270/270/270 219/219/219
f 592/592/592 591/591/591 378/378/378
f 569/569/569 568/568/568 735/735/735
f 736/736/736 82/82/82 737/737/737
f 738/738/738 667/667/667 669/669/669
f 739/739/739 109/109/109 740/740/740
f 741/741/741 742/742/742 743/743/743
f 42/42/42 41/41/41 741/741/741
f 744/744/744 533/533/533 532/532/532
f 745/745/745 279/279/279 235/235/235
f 746/746/746 747/747/747 748/748/748
f 747/747/747 749/749/749 750/750/750
f 751/751/751 748/748/748 752/752/752
f 753/753/753 754/754/754 24/24/24
f 678/678/678 679/679/679 755/755/755
f 756/756/756 757/757/757 758/758/758
f 759/759/759 695/695/695 760/760/760
f 461/461/461 761/761/761 462/462/462
f 359/359/359 762/762/762 763/763/763
f 764/764/764 765/765/765 766/766/766
f 693/693/693 692/692/692 767/767/767
f 768/768/768 769/769/769 770/770/770
f 771/771/771 558/558/558 557/557/557
f 381/381/381 386/386/386 772/772/772
f 773/773/773 534/534/534 774/774/774
f 775/775/775 776/776/776 534/534/534
f 777/777/777 468/468/468 778/778/778
f 474/474/474 478/478/478 777/777/777
f 779/779/779 657/657/657 780/780/780
f 781/781/781 721/721/721 636/636/636
f 147/147/147 636/636/636 635/635/635
f 138/138/138 782/782/782 781/781/781
f 783/783/783 784/784/784 374/374/374
f 282/282/282 785/785/785 283/283/283
f 19/19/19 18/18/18 646/646/646
f 786/786/786 787/787/787 672/672/672
f 455/455/455 788/788/788 456/456/456
f 242/242/242 244/244/244 168/168/168
f 720/720/720 719/719/719 300/300/300
f 54/54/54 256/256/256 789/789/789
f 535/535/535 696/696/696 790/790/790
f 435/435/435 791/791/791 432/432/432
f 792/792/792 432/432/432 791/791/791
f 793/793/793 794/794/794 795/795/795
f 89/89/89 85/85/85 796/796/796
f 337/337/337 336/336/336 797/797/797
f 433/433/433 435/435/435 798/798/798
f 799/799/799 118/118/118 117/117/117
f 800/800/800 801/801/801 802/802/802
f 538/538/538 803/803/803 539/539/539
f 801/801/801 800/800/800 804/804/804
f 673/673/673 672/672/672 677/677/677
f 805/805/805 677/677/677 676/676/676
f 806/806/806 807/807/807 504/504/504
f 228/228/228 505/505/505 129/129/129
f 442/442/442 808/808/808 809/809/809
f 808/808/808 595/595/595 810/810/810
f 7/7/7 531/531/531 8/8/8
f 811/811/811 812/812/812 7/7/7
f 425/425/425 427/427/427 552/552/552
f 813/813/813 123/123/123 814/814/814
f 490/490/490 2/2/2 464/464/464
f 490/490/490 464/464/464 487/487/487
f 435/435/435 434/434/434 815/815/815
f 792/792/792 816/816/816 488/488/488
f 355/355/355 354/354/354 817/817/817
f 817/817/817 818/818/818 819/819/819
f 221/221/221 820/820/820 392/392/392
f 821/821/821 788/788/788 822/822/822
f 823/823/823 454/454/454 456/456/456
f 822/822/822 824/824/824 821/821/821
f 607/607/607 825/825/825 826/826/826
f 414/414/414 577/577/577 576/576/576
f 450/450/450 453/453/453 827/827/827
f 828/828/828 800/800/800 829/829/829
f 830/830/830 831/831/831 832/832/832
f 292/292/292 294/294/294 831/831/831
f 379/379/379 147/147/147 146/146/146
f 833/833/833 136/136/136 138/138/138
f 660/660/660 834/834/834 814/814/814
f 660/660/660 814/814/814 661/661/661
f 715/715/715 245/245/245 835/835/835
f 175/175/175 836/836/836 176/176/176
f 687/687/687 598/598/598 611/611/611
f 609/609/609 608/608/608 611/611/611
f 837/837/837 838/838/838 839/839/839
f 60/60/60 840/840/840 436/436/436
f 841/841/841 59/59/59 264/264/264
f 580/580/580 842/842/842 582/582/582
f 582/582/582 581/581/581 580/580/580
f 528/528/528 843/843/843 529/529/529
f 844/844/844 845/845/845 846/846/846
f 847/847/847 843/843/843 848/848/848
f 204/204/204 849/849/849 847/847/847
f 244/244/244 243/243/243 850/850/850
f 168/168/168 244/244/244 397/397/397
f 851/851/851 54/54/54 469/469/469
f 46/46/46 48/48/48 467/467/467
f 623/623/623 491/491/491 604/604/604
f 852/852/852 214/214/214 213/213/213
f 77/77/77 826/826/826 825/825/825
f 853/853/853 854/854/854 855/855/855
f 856/856/856 787/787/787 857/857/857
f 755/755/755 679/679/679 758/758/758
f 858/858/858 448/448/448 859/859/859
f 860/860/860 858/858/858 859/859/859
f 861/861/861 467/467/467 48/48/48
f 48/48/48 104/104/104 103/103/103
f 738/738/738 253/253/253 862/862/862
f 173/173/173 862/862/862 174/174/174
f 823/823/823 863/863/863 864/864/864
f 806/806/806 865/865/865 807/807/807
f 866/866/866 867/867/867 868/868/868
f 783/783/783 867/867/867 866/866/866
f 345/345/345 471/471/471 869/869/869
f 334/334/334 345/345/345 869/869/869
f 747/747/747 750/750/750 641/641/641
f 750/750/750 564/564/564 641/641/641
f 787/787/787 19/19/19 646/646/646
f 646/646/646 870/870/870 273/273/273
f 871/871/871 793/793/793 872/872/872
f 873/873/873 89/89/89 796/796/796
f 874/874/874 371/371/371 373/373/373
f 874/874/874 373/373/373 500/500/500
f 875/875/875 329/329/329 328/328/328
f 876/876/876 877/877/877 329/329/329
f 80/80/80 737/737/737 878/878/878
f 80/80/80 736/736/736 737/737/737
f 11/11/11 879/879/879 12/12/12
f 880/880/880 761/761/761 461/461/461
f 881/881/881 722/722/722 723/723/723
f 882/882/882 883/883/883 884/884/884
f 178/178/178 352/352/352 157/157/157
f 885/885/885 817/817/817 352/352/352
f 178/178/178 885/885/885 352/352/352
f 615/615/615 107/107/107 106/106/106
f 886/886/886 887/887/887 262/262/262
f 185/185/185 888/888/888 725/725/725
f 889/889/889 890/890/890 729/729/729
f 658/658/658 80/80/80 878/878/878
f 604/604/604 491/491/491 798/798/798
f 891/891/891 892/892/892 893/893/893
f 894/894/894 895/895/895 216/216/216
f 418/418/418 628/628/628 420/420/420
f 503/503/503 506/506/506 496/496/496
f 27/27/27 26/26/26 22/22/22
f 582/582/582 842/842/842 896/896/896
f 897/897/897 898/898/898 899/899/899
f 900/900/900 200/200/200 422/422/422
f 515/515/515 901/901/901 902/902/902
f 903/903/903 515/515/515 743/743/743
f 188/188/188 904/904/904 413/413/413
f 905/905/905 906/906/906 907/907/907
f 907/907/907 908/908/908 905/905/905
f 344/344/344 909/909/909 342/342/342
f 910/910/910 159/159/159 718/718/718
f 855/855/855 854/854/854 911/911/911
f 420/420/420 628/628/628 600/600/600
f 912/912/912 39/39/39 913/913/913
f 596/596/596 36/36/36 638/638/638
f 914/914/914 714/714/714 716/716/716
f 248/248/248 915/915/915 916/916/916
f 629/629/629 917/917/917 630/630/630
f 672/672/672 918/918/918 685/685/685
f 672/672/672 685/685/685 677/677/677
f 919/919/919 917/917/917 629/629/629
f 920/920/920 161/161/161 921/921/921
f 331/331/331 301/301/301 201/201/201
f 922/922/922 299/299/299 298/298/298
f 451/451/451 923/923/923 452/452/452
f 924/924/924 925/925/925 923/923/923
f 301/301/301 926/926/926 302/302/302
f 48/48/48 927/927/927 104/104/104
f 520/520/520 928/928/928 555/555/555
f 2/2/2 490/490/490 489/489/489
f 108/108/108 929/929/929 713/713/713
f 613/613/613 930/930/930 931/931/931
f 49/49/49 339/339/339 50/50/50
f 713/713/713 929/929/929 932/932/932
f 123/123/123 933/933/933 124/124/124
f 121/121/121 266/266/266 122/122/122
f 687/687/687 934/934/934 598/598/598
f 191/191/191 935/935/935 936/936/936
f 937/937/937 832/832/832 223/223/223
f 865/865/865 806/806/806 938/938/938
f 830/830/830 939/939/939 831/831/831
f 831/831/831 940/940/940 292/292/292
f 650/650/650 652/652/652 941/941/941
f 942/942/942 353/353/353 355/355/355
f 178/178/178 942/942/942 943/943/943
f 756/756/756 758/758/758 944/944/944
f 756/756/756 944/944/944 843/843/843
f 579/579/579 527/527/527 529/529/529
f 308/308/308 945/945/945 309/309/309
f 187/187/187 907/907/907 188/188/188
f 188/188/188 907/907/907 904/904/904
f 469/469/469 189/189/189 191/191/191
f 777/777/777 778/778/778 469/469/469
f 754/754/754 753/753/753 946/946/946
f 754/754/754 752/752/752 947/947/947
f 946/946/946 753/753/753 888/888/888
f 725/725/725 888/888/888 726/726/726
f 948/948/948 949/949/949 950/950/950
f 951/951/951 952/952/952 953/953/953
f 954/954/954 952/952/952 951/951/951
f 593/593/593 272/272/272 591/591/591
f 586/586/586 955/955/955 956/956/956
f 957/957/957 663/663/663 662/662/662
f 958/958/958 959/959/959 960/960/960
f 64/64/64 66/66/66 954/954/954
f 403/403/403 406/406/406 961/961/961
f 370/370/370 962/962/962 960/960/960
f 370/370/370 369/369/369 963/963/963
f 406/406/406 403/403/403 404/404/404
f 152/152/152 154/154/154 403/403/403
f 620/620/620 614/614/614 101/101/101
f 964/964/964 309/309/309 675/675/675
f 965/965/965 825/825/825 607/607/607
f 274/274/274 825/825/825 965/965/965
f 683/683/683 966/966/966 967/967/967
f 968/968/968 969/969/969 970/970/970
f 684/684/684 918/918/918 211/211/211
f 967/967/967 966/966/966 35/35/35
f 211/211/211 918/918/918 212/212/212
f 787/787/787 646/646/646 971/971/971
f 521/521/521 972/972/972 522/522/522
f 356/356/356 973/973/973 522/522/522
f 974/974/974 281/281/281 280/280/280
f 135/135/135 974/974/974 975/975/975
f 976/976/976 61/61/61 63/63/63
f 974/974/974 977/977/977 978/978/978
f 441/441/441 979/979/979 172/172/172
f 980/980/980 170/170/170 169/169/169
f 981/981/981 236/236/236 982/982/982
f 474/474/474 983/983/983 982/982/982
f 617/617/617 616/616/616 984/984/984
f 985/985/985 986/986/986 156/156/156
f 332/332/332 987/987/987 333/333/333
f 717/717/717 333/333/333 718/718/718
f 988/988/988 989/989/989 349/349/349
f 988/988/988 333/333/333 990/990/990
f 465/465/465 991/991/991 992/992/992
f 993/993/993 994/994/994 902/902/902
f 995/995/995 994/994/994 996/996/996
f 997/997/997 996/996/996 652/652/652
f 448/448/448 858/858/858 446/446/446
f 43/43/43 998/998/998 44/44/44
f 18/18/18 999/999/999 647/647/647
f 17/17/17 130/130/130 18/18/18
f 994/994/994 941/941/941 652/652/652
f 927/927/927 827/827/827 104/104/104
f 453/453/453 104/104/104 827/827/827
f 245/245/245 621/621/621 246/246/246
f 716/716/716 621/621/621 245/245/245
f 828/828/828 1000/1000/1000 114/114/114
f 1001/1001/1001 922/922/922 298/298/298
f 1002/1002/1002 1003/1003/1003 933/933/933
f 291/291/291 1004/1004/1004 594/594/594
f 176/176/176 682/682/682 764/764/764
f 177/177/177 176/176/176 819/819/819
f 238/238/238 237/237/237 1005/1005/1005
f 121/121/121 1006/1006/1006 266/266/266
f 198/198/198 122/122/122 1007/1007/1007
f 122/122/122 267/267/267 1008/1008/1008
f 698/698/698 700/700/700 1009/1009/1009
f 728/728/728 729/729/729 890/890/890
f 1010/1010/1010 874/874/874 501/501/501
f 501/501/501 874/874/874 502/502/502
f 1011/1011/1011 325/325/325 444/444/444
f 837/837/837 840/840/840 1012/1012/1012
f 572/572/572 512/512/512 570/570/570
f 511/511/511 81/81/81 512/512/512
f 31/31/31 1013/1013/1013 1014/1014/1014
f 110/110/110 109/109/109 739/739/739
f 559/559/559 1015/1015/1015 560/560/560
f 1016/1016/1016 1017/1017/1017 261/261/261
f 1018/1018/1018 559/559/559 561/561/561
f 182/182/182 749/749/749 747/747/747
f 836/836/836 681/681/681 176/176/176
f 1019/1019/1019 733/733/733 681/681/681
f 1020/1020/1020 934/934/934 687/687/687
f 477/477/477 936/936/936 475/475/475
f 1021/1021/1021 687/687/687 1022/1022/1022
f 1020/1020/1020 687/687/687 1021/1021/1021
f 696/696/696 14/14/14 697/697/697
f 16/16/16 153/153/153 14/14/14
f 170/170/170 622/622/622 171/171/171
f 246/246/246 316/316/316 247/247/247
f 602/602/602 604/604/604 1023/1023/1023
f 491/491/491 433/433/433 798/798/798
f 1024/1024/1024 257/257/257 851/851/851
f 1024/1024/1024 1025/1025/1025 257/257/257
f 852/852/852 566/566/566 214/214/214
f 214/214/214 513/513/513 514/514/514
f 765/765/765 518/518/518 680/680/680
f 682/682/682 313/313/313 315/315/315
f 766/766/766 765/765/765 680/680/680
f 680/680/680 1026/1026/1026 1027/1027/1027
f 875/875/875 876/876/876 329/329/329
f 1028/1028/1028 692/692/692 1029/1029/1029
f 94/94/94 1030/1030/1030 95/95/95
f 1020/1020/1020 935/935/935 1031/1031/1031
f 190/190/190 189/189/189 413/413/413
f 554/554/554 520/520/520 112/112/112
f 519/519/519 42/42/42 520/520/520
f 177/177/177 819/819/819 818/818/818
f 818/818/818 248/248/248 177/177/177
f 394/394/394 393/393/393 395/395/395
f 352/352/352 351/351/351 157/157/157
f 1032/1032/1032 628/628/628 894/894/894
f 601/601/601 628/628/628 626/626/626
f 556/556/556 88/88/88 180/180/180
f 1015/1015/1015 556/556/556 560/560/560
f 844/844/844 846/846/846 1033/1033/1033
f 1034/1034/1034 341/341/341 1035/1035/1035
f 543/543/543 541/541/541 1036/1036/1036
f 544/544/544 541/541/541 543/543/543
f 24/24/24 10/10/10 134/134/134
f 24/24/24 754/754/754 811/811/811
f 1037/1037/1037 295/295/295 297/297/297
f 897/897/897 1038/1038/1038 898/898/898
f 1038/1038/1038 1039/1039/1039 1040/1040/1040
f 620/620/620 101/101/101 964/964/964
f 100/100/100 307/307/307 101/101/101
f 964/964/964 675/675/675 620/620/620
f 620/620/620 675/675/675 1041/1041/1041
f 473/473/473 46/46/46 1042/1042/1042
f 1043/1043/1043 47/47/47 46/46/46
f 1044/1044/1044 1045/1045/1045 333/333/333
f 1045/1045/1045 1044/1044/1044 909/909/909
f 147/147/147 635/635/635 148/148/148
f 148/148/148 635/635/635 640/640/640
f 979/979/979 173/173/173 172/172/172
f 1046/1046/1046 1047/1047/1047 711/711/711
f 567/567/567 417/417/417 513/513/513
f 895/895/895 418/418/418 417/417/417
f 490/490/490 487/487/487 948/948/948
f 490/490/490 792/792/792 488/488/488
f 952/952/952 432/432/432 953/953/953
f 792/792/792 950/950/950 432/432/432
f 435/435/435 432/432/432 431/431/431
f 798/798/798 435/435/435 431/431/431
f 977/977/977 1048/1048/1048 233/233/233
f 977/977/977 233/233/233 978/978/978
f 463/463/463 903/903/903 740/740/740
f 993/993/993 902/902/902 901/901/901
f 497/497/497 1049/1049/1049 732/732/732
f 497/497/497 1050/1050/1050 1049/1049/1049
f 150/150/150 149/149/149 1051/1051/1051
f 1052/1052/1052 229/229/229 128/128/128
f 645/645/645 644/644/644 1053/1053/1053
f 1054/1054/1054 368/368/368 1055/1055/1055
f 1055/1055/1055 368/368/368 367/367/367
f 53/53/53 52/52/52 1056/1056/1056
f 189/189/189 407/407/407 413/413/413
f 483/483/483 893/893/893 892/892/892
f 650/650/650 655/655/655 651/651/651
f 761/761/761 880/880/880 1057/1057/1057
f 375/375/375 377/377/377 795/795/795
f 783/783/783 1058/1058/1058 375/375/375
f 940/940/940 1059/1059/1059 292/292/292
f 874/874/874 500/500/500 502/502/502
f 591/591/591 272/272/272 268/268/268
f 268/268/268 219/219/219 1060/1060/1060
f 470/470/470 534/534/534 471/471/471
f 775/775/775 534/534/534 1061/1061/1061
f 359/359/359 361/361/361 762/762/762
f 819/819/819 176/176/176 1062/1062/1062
f 1063/1063/1063 195/195/195 197/197/197
f 1064/1064/1064 192/192/192 550/550/550
f 362/362/362 364/364/364 293/293/293
f 779/779/779 1065/1065/1065 657/657/657
f 1065/1065/1065 144/144/144 143/143/143
f 82/82/82 84/84/84 737/737/737
f 656/656/656 780/780/780 657/657/657
f 338/338/338 432/432/432 952/952/952
f 425/425/425 552/552/552 1066/1066/1066
f 1067/1067/1067 813/813/813 1068/1068/1068
f 286/286/286 237/237/237 287/287/287
f 539/539/539 803/803/803 226/226/226
f 226/226/226 117/117/117 707/707/707
f 1067/1067/1067 1069/1069/1069 1070/1070/1070
f 1002/1002/1002 933/933/933 123/123/123
f 239/239/239 883/883/883 882/882/882
f 239/239/239 241/241/241 883/883/883
f 670/670/670 311/311/311 310/310/310
f 310/310/310 676/676/676 670/670/670
f 1071/1071/1071 989/989/989 1072/1072/1072
f 335/335/335 542/542/542 334/334/334
f 1071/1071/1071 1072/1072/1072 544/544/544
f 349/349/349 544/544/544 347/347/347
f 1073/1073/1073 1074/1074/1074 924/924/924
f 924/924/924 1074/1074/1074 925/925/925
f 220/220/220 824/824/824 221/221/221
f 823/823/823 456/456/456 1075/1075/1075
f 823/823/823 824/824/824 220/220/220
f 457/457/457 270/270/270 269/269/269
f 994/994/994 652/652/652 996/996/996
f 462/462/462 761/761/761 941/941/941
f 297/297/297 296/296/296 67/67/67
f 876/876/876 875/875/875 1076/1076/1076
f 876/876/876 1076/1076/1076 694/694/694
f 808/808/808 810/810/810 1077/1077/1077
f 439/439/439 1077/1077/1077 440/440/440
f 1078/1078/1078 1079/1079/1079 1009/1009/1009
f 1011/1011/1011 1078/1078/1078 325/325/325
f 1021/1021/1021 1022/1022/1022 690/690/690
f 233/233/233 232/232/232 1080/1080/1080
f 1081/1081/1081 12/12/12 110/110/110
f 1082/1082/1082 1081/1081/1081 634/634/634
f 94/94/94 96/96/96 290/290/290
f 962/962/962 96/96/96 662/662/662
f 30/30/30 1013/1013/1013 31/31/31
f 634/634/634 1081/1081/1081 110/110/110
f 833/833/833 1083/1083/1083 136/136/136
f 833/833/833 636/636/636 147/147/147
f 172/172/172 980/980/980 441/441/441
f 172/172/172 1084/1084/1084 479/479/479
f 1085/1085/1085 479/479/479 1084/1084/1084
f 1019/1019/1019 1085/1085/1085 1084/1084/1084
f 486/486/486 892/892/892 405/405/405
f 404/404/404 486/486/486 405/405/405
f 891/891/891 405/405/405 892/892/892
f 495/495/495 494/494/494 732/732/732
f 644/644/644 494/494/494 1053/1053/1053
f 1086/1086/1086 97/97/97 1087/1087/1087
f 1086/1086/1086 430/430/430 1088/1088/1088
f 548/548/548 166/166/166 549/549/549
f 549/549/549 166/166/166 623/623/623
f 91/91/91 868/868/868 92/92/92
f 92/92/92 324/324/324 730/730/730
f 1073/1073/1073 924/924/924 159/159/159
f 159/159/159 158/158/158 1073/1073/1073
f 241/241/241 327/327/327 883/883/883
f 875/875/875 328/328/328 327/327/327
f 875/875/875 327/327/327 1089/1089/1089
f 1028/1028/1028 1029/1029/1029 1090/1090/1090
f 272/272/272 593/593/593 1091/1091/1091
f 273/273/273 272/272/272 1091/1091/1091
f 400/400/400 1092/1092/1092 401/401/401
f 1092/1092/1092 1028/1028/1028 1090/1090/1090
f 968/968/968 683/683/683 1093/1093/1093
f 1094/1094/1094 43/43/43 45/45/45
f 770/770/770 400/400/400 399/399/399
f 1095/1095/1095 692/692/692 1028/1028/1028
f 831/831/831 294/294/294 1096/1096/1096
f 898/898/898 1097/1097/1097 899/899/899
f 1038/1038/1038 1040/1040/1040 898/898/898
f 453/453/453 1098/1098/1098 829/829/829
f 105/105/105 453/453/453 802/802/802
f 740/740/740 903/903/903 743/743/743
f 250/250/250 740/740/740 251/251/251
f 1099/1099/1099 1100/1100/1100 963/963/963
f 284/284/284 963/963/963 369/369/369
f 322/322/322 571/571/571 323/323/323
f 658/658/658 571/571/571 570/570/570
f 881/881/881 239/239/239 722/722/722
f 1101/1101/1101 240/240/240 239/239/239
f 1092/1092/1092 482/482/482 481/481/481
f 1092/1092/1092 1090/1090/1090 240/240/240
f 82/82/82 389/389/389 391/391/391
f 735/735/735 568/568/568 389/389/389
f 1052/1052/1052 128/128/128 17/17/17
f 128/128/128 130/130/130 17/17/17
f 211/211/211 210/210/210 35/35/35
f 35/35/35 684/684/684 211/211/211
f 72/72/72 1102/1102/1102 70/70/70
f 972/972/972 1103/1103/1103 356/356/356
f 988/988/988 990/990/990 989/989/989
f 989/989/989 547/547/547 1104/1104/1104
f 999/999/999 271/271/271 647/647/647
f 870/870/870 271/271/271 273/273/273
f 359/359/359 1103/1103/1103 972/972/972
f 372/372/372 958/958/958 373/373/373
f 362/362/362 958/958/958 960/960/960
f 472/472/472 774/774/774 473/473/473
f 473/473/473 1043/1043/1043 46/46/46
f 1105/1105/1105 440/440/440 1106/1106/1106
f 1107/1107/1107 1108/1108/1108 1109/1109/1109
f 672/672/672 674/674/674 786/786/786
f 944/944/944 758/758/758 578/578/578
f 1110/1110/1110 1105/1105/1105 1111/1111/1111
f 31/31/31 1014/1014/1014 507/507/507
f 153/153/153 1112/1112/1112 187/187/187
f 319/319/319 1113/1113/1113 320/320/320
f 1114/1114/1114 597/597/597 599/599/599
f 577/577/577 1115/1115/1115 1116/1116/1116
f 1025/1025/1025 255/255/255 257/257/257
f 803/803/803 538/538/538 1117/1117/1117
f 789/789/789 256/256/256 540/540/540
f 540/540/540 1118/1118/1118 538/538/538
f 1119/1119/1119 797/797/797 336/336/336
f 604/604/604 798/798/798 1120/1120/1120
f 658/658/658 323/323/323 571/571/571
f 323/323/323 658/658/658 889/889/889
f 898/898/898 590/590/590 1097/1097/1097
f 590/590/590 584/584/584 583/583/583
f 582/582/582 896/896/896 899/899/899
f 582/582/582 899/899/899 583/583/583
f 480/480/480 253/253/253 40/40/40
f 314/314/314 1121/1121/1121 1122/1122/1122
f 1123/1123/1123 737/737/737 780/780/780
f 737/737/737 1123/1123/1123 878/878/878
f 569/569/569 79/79/79 510/510/510
f 79/79/79 736/736/736 80/80/80
f 793/793/793 795/795/795 377/377/377
f 872/872/872 793/793/793 1054/1054/1054
f 569/569/569 735/735/735 736/736/736
f 79/79/79 569/569/569 736/736/736
f 77/77/77 854/854/854 1124/1124/1124
f 612/612/612 611/611/611 1124/1124/1124
f 457/457/457 823/823/823 270/270/270
f 457/457/457 863/863/863 823/823/823
f 1125/1125/1125 215/215/215 275/275/275
f 419/419/419 418/418/418 421/421/421
f 840/840/840 841/841/841 1126/1126/1126
f 93/93/93 445/445/445 1126/1126/1126
f 447/447/447 970/970/970 913/913/913
f 913/913/913 970/970/970 638/638/638
f 114/114/114 1000/1000/1000 115/115/115
f 1000/1000/1000 300/300/300 115/115/115
f 493/493/493 1119/1119/1119 336/336/336
f 388/388/388 387/387/387 385/385/385
f 387/387/387 625/625/625 627/627/627
f 1127/1127/1127 259/259/259 574/574/574
f 385/385/385 387/387/387 1127/1127/1127
f 386/386/386 385/385/385 772/772/772
f 385/385/385 1127/1127/1127 1128/1128/1128
f 1129/1129/1129 659/659/659 265/265/265
f 424/424/424 1130/1130/1130 422/422/422
f 59/59/59 422/422/422 1130/1130/1130
f 58/58/58 422/422/422 59/59/59
f 808/808/808 1077/1077/1077 809/809/809
f 809/809/809 1077/1077/1077 439/439/439
f 496/496/496 495/495/495 1131/1131/1131
f 126/126/126 1049/1049/1049 1050/1050/1050
f 796/796/796 871/871/871 873/873/873
f 285/285/285 873/873/873 871/871/871
f 769/769/769 850/850/850 767/767/767
f 397/397/397 244/244/244 850/850/850
f 396/396/396 1064/1064/1064 550/550/550
f 396/396/396 550/550/550 693/693/693
f 378/378/378 146/146/146 1132/1132/1132
f 146/146/146 148/148/148 587/587/587
f 974/974/974 280/280/280 977/977/977
f 745/745/745 1048/1048/1048 977/977/977
f 340/340/340 1133/1133/1133 341/341/341
f 1133/1133/1133 1036/1036/1036 341/341/341
f 499/499/499 1050/1050/1050 497/497/497
f 88/88/88 459/459/459 180/180/180
f 225/225/225 537/537/537 254/254/254
f 536/536/536 254/254/254 537/537/537
f 15/15/15 404/404/404 1134/1134/1134
f 404/404/404 403/403/403 1134/1134/1134
f 822/822/822 788/788/788 820/820/820
f 805/805/805 579/579/579 677/677/677
f 945/945/945 579/579/579 309/309/309
f 288/288/288 287/287/287 73/73/73
f 800/800/800 799/799/799 117/117/117
f 114/114/114 800/800/800 828/828/828
f 847/847/847 1135/1135/1135 843/843/843
f 1136/1136/1136 843/843/843 1135/1135/1135
f 848/848/848 843/843/843 528/528/528
f 209/209/209 848/848/848 528/528/528
f 1137/1137/1137 1138/1138/1138 1139/1139/1139
f 1140/1140/1140 1141/1141/1141 1142/1142/1142
f 653/653/653 996/996/996 997/997/997
f 654/654/654 653/653/653 997/997/997
f 190/190/190 413/413/413 1031/1031/1031
f 413/413/413 1143/1143/1143 1031/1031/1031
f 1143/1143/1143 1114/1114/1114 599/599/599
f 906/906/906 904/904/904 907/907/907
f 118/118/118 799/799/799 1144/1144/1144
f 768/768/768 770/770/770 399/399/399
f 1020/1020/1020 1031/1031/1031 1145/1145/1145
f 1031/1031/1031 1143/1143/1143 599/599/599
f 1113/1113/1113 319/319/319 57/57/57
f 752/752/752 748/748/748 642/642/642
f 752/752/752 98/98/98 947/947/947
f 178/178/178 943/943/943 885/885/885
f 885/885/885 355/355/355 817/817/817
f 693/693/693 767/767/767 850/850/850
f 396/396/396 693/693/693 850/850/850
f 306/306/306 4/4/4 1146/1146/1146
f 328/328/328 329/329/329 1146/1146/1146
f 981/981/981 982/982/982 1048/1048/1048
f 231/231/231 688/688/688 232/232/232
f 783/783/783 374/374/374 867/867/867
f 87/87/87 867/867/867 374/374/374
f 1147/1147/1147 1148/1148/1148 1149/1149/1149
f 1002/1002/1002 1006/1006/1006 1003/1003/1003
f 1150/1150/1150 1151/1151/1151 1149/1149/1149
f 1151/1151/1151 1147/1147/1147 1149/1149/1149
f 1004/1004/1004 291/291/291 1152/1152/1152
f 1099/1099/1099 1152/1152/1152 1100/1100/1100
f 957/957/957 525/525/525 663/663/663
f 1153/1153/1153 31/31/31 1154/1154/1154
f 1105/1105/1105 1106/1106/1106 1111/1111/1111
f 690/690/690 853/853/853 1080/1080/1080
f 1080/1080/1080 853/853/853 855/855/855
f 39/39/39 38/38/38 913/913/913
f 447/447/447 913/913/913 38/38/38
f 197/197/197 196/196/196 1155/1155/1155
f 193/193/193 1156/1156/1156 164/164/164
f 521/521/521 196/196/196 972/972/972
f 1155/1155/1155 196/196/196 1156/1156/1156
f 635/635/635 637/637/637 639/639/639
f 639/639/639 30/30/30 29/29/29
f 634/634/634 1013/1013/1013 30/30/30
f 637/637/637 30/30/30 639/639/639
f 1142/1142/1142 1157/1157/1157 1137/1137/1137
f 1158/1158/1158 1083/1083/1083 379/379/379
f 277/277/277 530/530/530 278/278/278
f 471/471/471 534/534/534 533/533/533
f 700/700/700 325/325/325 1009/1009/1009
f 1078/1078/1078 1009/1009/1009 325/325/325
f 427/427/427 424/424/424 551/551/551
f 1159/1159/1159 424/424/424 1160/1160/1160
f 1131/1131/1131 230/230/230 27/27/27
f 230/230/230 1161/1161/1161 501/501/501
f 674/674/674 1162/1162/1162 857/857/857
f 1162/1162/1162 1163/1163/1163 857/857/857
f 1164/1164/1164 1165/1165/1165 185/185/185
f 1164/1164/1164 185/185/185 725/725/725
f 877/877/877 548/548/548 329/329/329
f 194/194/194 193/193/193 164/164/164
f 575/575/575 965/965/965 576/576/576
f 965/965/965 607/607/607 576/576/576
f 575/575/575 577/577/577 1116/1116/1116
f 387/387/387 627/627/627 1127/1127/1127
f 258/258/258 259/259/259 1127/1127/1127
f 909/909/909 1044/1044/1044 348/348/348
f 348/348/348 988/988/988 349/349/349
f 627/627/627 216/216/216 218/218/218
f 627/627/627 218/218/218 1127/1127/1127
f 91/91/91 93/93/93 661/661/661
f 783/783/783 866/866/866 1058/1058/1058
f 376/376/376 375/375/375 1166/1166/1166
f 375/375/375 1058/1058/1058 282/282/282
f 1054/1054/1054 376/376/376 368/368/368
f 376/376/376 1166/1166/1166 368/368/368
f 1167/1167/1167 1168/1168/1168 1043/1043/1043
f 1169/1169/1169 1167/1167/1167 1061/1061/1061
f 1065/1065/1065 839/839/839 144/144/144
f 144/144/144 839/839/839 838/838/838
f 421/421/421 1170/1170/1170 1171/1171/1171
f 1171/1171/1171 419/419/419 421/421/421
f 935/935/935 1020/1020/1020 936/936/936
f 475/475/475 936/936/936 1020/1020/1020
f 518/518/518 1122/1122/1122 519/519/519
f 765/765/765 315/315/315 518/518/518
f 483/483/483 240/240/240 1101/1101/1101
f 1101/1101/1101 723/723/723 893/893/893
f 1132/1132/1132 1172/1172/1172 593/593/593
f 1172/1172/1172 956/956/956 593/593/593
f 432/432/432 950/950/950 953/953/953
f 279/279/279 744/744/744 235/235/235
f 531/531/531 279/279/279 8/8/8
f 175/175/175 1173/1173/1173 836/836/836
f 1085/1085/1085 1019/1019/1019 1173/1173/1173
f 995/995/995 996/996/996 992/992/992
f 515/515/515 902/902/902 516/516/516
f 252/252/252 251/251/251 1174/1174/1174
f 668/668/668 664/664/664 666/666/666
f 980/980/980 860/860/860 441/441/441
f 441/441/441 860/860/860 859/859/859
f 1174/1174/1174 666/666/666 1107/1107/1107
f 509/509/509 1108/1108/1108 1107/1107/1107
f 438/438/438 440/440/440 1105/1105/1105
f 438/438/438 1108/1108/1108 509/509/509
f 967/967/967 35/35/35 34/34/34
f 596/596/596 969/969/969 34/34/34
f 410/410/410 153/153/153 186/186/186
f 411/411/411 410/410/410 1175/1175/1175
f 262/262/262 261/261/261 1165/1165/1165
f 1017/1017/1017 1176/1176/1176 261/261/261
f 949/949/949 953/953/953 950/950/950
f 467/467/467 861/861/861 778/778/778
f 468/468/468 467/467/467 778/778/778
f 851/851/851 257/257/257 54/54/54
f 257/257/257 256/256/256 54/54/54
f 384/384/384 386/386/386 887/887/887
f 381/381/381 1177/1177/1177 386/386/386
f 425/425/425 659/659/659 1178/1178/1178
f 425/425/425 834/834/834 660/660/660
f 586/586/586 1132/1132/1132 587/587/587
f 1132/1132/1132 146/146/146 587/587/587
f 573/573/573 512/512/512 572/572/572
f 558/558/558 380/380/380 383/383/383
f 1082/1082/1082 1179/1179/1179 1081/1081/1081
f 631/631/631 759/759/759 11/11/11
f 318/318/318 403/403/403 961/961/961
f 1082/1082/1082 631/631/631 1179/1179/1179
f 452/452/452 922/922/922 1001/1001/1001
f 925/925/925 452/452/452 923/923/923
f 198/198/198 200/200/200 1180/1180/1180
f 1180/1180/1180 200/200/200 900/900/900
f 858/858/858 998/998/998 446/446/446
f 312/312/312 171/171/171 310/310/310
f 1181/1181/1181 1182/1182/1182 160/160/160
f 986/986/986 1181/1181/1181 156/156/156
f 618/618/618 1181/1181/1181 619/619/619
f 984/984/984 616/616/616 1181/1181/1181
f 914/914/914 712/712/712 714/714/714
f 354/354/354 353/353/353 916/916/916
f 949/949/949 951/951/951 953/953/953
f 65/65/65 64/64/64 949/949/949
f 23/23/23 753/753/753 24/24/24
f 888/888/888 753/753/753 23/23/23
f 470/470/470 1061/1061/1061 534/534/534
f 1061/1061/1061 470/470/470 546/546/546
f 684/684/684 685/685/685 918/918/918
f 684/684/684 44/44/44 685/685/685
f 727/727/727 133/133/133 388/388/388
f 131/131/131 133/133/133 727/727/727
f 458/458/458 558/558/558 89/89/89
f 89/89/89 558/558/558 383/383/383
f 917/917/917 921/921/921 695/695/695
f 704/704/704 702/702/702 303/303/303
f 1183/1183/1183 1023/1023/1023 702/702/702
f 204/204/204 276/276/276 205/205/205
f 276/276/276 204/204/204 334/334/334
f 606/606/606 702/702/702 704/704/704
f 304/304/304 606/606/606 305/305/305
f 1061/1061/1061 1167/1167/1167 775/775/775
f 775/775/775 1167/1167/1167 776/776/776
f 424/424/424 199/199/199 551/551/551
f 1008/1008/1008 1007/1007/1007 122/122/122
f 1184/1184/1184 278/278/278 429/429/429
f 278/278/278 531/531/531 429/429/429
f 4/4/4 6/6/6 328/328/328
f 328/328/328 1146/1146/1146 4/4/4
f 1034/1034/1034 308/308/308 307/307/307
f 308/308/308 1034/1034/1034 686/686/686
f 1034/1034/1034 1035/1035/1035 686/686/686
f 1033/1033/1033 208/208/208 686/686/686
f 553/553/553 1/1/1 554/554/554
f 1026/1026/1026 928/928/928 3/3/3
f 481/481/481 724/724/724 705/705/705
f 119/119/119 401/401/401 705/705/705
f 12/12/12 461/461/461 109/109/109
f 12/12/12 879/879/879 461/461/461
f 865/865/865 938/938/938 863/863/863
f 139/139/139 865/865/865 140/140/140
f 132/132/132 976/976/976 601/601/601
f 132/132/132 601/601/601 626/626/626
f 770/770/770 769/769/769 1095/1095/1095
f 770/770/770 1095/1095/1095 1028/1028/1028
f 568/568/568 567/567/567 513/513/513
f 389/389/389 568/568/568 566/566/566
f 1008/1008/1008 267/267/267 552/552/552
f 1066/1066/1066 552/552/552 1068/1068/1068
f 469/469/469 53/53/53 189/189/189
f 53/53/53 407/407/407 189/189/189
f 849/849/849 204/204/204 206/206/206
f 97/97/97 526/526/526 1087/1087/1087
f 1127/1127/1127 574/574/574 1128/1128/1128
f 382/382/382 1185/1185/1185 380/380/380
f 1158/1158/1158 136/136/136 1083/1083/1083
f 1158/1158/1158 1186/1186/1186 136/136/136
f 107/107/107 51/51/51 50/50/50
f 344/344/344 1187/1187/1187 51/51/51
f 984/984/984 344/344/344 617/617/617
f 344/344/344 51/51/51 617/617/617
f 1188/1188/1188 31/31/31 1111/1111/1111
f 31/31/31 507/507/507 1111/1111/1111
f 235/235/235 472/472/472 236/236/236
f 744/744/744 532/532/532 235/235/235
f 840/840/840 1126/1126/1126 445/445/445
f 1011/1011/1011 444/444/444 840/840/840
f 1177/1177/1177 558/558/558 771/771/771
f 872/872/872 1054/1054/1054 1055/1055/1055
f 372/372/372 366/366/366 365/365/365
f 357/357/357 1027/1027/1027 489/489/489
f 762/762/762 766/766/766 763/763/763
f 549/549/549 603/603/603 624/624/624
f 605/605/605 603/603/603 602/602/602
f 1181/1181/1181 616/616/616 156/156/156
f 156/156/156 179/179/179 157/157/157
f 421/421/421 420/420/420 1170/1170/1170
f 855/855/855 911/911/911 420/420/420
f 771/771/771 1016/1016/1016 1177/1177/1177
f 288/288/288 73/73/73 75/75/75
f 1148/1148/1148 594/594/594 1004/1004/1004
f 715/715/715 835/835/835 249/249/249
f 249/249/249 716/716/716 715/715/715
f 363/363/363 362/362/362 1189/1189/1189
f 363/363/363 1189/1189/1189 962/962/962
f 345/345/345 346/346/346 1104/1104/1104
f 546/546/546 470/470/470 345/345/345
f 1069/1069/1069 266/266/266 1070/1070/1070
f 1070/1070/1070 266/266/266 1006/1006/1006
f 589/589/589 1190/1190/1190 584/584/584
f 582/582/582 584/584/584 581/581/581
f 717/717/717 159/159/159 331/331/331
f 717/717/717 331/331/331 333/333/333
f 87/87/87 1191/1191/1191 867/867/867
f 867/867/867 1191/1191/1191 868/868/868
f 505/505/505 504/504/504 1192/1192/1192
f 505/505/505 503/503/503 504/504/504
f 788/788/788 1193/1193/1193 456/456/456
f 1075/1075/1075 456/456/456 1194/1194/1194
f 163/163/163 162/162/162 1195/1195/1195
f 655/655/655 163/163/163 654/654/654
f 1196/1196/1196 740/740/740 250/250/250
f 1013/1013/1013 1196/1196/1196 1014/1014/1014
f 811/811/811 754/754/754 812/812/812
f 1197/1197/1197 754/754/754 947/947/947
f 70/70/70 722/722/722 71/71/71
f 239/239/239 882/882/882 722/722/722
f 265/265/265 264/264/264 59/59/59
f 59/59/59 1129/1129/1129 265/265/265
f 698/698/698 1009/1009/1009 1079/1079/1079
f 889/889/889 1198/1198/1198 890/890/890
f 930/930/930 613/613/613 614/614/614
f 714/714/714 621/621/621 716/716/716
f 883/883/883 5/5/5 884/884/884
f 4/4/4 581/581/581 5/5/5
f 187/187/187 321/321/321 56/56/56
f 187/187/187 1199/1199/1199 321/321/321
f 581/581/581 884/884/884 5/5/5
f 1190/1190/1190 581/581/581 584/584/584
f 884/884/884 581/581/581 1190/1190/1190
f 71/71/71 884/884/884 72/72/72
f 515/515/515 517/517/517 111/111/111
f 32/32/32 1/1/1 553/553/553
f 782/782/782 721/721/721 781/781/781
f 703/703/703 896/896/896 704/704/704
f 1038/1038/1038 897/897/897 703/703/703
f 26/26/26 20/20/20 22/22/22
f 939/939/939 940/940/940 831/831/831
f 100/100/100 1034/1034/1034 307/307/307
f 341/341/341 1034/1034/1034 100/100/100
f 50/50/50 339/339/339 932/932/932
f 339/339/339 100/100/100 102/102/102
f 246/246/246 622/622/622 316/316/316
f 246/246/246 620/620/620 1041/1041/1041
f 694/694/694 550/550/550 691/691/691
f 550/550/550 694/694/694 693/693/693
f 999/999/999 139/139/139 141/141/141
f 999/999/999 141/141/141 271/271/271
f 742/742/742 251/251/251 743/743/743
f 251/251/251 740/740/740 743/743/743
f 991/991/991 517/517/517 516/516/516
f 989/989/989 346/346/346 1072/1072/1072
f 989/989/989 1104/1104/1104 346/346/346
f 611/611/611 598/598/598 609/609/609
f 598/598/598 597/597/597 415/415/415
f 897/897/897 899/899/899 896/896/896
f 897/897/897 896/896/896 703/703/703
f 909/909/909 1200/1200/1200 1045/1045/1045
f 344/344/344 619/619/619 909/909/909
f 135/135/135 25/25/25 24/24/24
f 135/135/135 131/131/131 727/727/727
f 653/653/653 465/465/465 996/996/996
f 996/996/996 465/465/465 992/992/992
f 183/183/183 559/559/559 562/562/562
f 1015/1015/1015 559/559/559 1176/1176/1176
f 971/971/971 273/273/273 210/210/210
f 646/646/646 273/273/273 971/971/971
f 879/879/879 880/880/880 461/461/461
f 759/759/759 760/760/760 880/880/880
f 1099/1099/1099 1201/1201/1201 1152/1152/1152
f 933/933/933 1003/1003/1003 1150/1150/1150
f 983/983/983 936/936/936 477/477/477
f 983/983/983 477/477/477 982/982/982
f 1202/1202/1202 151/151/151 378/378/378
f 1202/1202/1202 378/378/378 1203/1203/1203
f 982/982/982 477/477/477 476/476/476
f 982/982/982 476/476/476 1048/1048/1048
f 1157/1157/1157 1138/1138/1138 1137/1137/1137
f 151/151/151 1157/1157/1157 378/378/378
f 1052/1052/1052 17/17/17 678/678/678
f 750/750/750 645/645/645 564/564/564
f 217/217/217 510/510/510 259/259/259
f 567/567/567 895/895/895 417/417/417
f 213/213/213 215/215/215 1125/1125/1125
f 404/404/404 484/484/484 486/486/486
f 15/15/15 484/484/484 404/404/404
f 1056/1056/1056 408/408/408 407/407/407
f 53/53/53 1056/1056/1056 407/407/407
f 1204/1204/1204 727/727/727 388/388/388
f 886/886/886 384/384/384 887/887/887
f 1163/1163/1163 856/856/856 857/857/857
f 1163/1163/1163 758/758/758 679/679/679
f 679/679/679 17/17/17 19/19/19
f 1163/1163/1163 679/679/679 856/856/856
f 180/180/180 460/460/460 181/181/181
f 731/731/731 498/498/498 497/497/497
f 282/282/282 1058/1058/1058 785/785/785
f 866/866/866 785/785/785 1058/1058/1058
f 1184/1184/1184 205/205/205 278/278/278
f 428/428/428 430/430/430 1086/1086/1086
f 889/889/889 699/699/699 1198/1198/1198
f 656/656/656 701/701/701 878/878/878
f 359/359/359 763/763/763 1103/1103/1103
f 972/972/972 196/196/196 359/359/359
f 361/361/361 1062/1062/1062 762/762/762
f 1062/1062/1062 766/766/766 762/762/762
f 817/817/817 819/819/819 360/360/360
f 817/817/817 360/360/360 196/196/196
f 1036/1036/1036 844/844/844 1033/1033/1033
f 341/341/341 1036/1036/1036 1035/1035/1035
f 844/844/844 1036/1036/1036 541/541/541
f 844/844/844 541/541/541 335/335/335
f 747/747/747 641/641/641 748/748/748
f 748/748/748 641/641/641 642/642/642
f 1098/1098/1098 828/828/828 829/829/829
f 450/450/450 452/452/452 1001/1001/1001
f 111/111/111 517/517/517 991/991/991
f 1192/1192/1192 504/504/504 807/807/807
f 130/130/130 1192/1192/1192 139/139/139
f 1185/1185/1185 573/573/573 1205/1205/1205
f 573/573/573 572/572/572 1205/1205/1205
f 410/410/410 186/186/186 1175/1175/1175
f 1175/1175/1175 186/186/186 188/188/188
f 815/815/815 434/434/434 488/488/488
f 433/433/433 973/973/973 434/434/434
f 171/171/171 312/312/312 858/858/858
f 169/169/169 171/171/171 858/858/858
f 299/299/299 720/720/720 300/300/300
f 985/985/985 720/720/720 1206/1206/1206
f 1177/1177/1177 887/887/887 386/386/386
f 771/771/771 1017/1017/1017 1016/1016/1016
f 853/853/853 612/612/612 854/854/854
f 612/612/612 1124/1124/1124 854/854/854
f 861/861/861 48/48/48 103/103/103
f 861/861/861 103/103/103 851/851/851
f 778/778/778 851/851/851 469/469/469
f 861/861/861 851/851/851 778/778/778
f 710/710/710 173/173/173 979/979/979
f 443/443/443 449/449/449 710/710/710
f 621/621/621 614/614/614 620/620/620
f 621/621/621 930/930/930 614/614/614
f 576/576/576 607/607/607 414/414/414
f 607/607/607 415/415/415 414/414/414
f 627/627/627 1032/1032/1032 216/216/216
f 1032/1032/1032 894/894/894 216/216/216
f 633/633/633 1082/1082/1082 634/634/634
f 705/705/705 707/707/707 119/119/119
f 117/117/117 119/119/119 707/707/707
f 1120/1120/1120 798/798/798 797/797/797
f 431/431/431 797/797/797 798/798/798
f 280/280/280 745/745/745 977/977/977
f 280/280/280 279/279/279 745/745/745
f 234/234/234 745/745/745 235/235/235
f 745/745/745 981/981/981 1048/1048/1048
f 1027/1027/1027 1026/1026/1026 489/489/489
f 489/489/489 1026/1026/1026 3/3/3
f 1207/1207/1207 61/61/61 976/976/976
f 135/135/135 975/975/975 131/131/131
f 784/784/784 85/85/85 374/374/374
f 85/85/85 794/794/794 796/796/796
f 796/796/796 794/794/794 793/793/793
f 871/871/871 796/796/796 793/793/793
f 922/922/922 925/925/925 1074/1074/1074
f 922/922/922 452/452/452 925/925/925
f 924/924/924 923/923/923 331/331/331
f 159/159/159 924/924/924 331/331/331
f 62/62/62 855/855/855 600/600/600
f 600/600/600 855/855/855 420/420/420
f 290/290/290 96/96/96 962/962/962
f 370/370/370 963/963/963 962/962/962
f 962/962/962 662/662/662 363/363/363
f 662/662/662 364/364/364 363/363/363
f 109/109/109 461/461/461 463/463/463
f 109/109/109 463/463/463 740/740/740
f 1153/1153/1153 1154/1154/1154 912/912/912
f 148/148/148 640/640/640 638/638/638
f 305/305/305 606/606/606 704/704/704
f 306/306/306 305/305/305 1208/1208/1208
f 962/962/962 963/963/963 290/290/290
f 290/290/290 963/963/963 1100/1100/1100
f 249/249/249 1209/1209/1209 716/716/716
f 916/916/916 716/716/716 1209/1209/1209
f 236/236/236 472/472/472 474/474/474
f 474/474/474 982/982/982 236/236/236
f 777/777/777 469/469/469 983/983/983
f 474/474/474 777/777/777 983/983/983
f 230/230/230 502/502/502 28/28/28
f 26/26/26 28/28/28 1059/1059/1059
f 769/769/769 398/398/398 397/397/397
f 850/850/850 769/769/769 397/397/397
f 495/495/495 732/732/732 1049/1049/1049
f 1049/1049/1049 1131/1131/1131 495/495/495
f 800/800/800 114/114/114 799/799/799
f 1144/1144/1144 799/799/799 114/114/114
f 496/496/496 27/27/27 503/503/503
f 1131/1131/1131 27/27/27 496/496/496
f 969/969/969 596/596/596 970/970/970
f 596/596/596 638/638/638 970/970/970
f 390/390/390 566/566/566 852/852/852
f 420/420/420 911/911/911 1170/1170/1170
f 854/854/854 77/77/77 911/911/911
f 659/659/659 425/425/425 660/660/660
f 263/263/263 659/659/659 660/660/660
f 768/768/768 399/399/399 118/118/118
f 118/118/118 399/399/399 119/119/119
f 1088/1088/1088 430/430/430 1210/1210/1210
f 97/97/97 1210/1210/1210 98/98/98
f 240/240/240 1090/1090/1090 241/241/241
f 327/327/327 241/241/241 1089/1089/1089
f 724/724/724 892/892/892 486/486/486
f 481/481/481 483/483/483 724/724/724
f 49/49/49 340/340/340 339/339/339
f 343/343/343 348/348/348 347/347/347
f 564/564/564 1211/1211/1211 565/565/565
f 564/564/564 645/645/645 1211/1211/1211
f 757/757/757 755/755/755 758/758/758
f 1136/1136/1136 1212/1212/1212 757/757/757
f 1212/1212/1212 678/678/678 755/755/755
f 757/757/757 1212/1212/1212 755/755/755
f 671/671/671 677/677/677 685/685/685
f 671/671/671 670/670/670 677/677/677
f 311/311/311 671/671/671 44/44/44
f 311/311/311 44/44/44 998/998/998
f 806/806/806 937/937/937 938/938/938
f 21/21/21 939/939/939 937/937/937
f 1072/1072/1072 334/334/334 542/542/542
f 346/346/346 334/334/334 1072/1072/1072
f 863/863/863 938/938/938 864/864/864
f 937/937/937 223/223/223 938/938/938
f 789/789/789 540/540/540 790/790/790
f 536/536/536 540/540/540 539/539/539
f 54/54/54 789/789/789 1213/1213/1213
f 789/789/789 790/790/790 1213/1213/1213
f 864/864/864 938/938/938 223/223/223
f 222/222/222 454/454/454 1214/1214/1214
f 1019/1019/1019 1084/1084/1084 733/733/733
f 734/734/734 733/733/733 1084/1084/1084
f 60/60/60 59/59/59 841/841/841
f 60/60/60 841/841/841 840/840/840
f 96/96/96 957/957/957 662/662/662
f 96/96/96 525/525/525 957/957/957
f 532/532/532 534/534/534 773/773/773
f 235/235/235 532/532/532 472/472/472
f 1174/1174/1174 251/251/251 668/668/668
f 1174/1174/1174 668/668/668 666/666/666
f 530/530/530 744/744/744 531/531/531
f 279/279/279 531/531/531 744/744/744
f 368/368/368 1166/1166/1166 369/369/369
f 369/369/369 282/282/282 284/284/284
f 320/320/320 1113/1113/1113 1199/1199/1199
f 152/152/152 1112/1112/1112 153/153/153
f 1151/1151/1151 1005/1005/1005 1147/1147/1147
f 237/237/237 286/286/286 1005/1005/1005
f 752/752/752 642/642/642 98/98/98
f 98/98/98 642/642/642 99/99/99
f 1210/1210/1210 947/947/947 98/98/98
f 1210/1210/1210 1197/1197/1197 947/947/947
f 1210/1210/1210 430/430/430 1197/1197/1197
f 812/812/812 430/430/430 7/7/7
f 645/645/645 1052/1052/1052 1211/1211/1211
f 645/645/645 1053/1053/1053 1052/1052/1052
f 1047/1047/1047 1046/1046/1046 173/173/173
f 862/862/862 173/173/173 1046/1046/1046
f 846/846/846 845/845/845 847/847/847
f 335/335/335 204/204/204 847/847/847
f 416/416/416 597/597/597 1114/1114/1114
f 415/415/415 597/597/597 416/416/416
f 779/779/779 780/780/780 145/145/145
f 268/268/268 271/271/271 269/269/269
f 141/141/141 269/269/269 271/271/271
f 1100/1100/1100 1152/1152/1152 291/291/291
f 290/290/290 1100/1100/1100 291/291/291
f 1122/1122/1122 1121/1121/1121 519/519/519
f 519/519/519 40/40/40 42/42/42
f 79/79/79 81/81/81 511/511/511
f 510/510/510 79/79/79 511/511/511
f 108/108/108 713/713/713 712/712/712
f 108/108/108 353/353/353 942/942/942
f 353/353/353 712/712/712 914/914/914
f 108/108/108 712/712/712 353/353/353
f 142/142/142 657/657/657 143/143/143
f 1065/1065/1065 143/143/143 657/657/657
f 351/351/351 395/395/395 393/393/393
f 1215/1215/1215 1064/1064/1064 1063/1063/1063
f 579/579/579 945/945/945 527/527/527
f 209/209/209 528/528/528 527/527/527
f 209/209/209 208/208/208 848/848/848
f 846/846/846 847/847/847 848/848/848
f 195/195/195 817/817/817 196/196/196
f 1216/1216/1216 352/352/352 817/817/817
f 358/358/358 489/489/489 488/488/488
f 973/973/973 488/488/488 434/434/434
f 131/131/131 1207/1207/1207 976/976/976
f 976/976/976 132/132/132 131/131/131
f 752/752/752 946/946/946 888/888/888
f 946/946/946 752/752/752 754/754/754
f 62/62/62 601/601/601 1217/1217/1217
f 976/976/976 1217/1217/1217 601/601/601
f 697/697/697 14/14/14 153/153/153
f 410/410/410 697/697/697 153/153/153
f 919/919/919 920/920/920 921/921/921
f 372/372/372 1055/1055/1055 366/366/366
f 366/366/366 1055/1055/1055 367/367/367
f 837/837/837 436/436/436 840/840/840
f 637/637/637 634/634/634 30/30/30
f 637/637/637 632/632/632 634/634/634
f 883/883/883 6/6/6 5/5/5
f 327/327/327 6/6/6 883/883/883
f 198/198/198 120/120/120 122/122/122
f 801/801/801 804/804/804 1117/1117/1117
f 1024/1024/1024 105/105/105 1025/1025/1025
f 218/218/218 217/217/217 258/258/258
f 218/218/218 258/258/258 1127/1127/1127
f 955/955/955 210/210/210 1091/1091/1091
f 273/273/273 1091/1091/1091 210/210/210
f 494/494/494 229/229/229 1053/1053/1053
f 1052/1052/1052 1053/1053/1053 229/229/229
f 462/462/462 941/941/941 994/994/994
f 462/462/462 994/994/994 993/993/993
f 1148/1148/1148 75/75/75 594/594/594
f 75/75/75 289/289/289 594/594/594
f 1114/1114/1114 904/904/904 1115/1115/1115
f 416/416/416 1114/1114/1114 1115/1115/1115
f 476/476/476 475/475/475 689/689/689
f 689/689/689 1021/1021/1021 690/690/690
f 475/475/475 1021/1021/1021 689/689/689
f 475/475/475 1020/1020/1020 1021/1021/1021
f 741/741/741 113/113/113 112/112/112
f 741/741/741 743/743/743 515/515/515
f 705/705/705 485/485/485 708/708/708
f 225/225/225 227/227/227 485/485/485
f 1218/1218/1218 533/533/533 530/530/530
f 744/744/744 530/530/530 533/533/533
f 471/471/471 533/533/533 1218/1218/1218
f 277/277/277 869/869/869 471/471/471
f 333/333/333 987/987/987 990/990/990
f 990/990/990 547/547/547 989/989/989
f 332/332/332 331/331/331 201/201/201
f 332/332/332 201/201/201 987/987/987
f 803/803/803 1117/1117/1117 804/804/804
f 117/117/117 226/226/226 803/803/803
f 450/450/450 1001/1001/1001 1098/1098/1098
f 453/453/453 450/450/450 1098/1098/1098
f 927/927/927 926/926/926 827/827/827
f 301/301/301 451/451/451 926/926/926
f 450/450/450 827/827/827 451/451/451
f 926/926/926 451/451/451 827/827/827
f 859/859/859 448/448/448 808/808/808
f 808/808/808 448/448/448 595/595/595
f 309/309/309 805/805/805 676/676/676
f 805/805/805 309/309/309 579/579/579
f 675/675/675 676/676/676 310/310/310
f 675/675/675 309/309/309 676/676/676
f 752/752/752 888/888/888 751/751/751
f 185/185/185 184/184/184 888/888/888
f 891/891/891 893/893/893 723/723/723
f 1112/1112/1112 152/152/152 320/320/320
f 318/318/318 320/320/320 402/402/402
f 86/86/86 1205/1205/1205 572/572/572
f 571/571/571 86/86/86 572/572/572
f 259/259/259 512/512/512 573/573/573
f 259/259/259 510/510/510 512/512/512
f 642/642/642 563/563/563 99/99/99
f 563/563/563 642/642/642 564/564/564
f 551/551/551 1008/1008/1008 552/552/552
f 551/551/551 1007/1007/1007 1008/1008/1008
f 1136/1136/1136 99/99/99 565/565/565
f 99/99/99 1136/1136/1136 1135/1135/1135
f 565/565/565 1211/1211/1211 1212/1212/1212
f 1136/1136/1136 565/565/565 1212/1212/1212
f 270/270/270 220/220/220 219/219/219
f 270/270/270 823/823/823 220/220/220
f 445/445/445 92/92/92 730/730/730
f 1011/1011/1011 840/840/840 445/445/445
f 868/868/868 1191/1191/1191 324/324/324
f 92/92/92 868/868/868 324/324/324
f 1038/1038/1038 296/296/296 295/295/295
f 1038/1038/1038 295/295/295 1037/1037/1037
f 536/536/536 539/539/539 254/254/254
f 539/539/539 226/226/226 254/254/254
f 1219/1219/1219 1098/1098/1098 1001/1001/1001
f 1001/1001/1001 298/298/298 1219/1219/1219
f 165/165/165 164/164/164 1156/1156/1156
f 521/521/521 523/523/523 165/165/165
f 917/917/917 695/695/695 630/630/630
f 1156/1156/1156 196/196/196 521/521/521
f 1156/1156/1156 521/521/521 165/165/165
f 967/967/967 34/34/34 1093/1093/1093
f 1093/1093/1093 683/683/683 967/967/967
f 692/692/692 1076/1076/1076 875/875/875
f 692/692/692 694/694/694 1076/1076/1076
f 10/10/10 8/8/8 281/281/281
f 260/260/260 262/262/262 887/887/887
f 1177/1177/1177 1016/1016/1016 887/887/887
f 547/547/547 546/546/546 1104/1104/1104
f 546/546/546 345/345/345 1104/1104/1104
f 113/113/113 515/515/515 111/111/111
f 741/741/741 515/515/515 113/113/113
f 974/974/974 978/978/978 975/975/975
f 978/978/978 61/61/61 1207/1207/1207
f 737/737/737 84/84/84 780/780/780
f 84/84/84 145/145/145 780/780/780
f 738/738/738 669/669/669 742/742/742
f 253/253/253 738/738/738 41/41/41
f 811/811/811 7/7/7 9/9/9
f 24/24/24 811/811/811 10/10/10
f 811/811/811 9/9/9 10/10/10
f 279/279/279 281/281/281 8/8/8
f 487/487/487 654/654/654 65/65/65
f 1195/1195/1195 66/66/66 65/65/65
f 1040/1040/1040 589/589/589 590/590/590
f 1040/1040/1040 590/590/590 898/898/898
f 987/987/987 547/547/547 990/990/990
f 736/736/736 735/735/735 82/82/82
f 735/735/735 389/389/389 82/82/82
f 21/21/21 937/937/937 806/806/806
f 21/21/21 806/806/806 504/504/504
f 545/545/545 547/547/547 987/987/987
f 703/703/703 303/303/303 296/296/296
f 1038/1038/1038 703/703/703 296/296/296
f 909/909/909 348/348/348 342/342/342
f 343/343/343 342/342/342 348/348/348
f 939/939/939 26/26/26 940/940/940
f 26/26/26 1059/1059/1059 940/940/940
f 1029/1029/1029 692/692/692 875/875/875
f 1029/1029/1029 875/875/875 1089/1089/1089
f 921/921/921 161/161/161 695/695/695
f 919/919/919 921/921/921 917/917/917
f 1048/1048/1048 231/231/231 233/233/233
f 1048/1048/1048 688/688/688 231/231/231
f 351/351/351 1064/1064/1064 395/395/395
f 395/395/395 1064/1064/1064 396/396/396
f 14/14/14 535/535/535 15/15/15
f 14/14/14 696/696/696 535/535/535
f 681/681/681 733/733/733 313/313/313
f 681/681/681 313/313/313 682/682/682
f 1122/1122/1122 315/315/315 314/314/314
f 1122/1122/1122 518/518/518 315/315/315
f 758/758/758 1162/1162/1162 578/578/578
f 758/758/758 1163/1163/1163 1162/1162/1162
f 1177/1177/1177 381/381/381 558/558/558
f 558/558/558 381/381/381 380/380/380
f 288/288/288 75/75/75 1148/1148/1148
f 286/286/286 288/288/288 1148/1148/1148
f 187/187/187 56/56/56 907/907/907
f 908/908/908 907/907/907 56/56/56
f 103/103/103 105/105/105 1024/1024/1024
f 103/103/103 1024/1024/1024 851/851/851
f 931/931/931 932/932/932 613/613/613
f 102/102/102 932/932/932 339/339/339
f 303/303/303 702/702/702 68/68/68
f 303/303/303 68/68/68 67/67/67
f 1203/1203/1203 378/378/378 591/591/591
f 268/268/268 1060/1060/1060 591/591/591
f 36/36/36 35/35/35 585/585/585
f 955/955/955 35/35/35 210/210/210
f 672/672/672 787/787/787 918/918/918
f 787/787/787 971/971/971 918/918/918
f 694/694/694 691/691/691 876/876/876
f 876/876/876 691/691/691 877/877/877
f 638/638/638 1153/1153/1153 912/912/912
f 638/638/638 912/912/912 913/913/913
f 47/47/47 1168/1168/1168 926/926/926
f 1043/1043/1043 1168/1168/1168 47/47/47
f 819/819/819 361/361/361 360/360/360
f 819/819/819 1062/1062/1062 361/361/361
f 314/314/314 480/480/480 1121/1121/1121
f 734/734/734 480/480/480 314/314/314
f 567/567/567 569/569/569 1220/1220/1220
f 895/895/895 567/567/567 1220/1220/1220
f 682/682/682 315/315/315 765/765/765
f 764/764/764 682/682/682 765/765/765
f 522/522/522 973/973/973 433/433/433
f 523/523/523 522/522/522 433/433/433
f 494/494/494 644/644/644 732/732/732
f 644/644/644 731/731/731 732/732/732
f 494/494/494 228/228/228 229/229/229
f 228/228/228 494/494/494 496/496/496
f 496/496/496 506/506/506 228/228/228
f 228/228/228 506/506/506 505/505/505
f 32/32/32 991/991/991 465/465/465
f 553/553/553 991/991/991 32/32/32
f 928/928/928 1/1/1 3/3/3
f 1/1/1 464/464/464 2/2/2
f 480/480/480 174/174/174 253/253/253
f 174/174/174 862/862/862 253/253/253
f 724/724/724 486/486/486 706/706/706
f 486/486/486 485/485/485 706/706/706
f 1181/1181/1181 160/160/160 619/619/619
f 159/159/159 910/910/910 160/160/160
f 966/966/966 684/684/684 35/35/35
f 683/683/683 684/684/684 966/966/966
f 905/905/905 1116/1116/1116 1115/1115/1115
f 643/643/643 750/750/750 731/731/731
f 750/750/750 643/643/643 645/645/645
f 1161/1161/1161 285/285/285 501/501/501
f 285/285/285 1010/1010/1010 501/501/501
f 1102/1102/1102 72/72/72 589/589/589
f 1105/1105/1105 1109/1109/1109 1108/1108/1108
f 438/438/438 1105/1105/1105 1108/1108/1108
f 184/184/184 747/747/747 746/746/746
f 184/184/184 746/746/746 888/888/888
f 329/329/329 304/304/304 1146/1146/1146
f 1146/1146/1146 304/304/304 306/306/306
f 149/149/149 219/219/219 392/392/392
f 219/219/219 1202/1202/1202 1203/1203/1203
f 149/149/149 392/392/392 1051/1051/1051
f 610/610/610 612/612/612 853/853/853
f 687/687/687 610/610/610 1022/1022/1022
f 1022/1022/1022 853/853/853 690/690/690
f 1022/1022/1022 610/610/610 853/853/853
f 866/866/866 868/868/868 91/91/91
f 91/91/91 785/785/785 866/866/866
f 352/352/352 1216/1216/1216 350/350/350
f 350/350/350 195/195/195 1063/1063/1063
f 1216/1216/1216 817/817/817 195/195/195
f 350/350/350 1216/1216/1216 195/195/195
f 429/429/429 531/531/531 7/7/7
f 430/430/430 429/429/429 7/7/7
f 1191/1191/1191 322/322/322 324/324/324
f 1191/1191/1191 87/87/87 322/322/322
f 1090/1090/1090 1089/1089/1089 241/241/241
f 1090/1090/1090 1029/1029/1029 1089/1089/1089
f 388/388/388 385/385/385 384/384/384
f 1204/1204/1204 388/388/388 384/384/384
f 264/264/264 1126/1126/1126 841/841/841
f 263/263/263 1126/1126/1126 264/264/264
f 631/631/631 11/11/11 1179/1179/1179
f 1179/1179/1179 11/11/11 13/13/13
f 74/74/74 94/94/94 289/289/289
f 94/94/94 290/290/290 289/289/289
f 1059/1059/1059 500/500/500 292/292/292
f 500/500/500 293/293/293 292/292/292
f 425/425/425 1178/1178/1178 426/426/426
f 426/426/426 1159/1159/1159 1160/1160/1160
f 59/59/59 1130/1130/1130 1129/1129/1129
f 426/426/426 1178/1178/1178 1159/1159/1159
f 648/648/648 163/163/163 655/655/655
f 761/761/761 1057/1057/1057 655/655/655
f 358/358/358 488/488/488 973/973/973
f 356/356/356 358/358/358 973/973/973
f 695/695/695 648/648/648 760/760/760
f 1057/1057/1057 648/648/648 655/655/655
f 64/64/64 954/954/954 951/951/951
f 64/64/64 951/951/951 949/949/949
f 1161/1161/1161 126/126/126 285/285/285
f 126/126/126 1161/1161/1161 1049/1049/1049
f 127/127/127 88/88/88 90/90/90
f 127/127/127 126/126/126 1050/1050/1050
f 1173/1173/1173 247/247/247 1085/1085/1085
f 835/835/835 245/245/245 247/247/247
f 88/88/88 1050/1050/1050 499/499/499
f 127/127/127 1050/1050/1050 88/88/88
f 1173/1173/1173 835/835/835 247/247/247
f 175/175/175 835/835/835 1173/1173/1173
f 556/556/556 558/558/558 458/458/458
f 458/458/458 88/88/88 556/556/556
f 413/413/413 904/904/904 1143/1143/1143
f 1143/1143/1143 904/904/904 1114/1114/1114
f 1073/1073/1073 1206/1206/1206 1074/1074/1074
f 922/922/922 1074/1074/1074 1206/1206/1206
f 1073/1073/1073 985/985/985 1206/1206/1206
f 985/985/985 1073/1073/1073 158/158/158
f 1153/1153/1153 29/29/29 31/31/31
f 1153/1153/1153 639/639/639 29/29/29
f 158/158/158 986/986/986 985/985/985
f 986/986/986 1182/1182/1182 1181/1181/1181
f 675/675/675 622/622/622 1041/1041/1041
f 246/246/246 1041/1041/1041 622/622/622
f 980/980/980 316/316/316 170/170/170
f 622/622/622 170/170/170 316/316/316
f 592/592/592 1132/1132/1132 593/593/593
f 378/378/378 1132/1132/1132 592/592/592
f 1215/1215/1215 1155/1155/1155 192/192/192
f 1064/1064/1064 1215/1215/1215 192/192/192
f 192/192/192 1155/1155/1155 193/193/193
f 1155/1155/1155 1156/1156/1156 193/193/193
f 85/85/85 784/784/784 794/794/794
f 784/784/784 783/783/783 794/794/794
f 912/912/912 1154/1154/1154 39/39/39
f 1111/1111/1111 1106/1106/1106 1188/1188/1188
f 605/605/605 602/602/602 606/606/606
f 602/602/602 1023/1023/1023 1183/1183/1183
f 768/768/768 118/118/118 1144/1144/1144
f 398/398/398 769/769/769 768/768/768
f 549/549/549 623/623/623 603/603/603
f 603/603/603 623/623/623 604/604/604
f 1185/1185/1185 1205/1205/1205 380/380/380
f 380/380/380 1205/1205/1205 383/383/383
f 351/351/351 1063/1063/1063 1064/1064/1064
f 350/350/350 1063/1063/1063 351/351/351
f 631/631/631 630/630/630 759/759/759
f 630/630/630 695/695/695 759/759/759
f 503/503/503 22/22/22 21/21/21
f 503/503/503 27/27/27 22/22/22
f 41/41/41 742/742/742 741/741/741
f 41/41/41 738/738/738 742/742/742
f 1042/1042/1042 46/46/46 468/468/468
f 777/777/777 478/478/478 468/468/468
f 814/814/814 123/123/123 125/125/125
f 125/125/125 785/785/785 814/814/814
f 801/801/801 105/105/105 802/802/802
f 105/105/105 801/801/801 1117/1117/1117
f 833/833/833 781/781/781 636/636/636
f 138/138/138 781/781/781 833/833/833
f 807/807/807 865/865/865 139/139/139
f 1192/1192/1192 807/807/807 139/139/139
f 1044/1044/1044 333/333/333 988/988/988
f 348/348/348 1044/1044/1044 988/988/988
f 877/877/877 194/194/194 548/548/548
f 877/877/877 691/691/691 194/194/194
f 37/37/37 595/595/595 38/38/38
f 38/38/38 595/595/595 447/447/447
f 721/721/721 632/632/632 636/636/636
f 636/636/636 632/632/632 637/637/637
f 502/502/502 500/500/500 1059/1059/1059
f 502/502/502 1059/1059/1059 28/28/28
f 233/233/233 1080/1080/1080 62/62/62
f 1080/1080/1080 855/855/855 62/62/62
f 1157/1157/1157 1158/1158/1158 379/379/379
f 378/378/378 1157/1157/1157 379/379/379
f 845/845/845 335/335/335 847/847/847
f 335/335/335 845/845/845 844/844/844
f 379/379/379 1083/1083/1083 147/147/147
f 1083/1083/1083 833/833/833 147/147/147
f 47/47/47 926/926/926 927/927/927
f 927/927/927 48/48/48 47/47/47
f 709/709/709 711/711/711 1047/1047/1047
f 711/711/711 439/439/439 509/509/509
f 824/824/824 1075/1075/1075 821/821/821
f 823/823/823 1075/1075/1075 824/824/824
f 709/709/709 449/449/449 439/439/439
f 709/709/709 439/439/439 711/711/711
f 1142/1142/1142 1137/1137/1137 1140/1140/1140
f 1195/1195/1195 654/654/654 163/163/163
f 65/65/65 654/654/654 1195/1195/1195
f 650/650/650 761/761/761 655/655/655
f 761/761/761 650/650/650 941/941/941
f 577/577/577 414/414/414 416/416/416
f 577/577/577 416/416/416 1115/1115/1115
f 106/106/106 108/108/108 942/942/942
f 178/178/178 106/106/106 942/942/942
f 112/112/112 520/520/520 42/42/42
f 42/42/42 741/741/741 112/112/112
f 586/586/586 956/956/956 1172/1172/1172
f 586/586/586 1172/1172/1172 1132/1132/1132
f 793/793/793 377/377/377 1054/1054/1054
f 377/377/377 376/376/376 1054/1054/1054
f 248/248/248 916/916/916 1209/1209/1209
f 248/248/248 1209/1209/1209 249/249/249
f 1015/1015/1015 557/557/557 556/556/556
f 771/771/771 557/557/557 1017/1017/1017
f 1015/1015/1015 1176/1176/1176 1017/1017/1017
f 557/557/557 1015/1015/1015 1017/1017/1017
f 589/589/589 72/72/72 1190/1190/1190
f 884/884/884 1190/1190/1190 72/72/72
f 948/948/948 487/487/487 949/949/949
f 487/487/487 65/65/65 949/949/949
f 373/373/373 362/362/362 293/293/293
f 373/373/373 958/958/958 362/362/362
f 1078/1078/1078 728/728/728 890/890/890
f 730/730/730 728/728/728 1078/1078/1078
f 466/466/466 653/653/653 487/487/487
f 653/653/653 466/466/466 465/465/465
f 871/871/871 1010/1010/1010 285/285/285
f 1010/1010/1010 871/871/871 872/872/872
f 442/442/442 859/859/859 808/808/808
f 441/441/441 859/859/859 442/442/442
f 669/669/669 668/668/668 251/251/251
f 742/742/742 669/669/669 251/251/251
f 1221/1221/1221 455/455/455 454/454/454
f 538/538/538 255/255/255 1025/1025/1025
f 538/538/538 1118/1118/1118 255/255/255
f 916/916/916 914/914/914 716/716/716
f 353/353/353 914/914/914 916/916/916
f 585/585/585 955/955/955 586/586/586
f 585/585/585 35/35/35 955/955/955
f 190/190/190 935/935/935 191/191/191
f 190/190/190 1031/1031/1031 935/935/935
f 82/82/82 391/391/391 83/83/83
f 151/151/151 1138/1138/1138 1157/1157/1157
f 1138/1138/1138 151/151/151 1139/1139/1139
f 1169/1169/1169 1061/1061/1061 203/203/203
f 546/546/546 203/203/203 1061/1061/1061
f 1094/1094/1094 683/683/683 968/968/968
f 447/447/447 968/968/968 970/970/970
f 1111/1111/1111 507/507/507 1110/1110/1110
f 507/507/507 508/508/508 1109/1109/1109
f 151/151/151 150/150/150 1139/1139/1139
f 312/312/312 311/311/311 998/998/998
f 312/312/312 998/998/998 858/858/858
f 179/179/179 615/615/615 178/178/178
f 178/178/178 615/615/615 106/106/106
f 300/300/300 719/719/719 242/242/242
f 155/155/155 394/394/394 719/719/719
f 243/243/243 242/242/242 394/394/394
f 719/719/719 394/394/394 242/242/242
f 945/945/945 209/209/209 527/527/527
f 945/945/945 207/207/207 209/209/209
f 830/830/830 937/937/937 939/939/939
f 937/937/937 830/830/830 832/832/832
f 526/526/526 99/99/99 1135/1135/1135
f 847/847/847 849/849/849 1135/1135/1135
f 214/214/214 514/514/514 215/215/215
f 215/215/215 419/419/419 1171/1171/1171
f 417/417/417 419/419/419 514/514/514
f 215/215/215 514/514/514 419/419/419
f 184/184/184 562/562/562 747/747/747
f 562/562/562 559/559/559 1018/1018/1018
f 1125/1125/1125 275/275/275 274/274/274
f 1133/1133/1133 543/543/543 1036/1036/1036
f 340/340/340 543/543/543 1133/1133/1133
f 975/975/975 978/978/978 1207/1207/1207
f 975/975/975 1207/1207/1207 131/131/131
f 774/774/774 1043/1043/1043 473/473/473
f 776/776/776 1167/1167/1167 1043/1043/1043
f 774/774/774 776/776/776 1043/1043/1043
f 534/534/534 776/776/776 774/774/774
f 815/815/815 488/488/488 816/816/816
f 816/816/816 792/792/792 791/791/791
f 54/54/54 1213/1213/1213 52/52/52
f 410/410/410 412/412/412 696/696/696
f 815/815/815 816/816/816 791/791/791
f 435/435/435 815/815/815 791/791/791
f 238/238/238 1005/1005/1005 1006/1006/1006
f 1005/1005/1005 1003/1003/1003 1006/1006/1006
f 121/121/121 238/238/238 1006/1006/1006
f 120/120/120 238/238/238 121/121/121
f 321/321/321 1199/1199/1199 1113/1113/1113
f 321/321/321 1113/1113/1113 57/57/57
f 1077/1077/1077 810/810/810 440/440/440
f 440/440/440 37/37/37 1106/1106/1106
f 734/734/734 172/172/172 480/480/480
f 734/734/734 1084/1084/1084 172/172/172
f 792/792/792 948/948/948 950/950/950
f 792/792/792 490/490/490 948/948/948
f 156/156/156 616/616/616 179/179/179
f 179/179/179 616/616/616 615/615/615
f 96/96/96 95/95/95 524/524/524
f 277/277/277 276/276/276 869/869/869
f 869/869/869 276/276/276 334/334/334
f 981/981/981 234/234/234 236/236/236
f 234/234/234 981/981/981 745/745/745
f 772/772/772 385/385/385 1128/1128/1128
f 1128/1128/1128 1185/1185/1185 382/382/382
f 225/225/225 15/15/15 537/537/537
f 535/535/535 537/537/537 15/15/15
f 15/15/15 225/225/225 484/484/484
f 225/225/225 485/485/485 484/484/484
f 1085/1085/1085 247/247/247 317/317/317
f 1085/1085/1085 317/317/317 479/479/479
f 182/182/182 1018/1018/1018 561/561/561
f 560/560/560 182/182/182 561/561/561
f 803/803/803 804/804/804 117/117/117
f 800/800/800 117/117/117 804/804/804
f 747/747/747 562/562/562 1018/1018/1018
f 1018/1018/1018 182/182/182 747/747/747
f 910/910/910 619/619/619 160/160/160
f 910/910/910 1045/1045/1045 1200/1200/1200
f 640/640/640 639/639/639 1153/1153/1153
f 640/640/640 1153/1153/1153 638/638/638
f 18/18/18 130/130/130 999/999/999
f 130/130/130 139/139/139 999/999/999
f 718/718/718 333/333/333 1045/1045/1045
f 910/910/910 718/718/718 1045/1045/1045
f 800/800/800 802/802/802 829/829/829
f 453/453/453 829/829/829 802/802/802
f 1181/1181/1181 618/618/618 984/984/984
f 984/984/984 618/618/618 344/344/344
f 1164/1164/1164 725/725/725 886/886/886
f 1204/1204/1204 725/725/725 727/727/727
f 658/658/658 878/878/878 889/889/889
f 889/889/889 878/878/878 699/699/699
f 437/437/437 58/58/58 60/60/60
f 900/900/900 422/422/422 58/58/58
f 505/505/505 1192/1192/1192 129/129/129
f 130/130/130 129/129/129 1192/1192/1192
f 437/437/437 900/900/900 58/58/58
f 571/571/571 87/87/87 86/86/86
f 571/571/571 322/322/322 87/87/87
f 512/512/512 81/81/81 570/570/570
f 570/570/570 81/81/81 658/658/658
f 886/886/886 1204/1204/1204 384/384/384
f 886/886/886 725/725/725 1204/1204/1204
f 810/810/810 595/595/595 37/37/37
f 440/440/440 810/810/810 37/37/37
f 885/885/885 943/943/943 355/355/355
f 942/942/942 355/355/355 943/943/943
f 956/956/956 955/955/955 1091/1091/1091
f 956/956/956 1091/1091/1091 593/593/593
f 566/566/566 568/568/568 513/513/513
f 566/566/566 513/513/513 214/214/214
f 923/923/923 451/451/451 301/301/301
f 331/331/331 923/923/923 301/301/301
f 165/165/165 523/523/523 166/166/166
f 166/166/166 523/523/523 433/433/433
f 115/115/115 300/300/300 168/168/168
f 300/300/300 242/242/242 168/168/168
f 864/864/864 1214/1214/1214 454/454/454
f 823/823/823 864/864/864 454/454/454
f 222/222/222 1221/1221/1221 454/454/454
f 1087/1087/1087 526/526/526 849/849/849
f 526/526/526 1135/1135/1135 849/849/849
f 689/689/689 688/688/688 476/476/476
f 1048/1048/1048 476/476/476 688/688/688
f 1/1/1 33/33/33 464/464/464
f 464/464/464 33/33/33 465/465/465
f 1086/1086/1086 1087/1087/1087 205/205/205
f 1184/1184/1184 1086/1086/1086 205/205/205
f 690/690/690 1080/1080/1080 232/232/232
f 688/688/688 690/690/690 232/232/232
f 1184/1184/1184 429/429/429 428/428/428
f 1086/1086/1086 1184/1184/1184 428/428/428
f 928/928/928 554/554/554 1/1/1
f 520/520/520 554/554/554 928/928/928
f 298/298/298 300/300/300 1000/1000/1000
f 1219/1219/1219 298/298/298 1000/1000/1000
f 700/700/700 701/701/701 142/142/142
f 144/144/144 326/326/326 142/142/142
f 368/368/368 370/370/370 367/367/367
f 367/367/367 959/959/959 365/365/365
f 175/175/175 249/249/249 835/835/835
f 177/177/177 249/249/249 175/175/175
f 627/627/627 626/626/626 1032/1032/1032
f 626/626/626 628/628/628 1032/1032/1032
f 722/722/722 882/882/882 71/71/71
f 882/882/882 884/884/884 71/71/71
f 587/587/587 588/588/588 36/36/36
f 588/588/588 638/638/638 36/36/36
f 408/408/408 188/188/188 409/409/409
f 409/409/409 188/188/188 413/413/413
f 908/908/908 56/56/56 55/55/55
f 1031/1031/1031 599/599/599 1145/1145/1145
f 1145/1145/1145 599/599/599 598/598/598
f 134/134/134 10/10/10 281/281/281
f 1211/1211/1211 678/678/678 1212/1212/1212
f 1052/1052/1052 678/678/678 1211/1211/1211
f 51/51/51 1187/1187/1187 49/49/49
f 343/343/343 340/340/340 49/49/49
f 680/680/680 555/555/555 1026/1026/1026
f 555/555/555 928/928/928 1026/1026/1026
f 929/929/929 50/50/50 932/932/932
f 50/50/50 929/929/929 108/108/108
f 427/427/427 1160/1160/1160 424/424/424
f 427/427/427 426/426/426 1160/1160/1160
f 1014/1014/1014 250/250/250 507/507/507
f 1196/1196/1196 250/250/250 1014/1014/1014
f 1119/1119/1119 1120/1120/1120 797/797/797
f 1023/1023/1023 492/492/492 702/702/702
f 124/124/124 963/963/963 284/284/284
f 125/125/125 124/124/124 284/284/284
f 125/125/125 284/284/284 283/283/283
f 125/125/125 283/283/283 785/785/785
f 1078/1078/1078 890/890/890 1079/1079/1079
f 1079/1079/1079 890/890/890 1198/1198/1198
f 698/698/698 1198/1198/1198 699/699/699
f 1079/1079/1079 1198/1198/1198 698/698/698
f 985/985/985 156/156/156 155/155/155
f 985/985/985 155/155/155 720/720/720
f 1062/1062/1062 764/764/764 766/766/766
f 1062/1062/1062 176/176/176 764/764/764
f 651/651/651 654/654/654 997/997/997
f 997/997/997 652/652/652 651/651/651
f 307/307/307 309/309/309 964/964/964
f 964/964/964 101/101/101 307/307/307
f 700/700/700 142/142/142 326/326/326
f 700/700/700 326/326/326 325/325/325
f 308/308/308 686/686/686 207/207/207
f 308/308/308 207/207/207 945/945/945
f 714/714/714 930/930/930 621/621/621
f 930/930/930 714/714/714 713/713/713
f 713/713/713 931/931/931 930/930/930
f 931/931/931 713/713/713 932/932/932
f 478/478/478 473/473/473 1042/1042/1042
f 478/478/478 1042/1042/1042 468/468/468
f 411/411/411 1175/1175/1175 1056/1056/1056
f 1056/1056/1056 52/52/52 411/411/411
f 52/52/52 412/412/412 411/411/411
f 1213/1213/1213 412/412/412 52/52/52
f 110/110/110 739/739/739 1013/1013/1013
f 1013/1013/1013 634/634/634 110/110/110
f 604/604/604 1120/1120/1120 1023/1023/1023
f 492/492/492 1023/1023/1023 1120/1120/1120
f 492/492/492 1120/1120/1120 1119/1119/1119
f 492/492/492 1119/1119/1119 493/493/493
f 1063/1063/1063 197/197/197 1215/1215/1215
f 1215/1215/1215 197/197/197 1155/1155/1155
f 1069/1069/1069 267/267/267 266/266/266
f 267/267/267 1068/1068/1068 552/552/552
f 1067/1067/1067 1068/1068/1068 1069/1069/1069
f 267/267/267 1069/1069/1069 1068/1068/1068
f 371/371/371 872/872/872 372/372/372
f 372/372/372 872/872/872 1055/1055/1055
f 372/372/372 365/365/365 958/958/958
f 958/958/958 365/365/365 959/959/959
f 769/769/769 767/767/767 1095/1095/1095
f 1095/1095/1095 767/767/767 692/692/692
f 76/76/76 1222/1222/1222 77/77/77
f 1222/1222/1222 911/911/911 77/77/77
f 1170/1170/1170 911/911/911 1222/1222/1222
f 1171/1171/1171 1170/1170/1170 1222/1222/1222
f 93/93/93 263/263/263 660/660/660
f 263/263/263 93/93/93 1126/1126/1126
f 1081/1081/1081 13/13/13 12/12/12
f 1179/1179/1179 13/13/13 1081/1081/1081
f 1121/1121/1121 40/40/40 519/519/519
f 480/480/480 40/40/40 1121/1121/1121
f 613/613/613 102/102/102 101/101/101
f 102/102/102 613/613/613 932/932/932
f 180/180/180 560/560/560 556/556/556
f 560/560/560 180/180/180 182/182/182
f 199/199/199 198/198/198 1007/1007/1007
f 551/551/551 199/199/199 1007/1007/1007
f 1101/1101/1101 881/881/881 723/723/723
f 1101/1101/1101 239/239/239 881/881/881
f 398/398/398 768/768/768 1144/1144/1144
f 1144/1144/1144 114/114/114 116/116/116
f 212/212/212 918/918/918 971/971/971
f 212/212/212 971/971/971 210/210/210
f 116/116/116 398/398/398 1144/1144/1144
f 168/168/168 398/398/398 167/167/167
f 115/115/115 167/167/167 116/116/116
f 116/116/116 167/167/167 398/398/398
f 323/323/323 889/889/889 729/729/729
f 324/324/324 323/323/323 729/729/729
f 16/16/16 154/154/154 153/153/153
f 16/16/16 15/15/15 1134/1134/1134
f 499/499/499 460/460/460 459/459/459
f 499/499/499 459/459/459 88/88/88
f 578/578/578 1162/1162/1162 674/674/674
f 578/578/578 674/674/674 673/673/673
f 545/545/545 201/201/201 203/203/203
f 826/826/826 608/608/608 607/607/607
f 1124/1124/1124 611/611/611 608/608/608
f 607/607/607 609/609/609 415/415/415
f 598/598/598 415/415/415 609/609/609
f 74/74/74 1030/1030/1030 94/94/94
f 444/444/444 144/144/144 838/838/838
f 1012/1012/1012 840/840/840 444/444/444
f 814/814/814 834/834/834 813/813/813
f 1066/1066/1066 1068/1068/1068 813/813/813
f 381/381/381 772/772/772 382/382/382
f 772/772/772 1128/1128/1128 382/382/382
f 862/862/862 667/667/667 738/738/738
f 862/862/862 665/665/665 664/664/664
f 667/667/667 664/664/664 668/668/668
f 664/664/664 667/667/667 862/862/862
f 926/926/926 1168/1168/1168 302/302/302
f 1167/1167/1167 1169/1169/1169 1168/1168/1168
f 1178/1178/1178 659/659/659 1129/1129/1129
f 1159/1159/1159 1178/1178/1178 1129/1129/1129
f 862/862/862 1046/1046/1046 665/665/665
f 1046/1046/1046 711/711/711 665/665/665
f 221/221/221 824/824/824 822/822/822
f 221/221/221 822/822/822 820/820/820
f 617/617/617 51/51/51 107/107/107
f 107/107/107 615/615/615 617/617/617
f 1056/1056/1056 1175/1175/1175 408/408/408
f 408/408/408 1175/1175/1175 188/188/188
f 1223/1223/1223 1141/1141/1141 1186/1186/1186
f 1106/1106/1106 37/37/37 39/39/39
f 1106/1106/1106 39/39/39 1188/1188/1188
f 136/136/136 1186/1186/1186 137/137/137
f 123/123/123 1067/1067/1067 1002/1002/1002
f 813/813/813 1067/1067/1067 123/123/123
f 1150/1150/1150 1149/1149/1149 1152/1152/1152
f 1150/1150/1150 1152/1152/1152 1201/1201/1201
f 1201/1201/1201 124/124/124 933/933/933
f 1201/1201/1201 933/933/933 1150/1150/1150
f 790/790/790 540/540/540 536/536/536
f 535/535/535 790/790/790 536/536/536
f 1078/1078/1078 1011/1011/1011 730/730/730
f 1011/1011/1011 445/445/445 730/730/730
f 1070/1070/1070 1002/1002/1002 1067/1067/1067
f 1070/1070/1070 1006/1006/1006 1002/1002/1002
f 656/656/656 1123/1123/1123 780/780/780
f 656/656/656 878/878/878 1123/1123/1123
f 860/860/860 169/169/169 858/858/858
f 980/980/980 169/169/169 860/860/860
f 749/749/749 498/498/498 731/731/731
f 750/750/750 749/749/749 731/731/731
f 305/305/305 704/704/704 1208/1208/1208
f 896/896/896 1208/1208/1208 704/704/704
f 510/510/510 1220/1220/1220 569/569/569
f 217/217/217 1220/1220/1220 510/510/510
f 794/794/794 783/783/783 795/795/795
f 375/375/375 795/795/795 783/783/783
f 1004/1004/1004 1149/1149/1149 1148/1148/1148
f 1004/1004/1004 1152/1152/1152 1149/1149/1149
f 463/463/463 993/993/993 903/903/903
f 463/463/463 462/462/462 993/993/993
f 993/993/993 901/901/901 903/903/903
f 903/903/903 901/901/901 515/515/515
f 227/227/227 707/707/707 708/708/708
f 227/227/227 708/708/708 485/485/485
f 1142/1142/1142 1223/1223/1223 1186/1186/1186
f 1223/1223/1223 1142/1142/1142 1141/1141/1141
f 1142/1142/1142 1186/1186/1186 1158/1158/1158
f 1157/1157/1157 1142/1142/1142 1158/1158/1158
f 770/770/770 1028/1028/1028 400/400/400
f 1028/1028/1028 1092/1092/1092 400/400/400
f 1115/1115/1115 904/904/904 906/906/906
f 905/905/905 1115/1115/1115 906/906/906
f 1072/1072/1072 542/542/542 544/544/544
f 541/541/541 544/544/544 542/542/542
f 1012/1012/1012 444/444/444 838/838/838
f 837/837/837 1012/1012/1012 838/838/838
f 282/282/282 1166/1166/1166 375/375/375
f 1166/1166/1166 282/282/282 369/369/369
f 277/277/277 1218/1218/1218 530/530/530
f 277/277/277 471/471/471 1218/1218/1218
f 856/856/856 19/19/19 787/787/787
f 679/679/679 19/19/19 856/856/856
f 786/786/786 857/857/857 787/787/787
f 857/857/857 786/786/786 674/674/674
f 1035/1035/1035 1033/1033/1033 686/686/686
f 1033/1033/1033 1035/1035/1035 1036/1036/1036
f 275/275/275 76/76/76 78/78/78
f 275/275/275 215/215/215 1171/1171/1171
f 78/78/78 77/77/77 825/825/825
f 78/78/78 825/825/825 274/274/274
f 76/76/76 1171/1171/1171 1222/1222/1222
f 275/275/275 1171/1171/1171 76/76/76
f 157/157/157 351/351/351 393/393/393
f 155/155/155 157/157/157 393/393/393
f 493/493/493 69/69/69 68/68/68
f 1010/1010/1010 872/872/872 371/371/371
f 874/874/874 1010/1010/1010 371/371/371
f 1094/1094/1094 45/45/45 683/683/683
f 45/45/45 44/44/44 683/683/683
f 834/834/834 425/425/425 1066/1066/1066
f 813/813/813 834/834/834 1066/1066/1066
f 140/140/140 865/865/865 863/863/863
f 457/457/457 140/140/140 863/863/863
f 152/152/152 403/403/403 402/402/402
f 152/152/152 402/402/402 320/320/320
f 978/978/978 233/233/233 61/61/61
f 233/233/233 62/62/62 61/61/61
f 553/553/553 112/112/112 111/111/111
f 553/553/553 111/111/111 991/991/991
f 1210/1210/1210 97/97/97 1088/1088/1088
f 1086/1086/1086 1088/1088/1088 97/97/97
f 832/832/832 224/224/224 223/223/223
f 832/832/832 831/831/831 1096/1096/1096
f 472/472/472 773/773/773 774/774/774
f 532/532/532 773/773/773 472/472/472
f 832/832/832 1096/1096/1096 224/224/224
f 206/206/206 205/205/205 1087/1087/1087
f 849/849/849 206/206/206 1087/1087/1087
f 579/579/579 673/673/673 677/677/677
f 579/579/579 578/578/578 673/673/673
f 362/362/362 960/960/960 1189/1189/1189
f 1189/1189/1189 960/960/960 962/962/962
f 370/370/370 960/960/960 959/959/959
f 367/367/367 370/370/370 959/959/959
f 538/538/538 1025/1025/1025 1117/1117/1117
f 105/105/105 1117/1117/1117 1025/1025/1025
f 216/216/216 895/895/895 217/217/217
f 895/895/895 1220/1220/1220 217/217/217
f 132/132/132 626/626/626 625/625/625
f 132/132/132 625/625/625 387/387/387
f 606/606/606 1183/1183/1183 702/702/702
f 606/606/606 602/602/602 1183/1183/1183
f 1205/1205/1205 86/86/86 383/383/383
f 86/86/86 85/85/85 383/383/383
f 329/329/329 624/624/624 330/330/330
f 330/330/330 605/605/605 304/304/304
f 431/431/431 1224/1224/1224 797/797/797
f 1224/1224/1224 431/431/431 338/338/338
f 89/89/89 873/873/873 90/90/90
f 90/90/90 873/873/873 285/285/285
f 330/330/330 624/624/624 605/605/605
f 605/605/605 624/624/624 603/603/603
f 1195/1195/1195 162/162/162 66/66/66
f 751/751/751 746/746/746 748/748/748
f 751/751/751 888/888/888 746/746/746
f 260/260/260 887/887/887 1016/1016/1016
f 1016/1016/1016 261/261/261 260/260/260
f 91/91/91 661/661/661 785/785/785
f 785/785/785 661/661/661 814/814/814
f 726/726/726 25/25/25 727/727/727
f 727/727/727 25/25/25 135/135/135
f 759/759/759 880/880/880 879/879/879
f 11/11/11 759/759/759 879/879/879
f 1013/1013/1013 739/739/739 1196/1196/1196
f 1196/1196/1196 739/739/739 740/740/740
f 158/158/158 1182/1182/1182 986/986/986
f 158/158/158 160/160/160 1182/1182/1182
f 149/149/149 1202/1202/1202 219/219/219
f 149/149/149 151/151/151 1202/1202/1202
f 666/666/666 509/509/509 1107/1107/1107
f 665/665/665 509/509/509 666/666/666
f 223/223/223 1214/1214/1214 864/864/864
f 223/223/223 222/222/222 1214/1214/1214
f 423/423/423 200/200/200 199/199/199
f 423/423/423 422/422/422 200/200/200
f 543/543/543 340/340/340 347/347/347
f 340/340/340 343/343/343 347/347/347
f 969/969/969 1093/1093/1093 34/34/34
f 1093/1093/1093 969/969/969 968/968/968
f 1161/1161/1161 230/230/230 1131/1131/1131
f 1161/1161/1161 1131/1131/1131 1049/1049/1049
f 302/302/302 202/202/202 201/201/201
f 469/469/469 191/191/191 983/983/983
f 983/983/983 191/191/191 936/936/936
f 992/992/992 991/991/991 516/516/516
f 992/992/992 516/516/516 995/995/995
f 135/135/135 134/134/134 974/974/974
f 194/194/194 164/164/164 548/548/548
f 548/548/548 164/164/164 166/166/166
f 134/134/134 281/281/281 974/974/974
f 979/979/979 441/441/441 443/443/443
f 979/979/979 443/443/443 710/710/710
f 446/446/446 998/998/998 43/43/43
f 446/446/446 43/43/43 447/447/447
f 1094/1094/1094 968/968/968 447/447/447
f 1094/1094/1094 447/447/447 43/43/43
f 826/826/826 1124/1124/1124 608/608/608
f 77/77/77 1124/1124/1124 826/826/826
f 812/812/812 754/754/754 1197/1197/1197
f 812/812/812 1197/1197/1197 430/430/430
f 1110/1110/1110 507/507/507 1109/1109/1109
f 1110/1110/1110 1109/1109/1109 1105/1105/1105
f 649/649/649 161/161/161 163/163/163
f 695/695/695 161/161/161 649/649/649
f 1159/1159/1159 1129/1129/1129 1130/1130/1130
f 424/424/424 1159/1159/1159 1130/1130/1130
f 202/202/202 302/302/302 1169/1169/1169
f 1150/1150/1150 1003/1003/1003 1151/1151/1151
f 1003/1003/1003 1005/1005/1005 1151/1151/1151
f 16/16/16 1134/1134/1134 154/154/154
f 403/403/403 154/154/154 1134/1134/1134
f 763/763/763 766/766/766 1027/1027/1027
f 766/766/766 680/680/680 1027/1027/1027
f 944/944/944 578/578/578 529/529/529
f 529/529/529 843/843/843 944/944/944
f 989/989/989 1071/1071/1071 349/349/349
f 1071/1071/1071 544/544/544 349/349/349
f 1103/1103/1103 763/763/763 357/357/357
f 763/763/763 1027/1027/1027 357/357/357
f 1136/1136/1136 756/756/756 843/843/843
f 1136/1136/1136 757/757/757 756/756/756
f 481/481/481 705/705/705 401/401/401
f 401/401/401 1092/1092/1092 481/481/481
f 255/255/255 1118/1118/1118 256/256/256
f 1118/1118/1118 540/540/540 256/256/256
f 1097/1097/1097 590/590/590 583/583/583
f 1097/1097/1097 583/583/583 899/899/899
f 1176/1176/1176 559/559/559 183/183/183
f 1165/1165/1165 183/183/183 185/185/185
f 62/62/62 1217/1217/1217 63/63/63
f 976/976/976 63/63/63 1217/1217/1217
f 696/696/696 412/412/412 1213/1213/1213
f 696/696/696 1213/1213/1213 790/790/790
f 337/337/337 797/797/797 1224/1224/1224
f 338/338/338 337/337/337 1224/1224/1224
f 724/724/724 483/483/483 892/892/892
f 483/483/483 1101/1101/1101 893/893/893
f 1033/1033/1033 846/846/846 208/208/208
f 848/848/848 208/208/208 846/846/846
f 842/842/842 1208/1208/1208 896/896/896
f 306/306/306 1208/1208/1208 842/842/842
f 219/219/219 1203/1203/1203 1060/1060/1060
f 591/591/591 1060/1060/1060 1203/1203/1203
f 580/580/580 306/306/306 842/842/842
f 306/306/306 580/580/580 4/4/4
f 994/994/994 995/995/995 902/902/902
f 995/995/995 516/516/516 902/902/902
f 1154/1154/1154 31/31/31 1188/1188/1188
f 1154/1154/1154 1188/1188/1188 39/39/39
f 628/628/628 418/418/418 894/894/894
f 894/894/894 418/418/418 895/895/895
f 545/545/545 987/987/987 201/201/201
f 963/963/963 124/124/124 1099/1099/1099
f 1099/1099/1099 124/124/124 1201/1201/1201
f 286/286/286 1148/1148/1148 1147/1147/1147
f 1005/1005/1005 286/286/286 1147/1147/1147
f 1219/1219/1219 828/828/828 1098/1098/1098
f 1000/1000/1000 828/828/828 1219/1219/1219
f 26/26/26 939/939/939 20/20/20
f 939/939/939 21/21/21 20/20/20
f 1173/1173/1173 1019/1019/1019 836/836/836
f 836/836/836 1019/1019/1019 681/681/681
f 818/818/818 915/915/915 248/248/248
f 354/354/354 916/916/916 915/915/915
f 870/870/870 647/647/647 271/271/271
f 647/647/647 870/870/870 646/646/646
f 818/818/818 354/354/354 915/915/915
f 354/354/354 818/818/818 817/817/817
f 442/442/442 809/809/809 449/449/449
f 809/809/809 439/439/439 449/449/449
f 710/710/710 709/709/709 1047/1047/1047
f 173/173/173 710/710/710 1047/1047/1047
f 1103/1103/1103 357/357/357 356/356/356
f 972/972/972 356/356/356 522/522/522
f 821/821/821 1193/1193/1193 788/788/788
f 1194/1194/1194 821/821/821 1075/1075/1075
f 1194/1194/1194 456/456/456 1193/1193/1193
f 1193/1193/1193 821/821/821 1194/1194/1194
f 619/619/619 1200/1200/1200 909/909/909
f 910/910/910 1200/1200/1200 619/619/619
f 1176/1176/1176 183/183/183 1165/1165/1165
f 261/261/261 1176/1176/1176 1165/1165/1165
f 1020/1020/1020 1145/1145/1145 934/934/934
f 1145/1145/1145 598/598/598 934/934/934
f 1092/1092/1092 240/240/240 482/482/482
f 240/240/240 483/483/483 482/482/482
f 1112/1112/1112 1199/1199/1199 187/187/187
f 1112/1112/1112 320/320/320 1199/1199/1199
f 1039/1039/1039 1038/1038/1038 1037/1037/1037
f 1164/1164/1164 262/262/262 1165/1165/1165
f 262/262/262 1164/1164/1164 886/886/886
f 922/922/922 1206/1206/1206 299/299/299
f 1206/1206/1206 720/720/720 299/299/299
f 182/182/182 181/181/181 749/749/749
f 749/749/749 181/181/181 498/498/498
f 250/250/250 252/252/252 508/508/508
f 1107/1107/1107 252/252/252 1174/1174/1174
f 726/726/726 888/888/888 23/23/23
f 726/726/726 23/23/23 25/25/25
f 498/498/498 181/181/181 460/460/460
f 460/460/460 499/499/499 498/498/498
f 1107/1107/1107 508/508/508 252/252/252
f 1109/1109/1109 508/508/508 1107/1107/1107
f 316/316/316 980/980/980 479/479/479
f 172/172/172 479/479/479 980/980/980
f 699/699/699 878/878/878 701/701/701
f 699/699/699 701/701/701 700/700/700
f 1128/1128/1128 574/574/574 1185/1185/1185
f 1185/1185/1185 574/574/574 573/573/573
f 243/243/243 394/394/394 396/396/396
f 243/243/243 396/396/396 850/850/850
f 1057/1057/1057 760/760/760 648/648/648
f 880/880/880 760/760/760 1057/1057/1057
f 343/343/343 49/49/49 1187/1187/1187
f 1187/1187/1187 344/344/344 343/343/343
f 202/202/202 1169/1169/1169 203/203/203
f 302/302/302 1168/1168/1168 1169/1169/1169
f 1225/1225/1225 1226/1226/1226 1227/1227/1227
f 1228/1228/1228 1229/1229/1228 1230/1230/1228
f 1231/1231/1229 1232/1232/1230 1233/1233/1231
f 1234/1234/1232 1235/1235/1233 1236/1236/1234
f 1237/1238/1235 1238/1239/1236 1239/1240/1237
f 1240/1241/1238 1241/1242/1239 1242/1243/1240
f 1243/1244/1241 1244/1245/1242 1245/1246/1243
f 1246/1247/1244 1247/1248/1245 1248/1249/1246
f 1249/1250/1247 1250/1251/1248 1251/1252/1249
f 1252/1253/1250 1253/1254/1251 1254/1255/1252
f 1255/1256/1253 1256/1257/1254 1257/1258/1255
f 1258/1259/1256 1259/1260/1257 1260/1261/1258
f 1261/1262/1259 1262/1263/1260 1263/1264/1261
f 1264/1265/1262 1265/1266/1263 1266/1267/1264
f 1267/1268/1265 1268/1269/1266 1269/1270/1267
f 1270/1271/1268 1271/1272/1269 1272/1273/1270
f 1273/1274/1271 1274/1275/1272 1275/1276/1273
f 1276/1277/1274 1277/1278/1275 1278/1279/1276
f 1279/1280/1277 1280/1281/1278 1281/1282/1279
f 1282/1283/1280 1283/1284/1281 1284/1285/1282
f 1285/1286/1283 1286/1287/1284 1287/1288/1285
f 1288/1289/1286 1289/1290/1287 1290/1291/1288
f 1291/1292/1289 1292/1293/1290 1293/1294/1291
f 1294/1295/1292 1295/1296/1293 1296/1297/1294
f 1297/1298/1295 1298/1299/1296 1299/1300/1297
f 1300/1301/1298 1301/1302/1299 1302/1303/1300
f 1303/1304/1301 1304/1305/1302 1305/1306/1303
f 1306/1307/1304 1254/1255/1252 1307/1308/1305
f 1308/1309/1306 1309/1310/1307 1310/1311/1308
f 1311/1312/1309 1312/1313/1310 1313/1314/1311
f 1254/1255/1252 1314/1315/1312 1315/1316/1313
f 1316/1317/1314 1317/1318/1315 1318/1319/1316
f 1319/1320/1317 1320/1321/1318 1284/1285/1282
f 1321/1322/1319 1322/1323/1320 1226/1226/1226
f 1323/1324/1321 1324/1325/1322 1325/1326/1323
f 1326/1327/1324 1327/1328/1325 1328/1329/1326
f 1237/1238/1235 1329/1331/1327 1238/1239/1236
f 1330/1332/1328 1331/1333/1329 1332/1334/1330
f 1333/1335/1331 1334/1336/1332 1335/1337/1333
f 1336/1338/1334 1337/1339/1335 1338/1340/1336
f 1339/1341/1337 1340/1342/1338 1341/1343/1339
f 1342/1344/1340 1343/1345/1341 1344/1346/1342
f 1345/1347/1343 1346/1348/1344 1347/1349/1345
f 1346/1348/1344 1348/1350/1346 1349/1351/1347
f 1350/1352/1348 1351/1353/1349 1352/1354/1350
f 1353/1355/1351 1354/1356/1352 1355/1357/1353
f 1356/1358/1354 1357/1359/1355 1358/1360/1356
f 1359/1361/1357 1360/1362/1358 1361/1363/1359
f 1362/1364/1360 1363/1365/1361 1364/1366/1362
f 1365/1367/1363 1366/1368/1364 1367/1369/1365
f 1368/1370/1366 1369/1371/1367 1370/1372/1368
f 1371/1373/1369 1372/1374/1370 1373/1375/1371
f 1374/1376/1372 1375/1378/1373 1376/1380/1374
f 1377/1381/1375 1378/1382/1376 1379/1383/1377
f 1380/1384/1378 1381/1385/1379 1382/1386/1380
f 1383/1387/1381 1384/1388/1382 1262/1263/1260
f 1385/1389/1383 1386/1390/1384 1342/1344/1340
f 1387/1391/1385 1388/1392/1386 1389/1393/1387
f 1319/1320/1317 1390/1394/1388 1320/1321/1318
f 1391/1395/1389 1392/1396/1390 1393/1399/1391
f 1394/1400/1392 1395/1401/1393 1396/1402/1394
f 1397/1403/1395 1398/1404/1396 1399/1405/1397
f 1400/1406/1398 1401/1407/1399 1402/1408/1400
f 1403/1409/1401 1404/1410/1402 1405/1411/1403
f 1406/1412/1404 1407/1413/1405 1408/1414/1406
f 1409/1415/1407 1410/1416/1408 1411/1417/1409
f 1412/1418/1410 1413/1419/1411 1414/1420/1412
f 1415/1421/1413 1416/1422/1414 1417/1423/1415
f 1418/1424/1416 1419/1425/1417 1420/1426/1418
f 1421/1427/1419 1343/1345/1341 1422/1428/1420
f 1423/1429/1421 1424/1430/1422 1425/1431/1423
f 1324/1325/1322 1426/1432/1424 1325/1326/1323
f 1427/1433/1425 1428/1434/1426 1429/1435/1427
f 1430/1436/1428 1431/1437/1429 1432/1438/1430
f 1433/1439/1431 1434/1440/1432 1435/1441/1433
f 1436/1442/1434 1437/1443/1435 1438/1444/1436
f 1434/1440/1432 1439/1445/1437 1440/1446/1438
f 1441/1447/1439 1442/1448/1440 1443/1449/1441
f 1444/1450/1442 1306/1307/1304 1445/1451/1443
f 1436/1442/1434 1446/1452/1444 1447/1453/1445
f 1448/1454/1446 1449/1455/1447 1450/1456/1448
f 1451/1457/1449 1374/1376/1372 1376/1380/1374
f 1452/1459/1450 1380/1384/1378 1453/1460/1451
f 1454/1461/1452 1455/1462/1453 1456/1463/1454
f 1455/1462/1453 1457/1464/1455 1456/1463/1454
f 1458/1465/1456 1459/1466/1457 1460/1467/1458
f 1461/1468/1459 1462/1469/1460 1233/1233/1231
f 1463/1470/1461 1464/1471/1462 1465/1472/1463
f 1466/1473/1464 1467/1474/1465 1468/1475/1466
f 1469/1476/1467 1470/1477/1468 1471/1478/1469
f 1278/1279/1276 1277/1278/1275 1472/1479/1470
f 1473/1480/1471 1451/1457/1449 1376/1380/1374
f 1474/1481/1472 1475/1482/1473 1253/1254/1251
f 1476/1483/1474 1477/1484/1475 1478/1485/1476
f 1479/1486/1477 1480/1487/1478 1481/1488/1479
f 1482/1489/1480 1483/1490/1481 1481/1488/1479
f 1484/1491/1482 1485/1492/1483 1486/1493/1484
f 1487/1494/1485 1488/1495/1486 1368/1370/1366
f 1489/1496/1487 1376/1380/1374 1490/1497/1488
f 1491/1498/1489 1492/1499/1490 1493/1500/1491
f 1494/1501/1492 1495/1502/1493 1496/1503/1494
f 1435/1441/1433 1497/1504/1495 1498/1505/1496
f 1499/1506/1497 1500/1507/1498 1501/1508/1499
f 1502/1509/1500 1503/1510/1501 1504/1511/1502
f 1505/1512/1503 1506/1513/1504 1507/1514/1505
f 1456/1463/1454 1508/1515/1506 1454/1461/1452
f 1509/1516/1507 1363/1365/1361 1510/1517/1508
f 1511/1518/1509 1512/1519/1510 1513/1520/1511
f 1514/1521/1512 1515/1522/1513 1437/1443/1435
f 1516/1523/1514 1517/1524/1515 1518/1525/1516
f 1456/1463/1454 1519/1526/1517 1520/1527/1518
f 1521/1528/1519 1522/1529/1520 1523/1530/1521
f 1524/1531/1522 1525/1532/1523 1526/1533/1524
f 1248/1249/1246 1289/1290/1287 1246/1247/1244
f 1527/1534/1525 1528/1535/1526 1529/1536/1527
f 1530/1537/1528 1531/1538/1529 1528/1535/1526
f 1532/1539/1530 1533/1540/1531 1534/1541/1532
f 1535/1542/1533 1536/1543/1534 1537/1544/1535
f 1538/1545/1536 1539/1546/1537 1540/1547/1538
f 1535/1542/1533 1541/1548/1539 1536/1543/1534
f 1542/1549/1540 1344/1346/1342 1343/1345/1341
f 1543/1550/1541 1544/1551/1542 1545/1552/1543
f 1546/1553/1544 1547/1554/1545 1548/1555/1546
f 1549/1556/1547 1550/1557/1548 1551/1558/1549
f 1552/1559/1550 1553/1560/1551 1554/1561/1552
f 1555/1562/1553 1556/1563/1554 1557/1564/1555
f 1444/1450/1442 1445/1451/1443 1558/1565/1556
f 1341/1343/1339 1559/1566/1557 1339/1341/1337
f 1560/1567/1558 1259/1260/1257 1258/1259/1256
f 1561/1568/1559 1562/1569/1560 1563/1570/1561
f 1564/1571/1562 1487/1494/1485 1565/1572/1563
f 1351/1353/1349 1566/1573/1564 1352/1354/1350
f 1567/1574/1565 1332/1334/1330 1568/1575/1566
f 1569/1576/1567 1570/1577/1568 1571/1578/1569
f 1572/1579/1570 1573/1580/1571 1574/1581/1572
f 1575/1582/1573 1574/1581/1572 1573/1580/1571
f 1576/1583/1574 1335/1337/1333 1334/1336/1332
f 1577/1584/1575 1300/1301/1298 1302/1303/1300
f 1282/1283/1280 1578/1586/1576 1579/1587/1577
f 1282/1283/1280 1580/1589/1578 1578/1586/1576
f 1581/1590/1579 1353/1355/1351 1355/1357/1353
f 1582/1591/1580 1583/1592/1581 1452/1459/1450
f 1584/1593/1582 1585/1594/1583 1586/1595/1584
f 1587/1596/1585 1588/1597/1586 1589/1598/1587
f 1590/1599/1588 1448/1454/1446 1591/1600/1589
f 1494/1501/1492 1592/1601/1590 1495/1502/1493
f 1546/1553/1544 1593/1602/1591 1547/1554/1545
f 1594/1603/1592 1233/1233/1231 1595/1604/1593
f 1596/1605/1594 1597/1606/1595 1598/1607/1596
f 1599/1608/1597 1600/1609/1598 1601/1610/1599
f 1602/1611/1600 1603/1612/1601 1322/1323/1320
f 1394/1400/1392 1604/1613/1602 1395/1401/1393
f 1395/1401/1393 1605/1614/1603 1606/1615/1604
f 1607/1616/1605 1608/1617/1606 1517/1524/1515
f 1250/1251/1248 1609/1618/1607 1251/1252/1249
f 1285/1286/1283 1287/1288/1285 1610/1619/1608
f 1611/1620/1609 1612/1621/1610 1349/1351/1347
f 1613/1622/1611 1614/1623/1612 1615/1624/1613
f 1616/1625/1614 1617/1626/1615 1618/1627/1616
f 1619/1628/1617 1620/1629/1618 1621/1630/1619
f 1622/1631/1620 1623/1632/1621 1624/1633/1622
f 1625/1634/1623 1356/1358/1354 1626/1635/1624
f 1297/1298/1295 1299/1300/1297 1627/1636/1625
f 1628/1637/1626 1629/1638/1627 1630/1639/1628
f 1631/1640/1629 1503/1510/1501 1632/1641/1630
f 1503/1510/1501 1633/1642/1631 1634/1643/1632
f 1591/1600/1589 1635/1644/1633 1590/1599/1588
f 1636/1645/1634 1413/1419/1411 1632/1641/1630
f 1413/1419/1411 1631/1640/1629 1632/1641/1630
f 1637/1646/1635 1638/1647/1636 1639/1648/1637
f 1616/1625/1614 1618/1627/1616 1640/1649/1638
f 1640/1649/1638 1641/1650/1639 1642/1651/1640
f 1643/1652/1641 1460/1467/1458 1644/1653/1642
f 1645/1654/1643 1234/1234/1232 1643/1652/1641
f 1646/1655/1644 1462/1469/1460 1461/1468/1459
f 1234/1234/1232 1647/1656/1645 1643/1652/1641
f 1648/1657/1646 1294/1295/1292 1649/1658/1647
f 1329/1330/1327 1650/1659/1648 1651/1660/1649
f 1652/1662/1650 1653/1663/1651 1654/1664/1652
f 1295/1296/1293 1655/1665/1653 1296/1297/1294
f 1656/1666/1654 1244/1245/1242 1243/1244/1241
f 1329/1331/1327 1651/1661/1649 1657/1667/1655
f 1658/1668/1656 1659/1669/1657 1660/1670/1658
f 1498/1505/1496 1661/1671/1659 1432/1438/1430
f 1662/1672/1660 1663/1673/1661 1400/1406/1398
f 1661/1671/1659 1664/1674/1662 1432/1438/1430
f 1665/1675/1663 1655/1665/1653 1244/1245/1242
f 1311/1312/1309 1313/1314/1311 1666/1676/1664
f 1667/1677/1665 1668/1678/1666 1669/1679/1667
f 1670/1680/1668 1477/1484/1475 1671/1681/1669
f 1554/1561/1552 1672/1682/1670 1552/1559/1550
f 1673/1683/1671 1291/1292/1289 1293/1294/1291
f 1673/1683/1671 1674/1684/1672 1439/1445/1437
f 1675/1685/1673 1322/1323/1320 1321/1322/1319
f 1671/1681/1669 1477/1484/1475 1676/1686/1674
f 1677/1687/1675 1564/1571/1562 1565/1572/1563
f 1262/1263/1260 1384/1388/1382 1678/1688/1676
f 1328/1329/1326 1327/1328/1325 1679/1689/1677
f 1680/1690/1678 1333/1335/1331 1681/1691/1679
f 1659/1669/1657 1658/1668/1656 1682/1692/1680
f 1683/1693/1681 1684/1694/1682 1685/1695/1683
f 1561/1568/1559 1563/1570/1561 1686/1696/1684
f 1687/1697/1685 1688/1698/1686 1689/1699/1687
f 1690/1700/1688 1691/1701/1689 1276/1277/1274
f 1444/1450/1442 1692/1702/1690 1252/1253/1250
f 1693/1703/1691 1475/1482/1473 1474/1481/1472
f 1694/1704/1692 1695/1705/1693 1474/1481/1472
f 1696/1706/1694 1583/1592/1581 1582/1591/1580
f 1697/1707/1695 1698/1708/1696 1581/1590/1579
f 1452/1459/1450 1453/1460/1451 1699/1709/1697
f 1398/1404/1396 1331/1333/1329 1330/1332/1328
f 1700/1710/1698 1540/1547/1538 1539/1546/1537
f 1401/1407/1399 1701/1711/1699 1702/1712/1700
f 1648/1657/1646 1649/1658/1647 1703/1713/1701
f 1704/1714/1702 1705/1715/1703 1706/1716/1704
f 1635/1644/1633 1707/1717/1705 1708/1718/1706
f 1709/1719/1707 1710/1720/1708 1711/1721/1709
f 1712/1722/1710 1713/1723/1711 1304/1305/1302
f 1714/1724/1712 1715/1725/1713 1545/1552/1543
f 1614/1623/1612 1427/1433/1425 1716/1726/1714
f 1234/1234/1232 1645/1654/1643 1235/1235/1233
f 1717/1727/1715 1235/1235/1233 1259/1260/1257
f 1345/1347/1343 1425/1431/1423 1718/1728/1716
f 1719/1729/1717 1544/1551/1542 1543/1550/1541
f 1667/1677/1665 1720/1730/1718 1668/1678/1666
f 1721/1731/1719 1720/1730/1718 1667/1677/1665
f 1278/1279/1276 1472/1479/1470 1722/1732/1720
f 1281/1282/1279 1723/1733/1721 1279/1280/1277
f 1575/1582/1573 1573/1580/1571 1724/1734/1722
f 1725/1735/1723 1726/1736/1724 1727/1737/1725
f 1492/1499/1490 1728/1738/1726 1493/1500/1491
f 1274/1275/1272 1729/1739/1727 1492/1499/1490
f 1618/1627/1616 1641/1650/1639 1640/1649/1638
f 1644/1653/1642 1730/1740/1728 1260/1261/1258
f 1418/1424/1416 1731/1741/1729 1415/1421/1413
f 1686/1696/1684 1415/1421/1413 1731/1741/1729
f 1732/1742/1730 1733/1743/1731 1734/1744/1732
f 1733/1743/1731 1735/1745/1733 1232/1232/1230
f 1537/1544/1535 1736/1746/1734 1737/1747/1735
f 1738/1748/1736 1739/1749/1737 1740/1750/1738
f 1367/1369/1365 1264/1265/1262 1266/1267/1264
f 1741/1751/1739 1742/1752/1740 1496/1503/1494
f 1738/1748/1736 1743/1753/1741 1739/1749/1737
f 1744/1754/1742 1745/1755/1743 1308/1309/1306
f 1746/1756/1744 1741/1751/1739 1747/1757/1745
f 1622/1631/1620 1624/1633/1622 1748/1758/1746
f 1749/1759/1747 1750/1760/1748 1564/1571/1562
f 1751/1761/1749 1750/1760/1748 1370/1372/1368
f 1654/1664/1652 1653/1663/1651 1490/1497/1488
f 1752/1762/1750 1493/1500/1491 1728/1738/1726
f 1351/1353/1349 1753/1763/1751 1566/1573/1564
f 1754/1764/1752 1755/1765/1753 1756/1766/1754
f 1612/1621/1610 1611/1620/1609 1757/1767/1755
f 1758/1768/1756 1448/1454/1446 1590/1599/1588
f 1759/1769/1757 1657/1667/1655 1760/1770/1758
f 1761/1771/1759 1762/1772/1760 1763/1773/1761
f 1764/1774/1762 1756/1766/1754 1755/1765/1753
f 1765/1775/1763 1335/1337/1333 1576/1583/1574
f 1262/1263/1260 1261/1262/1259 1763/1773/1761
f 1766/1776/1764 1767/1777/1765 1262/1263/1260
f 1469/1476/1467 1467/1474/1465 1470/1477/1468
f 1768/1778/1766 1769/1779/1767 1770/1780/1768
f 1397/1403/1395 1604/1613/1602 1394/1400/1392
f 1771/1781/1769 1772/1782/1770 1773/1783/1771
f 1774/1784/1772 1515/1522/1513 1514/1521/1512
f 1651/1661/1649 1760/1770/1758 1657/1667/1655
f 1381/1385/1379 1775/1785/1773 1776/1786/1774
f 1777/1787/1775 1778/1788/1776 1779/1789/1777
f 1743/1753/1741 1779/1789/1777 1340/1342/1338
f 1536/1543/1534 1541/1548/1539 1780/1790/1778
f 1781/1791/1779 1700/1710/1698 1539/1546/1537
f 1671/1681/1669 1676/1686/1674 1782/1792/1780
f 1783/1793/1781 1784/1794/1782 1785/1795/1783
f 1786/1796/1784 1446/1452/1444 1516/1523/1514
f 1787/1797/1785 1532/1539/1530 1788/1798/1786
f 1789/1799/1787 1312/1313/1310 1311/1312/1309
f 1790/1800/1788 1415/1421/1413 1686/1696/1684
f 1357/1359/1355 1415/1421/1413 1790/1800/1788
f 1791/1801/1789 1792/1802/1790 1793/1803/1791
f 1761/1771/1759 1763/1773/1761 1794/1804/1792
f 1628/1637/1626 1630/1639/1628 1625/1634/1623
f 1416/1422/1414 1415/1421/1413 1357/1359/1355
f 1557/1564/1555 1795/1805/1793 1237/1237/1235
f 1391/1395/1389 1796/1806/1794 1392/1396/1390
f 1329/1330/1327 1237/1237/1235 1795/1805/1793
f 1797/1808/1795 1650/1659/1648 1329/1330/1327
f 1226/1226/1226 1322/1323/1320 1227/1227/1227
f 1603/1612/1601 1798/1809/1796 1322/1323/1320
f 1799/1810/1797 1671/1681/1669 1672/1682/1670
f 1721/1731/1719 1667/1677/1665 1800/1811/1798
f 1480/1487/1478 1482/1489/1480 1481/1488/1479
f 1801/1812/1799 1523/1530/1521 1802/1813/1800
f 1523/1530/1521 1522/1529/1520 1803/1814/1801
f 1383/1387/1381 1262/1263/1260 1767/1777/1765
f 1804/1815/1802 1684/1694/1682 1683/1693/1681
f 1805/1816/1803 1806/1817/1804 1807/1818/1805
f 1356/1358/1354 1358/1360/1356 1808/1819/1806
f 1809/1820/1807 1810/1821/1808 1811/1822/1809
f 1735/1745/1733 1812/1823/1810 1813/1824/1811
f 1814/1825/1812 1813/1824/1811 1815/1826/1813
f 1816/1827/1814 1815/1826/1813 1813/1824/1811
f 1402/1408/1400 1401/1407/1399 1817/1828/1815
f 1818/1829/1816 1819/1830/1817 1820/1831/1818
f 1810/1821/1808 1483/1490/1481 1821/1832/1819
f 1822/1833/1820 1823/1834/1821 1256/1257/1254
f 1823/1834/1821 1257/1258/1255 1256/1257/1254
f 1824/1835/1822 1825/1836/1823 1405/1411/1403
f 1784/1794/1782 1337/1339/1335 1785/1795/1783
f 1327/1328/1325 1784/1794/1782 1679/1689/1677
f 1826/1837/1824 1454/1461/1452 1827/1838/1825
f 1499/1506/1497 1505/1512/1503 1500/1507/1498
f 1441/1447/1439 1828/1839/1826 1442/1448/1440
f 1572/1579/1570 1829/1840/1827 1573/1580/1571
f 1830/1841/1828 1831/1842/1829 1832/1843/1830
f 1833/1844/1831 1834/1845/1832 1835/1846/1833
f 1836/1847/1834 1623/1632/1621 1629/1638/1627
f 1362/1364/1360 1364/1366/1362 1837/1848/1835
f 1838/1849/1836 1839/1850/1837 1840/1851/1838
f 1841/1852/1839 1842/1853/1840 1398/1404/1396
f 1378/1382/1376 1843/1854/1841 1379/1383/1377
f 1413/1419/1411 1844/1855/1842 1414/1420/1412
f 1845/1856/1843 1846/1857/1844 1836/1847/1834
f 1273/1274/1271 1275/1276/1273 1847/1858/1845
f 1567/1574/1565 1568/1575/1566 1847/1858/1845
f 1605/1614/1603 1323/1324/1321 1606/1615/1604
f 1323/1324/1321 1848/1859/1846 1849/1860/1847
f 1848/1859/1846 1323/1324/1321 1605/1614/1603
f 1398/1404/1396 1330/1332/1328 1399/1405/1397
f 1850/1861/1848 1434/1440/1432 1440/1446/1438
f 1851/1862/1849 1852/1863/1850 1497/1504/1495
f 1754/1764/1752 1504/1511/1502 1503/1510/1501
f 1503/1510/1501 1634/1643/1632 1754/1764/1752
f 1853/1864/1851 1854/1865/1852 1855/1866/1853
f 1517/1524/1515 1855/1866/1853 1607/1616/1605
f 1234/1234/1232 1646/1655/1644 1647/1656/1645
f 1236/1236/1234 1471/1478/1469 1234/1234/1232
f 1856/1867/1854 1850/1861/1848 1857/1868/1855
f 1858/1869/1856 1803/1814/1801 1522/1529/1520
f 1859/1870/1857 1691/1701/1689 1690/1700/1688
f 1860/1871/1858 1861/1872/1859 1862/1873/1860
f 1300/1301/1298 1826/1837/1824 1301/1302/1299
f 1436/1442/1434 1438/1444/1436 1801/1812/1799
f 1620/1629/1618 1687/1697/1685 1863/1874/1861
f 1687/1697/1685 1689/1699/1687 1616/1625/1614
f 1414/1420/1412 1844/1855/1842 1628/1637/1626
f 1625/1634/1623 1626/1635/1624 1628/1637/1626
f 1594/1603/1592 1864/1875/1862 1865/1876/1863
f 1865/1876/1863 1233/1233/1231 1594/1603/1592
f 1486/1493/1484 1866/1877/1864 1867/1878/1865
f 1794/1804/1792 1866/1877/1864 1761/1771/1759
f 1868/1879/1866 1740/1750/1738 1869/1880/1867
f 1559/1566/1557 1445/1451/1443 1870/1881/1868
f 1555/1562/1553 1557/1564/1555 1871/1882/1869
f 1796/1806/1794 1391/1395/1389 1557/1564/1555
f 1640/1649/1638 1368/1370/1366 1872/1883/1870
f 1621/1630/1619 1640/1649/1638 1872/1883/1870
f 1873/1884/1871 1874/1885/1872 1589/1598/1587
f 1875/1886/1873 1613/1622/1611 1615/1624/1613
f 1606/1615/1604 1875/1886/1873 1395/1401/1393
f 1371/1373/1369 1373/1375/1371 1566/1573/1564
f 1750/1760/1748 1876/1887/1874 1370/1372/1368
f 1310/1311/1308 1877/1888/1875 1878/1889/1876
f 1879/1890/1877 1449/1455/1447 1348/1350/1346
f 1324/1325/1322 1880/1891/1878 1881/1892/1879
f 1714/1724/1712 1545/1552/1543 1882/1893/1880
f 1883/1894/1881 1593/1602/1591 1884/1895/1882
f 1549/1556/1547 1885/1896/1883 1550/1557/1548
f 1885/1896/1883 1886/1897/1884 1887/1898/1885
f 1407/1413/1405 1403/1409/1401 1408/1414/1406
f 1888/1899/1886 1332/1334/1330 1331/1333/1329
f 1888/1899/1886 1570/1577/1568 1569/1576/1567
f 1889/1900/1887 1890/1901/1888 1477/1484/1475
f 1477/1484/1475 1890/1901/1888 1676/1686/1674
f 1241/1242/1239 1891/1902/1889 1892/1903/1890
f 1893/1904/1891 1891/1902/1889 1412/1418/1410
f 1400/1406/1398 1402/1408/1400 1894/1905/1892
f 1639/1648/1637 1549/1556/1547 1551/1558/1549
f 1895/1906/1893 1896/1907/1894 1402/1408/1400
f 1530/1537/1528 1897/1908/1895 1531/1538/1529
f 1551/1558/1549 1898/1909/1896 1548/1555/1546
f 1895/1906/1893 1551/1558/1549 1896/1907/1894
f 1679/1689/1677 1899/1910/1897 1328/1329/1326
f 1900/1911/1898 1901/1912/1899 1697/1707/1695
f 1902/1913/1900 1770/1780/1768 1899/1910/1897
f 1770/1780/1768 1902/1913/1900 1768/1778/1766
f 1324/1325/1322 1847/1858/1845 1275/1276/1273
f 1324/1325/1322 1323/1324/1321 1849/1860/1847
f 1288/1289/1286 1903/1914/1901 1289/1290/1287
f 1288/1289/1286 1904/1915/1902 1764/1774/1762
f 1905/1916/1903 1906/1917/1904 1907/1918/1905
f 1906/1917/1904 1276/1277/1274 1907/1918/1905
f 1908/1919/1906 1265/1266/1263 1264/1265/1262
f 1365/1367/1363 1823/1834/1821 1366/1368/1364
f 1749/1759/1747 1564/1571/1562 1909/1920/1907
f 1355/1357/1353 1354/1356/1352 1910/1921/1908
f 1270/1271/1268 1386/1390/1384 1385/1389/1383
f 1714/1724/1712 1911/1922/1909 1715/1725/1713
f 1543/1550/1541 1912/1923/1910 1542/1549/1540
f 1911/1922/1909 1912/1923/1910 1715/1725/1713
f 1435/1441/1433 1498/1505/1496 1913/1924/1911
f 1363/1365/1361 1509/1516/1507 1513/1520/1511
f 1854/1865/1852 1783/1793/1781 1785/1795/1783
f 1609/1618/1607 1396/1402/1394 1395/1401/1393
f 1730/1740/1728 1258/1259/1256 1260/1261/1258
f 1914/1925/1912 1730/1740/1728 1617/1626/1615
f 1672/1682/1670 1915/1926/1913 1552/1559/1550
f 1915/1926/1913 1916/1927/1914 1555/1562/1553
f 1555/1562/1553 1871/1882/1869 1917/1928/1915
f 1915/1926/1913 1555/1562/1553 1917/1928/1915
f 1918/1929/1916 1919/1930/1917 1920/1931/1918
f 1807/1818/1805 1918/1929/1916 1805/1816/1803
f 1805/1816/1803 1918/1929/1916 1920/1931/1918
f 1914/1925/1912 1921/1932/1919 1920/1931/1918
f 1268/1269/1266 1267/1268/1265 1922/1933/1920
f 1819/1830/1817 1702/1712/1700 1923/1934/1921
f 1924/1935/1922 1486/1493/1484 1867/1878/1865
f 1594/1603/1592 1595/1604/1593 1924/1935/1922
f 1484/1491/1482 1486/1493/1484 1924/1935/1922
f 1924/1935/1922 1813/1824/1811 1814/1825/1812
f 1592/1601/1590 1925/1936/1923 1926/1937/1924
f 1431/1437/1429 1498/1505/1496 1432/1438/1430
f 1927/1938/1925 1460/1467/1458 1643/1652/1641
f 1596/1605/1594 1928/1939/1926 1597/1606/1595
f 1929/1940/1927 1530/1537/1528 1528/1535/1526
f 1930/1941/1928 1530/1537/1528 1929/1940/1927
f 1533/1540/1531 1930/1941/1928 1929/1940/1927
f 1737/1747/1735 1736/1746/1734 1931/1942/1929
f 1777/1787/1775 1932/1943/1930 1778/1788/1776
f 1933/1944/1931 1934/1946/1932 1382/1386/1380
f 1935/1947/1933 1888/1899/1886 1331/1333/1329
f 1402/1408/1400 1817/1828/1815 1936/1948/1934
f 1531/1538/1529 1897/1908/1895 1402/1408/1400
f 1504/1511/1502 1507/1514/1505 1502/1509/1500
f 1501/1508/1499 1500/1507/1498 1765/1775/1763
f 1651/1661/1649 1775/1785/1773 1760/1770/1758
f 1937/1949/1935 1375/1378/1373 1938/1950/1936
f 1658/1668/1656 1660/1670/1658 1939/1952/1937
f 1760/1770/1758 1775/1785/1773 1939/1952/1937
f 1791/1801/1789 1793/1803/1791 1940/1953/1938
f 1941/1954/1939 1940/1953/1938 1642/1651/1640
f 1280/1281/1278 1276/1277/1274 1281/1282/1279
f 1907/1918/1905 1276/1277/1274 1280/1281/1278
f 1820/1831/1818 1922/1933/1920 1267/1268/1265
f 1540/1547/1538 1700/1710/1698 1820/1831/1818
f 1942/1955/1940 1943/1956/1941 1408/1414/1406
f 1856/1867/1854 1857/1868/1855 1522/1529/1520
f 1522/1529/1520 1521/1528/1519 1856/1867/1854
f 1312/1313/1310 1788/1798/1786 1313/1314/1311
f 1534/1541/1532 1944/1957/1942 1945/1958/1943
f 1946/1959/1944 1487/1494/1485 1793/1803/1791
f 1487/1494/1485 1947/1960/1945 1565/1572/1563
f 1647/1656/1645 1646/1655/1644 1461/1468/1459
f 1927/1938/1925 1948/1961/1946 1596/1605/1594
f 1845/1856/1843 1359/1361/1357 1837/1848/1835
f 1360/1362/1358 1359/1361/1357 1949/1962/1947
f 1949/1962/1947 1413/1419/1411 1950/1963/1948
f 1456/1463/1454 1293/1294/1291 1508/1515/1506
f 1423/1429/1421 1951/1964/1949 1424/1430/1422
f 1559/1566/1557 1952/1965/1950 1422/1428/1420
f 1953/1966/1951 1954/1967/1952 1955/1968/1953
f 1586/1595/1584 1956/1969/1954 1584/1593/1582
f 1249/1250/1247 1957/1970/1955 1958/1971/1956
f 1612/1621/1610 1959/1972/1957 1960/1973/1958
f 1347/1349/1345 1961/1974/1959 1345/1347/1343
f 1612/1621/1610 1960/1973/1958 1349/1351/1347
f 1691/1701/1689 1861/1872/1859 1962/1975/1960
f 1277/1278/1275 1963/1976/1961 1472/1479/1470
f 1964/1977/1962 1721/1731/1719 1965/1978/1963
f 1723/1733/1721 1672/1682/1670 1279/1280/1277
f 1962/1975/1960 1653/1663/1651 1652/1662/1650
f 1966/1979/1964 1653/1663/1651 1860/1871/1858
f 1583/1592/1581 1658/1668/1656 1939/1952/1937
f 1583/1592/1581 1696/1706/1694 1685/1695/1683
f 1941/1954/1939 1458/1465/1456 1940/1953/1938
f 1967/1980/1965 1791/1801/1789 1940/1953/1938
f 1701/1711/1699 1656/1666/1654 1968/1981/1966
f 1663/1673/1661 1969/1982/1967 1970/1983/1968
f 1971/1984/1969 1896/1907/1894 1551/1558/1549
f 1894/1905/1892 1971/1984/1969 1400/1406/1398
f 1270/1271/1268 1272/1273/1270 1386/1390/1384
f 1574/1581/1572 1272/1273/1270 1492/1499/1490
f 1972/1985/1970 1973/1986/1971 1909/1920/1907
f 1524/1531/1522 1350/1352/1348 1352/1354/1350
f 1420/1426/1418 1562/1569/1560 1561/1568/1559
f 1686/1696/1684 1731/1741/1729 1561/1568/1559
f 1937/1949/1935 1376/1380/1374 1375/1378/1373
f 1654/1664/1652 1490/1497/1488 1376/1380/1374
f 1586/1595/1584 1822/1833/1820 1956/1969/1954
f 1952/1965/1950 1559/1566/1557 1341/1343/1339
f 1952/1965/1950 1341/1343/1339 1951/1964/1949
f 1887/1898/1885 1883/1894/1881 1884/1895/1882
f 1551/1558/1549 1550/1557/1548 1898/1909/1896
f 1834/1845/1832 1830/1841/1828 1832/1843/1830
f 1832/1843/1830 1602/1611/1600 1889/1900/1887
f 1974/1987/1972 1964/1977/1962 1965/1978/1963
f 1974/1987/1972 1965/1978/1963 1693/1703/1691
f 1975/1988/1973 1976/1989/1974 1783/1793/1781
f 1975/1988/1973 1783/1793/1781 1854/1865/1852
f 1977/1990/1975 1978/1991/1976 1384/1388/1382
f 1972/1985/1970 1977/1990/1975 1910/1921/1908
f 1319/1320/1317 1979/1992/1977 1390/1394/1388
f 1478/1485/1476 1835/1846/1833 1476/1483/1474
f 1474/1481/1472 1253/1254/1251 1252/1253/1250
f 1692/1702/1690 1474/1481/1472 1252/1253/1250
f 1413/1419/1411 1412/1418/1410 1631/1640/1629
f 1503/1510/1501 1631/1640/1629 1633/1642/1631
f 1317/1318/1315 1980/1993/1978 1318/1319/1316
f 1234/1234/1232 1318/1319/1316 1646/1655/1644
f 1981/1994/1979 1956/1969/1954 1953/1966/1951
f 1981/1994/1979 1405/1411/1403 1825/1836/1823
f 1721/1731/1719 1671/1681/1669 1782/1792/1780
f 1671/1681/1669 1721/1731/1719 1672/1682/1670
f 1286/1287/1284 1622/1631/1620 1748/1758/1746
f 1629/1638/1627 1982/1995/1980 1630/1639/1628
f 1900/1911/1898 1697/1707/1695 1581/1590/1579
f 1685/1695/1683 1900/1911/1898 1581/1590/1579
f 1983/1996/1981 1984/1997/1982 1985/1998/1983
f 1986/1999/1984 1666/1676/1664 1945/1958/1943
f 1987/2000/1985 1988/2001/1986 1989/2002/1987
f 1983/1996/1981 1985/1998/1983 1990/2003/1988
f 1620/1629/1618 1373/1375/1371 1687/1697/1685
f 1373/1375/1371 1620/1629/1618 1566/1573/1564
f 1466/1473/1464 1468/1475/1466 1464/1471/1462
f 1562/1569/1560 1420/1426/1418 1419/1425/1417
f 1841/1852/1839 1934/1946/1932 1842/1853/1840
f 1934/1946/1932 1933/1945/1931 1991/2004/1989
f 1857/1868/1855 1850/1861/1848 1440/1446/1438
f 1674/1684/1672 1440/1446/1438 1439/1445/1437
f 1992/2005/1990 1993/2006/1991 1994/2007/1992
f 1995/2008/1993 1758/1768/1756 1590/1599/1588
f 1269/1270/1267 1704/1714/1702 1706/1716/1704
f 1778/1788/1776 1996/2009/1994 1779/1789/1777
f 1704/1714/1702 1269/1270/1267 1268/1269/1266
f 1648/1657/1646 1245/1246/1243 1244/1245/1242
f 1703/1713/1701 1708/1718/1706 1997/2010/1995
f 1708/1718/1706 1998/2011/1996 1713/1723/1711
f 1242/1243/1240 1999/2012/1997 1689/1699/1687
f 1921/1932/1919 1914/1925/1912 1689/1699/1687
f 1998/2011/1996 1708/1718/1706 1703/1713/1701
f 1245/1246/1243 1648/1657/1646 1703/1713/1701
f 2000/2013/1998 1704/1714/1702 1245/1246/1243
f 1705/1715/1703 1704/1714/1702 2000/2013/1998
f 1626/1635/1624 1356/1358/1354 1891/1902/1889
f 1891/1902/1889 1356/1358/1354 1808/1819/1806
f 1795/1805/1793 1797/1808/1795 1329/1330/1327
f 2001/2014/1999 1556/1563/1554 1722/1732/1720
f 1705/1715/1703 1310/1311/1308 1309/1310/1307
f 1705/1715/1703 2000/2013/1998 1997/2010/1995
f 1533/1540/1531 1527/1534/1525 1529/1536/1527
f 1945/1958/1943 1944/1957/1942 1541/1548/1539
f 1646/1655/1644 1980/1993/1978 1462/1469/1460
f 1318/1319/1316 1980/1993/1978 1646/1655/1644
f 1443/1449/1441 1906/1917/1904 1905/1916/1903
f 1726/1736/1724 2002/2015/2000 1727/1737/1725
f 1559/1566/1557 1422/1428/1420 2003/2016/2001
f 1445/1451/1443 1559/1566/1557 2004/2017/2002
f 1386/1390/1384 1575/1582/1573 1342/1344/1340
f 1725/1735/1723 2005/2018/2003 1342/1344/1340
f 1558/1565/1556 1727/1737/1725 2002/2015/2000
f 1558/1565/1556 1445/1451/1443 2004/2017/2002
f 1558/1565/1556 2004/2017/2002 1727/1737/1725
f 1342/1344/1340 2005/2018/2003 1343/1345/1341
f 1768/1778/1766 2006/2019/2004 1769/1779/1767
f 1338/1340/1336 2006/2019/2004 1396/1402/1394
f 2007/2020/2005 1604/1613/1602 2008/2021/2006
f 2008/2021/2006 1604/1613/1602 1397/1403/1395
f 1877/1888/1875 1449/1455/1447 1879/1890/1877
f 1345/1347/1343 1718/1728/1716 1346/1348/1344
f 1987/2000/1985 2009/2022/2007 1253/1254/1251
f 2009/2022/2007 1987/2000/1985 1989/2002/1987
f 1446/1452/1444 1786/1796/1784 1447/1453/1445
f 1447/1453/1445 2010/2023/2008 2011/2024/2009
f 2010/2023/2008 1710/1720/1708 2011/2024/2009
f 1514/1521/1512 1771/1781/1769 1773/1783/1771
f 1970/1983/1968 1969/1982/1967 2012/2025/2010
f 1969/1982/1967 1851/1862/1849 1665/1675/1663
f 1321/1322/1319 1984/1997/1982 1782/1792/1780
f 1782/1792/1780 1675/1685/1673 1321/1322/1319
f 1238/1239/1236 1329/1331/1327 1657/1667/1655
f 1657/1667/1655 1759/1769/1757 2013/2026/2011
f 1917/1928/1915 1871/1882/1869 1553/1560/1551
f 1391/1395/1389 2014/2027/2012 2015/2028/2013
f 2016/2029/2014 1545/1552/1543 1428/1434/1426
f 2016/2029/2014 1882/1893/1880 1545/1552/1543
f 1526/1533/1524 1246/1247/1244 1289/1290/1287
f 1409/1415/1407 1351/1353/1349 1350/1352/1348
f 1246/1247/1244 1526/1533/1524 1525/1532/1523
f 1353/1355/1351 1581/1590/1579 1698/1708/1696
f 1933/1944/1931 1382/1386/1380 1776/1786/1774
f 1381/1385/1379 1776/1786/1774 1382/1386/1380
f 1358/1360/1356 1357/1359/1355 1790/1800/1788
f 1806/1817/1804 1358/1360/1356 1807/1818/1805
f 1966/1979/1964 1860/1871/1858 2017/2030/2015
f 2018/2031/2016 1888/1899/1886 1966/1979/1964
f 1859/1870/1857 1861/1872/1859 1691/1701/1689
f 1387/1391/1385 1389/1393/1387 1859/1870/1857
f 1520/1527/1518 1803/1814/1801 1858/1869/1856
f 1674/1684/1672 2019/2032/2017 1440/1446/1438
f 1861/1872/1859 1859/1870/1857 1389/1393/1387
f 1862/1873/1860 1861/1872/1859 2020/2033/2018
f 1367/1369/1365 2021/2034/2019 1747/1757/1745
f 1286/1287/1284 1748/1758/1746 2022/2035/2020
f 1593/1602/1591 1592/1601/1590 1926/1937/1924
f 1823/1834/1821 1365/1367/1363 1257/1258/1255
f 1709/1719/1707 1995/2008/1993 1590/1599/1588
f 1518/1525/1516 1995/2008/1993 1709/1719/1707
f 2023/2036/2021 1262/1263/1260 1763/1773/1761
f 2024/2037/2022 1763/1773/1761 2025/2038/2023
f 2023/2036/2021 1763/1773/1761 2024/2037/2022
f 1660/1670/1658 1766/1776/1764 2026/2039/2024
f 1408/1414/1406 1886/1897/1884 1885/1896/1883
f 1942/1955/1940 1408/1414/1406 1885/1896/1883
f 1454/1461/1452 1413/1419/1411 1636/1645/1634
f 1827/1838/1825 1454/1461/1452 1636/1645/1634
f 1407/1413/1405 1404/1410/1402 1403/1409/1401
f 1580/1589/1578 2015/2028/2013 2014/2027/2012
f 1979/1992/1977 2027/2040/2025 1390/1394/1388
f 1313/1314/1311 1788/1798/1786 1945/1958/1943
f 1666/1676/1664 1313/1314/1311 1945/1958/1943
f 1555/1562/1553 1722/1732/1720 1556/1563/1554
f 1555/1562/1553 1916/1927/1914 1722/1732/1720
f 1856/1867/1854 1774/1784/1772 1305/1306/1303
f 1655/1665/1653 1856/1867/1854 1296/1297/1294
f 1749/1759/1747 1566/1573/1564 1750/1760/1748
f 1566/1573/1564 1876/1887/1874 1750/1760/1748
f 2028/2041/2026 1692/1702/1690 1444/1450/1442
f 2029/2042/2027 2028/2041/2026 1444/1450/1442
f 1694/1704/1692 1474/1481/1472 1692/1702/1690
f 1905/1916/1903 1694/1704/1692 1692/1702/1690
f 2030/2043/2028 1416/1422/1414 1357/1359/1355
f 2030/2043/2028 1357/1359/1355 1356/1358/1354
f 1419/1425/1417 1466/1473/1464 1464/1471/1462
f 2031/2044/2029 1950/1963/1948 1508/1515/1506
f 1361/1363/1359 1950/1963/1948 2031/2044/2029
f 2032/2045/2030 1532/1539/1530 1787/1797/1785
f 1789/1799/1787 2033/2046/2031 1312/1313/1310
f 1610/1619/1608 1266/1267/1264 2034/2047/2032
f 1587/1596/1585 2035/2048/2033 1588/1597/1586
f 2030/2043/2028 2036/2049/2034 1416/1422/1414
f 1627/1636/1625 1299/1300/1297 2037/2050/2035
f 2037/2050/2035 1299/1300/1297 1417/1423/1415
f 2038/2051/2036 2039/2052/2037 1361/1363/1359
f 1292/1293/1290 1361/1363/1359 2031/2044/2029
f 1869/1880/1867 1740/1750/1738 2040/2053/2038
f 1740/1750/1738 1739/1749/1737 1339/1341/1337
f 1277/1278/1275 1691/1701/1689 1963/1976/1961
f 1691/1701/1689 1277/1278/1275 1276/1277/1274
f 1591/1600/1589 1448/1454/1446 1450/1456/1448
f 1590/1599/1588 1635/1644/1633 1992/2005/1990
f 1288/1289/1286 1290/1291/1288 1681/1691/1679
f 1681/1691/1679 1904/1915/1902 1288/1289/1286
f 1627/1636/1625 2037/2050/2035 2036/2049/2034
f 1982/1995/1980 1627/1636/1625 2036/2049/2034
f 2041/2054/2039 1272/1273/1270 1574/1581/1572
f 1574/1581/1572 1575/1582/1573 2041/2054/2039
f 1907/1918/1905 2042/2055/2040 1695/1705/1693
f 2042/2055/2040 1974/1987/1972 1695/1705/1693
f 1516/1523/1514 1711/1721/1709 1786/1796/1784
f 2010/2023/2008 1711/1721/1709 1710/1720/1708
f 1346/1348/1344 1879/1890/1877 1348/1350/1346
f 1718/1728/1716 1879/1890/1877 1346/1348/1344
f 1425/1431/1423 2043/2056/2041 1423/1429/1421
f 1719/1729/1717 1543/1550/1541 1542/1549/1540
f 2035/2048/2033 1610/1619/1608 2034/2047/2032
f 1781/1791/1779 1818/1829/1816 1700/1710/1698
f 1700/1710/1698 1818/1829/1816 1820/1831/1818
f 1541/1548/1539 1539/1546/1537 1780/1790/1778
f 2044/2057/2042 1539/1546/1537 1996/2009/1994
f 1635/1644/1633 1450/1456/1448 1707/1717/1705
f 1591/1600/1589 1450/1456/1448 1635/1644/1633
f 1295/1296/1293 1244/1245/1242 1655/1665/1653
f 1648/1657/1646 1244/1245/1242 1295/1296/1293
f 1359/1361/1357 1361/1363/1359 2039/2052/2037
f 1359/1361/1357 1362/1364/1360 1837/1848/1835
f 1824/1835/1822 2045/2058/2043 2046/2059/2044
f 1981/1994/1979 2046/2059/2044 1585/1594/1583
f 1609/1618/1607 1958/1971/1956 1608/1617/1606
f 1957/1970/1955 1608/1617/1606 1958/1971/1956
f 1609/1618/1607 1250/1251/1248 1958/1971/1956
f 1249/1250/1247 1958/1971/1956 1250/1251/1248
f 1779/1789/1777 1996/2009/1994 1745/1755/1743
f 1779/1789/1777 1745/1755/1743 1340/1342/1338
f 1293/1294/1291 1456/1463/1454 1673/1683/1671
f 1673/1683/1671 1456/1463/1454 1520/1527/1518
f 1706/1716/1704 1705/1715/1703 1309/1310/1307
f 1996/2009/1994 1706/1716/1704 1745/1755/1743
f 2006/2019/2004 2047/2060/2045 1397/1403/1395
f 1768/1778/1766 1377/1381/1375 1379/1383/1377
f 1622/1631/1620 1286/1287/1284 1982/1995/1980
f 1286/1287/1284 2048/2061/2046 1982/1995/1980
f 1864/1875/1862 1867/1878/1865 1866/1877/1864
f 1791/1801/1789 1866/1877/1864 1792/1802/1790
f 1824/1835/1822 1405/1411/1403 1404/1410/1402
f 1824/1835/1822 1404/1410/1402 1407/1413/1405
f 1740/1750/1738 1339/1341/1337 2040/2053/2038
f 1339/1341/1337 1559/1566/1557 2040/2053/2038
f 1744/1754/1742 1308/1309/1306 1951/1964/1949
f 1951/1964/1949 1878/1889/1876 1424/1430/1422
f 1303/1304/1301 1712/1722/1710 1304/1305/1302
f 1773/1783/1771 1303/1304/1301 1514/1521/1512
f 2049/2062/2047 1985/1998/1983 1984/1997/1982
f 1321/1322/1319 1226/1226/1226 1984/1997/1982
f 1707/1717/1705 1877/1888/1875 2050/2063/2048
f 1997/2010/1995 1708/1718/1706 1707/1717/1705
f 1304/1305/1302 1713/1723/1711 1998/2011/1996
f 1295/1296/1293 1294/1295/1292 1648/1657/1646
f 1941/1954/1939 1730/1740/1728 1644/1653/1642
f 1644/1653/1642 1460/1467/1458 1459/1466/1457
f 1645/1654/1643 1643/1652/1641 1260/1261/1258
f 1644/1653/1642 1260/1261/1258 1643/1652/1641
f 1336/1338/1334 1854/1865/1852 1785/1795/1783
f 1336/1338/1334 1785/1795/1783 1337/1339/1335
f 1908/1919/1906 1366/1368/1364 2051/2064/2049
f 1822/1833/1820 2052/2065/2050 2051/2064/2049
f 1854/1865/1852 1607/1616/1605 1855/1866/1853
f 1336/1338/1334 1609/1618/1607 1854/1865/1852
f 1565/1572/1563 1947/1960/1945 1263/1264/1261
f 1978/1991/1976 2053/2066/2051 1565/1572/1563
f 1322/1323/1320 1798/1809/1796 1227/1227/1227
f 1806/1817/1804 1805/1816/1803 1921/1932/1919
f 1921/1932/1919 1805/1816/1803 1920/1931/1918
f 1957/1970/1955 1758/1768/1756 1608/1617/1606
f 1517/1524/1515 1608/1617/1606 1758/1768/1756
f 1716/1726/1714 1427/1433/1425 1429/1435/1427
f 1347/1349/1345 2054/2067/2052 1961/1974/1959
f 2055/2068/2053 2056/2069/2054 1484/1491/1482
f 1814/1825/1812 1484/1491/1482 1924/1935/1922
f 1557/1564/1555 1237/1237/1235 1796/1806/1794
f 2056/2069/2054 1485/1492/1483 1484/1491/1482
f 2005/2018/2003 2004/2017/2002 1343/1345/1341
f 1343/1345/1341 2003/2016/2001 1422/1428/1420
f 1317/1318/1315 1479/1486/1477 1980/1993/1978
f 1734/1744/1732 1733/1743/1731 1980/1993/1978
f 1492/1499/1490 1491/1498/1489 1572/1579/1570
f 1572/1579/1570 1574/1581/1572 1492/1499/1490
f 2057/2070/2055 2058/2071/2056 1976/1989/1974
f 2058/2071/2056 2057/2070/2055 1516/1523/1514
f 1901/1912/1899 1696/1706/1694 1582/1591/1580
f 1377/1381/1375 1768/1778/1766 1902/1913/1900
f 1938/1951/1936 1375/1379/1373 1775/1785/1773
f 1775/1785/1773 1375/1379/1373 1374/1377/1372
f 1681/1691/1679 1290/1291/1288 1680/1690/1678
f 1248/1249/1246 1899/1910/1897 1679/1689/1677
f 1366/1368/1364 1908/1919/1906 1264/1265/1262
f 1366/1368/1364 1264/1265/1262 1367/1369/1365
f 1919/1930/1917 1717/1727/1715 1920/1931/1918
f 1914/1925/1912 1920/1931/1918 1560/1567/1558
f 1837/1848/1835 1364/1366/1362 1746/1756/1744
f 1746/1756/1744 1742/1752/1740 1741/1751/1739
f 1976/1989/1974 1576/1583/1574 1334/1336/1332
f 1976/1989/1974 2059/2072/2057 1576/1583/1574
f 1567/1574/1565 1849/1860/1847 1848/1859/1846
f 1330/1332/1328 2007/2020/2005 1399/1405/1397
f 1942/1955/1940 1885/1896/1883 1549/1556/1547
f 1655/1665/1653 2060/2073/2058 1856/1867/1854
f 1665/1675/1663 1851/1862/1849 1655/1665/1653
f 1447/1453/1445 2011/2024/2009 1437/1443/1435
f 1437/1443/1435 1436/1442/1434 1447/1453/1445
f 1617/1626/1615 1730/1740/1728 1618/1627/1616
f 1730/1740/1728 1941/1954/1939 1618/1627/1616
f 1514/1521/1512 1303/1304/1301 1774/1784/1772
f 1305/1306/1303 1774/1784/1772 1303/1304/1301
f 1437/1443/1435 1515/1522/1513 1438/1444/1436
f 1515/1522/1513 1521/1528/1519 1523/1530/1521
f 1299/1300/1297 1298/1299/1296 2061/2074/2059
f 2048/2061/2046 1298/1299/1296 1297/1298/1295
f 1286/1287/1284 1285/1286/1283 2048/2061/2046
f 2048/2061/2046 2062/2075/2060 1298/1299/1296
f 1451/1457/1449 1473/1480/1471 2063/2076/2061
f 1933/1944/1931 1776/1786/1774 1451/1458/1449
f 2064/2077/2062 1452/1459/1450 1699/1709/1697
f 2064/2077/2062 1582/1591/1580 1452/1459/1450
f 1887/1898/1885 1886/1897/1884 1883/1894/1881
f 1403/1409/1401 1405/1411/1403 1955/1968/1953
f 1886/1897/1884 1255/1256/1253 1883/1894/1881
f 1255/1256/1253 1257/1258/1255 1883/1894/1881
f 1443/1449/1441 1442/1448/1440 1906/1917/1904
f 1387/1391/1385 1859/1870/1857 1690/1700/1688
f 1793/1803/1791 1642/1651/1640 1940/1953/1938
f 1793/1803/1791 1487/1494/1485 1642/1651/1640
f 1988/2001/1986 1737/1747/1735 1989/2002/1987
f 1868/1879/1866 1738/1748/1736 1740/1750/1738
f 1315/1316/1313 1870/1881/1868 1445/1451/1443
f 1307/1308/1305 1254/1255/1252 1315/1316/1313
f 2058/2071/2056 1302/1303/1300 1976/1989/1974
f 1976/1989/1974 1302/1303/1300 2059/2072/2057
f 2058/2071/2056 1577/1584/1575 1302/1303/1300
f 2058/2071/2056 1516/1523/1514 1446/1452/1444
f 1613/1622/1611 2065/2078/2063 1614/1623/1612
f 2016/2029/2014 2066/2079/2064 1882/1893/1880
f 1882/1893/1880 2066/2079/2064 2065/2078/2063
f 1426/1432/1424 1324/1325/1322 1881/1892/1879
f 1271/1272/1269 1880/1891/1878 1274/1275/1272
f 1882/1893/1880 1880/1891/1878 1714/1724/1712
f 1274/1275/1272 1272/1273/1270 1271/1272/1269
f 1272/1273/1270 1274/1275/1272 1492/1499/1490
f 1720/1730/1718 1782/1792/1780 1668/1678/1666
f 1721/1731/1719 1782/1792/1780 1720/1730/1718
f 1739/1749/1737 1743/1753/1741 1340/1342/1338
f 1739/1749/1737 1340/1342/1338 1339/1341/1337
f 1253/1254/1251 1667/1677/1665 1987/2000/1985
f 1475/1482/1473 1667/1677/1665 1253/1254/1251
f 1804/1815/1802 1383/1387/1381 1684/1694/1682
f 1355/1357/1353 1384/1388/1382 1383/1387/1381
f 1979/1992/1977 2067/2080/2065 2027/2040/2025
f 1670/1680/1668 1478/1485/1476 1477/1484/1475
f 1324/1325/1322 1849/1860/1847 1847/1858/1845
f 1567/1574/1565 1847/1858/1845 1849/1860/1847
f 1554/1561/1552 2027/2040/2025 2067/2080/2065
f 1799/1810/1797 1670/1680/1668 1671/1681/1669
f 1541/1548/1539 1781/1791/1779 1539/1546/1537
f 1529/1536/1527 1541/1548/1539 1944/1957/1942
f 1893/1904/1891 1628/1637/1626 1626/1635/1624
f 1626/1635/1624 1891/1902/1889 1893/1904/1891
f 1861/1872/1859 1860/1871/1858 1962/1975/1960
f 1860/1871/1858 1653/1663/1651 1962/1975/1960
f 1283/1284/1281 1282/1283/1280 1579/1587/1577
f 1603/1612/1601 1831/1842/1829 1798/1809/1796
f 1464/1471/1462 1463/1470/1461 1563/1570/1561
f 1919/1930/1917 1235/1235/1233 1717/1727/1715
f 1581/1590/1579 1355/1357/1353 1683/1693/1681
f 1685/1695/1683 1581/1590/1579 1683/1693/1681
f 1372/1374/1370 1688/1698/1686 1687/1697/1685
f 1373/1375/1371 1372/1374/1370 1687/1697/1685
f 1372/1374/1370 1240/1241/1238 1242/1243/1240
f 1371/1373/1369 2068/2081/2066 1372/1374/1370
f 1556/1563/1554 1797/1808/1795 1795/1805/1793
f 1556/1563/1554 1795/1805/1793 1557/1564/1555
f 1757/1767/1755 1611/1620/1609 2069/2082/2067
f 1348/1350/1346 1449/1455/1447 2070/2083/2068
f 1944/1957/1942 1533/1540/1531 1529/1536/1527
f 1534/1541/1532 1533/1540/1531 1944/1957/1942
f 1979/1992/1977 1478/1485/1476 2067/2080/2065
f 1979/1992/1977 2071/2084/2069 1478/1485/1476
f 1532/1539/1530 1930/1941/1928 1533/1540/1531
f 2071/2084/2069 1839/1850/1837 1838/1849/1836
f 2071/2084/2069 1835/1846/1833 1478/1485/1476
f 1878/1889/1876 1877/1888/1875 1424/1430/1422
f 1718/1728/1716 1877/1888/1875 1879/1890/1877
f 1586/1595/1584 1873/1884/1871 1822/1833/1820
f 1822/1833/1820 1873/1884/1871 2052/2065/2050
f 1954/1967/1952 1822/1833/1820 1256/1257/1254
f 1954/1967/1952 1256/1257/1254 1255/1256/1253
f 1556/1563/1554 2001/2014/1999 1797/1808/1795
f 1963/1976/1961 2072/2085/2070 2073/2086/2071
f 2001/2014/1999 2072/2085/2070 1797/1808/1795
f 1797/1808/1795 2072/2085/2070 1650/1659/1648
f 1851/1862/1849 1497/1504/1495 1434/1440/1432
f 1434/1440/1432 1497/1504/1495 1435/1441/1433
f 1441/1447/1439 2029/2042/2027 1726/1736/1724
f 2029/2042/2027 2002/2015/2000 1726/1736/1724
f 1850/1861/1848 1851/1862/1849 1434/1440/1432
f 1851/1862/1849 2060/2073/2058 1655/1665/1653
f 1342/1344/1340 1575/1582/1573 1725/1735/1723
f 1575/1582/1573 1724/1734/1722 1725/1735/1723
f 1594/1603/1592 1924/1935/1922 1867/1878/1865
f 1594/1603/1592 1867/1878/1865 1864/1875/1862
f 1741/1751/1739 1367/1369/1365 1747/1757/1745
f 1741/1751/1739 1496/1503/1494 1495/1502/1493
f 1694/1704/1692 1907/1918/1905 1695/1705/1693
f 1907/1918/1905 1694/1704/1692 1905/1916/1903
f 1458/1465/1456 1460/1467/1458 1598/1607/1596
f 2074/2087/2072 1864/1875/1862 1967/1980/1965
f 1551/1558/1549 1548/1555/1546 1971/1984/1969
f 1663/1673/1661 1662/1672/1660 1430/1436/1428
f 1801/1812/1799 1300/1301/1298 1436/1442/1434
f 1436/1442/1434 1300/1301/1298 1446/1452/1444
f 1352/1354/1350 2075/2088/2073 1524/1531/1522
f 1524/1531/1522 1354/1356/1352 1525/1532/1523
f 1874/1885/1872 1587/1596/1585 1589/1598/1587
f 1341/1343/1339 1744/1754/1742 1951/1964/1949
f 1423/1429/1421 1952/1965/1950 1951/1964/1949
f 1340/1342/1338 1745/1755/1743 1744/1754/1742
f 1340/1342/1338 1744/1754/1742 1341/1343/1339
f 1483/1490/1481 1810/1821/1808 1809/1820/1807
f 2076/2089/2074 1816/1827/1814 1813/1824/1811
f 1631/1640/1629 1412/1418/1410 1633/1642/1631
f 1412/1418/1410 1891/1902/1889 1241/1242/1239
f 1403/1409/1401 1955/1968/1953 1886/1897/1884
f 1408/1414/1406 1403/1409/1401 1886/1897/1884
f 1998/2011/1996 1294/1295/1292 1304/1305/1302
f 1565/1572/1563 1263/1264/1261 1978/1991/1976
f 1263/1264/1261 1262/1263/1260 1678/1688/1676
f 1833/1844/1831 1830/1841/1828 1834/1845/1832
f 1411/1417/1409 1754/1764/1752 2077/2090/2075
f 1754/1764/1752 2068/2081/2066 1371/1373/1369
f 1623/1632/1621 1837/1848/1835 1624/1633/1622
f 1846/1857/1844 1623/1632/1621 1836/1847/1834
f 1842/1853/1840 1991/2004/1989 1398/1404/1396
f 1934/1946/1932 1991/2004/1989 1842/1853/1840
f 1363/1365/1361 1513/1520/1511 1913/1924/1911
f 1742/1752/1740 1363/1365/1361 1496/1503/1494
f 1769/1779/1767 1326/1327/1324 1770/1780/1768
f 1338/1340/1336 1769/1779/1767 2006/2019/2004
f 1660/1670/1658 1760/1770/1758 1939/1952/1937
f 2026/2039/2024 1760/1770/1758 1660/1670/1658
f 1481/1488/1479 1483/1490/1481 1812/1823/1810
f 1809/1820/1807 2076/2089/2074 1483/1490/1481
f 1986/1999/1984 1535/1542/1533 1537/1544/1535
f 1987/2000/1985 1990/2003/1988 1988/2001/1986
f 2078/2091/2076 1409/1415/1407 1289/1290/1287
f 1409/1415/1407 1526/1533/1524 1289/1290/1287
f 1923/1934/1921 1968/1981/1966 1922/1933/1920
f 1968/1981/1966 1656/1666/1654 1243/1244/1241
f 1411/1417/1409 1351/1353/1349 1409/1415/1407
f 1351/1353/1349 1411/1417/1409 2077/2090/2075
f 1624/1633/1622 1747/1757/1745 1748/1758/1746
f 1747/1757/1745 2021/2034/2019 1748/1758/1746
f 1600/1609/1598 1639/1648/1637 1601/1610/1599
f 1599/1608/1597 1601/1610/1599 2079/2092/2077
f 1666/1676/1664 1985/1998/1983 1311/1312/1309
f 1990/2003/1988 1985/1998/1983 1666/1676/1664
f 1601/1610/1599 1895/1906/1893 2079/2092/2077
f 1897/1908/1895 1895/1906/1893 1402/1408/1400
f 1512/1519/1510 1435/1441/1433 1513/1520/1511
f 1513/1520/1511 1435/1441/1433 1913/1924/1911
f 1630/1639/1628 2036/2049/2034 2030/2043/2028
f 1630/1639/1628 1982/1995/1980 2036/2049/2034
f 1501/1508/1499 1576/1583/1574 2059/2072/2057
f 1576/1583/1574 1501/1508/1499 1765/1775/1763
f 1826/1837/1824 1827/1838/1825 1301/1302/1299
f 1499/1506/1497 1501/1508/1499 2059/2072/2057
f 1736/1746/1734 1932/1943/1930 1777/1787/1775
f 1537/1544/1535 1536/1543/1534 1736/1746/1734
f 1780/1790/1778 1539/1546/1537 2044/2057/2042
f 1932/1943/1930 1780/1790/1778 1778/1788/1776
f 1914/1925/1912 1258/1259/1256 1730/1740/1728
f 1258/1259/1256 1914/1925/1912 1560/1567/1558
f 1734/1744/1732 1481/1488/1479 1732/1742/1730
f 1481/1488/1479 1812/1823/1810 1735/1745/1733
f 1634/1643/1632 1240/1241/1238 1372/1374/1370
f 1634/1643/1632 1241/1242/1239 1240/1241/1238
f 1535/1542/1533 1945/1958/1943 1541/1548/1539
f 1535/1542/1533 1986/1999/1984 1945/1958/1943
f 1832/1843/1830 1831/1842/1829 1603/1612/1601
f 1832/1843/1830 1603/1612/1601 1602/1611/1600
f 1422/1428/1420 1423/1429/1421 2043/2056/2041
f 1423/1429/1421 1422/1428/1420 1952/1965/1950
f 1517/1524/1515 1758/1768/1756 1995/2008/1993
f 1518/1525/1516 1517/1524/1515 1995/2008/1993
f 1871/1882/1869 1557/1564/1555 1391/1395/1389
f 2015/2028/2013 1871/1882/1869 1391/1395/1389
f 1854/1865/1852 1609/1618/1607 1607/1616/1605
f 1607/1616/1605 1609/1618/1607 1608/1617/1606
f 1892/1903/1890 1806/1817/1804 1999/2012/1997
f 1891/1902/1889 2080/2093/2078 1892/1903/1890
f 1276/1277/1274 1278/1279/1276 1281/1282/1279
f 1281/1282/1279 1916/1927/1914 1723/1733/1721
f 1251/1252/1249 1875/1886/1873 1249/1250/1247
f 1249/1250/1247 2081/2094/2079 1957/1970/1955
f 1745/1755/1743 1706/1716/1704 1309/1310/1307
f 1745/1755/1743 1309/1310/1307 1308/1309/1306
f 1616/1625/1614 1640/1649/1638 1621/1630/1619
f 1621/1630/1619 1620/1629/1618 1863/1874/1861
f 1431/1437/1429 1926/1937/1924 1925/1936/1923
f 1593/1602/1591 1926/1937/1924 1547/1554/1545
f 2048/2061/2046 1285/1286/1283 2062/2075/2060
f 1253/1254/1251 2009/2022/2007 1254/1255/1252
f 2009/2022/2007 1314/1315/1312 1254/1255/1252
f 1761/1771/1759 1866/1877/1864 1486/1493/1484
f 1239/1240/1237 1486/1493/1484 1485/1492/1483
f 1336/1338/1334 1338/1340/1336 1396/1402/1394
f 1336/1338/1334 1396/1402/1394 1609/1618/1607
f 1269/1270/1267 1540/1547/1538 1267/1268/1265
f 1540/1547/1538 1820/1831/1818 1267/1268/1265
f 1390/1394/1388 2027/2040/2025 2015/2028/2013
f 1553/1560/1551 1871/1882/1869 2015/2028/2013
f 1418/1424/1416 1415/1421/1413 1417/1423/1415
f 1731/1741/1729 1418/1424/1416 1420/1426/1418
f 1731/1741/1729 1420/1426/1418 1561/1568/1559
f 1469/1476/1467 1468/1475/1466 1467/1474/1465
f 1465/1472/1463 1236/1236/1234 1235/1235/1233
f 1431/1437/1429 1925/1936/1923 1498/1505/1496
f 1498/1505/1496 1494/1501/1492 1913/1924/1911
f 1964/1977/1962 1672/1682/1670 1721/1731/1719
f 1279/1280/1277 1672/1682/1670 1964/1977/1962
f 1310/1311/1308 1705/1715/1703 2050/2063/2048
f 1877/1888/1875 1310/1311/1308 2050/2063/2048
f 1459/1466/1457 1458/1465/1456 1941/1954/1939
f 1459/1466/1457 1941/1954/1939 1644/1653/1642
f 1347/1349/1345 1960/1973/1958 2054/2067/2052
f 1615/1624/1613 2082/2095/2080 1959/1972/1957
f 1606/1615/1604 1323/1324/1321 1325/1326/1323
f 1606/1615/1604 2083/2096/2081 1875/1886/1873
f 1279/1280/1277 1964/1977/1962 1974/1987/1972
f 1280/1281/1278 1279/1280/1277 1974/1987/1972
f 1588/1597/1586 1265/1266/1263 1908/1919/1906
f 2035/2048/2033 2034/2047/2032 1588/1597/1586
f 1259/1260/1257 1235/1235/1233 1645/1654/1643
f 1259/1260/1257 1645/1654/1643 1260/1261/1258
f 2000/2013/1998 1245/1246/1243 1703/1713/1701
f 1703/1713/1701 1997/2010/1995 2000/2013/1998
f 2037/2050/2035 1417/1423/1415 1416/1422/1414
f 2036/2049/2034 2037/2050/2035 1416/1422/1414
f 1843/1854/1841 1378/1382/1376 2064/2077/2062
f 2064/2077/2062 1378/1382/1376 1582/1591/1580
f 1806/1817/1804 1808/1819/1806 1358/1360/1356
f 1892/1903/1890 2080/2093/2078 1806/1817/1804
f 1504/1511/1502 1754/1764/1752 1756/1766/1754
f 1756/1766/1754 1507/1514/1505 1504/1511/1502
f 1660/1670/1658 1659/1669/1657 1766/1776/1764
f 1659/1669/1657 1767/1777/1765 1766/1776/1764
f 2084/2097/2082 1658/1668/1656 1583/1592/1581
f 1658/1668/1656 2084/2097/2082 1682/1692/1680
f 1709/1719/1707 1590/1599/1588 1992/2005/1990
f 1772/1782/1770 1771/1781/1769 1709/1719/1707
f 1367/1369/1365 1266/1267/1264 2021/2034/2019
f 1287/1288/1285 1266/1267/1264 1610/1619/1608
f 1992/2005/1990 1635/1644/1633 1993/2006/1991
f 1993/2006/1991 1635/1644/1633 1708/1718/1706
f 1266/1267/1264 2022/2035/2020 2021/2034/2019
f 2021/2034/2019 2022/2035/2020 1748/1758/1746
f 1735/1745/1733 1813/1824/1811 1595/1604/1593
f 1924/1935/1922 1595/1604/1593 1813/1824/1811
f 1338/1340/1336 1337/1339/1335 1327/1328/1325
f 1337/1339/1335 1784/1794/1782 1327/1328/1325
f 1991/2004/1989 1933/1945/1931 2063/2076/2061
f 2063/2076/2061 1933/1945/1931 1451/1457/1449
f 1917/1928/1915 1553/1560/1551 1552/1559/1550
f 1917/1928/1915 1552/1559/1550 1915/1926/1913
f 1568/1575/1566 1729/1739/1727 1847/1858/1845
f 1492/1499/1490 1729/1739/1727 1728/1738/1726
f 1727/1737/1725 2004/2017/2002 2005/2018/2003
f 1725/1735/1723 1727/1737/1725 2005/2018/2003
f 1828/1839/1826 1388/1392/1386 1387/1391/1385
f 1829/1840/1827 1828/1839/1826 1573/1580/1571
f 1491/1498/1489 1389/1393/1387 1388/1392/1386
f 1829/1840/1827 1388/1392/1386 1828/1839/1826
f 1863/1874/1861 1687/1697/1685 1616/1625/1614
f 1616/1625/1614 1621/1630/1619 1863/1874/1861
f 2045/2058/2043 1585/1594/1583 2046/2059/2044
f 1647/1656/1645 1461/1468/1459 1948/1961/1946
f 1461/1468/1459 1233/1233/1231 1928/1939/1926
f 1268/1269/1266 2085/2098/2083 1245/1246/1243
f 1570/1577/1568 1752/1762/1750 1571/1578/1569
f 1752/1762/1750 1862/1873/1860 1493/1500/1491
f 2017/2030/2015 1860/1871/1858 1862/1873/1860
f 2017/2030/2015 1862/1873/1860 1752/1762/1750
f 1862/1873/1860 2020/2033/2018 1493/1500/1491
f 1491/1498/1489 1493/1500/1491 2020/2033/2018
f 1571/1578/1569 1752/1762/1750 1728/1738/1726
f 1568/1575/1566 1728/1738/1726 1729/1739/1727
f 1923/1934/1921 1702/1712/1700 1968/1981/1966
f 1968/1981/1966 1702/1712/1700 1701/1711/1699
f 1530/1537/1528 1599/1608/1597 2079/2092/2077
f 1314/1315/1312 1737/1747/1735 1868/1879/1866
f 1868/1879/1866 1315/1316/1313 1314/1315/1312
f 1662/1672/1660 1548/1555/1546 1430/1436/1428
f 1430/1436/1428 1548/1555/1546 1547/1554/1545
f 1432/1438/1430 1664/1674/1662 1663/1673/1661
f 1430/1436/1428 1432/1438/1430 1663/1673/1661
f 1238/1239/1236 1657/1667/1655 2086/2099/2084
f 2086/2099/2084 1239/1240/1237 1238/1239/1236
f 1583/1592/1581 1380/1384/1378 1452/1459/1450
f 1380/1384/1378 1583/1592/1581 1939/1952/1937
f 1409/1415/1407 1350/1352/1348 1526/1533/1524
f 1524/1531/1522 1526/1533/1524 1350/1352/1348
f 1939/1952/1937 1775/1785/1773 1381/1385/1379
f 1939/1952/1937 1381/1385/1379 1380/1384/1378
f 1485/1492/1483 1237/1238/1235 1239/1240/1237
f 1796/1807/1794 1237/1238/1235 1485/1492/1483
f 1527/1534/1525 1533/1540/1531 1929/1940/1927
f 1527/1534/1525 1929/1940/1927 1528/1535/1526
f 1693/1703/1691 1965/1978/1963 1475/1482/1473
f 1475/1482/1473 1800/1811/1798 1667/1677/1665
f 1304/1305/1302 1294/1295/1292 1305/1306/1303
f 1370/1372/1368 2087/2100/2085 1620/1629/1618
f 2087/2100/2085 1566/1573/1564 1620/1629/1618
f 1566/1573/1564 2087/2100/2085 1876/1887/1874
f 1370/1372/1368 1876/1887/1874 2087/2100/2085
f 2086/2099/2084 1762/1772/1760 1239/1240/1237
f 2013/2026/2011 2024/2037/2022 2025/2038/2023
f 1985/1998/1983 2049/2062/2047 1311/1312/1309
f 1311/1312/1309 2049/2062/2047 1789/1799/1787
f 2024/2037/2022 2026/2039/2024 2023/2036/2021
f 1759/1769/1757 2024/2037/2022 2013/2026/2011
f 2007/2020/2005 2008/2021/2006 1399/1405/1397
f 2008/2021/2006 1397/1403/1395 1399/1405/1397
f 2026/2039/2024 1766/1776/1764 2023/2036/2021
f 1766/1776/1764 1262/1263/1260 2023/2036/2021
f 1927/1938/1925 1596/1605/1594 1460/1467/1458
f 1460/1467/1458 1596/1605/1594 1598/1607/1596
f 1928/1939/1926 1233/1233/1231 1597/1606/1595
f 1865/1876/1863 1597/1606/1595 1233/1233/1231
f 1573/1580/1571 1828/1839/1826 1441/1447/1439
f 1573/1580/1571 1441/1447/1439 1726/1736/1724
f 1434/1440/1432 1433/1439/1431 1439/1445/1437
f 1291/1292/1289 1673/1683/1671 1439/1445/1437
f 1511/1518/1509 1291/1292/1289 1512/1519/1510
f 1512/1519/1510 1291/1292/1289 1439/1445/1437
f 1543/1550/1541 1715/1725/1713 1912/1923/1910
f 1543/1550/1541 1545/1552/1543 1715/1725/1713
f 1367/1369/1365 1495/1502/1493 1365/1367/1363
f 1495/1502/1493 1367/1369/1365 1741/1751/1739
f 2072/2085/2070 1652/1662/1650 1937/1949/1935
f 1963/1976/1961 1652/1662/1650 2072/2085/2070
f 1937/1949/1935 1654/1664/1652 1376/1380/1374
f 1652/1662/1650 1654/1664/1652 1937/1949/1935
f 1368/1370/1366 1640/1649/1638 1642/1651/1640
f 1642/1651/1640 1487/1494/1485 1368/1370/1366
f 1488/1495/1486 1369/1371/1367 1368/1370/1366
f 1564/1571/1562 1488/1495/1486 1487/1494/1485
f 1488/1495/1486 1564/1571/1562 1751/1761/1749
f 1564/1571/1562 1750/1760/1748 1751/1761/1749
f 1488/1495/1486 1751/1761/1749 1369/1371/1367
f 1751/1761/1749 1370/1372/1368 1369/1371/1367
f 1456/1463/1454 1457/1464/1455 1519/1526/1517
f 1801/1812/1799 1802/1813/1800 2088/2101/2086
f 1523/1530/1521 1803/1814/1801 1802/1813/1800
f 1519/1526/1517 2088/2101/2086 1802/1813/1800
f 1359/1361/1357 2039/2052/2037 1362/1364/1360
f 1510/1517/1508 1363/1365/1361 1362/1364/1360
f 1857/1868/1855 1440/1446/1438 2019/2032/2017
f 1857/1868/1855 1858/1869/1856 1522/1529/1520
f 2079/2092/2077 1897/1908/1895 1530/1537/1528
f 2079/2092/2077 1895/1906/1893 1897/1908/1895
f 1413/1419/1411 1508/1515/1506 1950/1963/1948
f 1454/1461/1452 1508/1515/1506 1413/1419/1411
f 1292/1293/1290 2031/2044/2029 1293/1294/1291
f 1293/1294/1291 2031/2044/2029 1508/1515/1506
f 1836/1847/1834 1629/1638/1627 1628/1637/1626
f 1844/1855/1842 1836/1847/1834 1628/1637/1626
f 1898/1909/1896 1546/1553/1544 1548/1555/1546
f 1887/1898/1885 1546/1553/1544 1898/1909/1896
f 1550/1557/1548 1887/1898/1885 1898/1909/1896
f 1885/1896/1883 1887/1898/1885 1550/1557/1548
f 1500/1507/1498 1505/1512/1503 1507/1514/1505
f 1756/1766/1754 1500/1507/1498 1507/1514/1505
f 1632/1641/1630 1503/1510/1501 1502/1509/1500
f 1636/1645/1634 1632/1641/1630 1506/1513/1504
f 1315/1316/1313 1868/1879/1866 1869/1880/1867
f 1315/1316/1313 1869/1880/1867 1870/1881/1868
f 1401/1407/1399 1400/1406/1398 1701/1711/1699
f 1400/1406/1398 1663/1673/1661 1970/1983/1968
f 1482/1489/1480 1821/1832/1819 1483/1490/1481
f 1843/1854/1841 1841/1852/1839 1398/1404/1396
f 1843/1854/1841 1398/1404/1396 1397/1403/1395
f 1497/1504/1495 1664/1674/1662 1661/1671/1659
f 1661/1671/1659 1498/1505/1496 1497/1504/1495
f 1793/1803/1791 2089/2102/2087 1946/1959/1944
f 1794/1804/1792 1763/1773/1761 1261/1262/1259
f 1261/1262/1259 1946/1959/1944 2089/2102/2087
f 1261/1262/1259 1263/1264/1261 1947/1960/1945
f 1429/1435/1427 1428/1434/1426 1345/1347/1343
f 1544/1551/1542 1425/1431/1423 1345/1347/1343
f 2047/2060/2045 1379/1383/1377 1397/1403/1395
f 1379/1383/1377 1843/1854/1841 1397/1403/1395
f 1317/1318/1315 1480/1487/1478 1479/1486/1477
f 1916/1927/1914 1915/1926/1913 1723/1733/1721
f 1672/1682/1670 1723/1733/1721 1915/1926/1913
f 1364/1366/1362 1363/1365/1361 1742/1752/1740
f 1364/1366/1362 1742/1752/1740 1746/1756/1744
f 1954/1967/1952 1956/1969/1954 1822/1833/1820
f 1953/1966/1951 1956/1969/1954 1954/1967/1952
f 1981/1994/1979 1584/1593/1582 1956/1969/1954
f 1584/1593/1582 1981/1994/1979 1585/1594/1583
f 1945/1958/1943 1788/1798/1786 1534/1541/1532
f 1534/1541/1532 1788/1798/1786 1532/1539/1530
f 1476/1483/1474 1889/1900/1887 1477/1484/1475
f 1835/1846/1833 1889/1900/1887 1476/1483/1474
f 1598/1607/1596 2074/2087/2072 1967/1980/1965
f 2074/2087/2072 1598/1607/1596 1597/1606/1595
f 1689/1699/1687 1914/1925/1912 1617/1626/1615
f 1616/1625/1614 1689/1699/1687 1617/1626/1615
f 1438/1444/1436 1523/1530/1521 1801/1812/1799
f 1523/1530/1521 1438/1444/1436 1515/1522/1513
f 1647/1656/1645 1948/1961/1946 1927/1938/1925
f 1643/1652/1641 1647/1656/1645 1927/1938/1925
f 1437/1443/1435 2011/2024/2009 1514/1521/1512
f 1514/1521/1512 2011/2024/2009 1771/1781/1769
f 2082/2095/2080 1615/1624/1613 2054/2067/2052
f 1614/1623/1612 1716/1726/1714 1615/1624/1613
f 1737/1747/1735 1931/1942/1929 1738/1748/1736
f 1737/1747/1735 1738/1748/1736 1868/1879/1866
f 2067/2080/2065 1670/1680/1668 1799/1810/1797
f 2067/2080/2065 1478/1485/1476 1670/1680/1668
f 1883/1894/1881 1257/1258/1255 1593/1602/1591
f 1257/1258/1255 1592/1601/1590 1593/1602/1591
f 1754/1764/1752 1411/1417/1409 1755/1765/1753
f 1410/1416/1408 1755/1765/1753 1411/1417/1409
f 1410/1416/1408 1764/1774/1762 1755/1765/1753
f 1288/1289/1286 1764/1774/1762 1903/1914/1901
f 1826/1837/1824 1455/1462/1453 1454/1461/1452
f 1826/1837/1824 2088/2101/2086 1455/1462/1453
f 1331/1333/1329 1991/2004/1989 1935/1947/1933
f 1398/1404/1396 1991/2004/1989 1331/1333/1329
f 1736/1746/1734 1777/1787/1775 1931/1942/1929
f 1777/1787/1775 1779/1789/1777 1743/1753/1741
f 1489/1496/1487 1888/1899/1886 1935/1947/1933
f 1888/1899/1886 1489/1496/1487 1966/1979/1964
f 1931/1942/1929 1743/1753/1741 1738/1748/1736
f 1931/1942/1929 1777/1787/1775 1743/1753/1741
f 1489/1496/1487 1935/1947/1933 1473/1480/1471
f 1489/1496/1487 1473/1480/1471 1376/1380/1374
f 1990/2003/1988 1986/1999/1984 1537/1544/1535
f 1990/2003/1988 1666/1676/1664 1986/1999/1984
f 1358/1360/1356 1790/1800/1788 1807/1818/1805
f 1807/1818/1805 1790/1800/1788 1918/1929/1916
f 1701/1711/1699 1970/1983/1968 2012/2025/2010
f 1400/1406/1398 1970/1983/1968 1701/1711/1699
f 1701/1711/1699 2012/2025/2010 1656/1666/1654
f 1656/1666/1654 1665/1675/1663 1244/1245/1242
f 1330/1332/1328 1332/1334/1330 1567/1574/1565
f 1330/1332/1328 1567/1574/1565 2007/2020/2005
f 1856/1867/1854 2060/2073/2058 1850/1861/1848
f 1851/1862/1849 1850/1861/1848 2060/2073/2058
f 1290/1291/1288 1248/1249/1246 1679/1689/1677
f 1290/1291/1288 1289/1290/1287 1248/1249/1246
f 1383/1387/1381 1767/1777/1765 1682/1692/1680
f 1659/1669/1657 1682/1692/1680 1767/1777/1765
f 1680/1690/1678 1290/1291/1288 1679/1689/1677
f 1784/1794/1782 1680/1690/1678 1679/1689/1677
f 2006/2019/2004 1397/1403/1395 1394/1400/1392
f 1394/1400/1392 1396/1402/1394 2006/2019/2004
f 1768/1778/1766 2047/2060/2045 2006/2019/2004
f 2047/2060/2045 1768/1778/1766 1379/1383/1377
f 1361/1363/1359 1292/1293/1290 2038/2051/2036
f 1513/1520/1511 2038/2051/2036 1511/1518/1509
f 2038/2051/2036 1509/1516/1507 1510/1517/1508
f 2038/2051/2036 1513/1520/1511 1509/1516/1507
f 1980/1993/1978 1733/1743/1731 1462/1469/1460
f 1462/1469/1460 1231/1231/1229 1233/1233/1231
f 1251/1252/1249 1395/1401/1393 1875/1886/1873
f 1395/1401/1393 1251/1252/1249 1609/1618/1607
f 1428/1434/1426 1544/1551/1542 1345/1347/1343
f 1544/1551/1542 1428/1434/1426 1545/1552/1543
f 1919/1930/1917 1563/1570/1561 1463/1470/1461
f 1563/1570/1561 1919/1930/1917 1686/1696/1684
f 1899/1910/1897 1697/1707/1695 1902/1913/1900
f 1248/1249/1246 1247/1248/1245 1899/1910/1897
f 2002/2015/2000 1444/1450/1442 1558/1565/1556
f 2029/2042/2027 1444/1450/1442 2002/2015/2000
f 1630/1639/1628 2030/2043/2028 1625/1634/1623
f 1356/1358/1354 1625/1634/1623 2030/2043/2028
f 1611/1620/1609 1348/1350/1346 2070/2083/2068
f 1611/1620/1609 1349/1351/1347 1348/1350/1346
f 1301/1302/1299 1827/1838/1825 2090/2103/2088
f 1827/1838/1825 1636/1645/1634 2090/2103/2088
f 1987/2000/1985 1983/1996/1981 1990/2003/1988
f 1667/1677/1665 1669/1679/1667 1987/2000/1985
f 1246/1247/1244 1525/1532/1523 1698/1708/1696
f 1246/1247/1244 1698/1708/1696 1247/1248/1245
f 1449/1455/1447 1707/1717/1705 1450/1456/1448
f 1877/1888/1875 1707/1717/1705 1449/1455/1447
f 1732/1742/1730 1481/1488/1479 1735/1745/1733
f 1733/1743/1731 1732/1742/1730 1735/1745/1733
f 1421/1427/1419 1719/1729/1717 1542/1549/1540
f 1421/1427/1419 1542/1549/1540 1343/1345/1341
f 1988/2001/1986 1537/1544/1535 1737/1747/1735
f 1990/2003/1988 1537/1544/1535 1988/2001/1986
f 1588/1597/1586 2034/2047/2032 1265/1266/1263
f 1265/1266/1263 2034/2047/2032 1266/1267/1264
f 2085/2098/2083 1243/1244/1241 1245/1246/1243
f 1424/1430/1422 1877/1888/1875 1718/1728/1716
f 1424/1430/1422 1718/1728/1716 1425/1431/1423
f 1582/1591/1580 1902/1913/1900 1901/1912/1899
f 1902/1913/1900 1697/1707/1695 1901/1912/1899
f 1724/1734/1722 1726/1736/1724 1725/1735/1723
f 1573/1580/1571 1726/1736/1724 1724/1734/1722
f 2041/2054/2039 1575/1582/1573 1386/1390/1384
f 1272/1273/1270 2041/2054/2039 1386/1390/1384
f 1703/1713/1701 1649/1658/1647 1998/2011/1996
f 1998/2011/1996 1649/1658/1647 1294/1295/1292
f 1834/1845/1832 1832/1843/1830 1889/1900/1887
f 1835/1846/1833 1834/1845/1832 1889/1900/1887
f 1465/1472/1463 1469/1476/1467 1236/1236/1234
f 1236/1236/1234 1469/1476/1467 1471/1478/1469
f 1465/1472/1463 1468/1475/1466 1469/1476/1467
f 1464/1471/1462 1468/1475/1466 1465/1472/1463
f 1384/1388/1382 1978/1991/1976 1678/1688/1676
f 1678/1688/1676 1978/1991/1976 1263/1264/1261
f 1281/1282/1279 1278/1279/1276 1916/1927/1914
f 1916/1927/1914 1278/1279/1276 1722/1732/1720
f 2048/2061/2046 1297/1298/1295 1982/1995/1980
f 1982/1995/1980 1297/1298/1295 1627/1636/1625
f 1686/1696/1684 1918/1929/1916 1790/1800/1788
f 1918/1929/1916 1686/1696/1684 1919/1930/1917
f 1579/1588/1577 1811/1822/1809 1810/1821/1808
f 1810/1821/1808 2091/2104/2089 1579/1588/1577
f 1283/1284/1281 1579/1587/1577 2091/2105/2089
f 1516/1523/1514 1853/1864/1851 1855/1866/1853
f 1517/1524/1515 1516/1523/1514 1855/1866/1853
f 1972/1985/1970 2075/2088/2073 1973/1986/1971
f 1354/1356/1352 1972/1985/1970 1910/1921/1908
f 1972/1985/1970 1909/1920/1907 1977/1990/1975
f 2053/2066/2051 1677/1687/1675 1565/1572/1563
f 2053/2066/2051 1909/1920/1907 1677/1687/1675
f 1564/1571/1562 1677/1687/1675 1909/1920/1907
f 1735/1745/1733 1595/1604/1593 1232/1232/1230
f 1233/1233/1231 1232/1232/1230 1595/1604/1593
f 1320/1321/1318 1580/1589/1578 1282/1283/1280
f 1282/1283/1280 1284/1285/1282 1320/1321/1318
f 2075/2088/2073 1972/1985/1970 1354/1356/1352
f 2075/2088/2073 1354/1356/1352 1524/1531/1522
f 1395/1401/1393 1604/1613/1602 1605/1614/1603
f 1848/1859/1846 1605/1614/1603 1604/1613/1602
f 1622/1631/1620 1982/1995/1980 1629/1638/1627
f 1623/1632/1621 1622/1631/1620 1629/1638/1627
f 1922/1933/1920 1243/1244/1241 2085/2098/2083
f 1922/1933/1920 1968/1981/1966 1243/1244/1241
f 1598/1607/1596 1967/1980/1965 1458/1465/1456
f 1458/1465/1456 1967/1980/1965 1940/1953/1938
f 1888/1899/1886 2018/2031/2016 1570/1577/1568
f 2017/2030/2015 1752/1762/1750 1570/1577/1568
f 1569/1576/1567 1571/1578/1569 1568/1575/1566
f 1568/1575/1566 1571/1578/1569 1728/1738/1726
f 1638/1647/1636 1942/1955/1940 1549/1556/1547
f 1638/1647/1636 1549/1556/1547 1639/1648/1637
f 2028/2041/2026 1443/1449/1441 1905/1916/1903
f 1905/1916/1903 1692/1702/1690 2028/2041/2026
f 1441/1447/1439 1443/1449/1441 2029/2042/2027
f 2028/2041/2026 2029/2042/2027 1443/1449/1441
f 1689/1699/1687 1999/2012/1997 1921/1932/1919
f 1806/1817/1804 1921/1932/1919 1999/2012/1997
f 1377/1381/1375 1582/1591/1580 1378/1382/1376
f 1377/1381/1375 1902/1913/1900 1582/1591/1580
f 1547/1554/1545 1926/1937/1924 1431/1437/1429
f 1547/1554/1545 1431/1437/1429 1430/1436/1428
f 1932/1943/1930 1536/1543/1534 1780/1790/1778
f 1536/1543/1534 1932/1943/1930 1736/1746/1734
f 1442/1448/1440 1387/1391/1385 1906/1917/1904
f 1828/1839/1826 1387/1391/1385 1442/1448/1440
f 1695/1705/1693 1693/1703/1691 1474/1481/1472
f 1974/1987/1972 1693/1703/1691 1695/1705/1693
f 1934/1946/1932 1699/1709/1697 1453/1460/1451
f 1841/1852/1839 1699/1709/1697 1934/1946/1932
f 2012/2025/2010 1665/1675/1663 1656/1666/1654
f 2012/2025/2010 1969/1982/1967 1665/1675/1663
f 1965/1978/1963 1721/1731/1719 1800/1811/1798
f 1965/1978/1963 1800/1811/1798 1475/1482/1473
f 1307/1308/1305 1315/1316/1313 1445/1451/1443
f 1306/1307/1304 1307/1308/1305 1445/1451/1443
f 1310/1311/1308 1878/1889/1876 1308/1309/1306
f 1308/1309/1306 1878/1889/1876 1951/1964/1949
f 1577/1584/1575 2058/2071/2056 1446/1452/1444
f 1300/1301/1298 1577/1584/1575 1446/1452/1444
f 1433/1439/1431 1512/1519/1510 1439/1445/1437
f 1512/1519/1510 1433/1439/1431 1435/1441/1433
f 1674/1684/1672 1858/1869/1856 2019/2032/2017
f 1857/1868/1855 2019/2032/2017 1858/1869/1856
f 1784/1794/1782 1783/1793/1781 1334/1336/1332
f 1976/1989/1974 1334/1336/1332 1783/1793/1781
f 1673/1683/1671 1520/1527/1518 1674/1684/1672
f 1674/1684/1672 1520/1527/1518 1858/1869/1856
f 1471/1478/1469 1318/1319/1316 1234/1234/1232
f 1471/1478/1469 1470/1477/1468 1318/1319/1316
f 1287/1288/1285 1286/1287/1284 2022/2035/2020
f 1266/1267/1264 1287/1288/1285 2022/2035/2020
f 1515/1522/1513 1774/1784/1772 1521/1528/1519
f 1774/1784/1772 1856/1867/1854 1521/1528/1519
f 2068/2081/2066 1634/1643/1632 1372/1374/1370
f 2068/2081/2066 1754/1764/1752 1634/1643/1632
f 1996/2009/1994 1269/1270/1267 1706/1716/1704
f 1996/2009/1994 1539/1546/1537 1538/1545/1536
f 1383/1387/1381 1682/1692/1680 1684/1694/1682
f 2084/2097/2082 1684/1694/1682 1682/1692/1680
f 1374/1377/1372 1451/1458/1449 1776/1786/1774
f 1775/1785/1773 1374/1377/1372 1776/1786/1774
f 1333/1335/1331 1784/1794/1782 1334/1336/1332
f 1784/1794/1782 1333/1335/1331 1680/1690/1678
f 1601/1610/1599 1639/1648/1637 1895/1906/1893
f 1639/1648/1637 1551/1558/1549 1895/1906/1893
f 1479/1486/1477 1481/1488/1479 1734/1744/1732
f 1479/1486/1477 1734/1744/1732 1980/1993/1978
f 1789/1799/1787 1226/1226/1226 1225/1225/1225
f 1225/1225/1225 2033/2046/2031 1789/1799/1787
f 1911/1922/1909 1385/1389/1383 1344/1346/1342
f 1344/1346/1342 1385/1389/1383 1342/1344/1340
f 1911/1922/1909 1344/1346/1342 1912/1923/1910
f 1912/1923/1910 1344/1346/1342 1542/1549/1540
f 1249/1250/1247 1875/1886/1873 2081/2094/2079
f 1875/1886/1873 1615/1624/1613 1959/1972/1957
f 1959/1972/1957 1612/1621/1610 1957/1970/1955
f 1612/1621/1610 1757/1767/1755 1957/1970/1955
f 1696/1706/1694 1901/1912/1899 1900/1911/1898
f 1696/1706/1694 1900/1911/1898 1685/1695/1683
f 1812/1823/1810 1483/1490/1481 2076/2089/2074
f 1812/1823/1810 2076/2089/2074 1813/1824/1811
f 1824/1835/1822 2046/2059/2044 1825/1836/1823
f 1981/1994/1979 1825/1836/1823 2046/2059/2044
f 1462/1469/1460 1733/1743/1731 1231/1231/1229
f 1733/1743/1731 1232/1232/1230 1231/1231/1229
f 1698/1708/1696 1525/1532/1523 1353/1355/1351
f 1353/1355/1351 1525/1532/1523 1354/1356/1352
f 1979/1992/1977 1319/1320/1317 2071/2084/2069
f 1839/1850/1837 2071/2084/2069 1319/1320/1317
f 1338/1340/1336 1327/1328/1325 1326/1327/1324
f 1769/1779/1767 1338/1340/1336 1326/1327/1324
f 1675/1685/1673 1602/1611/1600 1322/1323/1320
f 1889/1900/1887 1602/1611/1600 1890/1901/1888
f 1628/1637/1626 1893/1904/1891 1414/1420/1412
f 1414/1420/1412 1893/1904/1891 1412/1418/1410
f 1500/1507/1498 1756/1766/1754 1765/1775/1763
f 1764/1774/1762 1904/1915/1902 1756/1766/1754
f 1794/1804/1792 1792/1802/1790 1866/1877/1864
f 1794/1804/1792 1261/1262/1259 2089/2102/2087
f 1347/1349/1345 1346/1348/1344 1349/1351/1347
f 1960/1973/1958 1347/1349/1345 1349/1351/1347
f 1794/1804/1792 2089/2102/2087 1792/1802/1790
f 1793/1803/1791 1792/1802/1790 2089/2102/2087
f 1668/1678/1666 1984/1997/1982 1983/1996/1981
f 1782/1792/1780 1984/1997/1982 1668/1678/1666
f 1529/1536/1527 1781/1791/1779 1541/1548/1539
f 1781/1791/1779 1529/1536/1527 1528/1535/1526
f 2027/2040/2025 1554/1561/1552 1553/1560/1551
f 2027/2040/2025 1553/1560/1551 2015/2028/2013
f 1823/1834/1821 2051/2064/2049 1366/1368/1364
f 1823/1834/1821 1822/1833/1820 2051/2064/2049
f 1811/1822/1809 2092/2106/2090 1816/1827/1814
f 1580/1589/1578 2093/2107/2091 1578/1586/1576
f 1578/1585/1576 1393/1398/1391 2092/2106/2090
f 1393/1398/1391 1392/1397/1390 2092/2106/2090
f 1934/1946/1932 1453/1460/1451 1382/1386/1380
f 1453/1460/1451 1380/1384/1378 1382/1386/1380
f 1405/1411/1403 1953/1966/1951 1955/1968/1953
f 1405/1411/1403 1981/1994/1979 1953/1966/1951
f 1600/1609/1598 1637/1646/1635 1639/1648/1637
f 1959/1972/1957 1957/1970/1955 2081/2094/2079
f 2081/2094/2079 1875/1886/1873 1959/1972/1957
f 2088/2101/2086 1826/1837/1824 1801/1812/1799
f 1801/1812/1799 1826/1837/1824 1300/1301/1298
f 1274/1275/1272 1880/1891/1878 1275/1276/1273
f 1275/1276/1273 1880/1891/1878 1324/1325/1322
f 1698/1708/1696 1697/1707/1695 1247/1248/1245
f 1899/1910/1897 1247/1248/1245 1697/1707/1695
f 1365/1367/1363 1495/1502/1493 1592/1601/1590
f 1257/1258/1255 1365/1367/1363 1592/1601/1590
f 1606/1615/1604 1325/1326/1323 2083/2096/2081
f 1613/1622/1611 1325/1326/1323 1426/1432/1424
f 2083/2096/2081 1325/1326/1323 1613/1622/1611
f 2083/2096/2081 1613/1622/1611 1875/1886/1873
f 1352/1354/1350 1973/1986/1971 2075/2088/2073
f 1566/1573/1564 1749/1759/1747 1352/1354/1350
f 1613/1622/1611 1426/1432/1424 2065/2078/2063
f 1426/1432/1424 1881/1892/1879 2065/2078/2063
f 2055/2068/2053 1484/1491/1482 1814/1825/1812
f 1815/1826/1813 2055/2068/2053 1814/1825/1812
f 1392/1397/1390 2055/2068/2053 2092/2106/2090
f 1392/1397/1390 2056/2069/2054 2055/2068/2053
f 2056/2069/2054 1796/1807/1794 1485/1492/1483
f 1392/1397/1390 1796/1807/1794 2056/2069/2054
f 1389/1393/1387 1491/1498/1489 2020/2033/2018
f 1389/1393/1387 2020/2033/2018 1861/1872/1859
f 1869/1880/1867 2040/2053/2038 1870/1881/1868
f 1559/1566/1557 1870/1881/1868 2040/2053/2038
f 1562/1569/1560 1464/1471/1462 1563/1570/1561
f 1419/1425/1417 1464/1471/1462 1562/1569/1560
f 1835/1846/1833 1840/1851/1838 1833/1844/1831
f 1268/1269/1266 1245/1246/1243 1704/1714/1702
f 1268/1269/1266 1922/1933/1920 2085/2098/2083
f 1320/1321/1318 1390/1394/1388 1580/1589/1578
f 1390/1394/1388 2015/2028/2013 1580/1589/1578
f 2043/2056/2041 1421/1427/1419 1422/1428/1420
f 1719/1729/1717 1421/1427/1419 2043/2056/2041
f 1596/1605/1594 1948/1961/1946 1928/1939/1926
f 1948/1961/1946 1461/1468/1459 1928/1939/1926
f 1719/1729/1717 2043/2056/2041 1425/1431/1423
f 1544/1551/1542 1719/1729/1717 1425/1431/1423
f 1991/2004/1989 2063/2076/2061 1935/1947/1933
f 2063/2076/2061 1473/1480/1471 1935/1947/1933
f 1997/2010/1995 1707/1717/1705 2050/2063/2048
f 1705/1715/1703 1997/2010/1995 2050/2063/2048
f 1583/1592/1581 1685/1695/1683 2084/2097/2082
f 2084/2097/2082 1685/1695/1683 1684/1694/1682
f 1470/1477/1468 1316/1317/1314 1318/1319/1316
f 1714/1724/1712 1271/1272/1269 1270/1271/1268
f 1714/1724/1712 1880/1891/1878 1271/1272/1269
f 2072/2085/2070 1937/1949/1935 1650/1659/1648
f 1650/1659/1648 1937/1949/1935 1938/1950/1936
f 1604/1613/1602 2007/2020/2005 1848/1859/1846
f 1567/1574/1565 1848/1859/1846 2007/2020/2005
f 1864/1875/1862 1866/1877/1864 1791/1801/1789
f 1864/1875/1862 1791/1801/1789 1967/1980/1965
f 1498/1505/1496 1925/1936/1923 1494/1501/1492
f 1925/1936/1923 1592/1601/1590 1494/1501/1492
f 1412/1418/1410 1241/1242/1239 1633/1642/1631
f 1633/1642/1631 1241/1242/1239 1634/1643/1632
f 1528/1535/1526 1936/1948/1934 1817/1828/1815
f 1781/1791/1779 1528/1535/1526 1818/1829/1816
f 1936/1948/1934 1531/1538/1529 1402/1408/1400
f 1531/1538/1529 1936/1948/1934 1528/1535/1526
f 1710/1720/1708 1709/1719/1707 1771/1781/1769
f 2011/2024/2009 1710/1720/1708 1771/1781/1769
f 1499/1506/1497 1636/1645/1634 1505/1512/1503
f 1505/1512/1503 1636/1645/1634 1506/1513/1504
f 1844/1855/1842 1845/1856/1843 1836/1847/1834
f 1413/1419/1411 1949/1962/1947 1844/1855/1842
f 1845/1856/1843 1837/1848/1835 1846/1857/1844
f 1623/1632/1621 1846/1857/1844 1837/1848/1835
f 1691/1701/1689 1962/1975/1960 1963/1976/1961
f 1962/1975/1960 1652/1662/1650 1963/1976/1961
f 1780/1790/1778 2044/2057/2042 1778/1788/1776
f 2044/2057/2042 1996/2009/1994 1778/1788/1776
f 1516/1523/1514 1518/1525/1516 1711/1721/1709
f 1709/1719/1707 1711/1721/1709 1518/1525/1516
f 1919/1930/1917 1463/1470/1461 1235/1235/1233
f 1463/1470/1461 1465/1472/1463 1235/1235/1233
f 1255/1256/1253 1955/1968/1953 1954/1967/1952
f 1955/1968/1953 1255/1256/1253 1886/1897/1884
f 1852/1863/1850 1664/1674/1662 1497/1504/1495
f 1664/1674/1662 1969/1982/1967 1663/1673/1661
f 1969/1982/1967 1852/1863/1850 1851/1862/1849
f 1852/1863/1850 1969/1982/1967 1664/1674/1662
f 1975/1988/1973 2057/2070/2055 1976/1989/1974
f 1516/1523/1514 2057/2070/2055 1853/1864/1851
f 1853/1864/1851 1975/1988/1973 1854/1865/1852
f 2057/2070/2055 1975/1988/1973 1853/1864/1851
f 1758/1768/1756 2069/2082/2067 1448/1454/1446
f 1448/1454/1446 2070/2083/2068 1449/1455/1447
f 1560/1567/1558 1717/1727/1715 1259/1260/1257
f 1920/1931/1918 1717/1727/1715 1560/1567/1558
f 1756/1766/1754 1904/1915/1902 1765/1775/1763
f 1765/1775/1763 1904/1915/1902 1681/1691/1679
f 2059/2072/2057 1301/1302/1299 2090/2103/2088
f 1301/1302/1299 2059/2072/2057 1302/1303/1300
f 1239/1240/1237 1762/1772/1760 1761/1771/1759
f 1486/1493/1484 1239/1240/1237 1761/1771/1759
f 1499/1506/1497 2059/2072/2057 2090/2103/2088
f 1499/1506/1497 2090/2103/2088 1636/1645/1634
f 1881/1892/1879 1880/1891/1878 1882/1893/1880
f 2065/2078/2063 1881/1892/1879 1882/1893/1880
f 1762/1772/1760 2086/2099/2084 2025/2038/2023
f 1763/1773/1761 1762/1772/1760 2025/2038/2023
f 2086/2099/2084 1657/1667/1655 2013/2026/2011
f 2013/2026/2011 2025/2038/2023 2086/2099/2084
f 1676/1686/1674 1890/1901/1888 1675/1685/1673
f 1890/1901/1888 1602/1611/1600 1675/1685/1673
f 1773/1783/1771 1712/1722/1710 1303/1304/1301
f 1994/2007/1992 1773/1783/1771 1992/2005/1990
f 1772/1782/1770 1709/1719/1707 1992/2005/1990
f 1772/1782/1770 1992/2005/1990 1773/1783/1771
f 1837/1848/1835 1746/1756/1744 1624/1633/1622
f 1624/1633/1622 1746/1756/1744 1747/1757/1745
f 1387/1391/1385 1690/1700/1688 1906/1917/1904
f 1906/1917/1904 1690/1700/1688 1276/1277/1274
f 1819/1830/1817 1401/1407/1399 1702/1712/1700
f 1817/1828/1815 1401/1407/1399 1819/1830/1817
f 1820/1831/1818 1819/1830/1817 1923/1934/1921
f 1820/1831/1818 1923/1934/1921 1922/1933/1920
f 1884/1895/1882 1593/1602/1591 1546/1553/1544
f 1546/1553/1544 1887/1898/1885 1884/1895/1882
f 1961/1974/1959 1429/1435/1427 1345/1347/1343
f 1429/1435/1427 1961/1974/1959 2054/2067/2052
f 2074/2087/2072 1865/1876/1863 1864/1875/1862
f 1865/1876/1863 2074/2087/2072 1597/1606/1595
f 1520/1527/1518 1519/1526/1517 1803/1814/1801
f 1519/1526/1517 1802/1813/1800 1803/1814/1801
f 1653/1663/1651 1966/1979/1964 1490/1497/1488
f 1966/1979/1964 1489/1496/1487 1490/1497/1488
f 1614/1623/1612 2066/2079/2064 2016/2029/2014
f 1614/1623/1612 2065/2078/2063 2066/2079/2064
f 1872/1883/1870 1368/1370/1366 1370/1372/1368
f 1872/1883/1870 1619/1628/1617 1621/1630/1619
f 1370/1372/1368 1620/1629/1618 1619/1628/1617
f 1872/1883/1870 1370/1372/1368 1619/1628/1617
f 1676/1686/1674 1675/1685/1673 1782/1792/1780
f 1971/1984/1969 1548/1555/1546 1662/1672/1660
f 1971/1984/1969 1662/1672/1660 1400/1406/1398
f 2026/2039/2024 1759/1769/1757 1760/1770/1758
f 2024/2037/2022 1759/1769/1757 2026/2039/2024
f 1618/1627/1616 1941/1954/1939 1641/1650/1639
f 1641/1650/1639 1941/1954/1939 1642/1651/1640
f 1280/1281/1278 1974/1987/1972 2042/2055/2040
f 1280/1281/1278 2042/2055/2040 1907/1918/1905
f 1729/1739/1727 1274/1275/1272 1273/1274/1271
f 1273/1274/1271 1847/1858/1845 1729/1739/1727
f 1672/1682/1670 1554/1561/1552 1799/1810/1797
f 1554/1561/1552 2067/2080/2065 1799/1810/1797
f 1578/1585/1576 2092/2106/2090 1811/1822/1809
f 1579/1588/1577 1578/1585/1576 1811/1822/1809
f 1946/1959/1944 1261/1262/1259 1947/1960/1945
f 1487/1494/1485 1946/1959/1944 1947/1960/1945
f 1496/1503/1494 1363/1365/1361 1913/1924/1911
f 1496/1503/1494 1913/1924/1911 1494/1501/1492
f 1668/1678/1666 1983/1996/1981 1669/1679/1667
f 1669/1679/1667 1983/1996/1981 1987/2000/1985
f 1252/1253/1250 1254/1255/1252 1306/1307/1304
f 1444/1450/1442 1252/1253/1250 1306/1307/1304
f 1809/1820/1807 1816/1827/1814 2076/2089/2074
f 1811/1822/1809 1816/1827/1814 1809/1820/1807
f 1816/1827/1814 2092/2106/2090 1815/1826/1813
f 2092/2106/2090 2055/2068/2053 1815/1826/1813
f 2018/2031/2016 1966/1979/1964 2017/2030/2015
f 2017/2030/2015 1570/1577/1568 2018/2031/2016
f 1949/1962/1947 1950/1963/1948 1360/1362/1358
f 1361/1363/1359 1360/1362/1358 1950/1963/1948
f 1770/1780/1768 1328/1329/1326 1899/1910/1897
f 1770/1780/1768 1326/1327/1324 1328/1329/1326
f 2080/2093/2078 1891/1902/1889 1808/1819/1806
f 1808/1819/1806 1806/1817/1804 2080/2093/2078
f 1511/1518/1509 2038/2051/2036 1292/1293/1290
f 1291/1292/1289 1511/1518/1509 1292/1293/1290
f 1722/1732/1720 1472/1479/1470 2001/2014/1999
f 1963/1976/1961 2073/2086/2071 1472/1479/1470
f 2001/2014/1999 2073/2086/2071 2072/2085/2070
f 1472/1479/1470 2073/2086/2071 2001/2014/1999
f 2094/2108/2092 1319/1320/1317 1284/1285/1282
f 1839/1850/1837 1319/1320/1317 2094/2108/2092
f 1909/1920/1907 2053/2066/2051 1977/1990/1975
f 1977/1990/1975 2053/2066/2051 1978/1991/1976
f 1270/1271/1268 1385/1389/1383 1911/1922/1909
f 1714/1724/1712 1270/1271/1268 1911/1922/1909
f 1888/1899/1886 1569/1576/1567 1332/1334/1330
f 1569/1576/1567 1568/1575/1566 1332/1334/1330
f 1765/1775/1763 1681/1691/1679 1335/1337/1333
f 1333/1335/1331 1335/1337/1333 1681/1691/1679
f 1427/1433/1425 2016/2029/2014 1428/1434/1426
f 1614/1623/1612 2016/2029/2014 1427/1433/1425
f 1355/1357/1353 1804/1815/1802 1683/1693/1681
f 1355/1357/1353 1383/1387/1381 1804/1815/1802
f 1355/1357/1353 1910/1921/1908 1384/1388/1382
f 1910/1921/1908 1977/1990/1975 1384/1388/1382
f 1844/1855/1842 1949/1962/1947 1845/1856/1843
f 1949/1962/1947 1359/1361/1357 1845/1856/1843
f 2039/2052/2037 2038/2051/2036 1510/1517/1508
f 1510/1517/1508 1362/1364/1360 2039/2052/2037
f 1650/1659/1648 1938/1950/1936 1651/1660/1649
f 1651/1661/1649 1938/1951/1936 1775/1785/1773
f 1843/1854/1841 2064/2077/2062 1841/1852/1839
f 1841/1852/1839 2064/2077/2062 1699/1709/1697
f 2009/2022/2007 1989/2002/1987 1314/1315/1312
f 1314/1315/1312 1989/2002/1987 1737/1747/1735
f 1298/1299/1296 2062/2075/2060 2061/2074/2059
f 1410/1416/1408 1903/1914/1901 1764/1774/1762
f 2078/2091/2076 1410/1416/1408 1409/1415/1407
f 1410/1416/1408 2078/2091/2076 1903/1914/1901
f 2078/2091/2076 1289/1290/1287 1903/1914/1901
f 1835/1846/1833 1838/1849/1836 1840/1851/1838
f 2071/2084/2069 1838/1849/1836 1835/1846/1833
f 1818/1829/1816 1528/1535/1526 1817/1828/1815
f 1818/1829/1816 1817/1828/1815 1819/1830/1817
f 1305/1306/1303 1294/1295/1292 1296/1297/1294
f 1305/1306/1303 1296/1297/1294 1856/1867/1854
f 1996/2009/1994 1538/1545/1536 1269/1270/1267
f 1538/1545/1536 1540/1547/1538 1269/1270/1267
f 1786/1796/1784 1711/1721/1709 2010/2023/2008
f 1447/1453/1445 1786/1796/1784 2010/2023/2008
f 1457/1464/1455 2088/2101/2086 1519/1526/1517
f 2088/2101/2086 1457/1464/1455 1455/1462/1453
f 1757/1767/1755 1758/1768/1756 1957/1970/1955
f 1758/1768/1756 1757/1767/1755 2069/2082/2067
f 2033/2046/2031 1787/1797/1785 1312/1313/1310
f 1312/1313/1310 1787/1797/1785 1788/1798/1786
f 2033/2046/2031 2032/2045/2030 1787/1797/1785
f 1225/1225/1225 2032/2045/2030 2033/2046/2031
f 2049/2062/2047 1226/1226/1226 1789/1799/1787
f 1226/1226/1226 2049/2062/2047 1984/1997/1982
f 2004/2017/2002 2003/2016/2001 1343/1345/1341
f 2004/2017/2002 1559/1566/1557 2003/2016/2001
f 1491/1498/1489 1388/1392/1386 1829/1840/1827
f 1491/1498/1489 1829/1840/1827 1572/1579/1570
f 1406/1412/1404 1408/1414/1406 1943/1956/1941
f 1372/1374/1370 1242/1243/1240 1688/1698/1686
f 1688/1698/1686 1242/1243/1240 1689/1699/1687
f 1242/1243/1240 1892/1903/1890 1999/2012/1997
f 1241/1242/1239 1892/1903/1890 1242/1243/1240
f 1712/1722/1710 1773/1783/1771 1994/2007/1992
f 1712/1722/1710 1994/2007/1992 1713/1723/1711
f 1993/2006/1991 1708/1718/1706 1713/1723/1711
f 1713/1723/1711 1994/2007/1992 1993/2006/1991
f 1448/1454/1446 2069/2082/2067 2070/2083/2068
f 2069/2082/2067 1611/1620/1609 2070/2083/2068
f 1402/1408/1400 1896/1907/1894 1894/1905/1892
f 1896/1907/1894 1971/1984/1969 1894/1905/1892
f 2093/2107/2091 1391/1395/1389 1393/1399/1391
f 1578/1586/1576 2093/2107/2091 1393/1399/1391
f 1502/1509/1500 1506/1513/1504 1632/1641/1630
f 1506/1513/1504 1502/1509/1500 1507/1514/1505
f 1580/1589/1578 2014/2027/2012 2093/2107/2091
f 2093/2107/2091 2014/2027/2012 1391/1395/1389
f 1973/1986/1971 1352/1354/1350 1749/1759/1747
f 1909/1920/1907 1973/1986/1971 1749/1759/1747
f 1589/1598/1587 1588/1597/1586 1908/1919/1906
f 1873/1884/1871 1589/1598/1587 2052/2065/2050
f 2052/2065/2050 1589/1598/1587 1908/1919/1906
f 2052/2065/2050 1908/1919/1906 2051/2064/2049
f 1351/1353/1349 2077/2090/2075 1753/1763/1751
f 1753/1763/1751 1371/1373/1369 1566/1573/1564
f 2077/2090/2075 1371/1373/1369 1753/1763/1751
f 1754/1764/1752 1371/1373/1369 2077/2090/2075
f 1615/1624/1613 1716/1726/1714 2054/2067/2052
f 1429/1435/1427 2054/2067/2052 1716/1726/1714
f 1959/1972/1957 2082/2095/2080 1960/1973/1958
f 2082/2095/2080 2054/2067/2052 1960/1973/1958
